Date,Open,High,Low,Close,Adj Close,Volume
1996-10-23,17.0,17.625,17.0,17.4375,12.450593948364258,7996800
1996-10-24,17.4375,17.4375,17.0,17.0,12.138212203979492,1786400
1996-10-25,17.0,17.375,17.0,17.1875,12.272089004516602,631200
1996-10-28,17.5,17.5,17.0,17.0,12.138212203979492,320000
1996-10-29,17.0,17.0625,17.0,17.0,12.138212203979492,498800
1996-10-30,17.0625,17.0625,17.0,17.0,12.138212203979492,705600
1996-10-31,17.0,17.25,17.0,17.1875,12.272089004516602,635200
1996-11-01,17.0625,17.125,17.0625,17.0625,12.182838439941406,512600
1996-11-04,17.0625,17.0625,16.375,16.4375,11.736583709716797,494600
1996-11-05,16.625,16.625,16.0,16.1875,11.558074951171875,714600
1996-11-06,16.1875,16.25,15.5,15.9375,11.379573822021484,529400
1996-11-07,15.6875,15.75,15.125,15.4375,11.022565841674805,297400
1996-11-08,15.25,15.3125,14.3125,14.4375,10.308555603027344,527000
1996-11-11,14.3125,14.8125,14.0,14.75,10.531682968139648,395400
1996-11-12,14.875,15.1875,14.625,14.75,10.531682968139648,454400
1996-11-13,14.75,14.75,14.4375,14.5,10.353178024291992,713200
1996-11-14,14.4375,14.4375,13.875,13.875,9.90692138671875,46000
1996-11-15,13.875,13.875,13.375,13.5,9.639171600341797,368400
1996-11-18,13.5,13.5,13.1875,13.1875,9.416040420532227,122800
1996-11-19,13.3125,13.5,13.1875,13.375,9.54991626739502,277000
1996-11-20,13.375,13.375,12.5,12.5625,8.969779014587402,646400
1996-11-21,12.5,12.5,12.0,12.0,8.568148612976074,113000
1996-11-22,12.0625,12.625,12.0,12.375,8.83590316772461,107400
1996-11-25,12.3125,12.375,11.875,11.875,8.478896141052246,53200
1996-11-26,11.9375,12.125,11.875,12.0,8.568148612976074,595200
1996-11-27,12.0,12.0,11.75,11.75,8.3896484375,239400
1996-11-29,11.75,11.75,11.5625,11.5625,8.255765914916992,121000
1996-12-02,11.5,11.5,11.0,11.0,7.854135990142822,193400
1996-12-03,11.0,11.0,10.75,10.75,7.675632953643799,126000
1996-12-04,10.6875,11.625,10.6875,11.625,8.300395011901855,535400
1996-12-05,11.625,12.0,11.625,11.8125,8.434270858764648,168000
1996-12-06,11.6875,11.6875,11.5625,11.6875,8.34501838684082,40800
1996-12-09,11.6875,11.8125,11.5,11.5,8.211145401000977,37800
1996-12-10,11.5,11.5,11.4375,11.5,8.211145401000977,279600
1996-12-11,11.4375,11.5625,11.25,11.5,8.211145401000977,812800
1996-12-12,11.625,12.0,11.625,12.0,8.568148612976074,484200
1996-12-13,11.875,11.875,11.6875,11.8125,8.434270858764648,367600
1996-12-16,11.875,11.875,11.75,11.75,8.3896484375,20400
1996-12-17,11.8125,12.0625,11.6875,11.875,8.478896141052246,717400
1996-12-18,11.8125,12.375,11.8125,12.1875,8.702027320861816,206000
1996-12-19,12.25,12.9375,12.125,12.5625,8.969779014587402,502400
1996-12-20,12.625,12.6875,12.375,12.5,8.92515754699707,23600
1996-12-23,12.5,12.5,12.1875,12.1875,8.702027320861816,22200
1996-12-24,12.1875,12.25,12.1875,12.1875,8.702027320861816,40600
1996-12-26,12.1875,13.125,12.125,12.9375,9.23753833770752,363800
1996-12-27,13.0,13.0625,12.9375,13.0625,9.326787948608398,11400
1996-12-30,13.0,13.0,12.875,12.875,9.192910194396973,49000
1996-12-31,12.875,13.0625,12.875,12.875,9.192910194396973,96200
1997-01-02,12.8125,13.0625,12.6875,13.0625,9.326787948608398,20600
1997-01-03,13.125,13.5625,13.125,13.5625,9.683794021606445,239200
1997-01-06,13.5625,13.625,13.5,13.5625,9.683794021606445,141200
1997-01-07,13.5,13.5625,13.5,13.5,9.639171600341797,49600
1997-01-08,13.5625,13.5625,13.25,13.375,9.54991626739502,75800
1997-01-09,13.5,13.5,13.375,13.5,9.639171600341797,98600
1997-01-10,13.4375,13.5,13.4375,13.5,9.639171600341797,74800
1997-01-13,13.5,13.5,13.4375,13.4375,9.59454345703125,6800
1997-01-14,13.4375,13.4375,13.375,13.375,9.54991626739502,38200
1997-01-15,13.4375,13.5,13.375,13.5,9.639171600341797,272200
1997-01-16,13.5,13.5,13.25,13.375,9.54991626739502,46200
1997-01-17,13.25,13.25,13.25,13.25,9.460664749145508,17800
1997-01-20,13.3125,13.375,13.25,13.375,9.54991626739502,78800
1997-01-21,13.375,13.5,13.375,13.5,9.639171600341797,17600
1997-01-22,13.4375,14.1875,13.4375,14.0625,10.040801048278809,74600
1997-01-23,14.0,14.125,13.875,14.0,9.996172904968262,24800
1997-01-24,13.875,13.875,13.6875,13.6875,9.773045539855957,9600
1997-01-27,13.75,13.8125,13.25,13.25,9.460664749145508,57600
1997-01-28,13.375,13.375,13.1875,13.1875,9.416040420532227,40400
1997-01-29,13.0,13.0,12.8125,12.9375,9.23753833770752,230000
1997-01-30,13.0,13.3125,13.0,13.3125,9.505288124084473,94200
1997-01-31,13.375,13.875,13.375,13.875,9.90692138671875,68600
1997-02-03,14.0,14.0,13.875,14.0,9.996172904968262,88000
1997-02-04,14.0,15.125,14.0,14.375,10.263930320739746,419400
1997-02-05,14.4375,14.625,14.4375,14.625,10.442432403564453,111600
1997-02-06,14.625,14.625,14.4375,14.5,10.353178024291992,67200
1997-02-07,14.4375,14.625,14.375,14.625,10.442432403564453,76600
1997-02-10,14.5625,14.5625,14.4375,14.5,10.353178024291992,14800
1997-02-11,14.5,14.5,14.375,14.375,10.263930320739746,7600
1997-02-12,14.4375,14.4375,14.1875,14.3125,10.2193021774292,59800
1997-02-13,14.375,14.375,14.3125,14.375,10.263930320739746,22800
1997-02-14,14.4375,14.4375,14.4375,14.4375,10.308555603027344,6400
1997-02-18,14.5,14.5,14.375,14.4375,10.308555603027344,128000
1997-02-19,14.4375,15.25,14.375,15.125,10.799439430236816,308600
1997-02-20,15.1875,15.5625,15.1875,15.25,10.888689994812012,564800
1997-02-21,15.25,15.4375,15.25,15.3125,10.933316230773926,95200
1997-02-24,15.4375,15.875,15.4375,15.6875,11.201070785522461,78800
1997-02-25,15.6875,15.6875,12.375,12.375,8.83590316772461,1588800
1997-02-26,12.375,12.375,9.625,10.0,7.140125274658203,2218400
1997-02-27,10.0625,10.75,9.8125,10.5625,7.541753768920898,427600
1997-02-28,10.6875,11.75,10.6875,11.5625,8.255765914916992,335600
1997-03-03,11.6875,11.875,11.625,11.6875,8.34501838684082,278000
1997-03-04,11.5625,11.6875,10.5,11.0,7.854135990142822,236200
1997-03-05,11.0,11.0,10.625,10.625,7.5863823890686035,99800
1997-03-06,10.6875,11.375,10.6875,11.1875,7.988011360168457,317200
1997-03-07,11.4375,12.125,11.4375,11.75,8.3896484375,407800
1997-03-10,11.75,11.75,11.4375,11.5,8.211145401000977,377600
1997-03-11,11.5,11.5,11.1875,11.25,8.032638549804688,209800
1997-03-12,11.3125,11.3125,10.875,11.1875,7.988011360168457,164000
1997-03-13,11.125,11.125,10.875,10.875,7.764885425567627,123000
1997-03-14,10.9375,10.9375,10.75,10.8125,7.720259666442871,339200
1997-03-17,10.8125,10.8125,10.0625,10.25,7.3186259269714355,325600
1997-03-18,10.125,10.4375,9.9375,10.4375,7.452505588531494,364000
1997-03-19,10.4375,10.4375,10.25,10.3125,7.363252639770508,12800
1997-03-20,10.3125,10.3125,10.25,10.25,7.3186259269714355,91800
1997-03-21,10.3125,10.3125,10.1875,10.1875,7.27400541305542,12400
1997-03-24,10.25,10.25,10.125,10.125,7.229373455047607,9200
1997-03-25,10.1875,10.25,10.0625,10.1875,7.27400541305542,24800
1997-03-26,10.125,10.1875,9.9375,9.9375,7.095495700836182,168600
1997-03-27,9.875,9.9375,9.75,9.875,7.050872325897217,86800
1997-03-31,9.875,9.875,9.6875,9.6875,6.916996955871582,35200
1997-04-01,9.6875,9.8125,9.5625,9.5625,6.827744007110596,16200
1997-04-02,9.5625,9.5625,9.125,9.125,6.5153656005859375,23000
1997-04-03,9.125,9.1875,8.4375,8.75,6.247608661651611,151600
1997-04-04,8.75,9.0625,8.75,8.9375,6.3814873695373535,33800
1997-04-07,9.0,9.1875,8.875,8.875,6.3368611335754395,99600
1997-04-08,8.9375,9.0,8.9375,9.0,6.426112651824951,12600
1997-04-09,9.0625,9.0625,9.0,9.0,6.426112651824951,20000
1997-04-10,9.0625,9.0625,8.9375,8.9375,6.3814873695373535,53200
1997-04-11,8.875,8.9375,8.75,8.75,6.247608661651611,9000
1997-04-14,8.6875,8.6875,8.0625,8.125,5.801352024078369,154000
1997-04-15,8.1875,8.625,8.1875,8.5,6.069106101989746,159800
1997-04-16,8.5625,8.5625,8.375,8.5,6.069106101989746,49400
1997-04-17,8.5,8.5625,8.375,8.4375,6.024479866027832,96000
1997-04-18,8.5,8.5625,8.4375,8.5625,6.11373233795166,109000
1997-04-21,8.625,9.1875,8.625,9.1875,6.559988498687744,132600
1997-04-22,9.1875,9.25,8.875,8.875,6.3368611335754395,52800
1997-04-23,8.875,8.875,8.8125,8.8125,6.292233467102051,10200
1997-04-24,8.8125,8.8125,8.6875,8.6875,6.202982425689697,127200
1997-04-25,8.75,8.75,8.6875,8.75,6.247608661651611,18400
1997-04-28,8.6875,8.6875,8.625,8.625,6.158357620239258,58200
1997-04-29,8.625,8.6875,8.5,8.5625,6.11373233795166,12600
1997-04-30,8.4375,8.5,8.1875,8.3125,5.935229301452637,59400
1997-05-01,8.3125,8.375,8.25,8.25,5.890602111816406,51600
1997-05-02,8.25,8.25,8.0,8.0,5.712100982666016,13600
1997-05-05,8.125,8.25,8.125,8.1875,5.84597635269165,151400
1997-05-06,8.1875,8.5,8.1875,8.5,6.069106101989746,137600
1997-05-07,8.8125,9.25,8.6875,8.75,6.247608661651611,102200
1997-05-08,8.75,8.75,8.625,8.6875,6.202982425689697,317200
1997-05-09,8.6875,8.6875,8.5,8.625,6.158357620239258,15800
1997-05-12,8.5625,8.5625,8.5,8.5,6.069106101989746,54600
1997-05-13,8.5,8.5,8.3125,8.4375,6.024479866027832,25600
1997-05-14,8.5,8.5625,8.5,8.5,6.069106101989746,98600
1997-05-15,8.5625,8.625,8.5,8.5625,6.11373233795166,23000
1997-05-16,8.625,8.625,8.5625,8.625,6.158357620239258,7800
1997-05-19,8.5625,8.5625,8.5625,8.5625,6.11373233795166,34000
1997-05-20,8.625,8.75,8.625,8.6875,6.202982425689697,44200
1997-05-21,8.75,9.1875,8.6875,9.0625,6.470736980438232,45000
1997-05-22,9.0625,9.0625,8.875,8.875,6.3368611335754395,16400
1997-05-23,8.875,8.9375,8.875,8.9375,6.3814873695373535,105200
1997-05-27,9.0,9.0625,8.875,9.0,6.426112651824951,171400
1997-05-28,9.0,9.25,9.0,9.25,6.604614734649658,13000
1997-05-29,9.3125,9.5,9.25,9.4375,6.738493919372559,346600
1997-05-30,9.4375,9.4375,9.1875,9.25,6.604614734649658,76400
1997-06-02,9.25,9.25,9.1875,9.25,6.604614734649658,31200
1997-06-03,9.1875,9.28125,9.1875,9.1875,6.559988498687744,51000
1997-06-04,9.25,9.25,9.0625,9.0625,6.470736980438232,121200
1997-06-05,9.0,9.0625,9.0,9.0625,6.470736980438232,55800
1997-06-06,9.0625,9.0625,9.0,9.0625,6.470736980438232,14600
1997-06-09,9.0625,9.0625,9.0,9.0,6.426112651824951,83800
1997-06-10,9.0625,9.0625,8.9375,9.0,6.426112651824951,34800
1997-06-11,9.0,9.0,8.6875,8.6875,6.202982425689697,90200
1997-06-12,8.8125,8.9375,8.8125,8.9375,6.3814873695373535,107600
1997-06-13,8.875,9.0,8.8125,9.0,6.426112651824951,315200
1997-06-16,8.9375,9.125,8.9375,9.0,6.426112651824951,92600
1997-06-17,9.0,9.0625,9.0,9.0,6.426112651824951,23000
1997-06-18,9.0625,9.0625,8.9375,9.0,6.426112651824951,195800
1997-06-19,9.0625,9.125,8.8125,8.9375,6.3814873695373535,1078200
1997-06-20,9.0,9.0,8.875,8.9375,6.3814873695373535,204600
1997-06-23,9.0625,9.0625,8.875,8.9375,6.3814873695373535,44200
1997-06-24,8.9375,9.1875,8.9375,9.1875,6.559988498687744,186400
1997-06-25,9.125,9.375,9.0,9.125,6.5153656005859375,58000
1997-06-26,9.1875,9.375,9.0625,9.125,6.5153656005859375,39800
1997-06-27,9.25,9.5,9.25,9.46875,6.760803699493408,63000
1997-06-30,9.4375,9.9375,9.4375,9.90625,7.0731892585754395,203600
1997-07-01,9.9375,10.125,9.84375,10.0,7.140125274658203,129600
1997-07-02,10.0,10.0625,10.0,10.03125,7.162437438964844,15400
1997-07-03,10.125,10.1875,10.0625,10.0625,7.184751510620117,13200
1997-07-07,10.09375,10.375,10.09375,10.375,7.407880783081055,35400
1997-07-08,10.375,10.59375,10.375,10.46875,7.474819660186768,20000
1997-07-09,10.46875,10.625,10.46875,10.5,7.497132301330566,31800
1997-07-10,10.4375,10.4375,10.25,10.3125,7.363252639770508,196200
1997-07-11,10.3125,10.3125,10.1875,10.25,7.3186259269714355,14000
1997-07-14,10.21875,10.21875,10.0625,10.125,7.229373455047607,13000
1997-07-15,10.125,10.125,9.84375,9.875,7.050872325897217,27000
1997-07-16,9.96875,9.96875,9.625,9.6875,6.916996955871582,21000
1997-07-17,9.71875,9.96875,9.71875,9.96875,7.117814540863037,20800
1997-07-18,9.96875,9.96875,9.8125,9.8125,7.006245136260986,47600
1997-07-21,9.84375,9.9375,9.84375,9.90625,7.0731892585754395,29400
1997-07-22,10.0,10.1875,10.0,10.15625,7.2516913414001465,19800
1997-07-23,10.0625,10.09375,10.0,10.09375,7.207064151763916,29600
1997-07-24,10.21875,10.25,10.0625,10.09375,7.207064151763916,34800
1997-07-25,10.125,10.125,10.09375,10.125,7.229373455047607,7400
1997-07-28,10.09375,10.28125,10.09375,10.25,7.3186259269714355,19800
1997-07-29,10.28125,10.59375,10.25,10.53125,7.519445896148682,27200
1997-07-30,10.53125,10.84375,10.53125,10.84375,7.742571830749512,18200
1997-07-31,10.8125,11.1875,10.8125,11.1875,7.988011360168457,139600
1997-08-01,11.1875,11.28125,11.1875,11.25,8.032638549804688,35000
1997-08-04,11.25,11.5,11.25,11.5,8.211145401000977,24400
1997-08-05,11.5,11.5625,11.375,11.53125,8.233457565307617,38600
1997-08-06,11.53125,11.53125,11.25,11.34375,8.099577903747559,67400
1997-08-07,11.34375,11.34375,11.25,11.25,8.032638549804688,75200
1997-08-08,11.25,11.25,11.15625,11.25,8.032638549804688,82000
1997-08-11,11.3125,11.3125,10.96875,11.0,7.854135990142822,27800
1997-08-12,11.03125,11.15625,11.0,11.09375,7.921078205108643,95800
1997-08-13,11.09375,11.21875,11.0625,11.125,7.943390369415283,25400
1997-08-14,11.1875,11.1875,11.125,11.125,7.943390369415283,59800
1997-08-15,11.125,11.125,10.875,10.90625,7.787196636199951,303000
1997-08-18,10.90625,10.9375,10.875,10.875,7.764885425567627,59000
1997-08-19,10.875,11.3125,10.75,10.75,7.675632953643799,93000
1997-08-20,10.875,11.0,10.875,11.0,7.854135990142822,19000
1997-08-21,11.0,11.1875,11.0,11.1875,7.988011360168457,9000
1997-08-22,11.125,11.15625,11.09375,11.125,7.943390369415283,15600
1997-08-25,11.1875,11.25,11.125,11.125,7.943390369415283,23000
1997-08-26,11.1875,11.625,11.1875,11.59375,8.278081893920898,29000
1997-08-27,11.59375,11.75,11.53125,11.75,8.3896484375,23000
1997-08-28,11.8125,11.9375,11.8125,11.90625,8.501214027404785,31000
1997-08-29,11.9375,12.15625,11.90625,12.15625,8.679716110229492,16200
1997-09-02,12.15625,12.9375,12.15625,12.75,9.103658676147461,95000
1997-09-03,12.78125,13.21875,12.71875,13.21875,9.438350677490234,47200
1997-09-04,13.15625,13.5625,13.15625,13.5625,9.683794021606445,27600
1997-09-05,13.5625,13.625,13.375,13.40625,9.572229385375977,97600
1997-09-08,13.4375,13.4375,13.375,13.375,9.54991626739502,80000
1997-09-09,13.3125,13.3125,13.0625,13.0625,9.326787948608398,51200
1997-09-10,13.0625,13.0625,12.5,12.5,8.92515754699707,91000
1997-09-11,12.375,12.375,11.5,11.6875,8.34501838684082,375800
1997-09-12,11.65625,12.03125,11.65625,12.03125,8.59046459197998,170000
1997-09-15,12.03125,12.0625,11.875,11.9375,8.523523330688477,63600
1997-09-16,11.875,11.90625,11.875,11.875,8.478896141052246,13000
1997-09-17,11.9375,11.9375,11.25,11.25,8.032638549804688,244400
1997-09-18,11.28125,11.3125,11.25,11.25,8.032638549804688,6600
1997-09-19,11.25,11.4375,11.25,11.4375,8.166516304016113,141000
1997-09-22,11.40625,12.3125,11.34375,12.28125,8.768964767456055,374000
1997-09-23,12.8125,13.125,12.8125,13.0625,9.326787948608398,403600
1997-09-24,13.0625,13.9375,13.0625,13.375,9.54991626739502,145000
1997-09-25,13.46875,13.78125,13.40625,13.75,9.817669868469238,322600
1997-09-26,13.625,13.71875,13.625,13.65625,9.750732421875,37600
1997-09-29,13.6875,13.75,13.25,13.3125,9.505288124084473,57600
1997-09-30,13.375,13.40625,13.25,13.40625,9.572229385375977,49600
1997-10-01,13.34375,13.40625,13.125,13.125,9.37141227722168,218400
1997-10-02,13.125,13.125,13.03125,13.03125,9.304474830627441,11400
1997-10-03,13.0625,13.1875,13.0,13.03125,9.304474830627441,82800
1997-10-06,13.0625,13.0625,12.96875,13.0,9.282160758972168,6600
1997-10-07,12.9375,12.96875,12.65625,12.65625,9.036721229553223,34200
1997-10-08,12.59375,12.59375,12.5,12.59375,8.99209213256836,17200
1997-10-09,12.5625,12.5625,12.4375,12.4375,8.880529403686523,31800
1997-10-10,12.4375,12.5625,12.4375,12.5625,8.969779014587402,10800
1997-10-13,12.625,12.625,12.5,12.5,8.92515754699707,57000
1997-10-14,12.5,12.53125,12.46875,12.46875,8.902844429016113,7600
1997-10-15,12.4375,12.5,12.4375,12.5,8.92515754699707,214800
1997-10-16,12.5,12.5,12.4375,12.4375,8.880529403686523,22400
1997-10-17,12.375,12.375,12.21875,12.34375,8.813591003417969,24800
1997-10-20,12.28125,12.4375,12.28125,12.4375,8.880529403686523,19000
1997-10-21,12.46875,12.5,12.40625,12.4375,8.880529403686523,12600
1997-10-22,12.46875,12.5,12.46875,12.5,8.92515754699707,26200
1997-10-23,12.375,12.375,12.0625,12.3125,8.791276931762695,34600
1997-10-24,12.4375,12.625,12.25,12.5,8.92515754699707,426400
1997-10-27,12.5,12.5,12.09375,12.09375,8.635089874267578,153600
1997-10-28,12.09375,12.09375,11.40625,11.46875,8.188831329345703,295400
1997-10-29,11.46875,11.46875,11.0,11.1875,7.988011360168457,104800
1997-10-30,11.125,11.21875,10.625,10.65625,7.608695983886719,43400
1997-10-31,10.71875,10.71875,9.84375,10.1875,7.27400541305542,92800
1997-11-03,10.25,10.25,9.875,10.0,7.140125274658203,38800
1997-11-04,10.0,10.25,10.0,10.0625,7.184751510620117,164600
1997-11-05,10.0625,10.0625,9.96875,9.96875,7.117814540863037,4600
1997-11-06,9.84375,9.875,9.5625,9.625,6.872368812561035,29400
1997-11-07,9.625,9.625,9.1875,9.25,6.604614734649658,83800
1997-11-10,9.25,9.71875,9.25,9.71875,6.939308166503906,70000
1997-11-11,9.0,9.0,8.0,8.09375,5.7790374755859375,2175200
1997-11-12,8.0,8.03125,7.5625,7.625,5.444344997406006,437200
1997-11-13,7.6875,7.78125,7.625,7.6875,5.4889702796936035,303000
1997-11-14,7.6875,8.0,7.65625,7.90625,5.645160675048828,368200
1997-11-17,7.96875,8.0,7.90625,7.96875,5.689786911010742,203000
1997-11-18,7.90625,7.9375,7.5625,7.78125,5.555909156799316,83200
1997-11-19,7.75,7.75,7.59375,7.59375,5.422031402587891,32600
1997-11-20,7.65625,7.6875,7.625,7.6875,5.4889702796936035,37400
1997-11-21,7.4375,7.4375,7.15625,7.21875,5.154277801513672,367000
1997-11-24,7.21875,7.21875,7.0625,7.15625,5.1096510887146,211000
1997-11-25,7.125,7.125,6.875,7.0,4.998086452484131,194600
1997-11-26,7.0,7.0,6.875,7.0,4.998086452484131,108600
1997-11-28,7.0,7.0625,7.0,7.03125,5.020400524139404,24200
1997-12-01,7.09375,7.25,7.0,7.03125,5.020400524139404,49800
1997-12-02,7.0,7.0625,7.0,7.0625,5.0427141189575195,36200
1997-12-03,7.125,7.1875,7.125,7.1875,5.131965160369873,135200
1997-12-04,7.1875,7.1875,7.09375,7.09375,5.065024375915527,93000
1997-12-05,7.125,7.8125,7.125,7.8125,5.578222751617432,207600
1997-12-08,7.8125,8.46875,7.8125,8.375,5.979854583740234,261200
1997-12-09,8.5625,9.1875,8.5625,8.71875,6.225296974182129,673400
1997-12-10,8.9375,9.25,8.875,8.875,6.3368611335754395,538200
1997-12-11,8.875,8.875,8.375,8.375,5.979854583740234,141600
1997-12-12,8.625,8.84375,8.375,8.4375,6.024479866027832,368400
1997-12-15,8.46875,8.46875,8.25,8.28125,5.912916660308838,109200
1997-12-16,8.3125,8.3125,8.1875,8.3125,5.935229301452637,38200
1997-12-17,8.3125,8.5,8.03125,8.375,5.979854583740234,65400
1997-12-18,8.40625,8.75,8.40625,8.75,6.247608661651611,150200
1997-12-19,8.8125,9.84375,8.8125,9.375,6.693868637084961,296200
1997-12-22,9.5,9.59375,9.375,9.59375,6.850055694580078,268400
1997-12-23,9.53125,9.53125,9.28125,9.34375,6.671554088592529,86800
1997-12-24,9.34375,9.34375,8.875,9.125,6.5153656005859375,51200
1997-12-26,9.1875,9.25,9.125,9.25,6.604614734649658,9400
1997-12-29,9.3125,9.375,9.15625,9.1875,6.559988498687744,50000
1997-12-30,9.1875,9.28125,9.0625,9.0625,6.470736980438232,132000
1997-12-31,9.09375,9.25,8.8125,9.15625,6.5376763343811035,125600
1998-01-02,8.9375,9.21875,8.9375,9.15625,6.5376763343811035,30600
1998-01-05,9.21875,10.1875,9.15625,10.03125,7.162437438964844,273200
1998-01-06,10.0,10.0625,9.59375,9.75,6.961622714996338,502200
1998-01-07,9.75,10.0625,9.5,10.0625,7.184751510620117,602000
1998-01-08,10.625,12.0625,10.5,12.0625,8.612775802612305,822000
1998-01-09,11.125,11.375,10.59375,10.90625,7.787196636199951,724000
1998-01-12,10.40625,11.1875,9.9375,11.125,7.943390369415283,340000
1998-01-13,11.3125,11.3125,9.6875,10.0,7.140125274658203,744400
1998-01-14,8.0,8.375,7.6875,7.96875,5.689786911010742,1292200
1998-01-15,8.0,8.0625,7.6875,7.75,5.533596992492676,444200
1998-01-16,7.9375,8.0625,7.8125,7.90625,5.645160675048828,242400
1998-01-20,7.90625,7.90625,7.0625,7.1875,5.131965160369873,439800
1998-01-21,7.21875,7.21875,6.625,7.03125,5.020400524139404,471400
1998-01-22,7.0625,7.0625,6.59375,6.6875,4.77495813369751,351400
1998-01-23,6.71875,6.71875,5.8125,5.96875,4.261761665344238,471600
1998-01-26,6.0,6.09375,5.8125,5.84375,4.17250919342041,721800
1998-01-27,5.84375,5.84375,5.625,5.84375,4.17250919342041,450200
1998-01-28,5.84375,5.84375,5.65625,5.71875,4.083258152008057,165400
1998-01-29,5.75,5.8125,5.375,5.4375,3.8824427127838135,537800
1998-01-30,5.4375,5.5625,4.75,5.125,3.6593129634857178,715600
1998-02-02,5.21875,5.5,5.1875,5.46875,3.9047560691833496,318000
1998-02-03,5.4375,5.8125,5.28125,5.75,4.105572700500488,966600
1998-02-04,5.75,5.96875,5.5,5.5625,3.9716951847076416,1030200
1998-02-05,5.59375,5.78125,5.5,5.6875,4.060947895050049,479200
1998-02-06,5.75,5.75,5.5625,5.5625,3.9716951847076416,88800
1998-02-09,5.71875,7.0,5.6875,6.65625,4.752644062042236,1256600
1998-02-10,6.59375,6.59375,6.1875,6.375,4.5518293380737305,549400
1998-02-11,6.40625,6.8125,6.40625,6.78125,4.841897010803223,537000
1998-02-12,6.78125,6.78125,6.40625,6.625,4.730332374572754,403400
1998-02-13,6.625,6.75,6.53125,6.71875,4.797271728515625,204200
1998-02-17,6.65625,6.6875,6.125,6.21875,4.440264701843262,306200
1998-02-18,6.21875,6.5625,5.96875,6.40625,4.574141979217529,333600
1998-02-19,6.4375,7.25,6.34375,7.15625,5.1096510887146,616600
1998-02-20,7.5625,8.0,7.375,7.4375,5.310467720031738,1543800
1998-02-23,7.5,7.5,7.0625,7.4375,5.310467720031738,341000
1998-02-24,7.375,8.5625,7.375,8.375,5.979854583740234,1823000
1998-02-25,8.4375,8.5,7.96875,8.0,5.712100982666016,600600
1998-02-26,8.03125,8.5,7.8125,8.3125,5.935229301452637,349800
1998-02-27,8.375,8.4375,8.0,8.21875,5.868291854858398,392000
1998-03-02,8.0625,8.125,7.625,7.75,5.533596992492676,244400
1998-03-03,7.78125,7.78125,7.1875,7.5,5.3550944328308105,715200
1998-03-04,7.5,7.5,7.125,7.3125,5.221216201782227,273000
1998-03-05,7.25,7.25,6.8125,6.96875,4.975772857666016,681000
1998-03-06,7.03125,7.0625,6.71875,6.75,4.819585800170898,367000
1998-03-09,6.75,6.75,6.375,6.5625,4.68570613861084,351000
1998-03-10,6.5625,7.125,6.375,7.0,4.998086452484131,846000
1998-03-11,7.125,7.3125,6.75,6.90625,4.931150436401367,617000
1998-03-12,6.96875,7.0625,6.6875,6.6875,4.77495813369751,195000
1998-03-13,6.75,6.96875,6.625,6.875,4.908834934234619,273200
1998-03-16,6.9375,7.21875,6.875,6.96875,4.975772857666016,440600
1998-03-17,6.96875,6.96875,6.875,6.90625,4.931150436401367,139800
1998-03-18,6.875,7.28125,6.8125,7.21875,5.154277801513672,281200
1998-03-19,7.21875,7.21875,7.0625,7.1875,5.131965160369873,188200
1998-03-20,7.3125,7.875,7.25,7.25,5.176589012145996,437600
1998-03-23,7.25,7.3125,7.125,7.125,5.087339401245117,232400
1998-03-24,7.1875,7.375,7.125,7.25,5.176589012145996,236600
1998-03-25,7.34375,7.4375,6.75,6.96875,4.975772857666016,206400
1998-03-26,6.96875,7.0625,6.875,6.9375,4.953460693359375,75600
1998-03-27,6.96875,7.0,6.75,6.9375,4.953460693359375,261400
1998-03-30,7.0625,7.0625,6.75,6.75,4.819585800170898,78000
1998-03-31,6.6875,6.78125,6.625,6.65625,4.752644062042236,246400
1998-04-01,6.65625,7.125,6.65625,6.8125,4.8642096519470215,198800
1998-04-02,6.8125,6.875,6.59375,6.8125,4.8642096519470215,345000
1998-04-03,6.90625,7.09375,6.875,7.03125,5.020400524139404,139000
1998-04-06,7.1875,7.5625,7.1875,7.5,5.3550944328308105,921600
1998-04-07,7.5625,7.96875,7.5625,7.625,5.444344997406006,722000
1998-04-08,7.5,7.875,7.3125,7.5625,5.399719715118408,396000
1998-04-09,7.5625,7.9375,7.5,7.8125,5.578222751617432,613000
1998-04-13,7.84375,8.375,7.84375,8.03125,5.73441219329834,670600
1998-04-14,8.0,8.59375,8.0,8.3125,5.935229301452637,755200
1998-04-15,8.3125,8.34375,8.1875,8.34375,5.957541465759277,392600
1998-04-16,8.34375,8.4375,8.3125,8.375,5.979854583740234,219400
1998-04-17,8.3125,8.5,8.3125,8.4375,6.024479866027832,284800
1998-04-20,8.5,8.5625,8.375,8.375,5.979854583740234,247000
1998-04-21,8.4375,8.46875,8.375,8.4375,6.024479866027832,172000
1998-04-22,8.46875,8.75,8.375,8.375,5.979854583740234,373600
1998-04-23,8.5625,8.96875,8.5,8.875,6.3368611335754395,940600
1998-04-24,9.25,9.25,8.25,8.625,6.158357620239258,843800
1998-04-27,8.375,8.53125,8.3125,8.40625,6.0021653175354,1330000
1998-04-28,8.46875,8.875,8.40625,8.84375,6.31454610824585,245800
1998-04-29,8.78125,8.875,8.71875,8.875,6.3368611335754395,227400
1998-04-30,9.0,9.5,8.9375,9.0,6.426112651824951,562000
1998-05-01,9.03125,9.25,9.03125,9.21875,6.582301616668701,224800
1998-05-04,9.4375,9.5,9.28125,9.375,6.693868637084961,700200
1998-05-05,9.375,9.4375,9.25,9.3125,6.649242401123047,459800
1998-05-06,9.3125,9.40625,9.1875,9.28125,6.626928329467773,125800
1998-05-07,9.28125,9.375,9.25,9.3125,6.649242401123047,126200
1998-05-08,9.28125,9.375,9.0,9.03125,6.448422431945801,327800
1998-05-11,9.125,9.125,8.9375,9.0625,6.470736980438232,231400
1998-05-12,8.9375,9.21875,8.9375,9.21875,6.582301616668701,229800
1998-05-13,9.21875,9.59375,9.21875,9.5,6.783118724822998,536000
1998-05-14,9.40625,9.5,9.25,9.5,6.783118724822998,204400
1998-05-15,9.4375,9.78125,9.4375,9.75,6.961622714996338,314000
1998-05-18,9.75,9.875,9.625,9.625,6.872368812561035,223800
1998-05-19,9.6875,10.1875,9.6875,10.1875,7.27400541305542,470200
1998-05-20,10.125,10.59375,10.125,10.5,7.497132301330566,466200
1998-05-21,10.375,10.375,10.0,10.15625,7.2516913414001465,240200
1998-05-22,10.1875,10.25,10.1875,10.21875,7.296315670013428,70800
1998-05-26,10.15625,10.875,10.15625,10.5625,7.541753768920898,236400
1998-05-27,10.5,10.71875,10.4375,10.625,7.5863823890686035,331600
1998-05-28,10.625,10.625,10.1875,10.21875,7.296315670013428,178400
1998-05-29,10.15625,10.375,10.15625,10.25,7.3186259269714355,122800
1998-06-01,10.125,10.125,9.25,9.3125,6.649242401123047,1103000
1998-06-02,9.34375,9.5,9.25,9.5,6.783118724822998,323600
1998-06-03,9.5625,9.65625,9.4375,9.59375,6.850055694580078,513800
1998-06-04,9.53125,9.71875,9.5,9.71875,6.939308166503906,71400
1998-06-05,9.6875,9.84375,9.6875,9.84375,7.028561115264893,49400
1998-06-08,9.84375,9.9375,9.8125,9.9375,7.095495700836182,43000
1998-06-09,10.0,10.0625,9.875,10.03125,7.162437438964844,80600
1998-06-10,10.03125,10.28125,10.0,10.125,7.229373455047607,318400
1998-06-11,10.125,10.125,9.78125,9.78125,6.983932971954346,196400
1998-06-12,9.90625,9.90625,9.59375,9.65625,6.894681453704834,147600
1998-06-15,9.53125,9.53125,9.1875,9.1875,6.559988498687744,98000
1998-06-16,9.21875,9.375,9.1875,9.21875,6.582301616668701,222400
1998-06-17,9.15625,9.5625,9.15625,9.46875,6.760803699493408,183800
1998-06-18,9.46875,9.53125,9.46875,9.53125,6.8054327964782715,39600
1998-06-19,9.625,9.625,9.5625,9.625,6.872368812561035,93000
1998-06-22,9.59375,10.25,9.53125,10.15625,7.2516913414001465,157800
1998-06-23,9.96875,10.5625,9.90625,10.53125,7.519445896148682,269600
1998-06-24,10.5,10.625,10.375,10.53125,7.519445896148682,462000
1998-06-25,10.5,10.9375,10.5,10.65625,7.608695983886719,157000
1998-06-26,10.65625,10.6875,10.1875,10.21875,7.296315670013428,150600
1998-06-29,10.15625,10.375,9.75,10.3125,7.363252639770508,204600
1998-06-30,10.4375,10.9375,10.4375,10.9375,7.809512138366699,231400
1998-07-01,10.90625,11.28125,10.90625,11.28125,8.054953575134277,129600
1998-07-02,11.25,11.25,11.0625,11.0625,7.898761749267578,37600
1998-07-06,11.125,11.375,11.125,11.3125,8.077266693115234,162200
1998-07-07,11.28125,11.34375,11.28125,11.3125,8.077266693115234,34200
1998-07-08,11.28125,11.28125,10.875,11.28125,8.054953575134277,242800
1998-07-09,11.21875,11.40625,11.21875,11.40625,8.144203186035156,51800
1998-07-10,11.375,11.59375,11.375,11.59375,8.278081893920898,42200
1998-07-13,11.8125,12.125,11.6875,11.71875,8.36733341217041,122000
1998-07-14,12.0,12.53125,12.0,12.46875,8.902844429016113,368200
1998-07-15,12.46875,13.15625,12.3125,13.15625,9.393725395202637,318600
1998-07-16,13.15625,13.15625,13.0,13.125,9.37141227722168,451000
1998-07-17,13.0,13.0625,12.21875,12.21875,8.724340438842773,293400
1998-07-20,12.25,12.25,11.875,11.875,8.478896141052246,206600
1998-07-21,11.5,11.5625,11.0625,11.0625,7.898761749267578,148400
1998-07-22,10.9375,11.0,9.6875,10.09375,7.207064151763916,339000
1998-07-23,10.125,10.125,9.75,9.84375,7.028561115264893,124200
1998-07-24,9.90625,10.0,9.6875,9.71875,6.939308166503906,53000
1998-07-27,9.65625,9.6875,9.5625,9.5625,6.827744007110596,18000
1998-07-28,9.5625,10.125,9.5,10.0,7.140125274658203,185000
1998-07-29,9.9375,10.65625,9.9375,10.375,7.407880783081055,205800
1998-07-30,10.40625,11.8125,10.40625,11.71875,8.36733341217041,339200
1998-07-31,11.6875,11.6875,10.5625,10.5625,7.541753768920898,60600
1998-08-03,10.59375,10.8125,10.53125,10.71875,7.653323650360107,63600
1998-08-04,10.625,10.625,10.0,10.03125,7.162437438964844,156200
1998-08-05,10.03125,10.03125,8.9375,9.125,6.5153656005859375,282200
1998-08-06,9.0625,9.4375,9.0625,9.40625,6.716182708740234,218600
1998-08-07,9.40625,9.96875,9.40625,9.8125,7.006245136260986,144800
1998-08-10,9.75,9.75,9.0625,9.0625,6.470736980438232,111800
1998-08-11,9.0,9.0,8.40625,8.4375,6.024479866027832,151600
1998-08-12,8.5,8.6875,8.46875,8.5625,6.11373233795166,79800
1998-08-13,8.59375,8.59375,8.25,8.34375,5.957541465759277,220800
1998-08-14,8.34375,8.5,8.25,8.25,5.890602111816406,110400
1998-08-17,8.25,8.6875,8.25,8.625,6.158357620239258,240800
1998-08-18,8.53125,8.75,8.53125,8.75,6.247608661651611,226600
1998-08-19,8.6875,8.6875,8.40625,8.40625,6.0021653175354,83600
1998-08-20,8.40625,8.40625,8.15625,8.25,5.890602111816406,57800
1998-08-21,8.21875,8.21875,7.96875,7.96875,5.689786911010742,64800
1998-08-24,7.96875,8.53125,7.96875,8.53125,6.091419219970703,69200
1998-08-25,8.78125,8.8125,8.6875,8.6875,6.202982425689697,234600
1998-08-26,8.65625,8.65625,8.375,8.5,6.069106101989746,33000
1998-08-27,8.5,8.5,8.125,8.15625,5.823663711547852,44200
1998-08-28,8.15625,8.25,8.125,8.15625,5.823663711547852,68600
1998-08-31,8.15625,8.15625,6.625,6.65625,4.752644062042236,183800
1998-09-01,6.71875,6.75,6.4375,6.4375,4.596455097198486,126600
1998-09-02,6.5,6.8125,6.46875,6.78125,4.841897010803223,109000
1998-09-03,6.71875,6.71875,6.1875,6.28125,4.484889507293701,139800
1998-09-04,6.21875,6.4375,6.125,6.1875,4.417951583862305,118600
1998-09-08,6.25,6.53125,6.1875,6.21875,4.440264701843262,50600
1998-09-09,6.21875,6.21875,6.03125,6.0625,4.328701019287109,85400
1998-09-10,6.0625,6.0625,5.65625,5.65625,4.038633346557617,129200
1998-09-11,5.71875,6.34375,5.71875,6.125,4.373325347900391,273600
1998-09-14,6.09375,6.5,6.09375,6.5,4.641080379486084,106800
1998-09-15,6.4375,6.4375,6.25,6.25,4.462578773498535,114800
1998-09-16,6.1875,6.25,6.1875,6.25,4.462578773498535,76800
1998-09-17,6.15625,6.625,5.9375,6.625,4.730332374572754,313800
1998-09-18,6.75,6.75,6.59375,6.625,4.730332374572754,49800
1998-09-21,6.5625,6.75,6.5,6.75,4.819585800170898,17200
1998-09-22,6.75,7.0,6.75,7.0,4.998086452484131,185600
1998-09-23,7.0,7.28125,7.0,7.28125,5.198904037475586,148600
1998-09-24,7.25,7.4375,7.25,7.34375,5.2435302734375,46400
1998-09-25,7.25,7.28125,7.125,7.125,5.087339401245117,62200
1998-09-28,7.125,7.1875,6.9375,7.03125,5.020400524139404,193200
1998-09-29,7.03125,7.03125,6.75,6.96875,4.975772857666016,62400
1998-09-30,6.96875,7.09375,6.96875,7.09375,5.065024375915527,153200
1998-10-01,7.0625,7.0625,6.3125,6.375,4.5518293380737305,67800
1998-10-02,6.34375,6.4375,6.1875,6.1875,4.417951583862305,27800
1998-10-05,6.21875,6.21875,5.75,5.75,4.105572700500488,105000
1998-10-06,5.8125,5.9375,5.125,5.28125,3.770876884460449,193400
1998-10-07,5.28125,5.28125,5.0,5.0,3.5700626373291016,133400
1998-10-08,4.875,4.875,4.5,4.53125,3.235368490219116,168400
1998-10-09,4.5625,4.625,4.4375,4.5625,3.2576828002929688,233600
1998-10-12,4.65625,4.96875,4.625,4.875,3.480811357498169,125000
1998-10-13,4.875,4.90625,4.8125,4.84375,3.458498477935791,87600
1998-10-14,4.84375,4.84375,4.5,4.5,3.2130563259124756,48400
1998-10-15,4.5625,4.875,4.53125,4.875,3.480811357498169,96400
1998-10-16,4.9375,5.84375,4.9375,5.84375,4.17250919342041,106600
1998-10-19,6.0625,6.625,6.0625,6.5625,4.68570613861084,205600
1998-10-20,7.15625,7.625,7.15625,7.46875,5.3327813148498535,589400
1998-10-21,7.4375,7.53125,7.4375,7.5,5.3550944328308105,189400
1998-10-22,7.4375,7.4375,6.0,7.1875,5.131965160369873,503400
1998-10-23,7.0625,7.15625,7.03125,7.0625,5.0427141189575195,128400
1998-10-26,7.09375,7.25,7.09375,7.1875,5.131965160369873,312600
1998-10-27,7.1875,7.375,7.1875,7.3125,5.221216201782227,210000
1998-10-28,7.25,7.46875,7.1875,7.1875,5.131965160369873,271800
1998-10-29,7.125,7.125,6.8125,6.875,4.908834934234619,111200
1998-10-30,6.875,6.875,6.71875,6.875,4.908834934234619,57600
1998-11-02,6.875,7.0,6.84375,7.0,4.998086452484131,117600
1998-11-03,7.0,7.0,6.78125,6.875,4.908834934234619,47800
1998-11-04,6.875,7.0625,6.5625,6.6875,4.77495813369751,73200
1998-11-05,6.6875,6.71875,6.625,6.71875,4.797271728515625,40000
1998-11-06,6.75,7.09375,6.75,7.0,4.998086452484131,47000
1998-11-09,6.5,6.75,6.375,6.75,4.819585800170898,69400
1998-11-10,6.71875,6.78125,6.53125,6.71875,4.797271728515625,52600
1998-11-11,6.71875,6.9375,6.71875,6.78125,4.841897010803223,59600
1998-11-12,6.8125,6.8125,6.5625,6.59375,4.708020210266113,45400
1998-11-13,6.53125,6.625,6.4375,6.625,4.730332374572754,39400
1998-11-16,6.5625,6.65625,6.5625,6.625,4.730332374572754,37000
1998-11-17,6.625,6.625,6.5,6.5,4.641080379486084,61800
1998-11-18,6.4375,6.5625,6.4375,6.5625,4.68570613861084,62400
1998-11-19,6.6875,6.75,6.6875,6.75,4.819585800170898,50200
1998-11-20,6.625,6.71875,6.59375,6.71875,4.797271728515625,34400
1998-11-23,6.71875,6.78125,6.6875,6.75,4.819585800170898,81400
1998-11-24,6.75,6.875,6.71875,6.875,4.908834934234619,114600
1998-11-25,6.875,6.9375,6.8125,6.8125,4.8642096519470215,91200
1998-11-27,6.84375,6.84375,6.84375,6.84375,4.8865227699279785,400
1998-11-30,6.84375,6.84375,6.6875,6.71875,4.797271728515625,105400
1998-12-01,6.71875,6.71875,6.5,6.65625,4.752644062042236,114400
1998-12-02,6.625,6.625,6.5,6.5,4.641080379486084,29600
1998-12-03,6.5,6.5,6.0625,6.125,4.373325347900391,68000
1998-12-04,6.125,6.125,5.96875,6.03125,4.306387901306152,49800
1998-12-07,6.0625,6.0625,5.875,5.96875,4.261761665344238,91800
1998-12-08,5.90625,5.9375,5.5,5.75,4.105572700500488,103800
1998-12-09,5.6875,5.90625,5.6875,5.90625,4.217135429382324,99200
1998-12-10,5.90625,5.9375,5.90625,5.90625,4.217135429382324,40200
1998-12-11,5.9375,6.0625,5.875,6.03125,4.306387901306152,69400
1998-12-14,5.96875,6.0,5.8125,5.8125,4.150197505950928,248600
1998-12-15,5.75,5.75,5.5625,5.59375,3.9940056800842285,91600
1998-12-16,5.53125,5.59375,5.15625,5.34375,3.8155040740966797,63400
1998-12-17,5.28125,5.34375,5.125,5.3125,3.7931911945343018,261400
1998-12-18,5.375,5.375,5.0,5.0625,3.6146867275238037,184800
1998-12-21,5.03125,5.03125,5.0,5.03125,3.5923757553100586,19800
1998-12-22,5.0,5.0,4.84375,4.84375,3.458498477935791,40600
1998-12-23,4.84375,4.84375,4.5,4.5,3.2130563259124756,679200
1998-12-24,4.4375,4.5,4.4375,4.5,3.2130563259124756,87800
1998-12-28,4.5,4.5,4.4375,4.4375,3.1684305667877197,169400
1998-12-29,4.46875,4.5,4.4375,4.46875,3.1907436847686768,341800
1998-12-30,4.4375,4.5,4.4375,4.5,3.2130563259124756,861000
1998-12-31,4.5,4.6875,4.46875,4.59375,3.279994249343872,1666800
1999-01-04,4.8125,4.875,4.6875,4.71875,3.3692469596862793,359200
1999-01-05,4.71875,4.8125,4.59375,4.65625,3.3246212005615234,102200
1999-01-06,4.6875,4.75,4.625,4.75,3.391559362411499,251200
1999-01-07,4.75,4.75,4.5,4.5625,3.2576828002929688,301800
1999-01-08,4.5625,4.5625,4.46875,4.53125,3.235368490219116,562000
1999-01-11,4.5,4.96875,4.46875,4.875,3.480811357498169,290200
1999-01-12,4.9375,4.9375,4.75,4.75,3.391559362411499,190400
1999-01-13,4.5,4.75,4.40625,4.71875,3.3692469596862793,193000
1999-01-14,4.6875,4.6875,4.625,4.65625,3.3246212005615234,100600
1999-01-15,4.65625,4.75,4.625,4.6875,3.3469343185424805,147600
1999-01-19,4.75,4.875,4.6875,4.78125,3.413872003555298,207600
1999-01-20,4.90625,4.9375,4.75,4.875,3.480811357498169,122000
1999-01-21,4.78125,4.78125,4.625,4.6875,3.3469343185424805,357200
1999-01-22,4.6875,4.75,4.59375,4.6875,3.3469343185424805,105400
1999-01-25,4.5625,4.5625,4.15625,4.28125,3.05686616897583,417800
1999-01-26,4.25,4.25,3.6875,3.90625,2.789111375808716,492800
1999-01-27,3.9375,4.0625,3.9375,3.9375,2.8114237785339355,230800
1999-01-28,3.9375,3.9375,3.875,3.90625,2.789111375808716,50600
1999-01-29,3.90625,3.90625,3.71875,3.71875,2.655233860015869,225000
1999-02-01,3.75,3.75,3.53125,3.5625,2.5436697006225586,314400
1999-02-02,3.5625,3.6875,3.53125,3.59375,2.5659825801849365,414600
1999-02-03,3.59375,3.59375,3.125,3.1875,2.2759146690368652,640000
1999-02-04,3.25,3.28125,2.96875,2.96875,2.1197240352630615,659800
1999-02-05,3.0,3.03125,2.96875,3.0,2.1420371532440186,1009600
1999-02-08,3.0,3.53125,3.0,3.40625,2.4321048259735107,681600
1999-02-09,3.4375,3.46875,3.21875,3.25,2.320540189743042,291000
1999-02-10,3.28125,3.3125,3.09375,3.15625,2.2536027431488037,317600
1999-02-11,3.21875,3.34375,3.125,3.25,2.320540189743042,390400
1999-02-12,3.25,3.25,3.0,3.0,2.1420371532440186,211000
1999-02-16,3.0625,3.15625,3.0625,3.15625,2.2536027431488037,79000
1999-02-17,3.15625,3.1875,3.09375,3.09375,2.2089757919311523,209600
1999-02-18,3.09375,3.125,2.875,2.90625,2.075098752975464,312400
1999-02-19,2.96875,3.375,2.96875,3.3125,2.365166187286377,458400
1999-02-22,3.25,3.40625,3.21875,3.40625,2.4321048259735107,326400
1999-02-23,3.4375,3.75,3.40625,3.75,2.6775472164154053,337000
1999-02-24,3.8125,4.15625,3.8125,3.875,2.766798496246338,651200
1999-02-25,3.875,4.0,3.71875,3.75,2.6775472164154053,133400
1999-02-26,3.8125,3.8125,3.6875,3.6875,2.632920742034912,96400
1999-03-01,3.75,3.9375,3.75,3.9375,2.8114237785339355,42000
1999-03-02,3.90625,3.9375,3.78125,3.78125,2.699859857559204,34000
1999-03-03,3.78125,3.78125,3.4375,3.53125,2.5213570594787598,136200
1999-03-04,3.59375,3.59375,3.46875,3.5625,2.5436697006225586,171200
1999-03-05,3.53125,3.75,3.53125,3.6875,2.632920742034912,177400
1999-03-08,3.6875,3.71875,3.625,3.6875,2.632920742034912,95400
1999-03-09,3.625,3.71875,3.625,3.6875,2.632920742034912,60400
1999-03-10,3.65625,3.65625,3.5,3.5,2.4990432262420654,91800
1999-03-11,3.5,4.0,3.5,3.78125,2.699859857559204,357800
1999-03-12,3.71875,3.96875,3.5,3.90625,2.789111375808716,377600
1999-03-15,4.0625,4.21875,4.0,4.0625,2.9006760120391846,282400
1999-03-16,4.125,4.1875,4.0625,4.0625,2.9006760120391846,252800
1999-03-17,4.125,4.15625,3.96875,4.09375,2.922988176345825,296200
1999-03-18,4.15625,4.90625,4.15625,4.84375,3.458498477935791,1021800
1999-03-19,5.0625,5.9375,5.0625,5.75,4.105572700500488,803000
1999-03-22,5.75,5.96875,5.1875,5.375,3.8378164768218994,946400
1999-03-23,5.3125,5.3125,4.5,4.75,3.391559362411499,620400
1999-03-24,4.8125,4.96875,4.75,4.9375,3.5254361629486084,365800
1999-03-25,5.0,5.0,4.6875,4.8125,3.4361844062805176,355200
1999-03-26,4.84375,4.875,4.625,4.84375,3.458498477935791,289000
1999-03-29,4.84375,4.875,3.75,4.3125,3.079178810119629,859600
1999-03-30,4.25,4.5,4.21875,4.46875,3.1907436847686768,433400
1999-03-31,4.53125,4.53125,3.8125,3.875,2.766798496246338,782800
1999-04-01,3.9375,4.375,3.9375,4.25,3.034553050994873,396600
1999-04-05,4.625,4.90625,4.25,4.8125,3.4361844062805176,797400
1999-04-06,4.84375,4.9375,4.53125,4.71875,3.3692469596862793,348800
1999-04-07,4.75,4.875,4.71875,4.78125,3.413872003555298,432000
1999-04-08,4.8125,4.8125,4.65625,4.6875,3.3469343185424805,418000
1999-04-09,4.6875,4.71875,4.375,4.65625,3.3246212005615234,266000
1999-04-12,4.71875,4.71875,4.71875,4.71875,3.3692469596862793,13800
1999-04-13,5.25,5.375,4.59375,4.8125,3.4361844062805176,1277600
1999-04-14,4.8125,4.9375,4.53125,4.75,3.391559362411499,442600
1999-04-15,4.75,4.84375,4.6875,4.78125,3.413872003555298,359800
1999-04-16,4.78125,4.8125,4.6875,4.75,3.391559362411499,365600
1999-04-19,4.75,4.875,4.75,4.875,3.480811357498169,315600
1999-04-20,4.875,5.0625,4.875,4.9375,3.5254361629486084,335800
1999-04-21,4.90625,5.0,4.78125,4.875,3.480811357498169,99400
1999-04-22,4.875,4.875,4.25,4.53125,3.235368490219116,440000
1999-04-23,4.46875,4.71875,4.3125,4.71875,3.3692469596862793,107000
1999-04-26,4.75,4.78125,4.65625,4.6875,3.3469343185424805,70200
1999-04-27,4.71875,4.71875,4.4375,4.53125,3.235368490219116,84600
1999-04-28,4.59375,4.8125,4.5625,4.6875,3.3469343185424805,333800
1999-04-29,4.6875,4.875,4.625,4.84375,3.458498477935791,326800
1999-04-30,4.875,4.96875,4.6875,4.875,3.480811357498169,216200
1999-05-03,4.875,5.0625,4.875,5.0,3.5700626373291016,254000
1999-05-04,5.0,5.1875,4.9375,5.03125,3.5923757553100586,297000
1999-05-05,5.0625,5.09375,4.96875,5.09375,3.63700270652771,228800
1999-05-06,5.09375,5.28125,5.09375,5.125,3.6593129634857178,209600
1999-05-07,5.125,5.25,5.09375,5.21875,3.726252794265747,118200
1999-05-10,5.21875,5.375,5.0625,5.34375,3.8155040740966797,173600
1999-05-11,5.3125,5.40625,5.28125,5.3125,3.7931911945343018,130600
1999-05-12,5.3125,5.375,5.28125,5.34375,3.8155040740966797,276800
1999-05-13,5.375,5.4375,5.28125,5.375,3.8378164768218994,142200
1999-05-14,5.34375,5.34375,5.21875,5.28125,3.770876884460449,161000
1999-05-17,5.25,5.25,4.875,5.25,3.748566150665283,163000
1999-05-18,5.25,5.25,5.03125,5.0625,3.6146867275238037,48200
1999-05-19,5.125,5.15625,4.96875,5.125,3.6593129634857178,56200
1999-05-20,5.1875,5.21875,5.0625,5.0625,3.6146867275238037,75000
1999-05-21,5.125,5.125,4.96875,5.0,3.5700626373291016,140800
1999-05-24,5.0,5.0,4.6875,4.8125,3.4361844062805176,183800
1999-05-25,4.8125,4.84375,4.6875,4.75,3.391559362411499,52200
1999-05-26,4.75,4.9375,4.75,4.9375,3.5254361629486084,96200
1999-05-27,4.90625,5.0,4.875,4.9375,3.5254361629486084,85200
1999-05-28,4.96875,5.0,4.9375,5.0,3.5700626373291016,26800
1999-06-01,4.96875,5.0625,4.9375,5.0,3.5700626373291016,71800
1999-06-02,4.96875,5.0625,4.8125,4.84375,3.458498477935791,137800
1999-06-03,4.78125,4.875,4.75,4.875,3.480811357498169,24400
1999-06-04,4.875,5.03125,4.875,4.90625,3.503122568130493,102800
1999-06-07,4.96875,5.0,4.90625,5.0,3.5700626373291016,46400
1999-06-08,4.9375,5.0,4.90625,4.9375,3.5254361629486084,22400
1999-06-09,4.90625,4.9375,4.8125,4.84375,3.458498477935791,29800
1999-06-10,4.84375,4.9375,4.84375,4.9375,3.5254361629486084,13000
1999-06-11,4.9375,5.0,4.875,4.875,3.480811357498169,38800
1999-06-14,4.8125,4.84375,4.71875,4.71875,3.3692469596862793,52800
1999-06-15,4.75,4.78125,4.71875,4.71875,3.3692469596862793,46800
1999-06-16,4.78125,4.84375,4.75,4.84375,3.458498477935791,59800
1999-06-17,4.84375,4.90625,4.8125,4.90625,3.503122568130493,38200
1999-06-18,4.90625,5.03125,4.90625,5.0,3.5700626373291016,138400
1999-06-21,5.0,5.0,4.8125,4.875,3.480811357498169,14800
1999-06-22,4.71875,4.875,4.6875,4.875,3.480811357498169,86200
1999-06-23,4.875,4.9375,4.84375,4.84375,3.458498477935791,29000
1999-06-24,4.875,4.90625,4.875,4.90625,3.503122568130493,8200
1999-06-25,4.875,4.875,4.8125,4.84375,3.458498477935791,12400
1999-06-28,4.90625,4.9375,4.78125,4.8125,3.4361844062805176,39400
1999-06-29,4.75,4.9375,4.75,4.9375,3.5254361629486084,77600
1999-06-30,4.96875,5.125,4.8125,5.125,3.6593129634857178,168400
1999-07-01,5.1875,5.40625,5.125,5.34375,3.8155040740966797,163600
1999-07-02,5.3125,5.3125,5.15625,5.21875,3.726252794265747,72000
1999-07-06,5.21875,5.21875,5.09375,5.09375,3.63700270652771,30800
1999-07-07,5.15625,5.15625,5.09375,5.125,3.6593129634857178,33600
1999-07-08,5.15625,5.34375,5.03125,5.28125,3.770876884460449,155200
1999-07-09,5.25,5.25,5.15625,5.15625,3.681626319885254,26600
1999-07-12,5.1875,5.1875,5.0625,5.0625,3.6146867275238037,25400
1999-07-13,5.09375,5.15625,5.0625,5.125,3.6593129634857178,22400
1999-07-14,5.09375,5.25,5.0625,5.21875,3.726252794265747,38400
1999-07-15,5.1875,5.40625,5.1875,5.40625,3.8601298332214355,126800
1999-07-16,5.40625,5.5625,5.375,5.5625,3.9716951847076416,262800
1999-07-19,5.59375,5.96875,5.59375,5.84375,4.17250919342041,264600
1999-07-20,5.84375,5.84375,5.75,5.8125,4.150197505950928,154600
1999-07-21,5.8125,5.9375,5.75,5.9375,4.239448070526123,173800
1999-07-22,5.90625,5.96875,5.875,5.9375,4.239448070526123,69000
1999-07-23,5.9375,6.03125,5.9375,6.0,4.284074306488037,98200
1999-07-26,5.9375,6.25,5.71875,6.125,4.373325347900391,364600
1999-07-27,6.125,6.5625,6.125,6.40625,4.574141979217529,506200
1999-07-28,6.40625,6.46875,6.375,6.4375,4.596455097198486,77400
1999-07-29,6.375,6.40625,6.34375,6.375,4.5518293380737305,171400
1999-07-30,6.375,6.4375,6.375,6.40625,4.574141979217529,133800
1999-08-02,6.46875,6.59375,6.46875,6.59375,4.708020210266113,261400
1999-08-03,6.5625,6.625,6.375,6.40625,4.574141979217529,210200
1999-08-04,6.375,6.4375,5.8125,5.875,4.19482421875,269800
1999-08-05,5.90625,6.25,5.875,6.25,4.462578773498535,282000
1999-08-06,6.25,6.25,6.1875,6.25,4.462578773498535,107400
1999-08-09,6.25,6.25,6.125,6.15625,4.395638465881348,63400
1999-08-10,6.21875,6.21875,6.125,6.1875,4.417951583862305,110000
1999-08-11,6.1875,6.25,6.15625,6.25,4.462578773498535,50800
1999-08-12,6.25,6.28125,6.21875,6.25,4.462578773498535,54800
1999-08-13,6.25,6.25,6.21875,6.25,4.462578773498535,39400
1999-08-16,6.25,6.28125,6.25,6.28125,4.484889507293701,27200
1999-08-17,6.25,6.3125,6.25,6.28125,4.484889507293701,53600
1999-08-18,6.28125,6.28125,6.1875,6.25,4.462578773498535,27800
1999-08-19,6.25,6.3125,6.1875,6.3125,4.507205486297607,70800
1999-08-20,6.25,6.25,6.21875,6.25,4.462578773498535,47000
1999-08-23,6.25,6.40625,6.25,6.375,4.5518293380737305,56000
1999-08-24,6.375,6.5,6.375,6.46875,4.61876916885376,192200
1999-08-25,6.46875,6.46875,6.375,6.40625,4.574141979217529,31600
1999-08-26,6.40625,6.46875,6.375,6.375,4.5518293380737305,46800
1999-08-27,6.375,6.40625,6.375,6.40625,4.574141979217529,21600
1999-08-30,6.4375,6.5,6.40625,6.40625,4.574141979217529,52600
1999-08-31,6.375,6.40625,6.25,6.3125,4.507205486297607,129800
1999-09-01,6.3125,6.3125,6.09375,6.25,4.462578773498535,84600
1999-09-02,6.25,6.25,6.09375,6.21875,4.440264701843262,52000
1999-09-03,6.21875,6.4375,6.21875,6.34375,4.529518127441406,135600
1999-09-07,6.375,6.375,6.0625,6.125,4.373325347900391,158400
1999-09-08,6.125,6.125,5.90625,5.96875,4.261761665344238,163200
1999-09-09,5.9375,5.9375,5.875,5.90625,4.217135429382324,55800
1999-09-10,5.875,5.875,5.71875,5.71875,4.083258152008057,88200
1999-09-13,5.75,5.8125,5.75,5.8125,4.150197505950928,75600
1999-09-14,5.75,6.03125,5.75,6.0,4.284074306488037,54400
1999-09-15,6.03125,6.03125,5.625,5.8125,4.150197505950928,65800
1999-09-16,5.75,5.78125,5.625,5.78125,4.127882957458496,73600
1999-09-17,5.71875,5.9375,5.71875,5.90625,4.217135429382324,36200
1999-09-20,5.9375,5.9375,5.90625,5.90625,4.217135429382324,15200
1999-09-21,5.875,5.9375,5.8125,5.875,4.19482421875,46600
1999-09-22,5.90625,6.0,5.875,5.9375,4.239448070526123,11600
1999-09-23,6.0,6.0,5.90625,5.9375,4.239448070526123,35400
1999-09-24,5.875,5.875,5.59375,5.625,4.016319274902344,60000
1999-09-27,5.875,6.3125,5.875,6.25,4.462578773498535,174200
1999-09-28,6.21875,6.375,6.125,6.375,4.5518293380737305,56200
1999-09-29,6.3125,6.34375,6.0625,6.28125,4.484889507293701,107400
1999-09-30,6.34375,6.34375,6.15625,6.34375,4.529518127441406,59800
1999-10-01,6.34375,6.375,6.25,6.3125,4.507205486297607,46800
1999-10-04,6.25,6.34375,6.125,6.34375,4.529518127441406,35800
1999-10-05,6.28125,6.375,6.21875,6.375,4.5518293380737305,51200
1999-10-06,6.375,6.40625,6.28125,6.34375,4.529518127441406,25800
1999-10-07,6.3125,6.46875,6.3125,6.4375,4.596455097198486,70600
1999-10-08,6.4375,6.5625,6.34375,6.4375,4.596455097198486,113200
1999-10-11,6.40625,6.4375,6.375,6.375,4.5518293380737305,17000
1999-10-12,6.34375,6.5,6.3125,6.5,4.641080379486084,84200
1999-10-13,6.5,6.5,6.46875,6.5,4.641080379486084,24600
1999-10-14,6.46875,6.53125,6.4375,6.4375,4.596455097198486,132000
1999-10-15,6.375,6.40625,6.1875,6.1875,4.417951583862305,39000
1999-10-18,6.1875,6.3125,6.125,6.3125,4.507205486297607,25800
1999-10-19,6.28125,6.28125,6.09375,6.09375,4.351013660430908,39000
1999-10-20,6.25,6.25,5.875,6.0625,4.328701019287109,57800
1999-10-21,6.03125,6.1875,6.03125,6.125,4.373325347900391,24600
1999-10-22,6.125,6.1875,6.03125,6.09375,4.351013660430908,39600
1999-10-25,6.0625,6.15625,6.03125,6.03125,4.306387901306152,28800
1999-10-26,6.03125,6.1875,6.0,6.0,4.284074306488037,22200
1999-10-27,6.0,6.1875,6.0,6.0625,4.328701019287109,252400
1999-10-28,6.0625,6.125,5.75,5.96875,4.261761665344238,29600
1999-10-29,5.9375,5.9375,5.78125,5.84375,4.17250919342041,25800
1999-11-01,5.8125,5.96875,5.78125,5.96875,4.261761665344238,40400
1999-11-02,5.96875,6.3125,5.9375,6.25,4.462578773498535,30200
1999-11-03,6.1875,6.1875,6.03125,6.0625,4.328701019287109,32400
1999-11-04,6.0625,6.0625,5.8125,5.84375,4.17250919342041,28600
1999-11-05,5.84375,5.84375,5.5625,5.625,4.016319274902344,105600
1999-11-08,5.625,5.65625,5.625,5.65625,4.038633346557617,29600
1999-11-09,5.625,5.65625,5.5625,5.65625,4.038633346557617,44600
1999-11-10,5.625,5.75,5.625,5.6875,4.060947895050049,63200
1999-11-11,5.6875,5.75,5.59375,5.59375,3.9940056800842285,91400
1999-11-12,5.5625,5.59375,5.4375,5.4375,3.8824427127838135,174000
1999-11-15,5.4375,5.4375,5.1875,5.3125,3.7931911945343018,72400
1999-11-16,5.28125,5.375,5.28125,5.3125,3.7931911945343018,47600
1999-11-17,5.28125,5.28125,5.15625,5.15625,3.681626319885254,69400
1999-11-18,5.15625,5.1875,4.9375,5.0625,3.6146867275238037,170800
1999-11-19,5.125,5.125,5.0,5.0,3.5700626373291016,69400
1999-11-22,5.0,5.0625,4.75,4.75,3.391559362411499,70600
1999-11-23,4.75,4.75,4.375,4.5,3.2130563259124756,271400
1999-11-24,4.5,4.5,4.375,4.5,3.2130563259124756,227600
1999-11-26,4.5,4.5,4.46875,4.5,3.2130563259124756,24400
1999-11-29,4.46875,4.53125,4.3125,4.53125,3.235368490219116,59400
1999-11-30,4.5,4.625,4.46875,4.5,3.2130563259124756,321000
1999-12-01,4.4375,4.46875,4.34375,4.375,3.1238043308258057,62800
1999-12-02,4.375,4.375,4.3125,4.34375,3.1014912128448486,40000
1999-12-03,4.34375,4.5,4.3125,4.3125,3.079178810119629,63200
1999-12-06,4.28125,4.375,4.09375,4.09375,2.922988176345825,55200
1999-12-07,4.03125,4.25,4.03125,4.09375,2.922988176345825,127000
1999-12-08,4.09375,4.09375,3.5625,4.03125,2.8783631324768066,150400
1999-12-09,3.96875,4.4375,3.9375,4.375,3.1238043308258057,134600
1999-12-10,4.4375,4.4375,4.25,4.3125,3.079178810119629,118000
1999-12-13,4.3125,4.625,4.3125,4.5,3.2130563259124756,156800
1999-12-14,4.4375,4.46875,4.125,4.125,2.945301055908203,153800
1999-12-15,4.125,4.375,4.0625,4.3125,3.079178810119629,34000
1999-12-16,4.375,4.59375,4.3125,4.34375,3.1014912128448486,81800
1999-12-17,4.375,4.375,4.25,4.375,3.1238043308258057,60600
1999-12-20,4.3125,4.34375,4.125,4.125,2.945301055908203,39800
1999-12-21,4.0625,4.09375,3.9375,4.0625,2.9006760120391846,179600
1999-12-22,4.0625,4.25,4.0625,4.15625,2.9676146507263184,70000
1999-12-23,4.1875,4.25,4.03125,4.1875,2.989927291870117,151600
1999-12-27,4.21875,4.25,3.875,4.1875,2.989927291870117,179400
1999-12-28,4.1875,4.34375,4.15625,4.3125,3.079178810119629,213600
1999-12-29,4.3125,4.3125,4.1875,4.25,3.034553050994873,144000
1999-12-30,4.25,4.375,4.21875,4.3125,3.079178810119629,135400
1999-12-31,4.3125,4.5,4.28125,4.46875,3.1907436847686768,66200
2000-01-03,4.40625,4.4375,4.25,4.25,3.034553050994873,88400
2000-01-04,4.25,4.375,4.25,4.25,3.034553050994873,70200
2000-01-05,4.25,4.34375,4.25,4.3125,3.079178810119629,64000
2000-01-06,4.25,4.375,4.25,4.34375,3.1014912128448486,20200
2000-01-07,4.40625,4.8125,4.40625,4.59375,3.279994249343872,53800
2000-01-10,4.59375,4.9375,4.59375,4.875,3.480811357498169,232800
2000-01-11,4.875,4.875,4.8125,4.84375,3.458498477935791,53400
2000-01-12,4.8125,4.875,4.78125,4.875,3.480811357498169,85000
2000-01-13,4.8125,5.0,4.8125,4.96875,3.547747850418091,54600
2000-01-14,4.96875,5.0,4.875,4.875,3.480811357498169,113600
2000-01-18,4.875,4.9375,4.875,4.9375,3.5254361629486084,44000
2000-01-19,4.90625,5.0,4.90625,4.9375,3.5254361629486084,38600
2000-01-20,4.90625,4.90625,4.875,4.90625,3.503122568130493,124200
2000-01-21,4.875,4.9375,4.875,4.90625,3.503122568130493,61800
2000-01-24,4.90625,4.9375,4.875,4.875,3.480811357498169,226800
2000-01-25,4.875,4.90625,4.84375,4.875,3.480811357498169,74000
2000-01-26,4.875,4.90625,4.875,4.90625,3.503122568130493,325200
2000-01-27,4.90625,4.90625,4.875,4.90625,3.503122568130493,40200
2000-01-28,4.875,4.90625,4.875,4.90625,3.503122568130493,49000
2000-01-31,4.9375,4.9375,4.875,4.90625,3.503122568130493,29800
2000-02-01,4.90625,4.96875,4.90625,4.9375,3.5254361629486084,127200
2000-02-02,4.96875,4.96875,4.9375,4.9375,3.5254361629486084,167200
2000-02-03,4.9375,5.0625,4.9375,5.0625,3.6146867275238037,165600
2000-02-04,5.0,5.1875,5.0,5.15625,3.681626319885254,73200
2000-02-07,5.1875,5.1875,5.0625,5.1875,3.7039403915405273,45000
2000-02-08,5.1875,5.25,5.15625,5.1875,3.7039403915405273,34600
2000-02-09,5.1875,5.1875,5.125,5.15625,3.681626319885254,79800
2000-02-10,5.125,5.125,5.0,5.03125,3.5923757553100586,62800
2000-02-11,5.0,5.0,4.75,4.8125,3.4361844062805176,80400
2000-02-14,4.78125,4.84375,4.78125,4.8125,3.4361844062805176,94000
2000-02-15,4.78125,4.84375,4.75,4.75,3.391559362411499,35200
2000-02-16,4.6875,4.75,4.59375,4.625,3.302307367324829,50800
2000-02-17,4.65625,4.65625,4.5,4.59375,3.279994249343872,59800
2000-02-18,4.5625,4.5625,4.375,4.40625,3.1461167335510254,41200
2000-02-22,4.34375,4.375,4.1875,4.1875,2.989927291870117,37400
2000-02-23,4.1875,4.25,4.1875,4.1875,2.989927291870117,60600
2000-02-24,4.21875,4.21875,3.875,3.9375,2.8114237785339355,45800
2000-02-25,4.0,4.0,3.9375,3.9375,2.8114237785339355,27600
2000-02-28,3.96875,4.0,3.90625,3.96875,2.8337371349334717,31800
2000-02-29,3.96875,4.1875,3.90625,4.1875,2.989927291870117,46800
2000-03-01,4.21875,4.28125,4.1875,4.1875,2.989927291870117,25400
2000-03-02,4.21875,4.21875,4.0625,4.09375,2.922988176345825,53400
2000-03-03,4.09375,4.09375,3.96875,3.96875,2.8337371349334717,17600
2000-03-06,4.0,4.0,3.875,3.875,2.766798496246338,53200
2000-03-07,3.875,3.90625,3.8125,3.875,2.766798496246338,94800
2000-03-08,3.875,3.90625,3.8125,3.90625,2.789111375808716,31800
2000-03-09,3.875,3.875,3.8125,3.84375,2.7444851398468018,101600
2000-03-10,3.90625,3.90625,3.78125,3.78125,2.699859857559204,95800
2000-03-13,3.78125,3.84375,3.75,3.75,2.6775472164154053,73400
2000-03-14,3.75,3.78125,3.71875,3.71875,2.655233860015869,39600
2000-03-15,3.71875,3.8125,3.59375,3.78125,2.699859857559204,126200
2000-03-16,3.78125,4.0625,3.75,4.0625,2.9006760120391846,847400
2000-03-17,4.0,4.34375,4.0,4.34375,3.1014912128448486,43600
2000-03-20,4.53125,4.8125,4.5,4.8125,3.4361844062805176,103200
2000-03-21,4.75,4.75,4.625,4.71875,3.3692469596862793,19600
2000-03-22,4.71875,4.875,4.375,4.375,3.1238043308258057,209600
2000-03-23,4.375,4.5,4.375,4.46875,3.1907436847686768,100200
2000-03-24,4.46875,4.53125,4.46875,4.46875,3.1907436847686768,18600
2000-03-27,4.5,4.5,4.375,4.4375,3.1684305667877197,10400
2000-03-28,4.5,4.71875,4.375,4.65625,3.3246212005615234,264200
2000-03-29,4.65625,4.78125,4.5,4.6875,3.3469343185424805,48400
2000-03-30,4.625,4.71875,4.46875,4.46875,3.1907436847686768,47600
2000-03-31,4.53125,4.53125,4.125,4.40625,3.1461167335510254,87800
2000-04-03,4.46875,4.46875,4.40625,4.40625,3.1461167335510254,10600
2000-04-04,4.40625,4.40625,4.09375,4.21875,3.012239933013916,77400
2000-04-05,4.1875,4.34375,4.125,4.28125,3.05686616897583,24400
2000-04-06,4.3125,4.34375,4.28125,4.28125,3.05686616897583,27400
2000-04-07,4.3125,4.4375,4.25,4.4375,3.1684305667877197,105000
2000-04-10,4.5,4.5,4.3125,4.3125,3.079178810119629,118400
2000-04-11,4.3125,4.3125,4.25,4.28125,3.05686616897583,123800
2000-04-12,4.28125,4.3125,4.21875,4.21875,3.012239933013916,55400
2000-04-13,4.15625,4.28125,4.125,4.25,3.034553050994873,70000
2000-04-14,4.25,4.25,4.09375,4.125,2.945301055908203,95000
2000-04-17,4.09375,4.21875,4.09375,4.1875,2.989927291870117,45600
2000-04-18,4.1875,4.25,4.09375,4.1875,2.989927291870117,65200
2000-04-19,4.1875,4.5,4.1875,4.4375,3.1684305667877197,55200
2000-04-20,4.46875,4.53125,4.4375,4.4375,3.1684305667877197,45800
2000-04-24,4.40625,4.40625,4.28125,4.3125,3.079178810119629,17400
2000-04-25,4.25,4.25,4.0625,4.1875,2.989927291870117,74400
2000-04-26,4.21875,4.3125,4.1875,4.25,3.034553050994873,43200
2000-04-27,4.1875,4.34375,4.1875,4.28125,3.05686616897583,19000
2000-04-28,4.34375,4.34375,4.15625,4.34375,3.1014912128448486,46600
2000-05-01,4.3125,4.4375,4.1875,4.3125,3.079178810119629,48800
2000-05-02,4.3125,4.3125,4.28125,4.3125,3.079178810119629,2800
2000-05-03,4.3125,4.3125,4.125,4.125,2.945301055908203,16000
2000-05-04,4.125,4.125,3.90625,4.125,2.945301055908203,58800
2000-05-05,4.125,4.3125,4.09375,4.3125,3.079178810119629,28400
2000-05-08,4.375,4.625,4.3125,4.3125,3.079178810119629,39000
2000-05-09,4.3125,4.3125,4.1875,4.21875,3.012239933013916,20200
2000-05-10,4.15625,4.15625,3.90625,3.9375,2.8114237785339355,53400
2000-05-11,3.9375,4.0625,3.9375,3.9375,2.8114237785339355,133600
2000-05-12,4.0,4.375,4.0,4.28125,3.05686616897583,210400
2000-05-15,4.3125,4.5,4.3125,4.5,3.2130563259124756,34200
2000-05-16,4.5625,4.75,4.5625,4.59375,3.279994249343872,73600
2000-05-17,4.59375,4.625,4.25,4.25,3.034553050994873,187200
2000-05-18,4.3125,4.53125,4.3125,4.46875,3.1907436847686768,45400
2000-05-19,4.71875,4.71875,4.46875,4.46875,3.1907436847686768,117200
2000-05-22,4.4375,4.46875,4.40625,4.46875,3.1907436847686768,84400
2000-05-23,4.4375,4.53125,4.4375,4.46875,3.1907436847686768,19800
2000-05-24,4.40625,4.5,4.40625,4.5,3.2130563259124756,99600
2000-05-25,4.5,4.53125,4.46875,4.46875,3.1907436847686768,92000
2000-05-26,4.46875,4.5,4.375,4.40625,3.1461167335510254,219800
2000-05-30,4.40625,4.53125,4.40625,4.46875,3.1907436847686768,66800
2000-05-31,4.5,4.625,4.46875,4.46875,3.1907436847686768,210800
2000-06-01,4.46875,4.5,4.46875,4.5,3.2130563259124756,9600
2000-06-02,4.5,4.59375,4.5,4.5625,3.2576828002929688,72800
2000-06-05,4.5625,4.59375,4.5625,4.5625,3.2576828002929688,53800
2000-06-06,4.5625,4.59375,4.5625,4.5625,3.2576828002929688,29400
2000-06-07,4.5625,4.5625,4.5625,4.5625,3.2576828002929688,219000
2000-06-08,4.59375,4.59375,4.53125,4.5625,3.2576828002929688,27400
2000-06-09,4.5625,4.59375,4.53125,4.59375,3.279994249343872,115400
2000-06-12,4.5625,4.59375,4.53125,4.53125,3.235368490219116,61400
2000-06-13,4.53125,4.625,4.53125,4.59375,3.279994249343872,43000
2000-06-14,4.59375,4.65625,4.59375,4.65625,3.3246212005615234,92000
2000-06-15,4.6875,4.8125,4.65625,4.75,3.391559362411499,133400
2000-06-16,4.78125,4.78125,4.71875,4.75,3.391559362411499,59000
2000-06-19,4.75,4.75,4.6875,4.6875,3.3469343185424805,140000
2000-06-20,4.6875,4.71875,4.6875,4.6875,3.3469343185424805,76600
2000-06-21,4.6875,4.75,4.5625,4.59375,3.279994249343872,105200
2000-06-22,4.5625,4.59375,4.5625,4.59375,3.279994249343872,10200
2000-06-23,4.59375,4.59375,4.5,4.53125,3.235368490219116,195600
2000-06-26,4.5,4.53125,4.46875,4.5,3.2130563259124756,197800
2000-06-27,4.5,4.5625,4.5,4.5,3.2130563259124756,63600
2000-06-28,4.5,4.53125,4.5,4.53125,3.235368490219116,295800
2000-06-29,4.59375,4.6875,4.09375,4.1875,2.989927291870117,117400
2000-06-30,4.15625,4.625,4.0625,4.5625,3.2576828002929688,277800
2000-07-03,4.5625,4.625,4.5625,4.59375,3.279994249343872,9800
2000-07-05,4.53125,4.59375,4.4375,4.53125,3.235368490219116,59600
2000-07-06,4.46875,4.53125,4.34375,4.46875,3.1907436847686768,32000
2000-07-07,4.46875,4.75,4.375,4.75,3.391559362411499,93800
2000-07-10,4.6875,4.75,4.65625,4.65625,3.3246212005615234,44200
2000-07-11,4.65625,4.65625,4.5625,4.625,3.302307367324829,17200
2000-07-12,4.609375,4.71875,4.609375,4.71875,3.3692469596862793,71600
2000-07-13,4.6875,4.84375,4.65625,4.84375,3.458498477935791,58200
2000-07-14,4.875,4.90625,4.71875,4.78125,3.413872003555298,159000
2000-07-17,4.78125,4.78125,4.5625,4.65625,3.3246212005615234,42400
2000-07-18,4.65625,4.65625,4.5,4.53125,3.235368490219116,38200
2000-07-19,4.53125,4.53125,4.40625,4.46875,3.1907436847686768,16000
2000-07-20,4.5,4.5625,4.4375,4.53125,3.235368490219116,37000
2000-07-21,4.5,4.5,4.28125,4.5,3.2130563259124756,97600
2000-07-24,4.53125,4.59375,4.34375,4.46875,3.1907436847686768,249000
2000-07-25,4.421875,4.4375,4.34375,4.34375,3.1014912128448486,42600
2000-07-26,4.375,4.375,4.1875,4.1875,2.989927291870117,40600
2000-07-27,4.25,4.25,4.0,4.0,2.856050491333008,69800
2000-07-28,4.0,4.0625,3.96875,3.96875,2.8337371349334717,97400
2000-07-31,4.0,4.0,3.8125,3.90625,2.789111375808716,82400
2000-08-01,3.90625,3.9375,3.875,3.875,2.766798496246338,162000
2000-08-02,3.90625,3.9375,3.875,3.875,2.766798496246338,145800
2000-08-03,3.78125,3.8125,3.78125,3.78125,2.699859857559204,15400
2000-08-04,3.78125,3.8125,3.75,3.8125,2.722172498703003,56000
2000-08-07,3.8125,4.0,3.78125,3.96875,2.8337371349334717,630800
2000-08-08,4.0,4.03125,3.90625,4.0,2.856050491333008,38000
2000-08-09,4.125,4.21875,4.0,4.125,2.945301055908203,17000
2000-08-10,4.0625,4.09375,4.0,4.03125,2.8783631324768066,69200
2000-08-11,3.9375,3.96875,3.9375,3.9375,2.8114237785339355,49800
2000-08-14,4.0,4.03125,4.0,4.0,2.856050491333008,6400
2000-08-15,4.0,4.09375,4.0,4.09375,2.922988176345825,49200
2000-08-16,4.15625,4.28125,4.0,4.0,2.856050491333008,159800
2000-08-17,4.0625,4.21875,4.0625,4.1875,2.989927291870117,22600
2000-08-18,4.125,4.125,4.09375,4.125,2.945301055908203,26000
2000-08-21,4.15625,4.15625,4.0625,4.0625,2.9006760120391846,7600
2000-08-22,4.0625,4.0625,4.0625,4.0625,2.9006760120391846,114200
2000-08-23,4.0625,4.09375,4.0625,4.09375,2.922988176345825,39200
2000-08-24,4.0625,4.25,4.0625,4.21875,3.012239933013916,34800
2000-08-25,4.21875,4.21875,4.21875,4.21875,3.012239933013916,600
2000-08-28,4.21875,4.25,4.21875,4.25,3.034553050994873,8200
2000-08-29,4.21875,4.21875,3.96875,3.96875,2.8337371349334717,34200
2000-08-30,4.03125,4.03125,3.90625,4.0,2.856050491333008,14400
2000-08-31,4.125,4.40625,4.125,4.21875,3.012239933013916,73800
2000-09-01,4.21875,4.28125,4.21875,4.21875,3.012239933013916,34400
2000-09-05,4.21875,4.21875,4.21875,4.21875,3.012239933013916,75200
2000-09-06,4.21875,4.34375,4.21875,4.28125,3.05686616897583,28400
2000-09-07,4.25,4.28125,4.25,4.25,3.034553050994873,113400
2000-09-08,4.3125,4.3125,4.28125,4.28125,3.05686616897583,21800
2000-09-11,4.34375,4.34375,4.28125,4.28125,3.05686616897583,6200
2000-09-12,4.3125,4.3125,4.3125,4.3125,3.079178810119629,16400
2000-09-13,4.21875,4.4375,4.21875,4.4375,3.1684305667877197,87400
2000-09-14,4.4375,4.5,4.4375,4.5,3.2130563259124756,19800
2000-09-15,4.46875,4.53125,4.46875,4.5,3.2130563259124756,126600
2000-09-18,4.5,4.5625,4.5,4.5,3.2130563259124756,65600
2000-09-19,4.5,4.53125,4.40625,4.4375,3.1684305667877197,32800
2000-09-20,4.4375,4.4375,4.4375,4.4375,3.1684305667877197,4000
2000-09-21,4.375,4.5,4.375,4.375,3.1238043308258057,37400
2000-09-22,4.34375,4.34375,4.25,4.3125,3.079178810119629,4600
2000-09-25,4.25,4.28125,4.15625,4.28125,3.05686616897583,16600
2000-09-26,4.28125,4.3125,4.28125,4.3125,3.079178810119629,4400
2000-09-27,4.28125,4.3125,4.25,4.3125,3.079178810119629,6600
2000-09-28,4.25,4.28125,4.21875,4.21875,3.012239933013916,6400
2000-09-29,4.1875,4.1875,4.09375,4.125,2.945301055908203,27600
2000-10-02,4.09375,4.125,3.9375,4.09375,2.922988176345825,63200
2000-10-03,4.0625,4.0625,3.8125,3.9375,2.8114237785339355,46800
2000-10-04,3.9375,4.0,3.875,3.96875,2.8337371349334717,29000
2000-10-05,3.90625,4.0,3.90625,3.9375,2.8114237785339355,14200
2000-10-06,3.9375,3.9375,3.8125,3.84375,2.7444851398468018,28800
2000-10-09,3.8125,3.8125,3.8125,3.8125,2.722172498703003,12400
2000-10-10,3.8125,3.8125,3.625,3.71875,2.655233860015869,48200
2000-10-11,3.71875,3.75,3.6875,3.75,2.6775472164154053,22400
2000-10-12,3.71875,3.75,3.71875,3.75,2.6775472164154053,10800
2000-10-13,3.71875,3.75,3.71875,3.75,2.6775472164154053,7200
2000-10-16,3.6875,3.6875,3.53125,3.65625,2.6106081008911133,44600
2000-10-17,3.625,3.625,3.4375,3.53125,2.5213570594787598,18200
2000-10-18,3.46875,3.65625,3.375,3.625,2.588294506072998,27000
2000-10-19,3.71875,3.84375,3.71875,3.84375,2.7444851398468018,29800
2000-10-20,3.875,3.875,3.6875,3.6875,2.632920742034912,46600
2000-10-23,3.625,3.75,3.625,3.75,2.6775472164154053,22200
2000-10-24,3.71875,3.75,3.59375,3.625,2.588294506072998,56400
2000-10-25,3.75,3.75,3.625,3.6875,2.632920742034912,36800
2000-10-26,3.6875,3.75,3.6875,3.75,2.6775472164154053,20000
2000-10-27,3.71875,3.78125,3.6875,3.75,2.6775472164154053,47600
2000-10-30,3.6875,3.9375,3.6875,3.8125,2.722172498703003,29200
2000-10-31,4.0,4.0,3.96875,4.0,2.856050491333008,47400
2000-11-01,3.96875,3.96875,3.9375,3.9375,2.8114237785339355,9200
2000-11-02,3.9375,3.9375,3.75,3.90625,2.789111375808716,30400
2000-11-03,3.875,4.0,3.84375,4.0,2.856050491333008,47800
2000-11-06,3.96875,4.0,3.90625,4.0,2.856050491333008,7800
2000-11-07,3.96875,4.09375,3.8125,3.9375,2.8114237785339355,16200
2000-11-08,3.90625,3.90625,3.84375,3.84375,2.7444851398468018,7000
2000-11-09,3.8125,3.8125,3.78125,3.8125,2.722172498703003,12000
2000-11-10,3.6875,3.75,3.6875,3.71875,2.655233860015869,17400
2000-11-13,3.71875,3.8125,3.71875,3.8125,2.722172498703003,16200
2000-11-14,3.78125,3.8125,3.5625,3.6875,2.632920742034912,50400
2000-11-15,3.6875,3.71875,3.59375,3.71875,2.655233860015869,27800
2000-11-16,3.6875,3.6875,3.625,3.625,2.588294506072998,12400
2000-11-17,3.6875,3.6875,3.59375,3.59375,2.5659825801849365,22800
2000-11-20,3.59375,3.59375,3.4375,3.5,2.4990432262420654,38400
2000-11-21,3.5,3.59375,3.484375,3.59375,2.5659825801849365,43200
2000-11-22,3.59375,3.65625,3.59375,3.65625,2.6106081008911133,6200
2000-11-24,3.625,3.6875,3.59375,3.6875,2.632920742034912,1200
2000-11-27,3.6875,3.6875,3.625,3.625,2.588294506072998,15000
2000-11-28,3.625,3.625,3.53125,3.53125,2.5213570594787598,5000
2000-11-29,3.5625,3.5625,3.25,3.46875,2.4767303466796875,108800
2000-11-30,3.5,3.8125,3.46875,3.8125,2.722172498703003,184400
2000-12-01,3.8125,3.8125,3.8125,3.8125,2.722172498703003,6800
2000-12-04,3.875,3.875,3.84375,3.84375,2.7444851398468018,4600
2000-12-05,3.90625,3.90625,3.84375,3.875,2.766798496246338,30400
2000-12-06,3.84375,3.90625,3.84375,3.875,2.766798496246338,13200
2000-12-07,3.875,3.90625,3.875,3.90625,2.789111375808716,15000
2000-12-08,3.875,3.875,3.84375,3.875,2.766798496246338,22200
2000-12-11,3.84375,3.875,3.84375,3.875,2.766798496246338,24800
2000-12-12,3.875,3.90625,3.75,3.75,2.6775472164154053,41400
2000-12-13,3.75,3.8125,3.75,3.78125,2.699859857559204,396200
2000-12-14,3.75,3.75,3.75,3.75,2.6775472164154053,32800
2000-12-15,3.75,3.75,3.75,3.75,2.6775472164154053,4400
2000-12-18,3.75,3.78125,3.625,3.78125,2.699859857559204,85400
2000-12-19,3.71875,3.78125,3.71875,3.78125,2.699859857559204,67200
2000-12-20,3.78125,3.8125,3.25,3.4375,2.4544174671173096,316200
2000-12-21,3.4375,3.46875,3.40625,3.46875,2.4767303466796875,12600
2000-12-22,3.46875,3.46875,3.34375,3.34375,2.387479066848755,30800
2000-12-26,3.34375,3.34375,3.25,3.25,2.320540189743042,111800
2000-12-27,3.25,3.28125,3.03125,3.0625,2.1866626739501953,40000
2000-12-28,3.03125,3.40625,3.0,3.3125,2.365166187286377,105800
2000-12-29,3.28125,3.375,3.25,3.34375,2.387479066848755,44200
2001-01-02,3.34375,3.40625,3.25,3.3125,2.365166187286377,16400
2001-01-03,3.3125,3.34375,3.25,3.34375,2.387479066848755,66400
2001-01-04,3.28125,3.375,3.25,3.375,2.409792900085449,51000
2001-01-05,3.4375,3.4375,3.375,3.375,2.409792900085449,18200
2001-01-08,3.4375,3.5,3.40625,3.40625,2.4321048259735107,17200
2001-01-09,3.375,3.4375,3.34375,3.4375,2.4544174671173096,78800
2001-01-10,3.4375,3.71875,3.4375,3.6875,2.632920742034912,67800
2001-01-11,3.71875,3.75,3.71875,3.75,2.6775472164154053,11600
2001-01-12,3.8125,4.1875,3.8125,4.1875,2.989927291870117,93200
2001-01-16,4.34375,4.59375,4.34375,4.5,3.2130563259124756,223000
2001-01-17,4.5625,4.84375,4.53125,4.84375,3.458498477935791,201200
2001-01-18,4.875,5.03125,4.8125,4.875,3.480811357498169,309200
2001-01-19,4.8125,4.90625,4.78125,4.84375,3.458498477935791,202200
2001-01-22,4.84375,5.0625,4.84375,5.03125,3.5923757553100586,261000
2001-01-23,5.0,5.15625,4.96875,5.15625,3.681626319885254,210600
2001-01-24,5.09375,5.15625,4.9375,4.9375,3.5254361629486084,101800
2001-01-25,4.96875,5.0,4.9375,4.9375,3.5254361629486084,68800
2001-01-26,4.96875,4.96875,4.9375,4.96875,3.547747850418091,106000
2001-01-29,4.96999979019165,5.059999942779541,4.96999979019165,5.054999828338623,3.60933256149292,88600
2001-01-30,5.054999828338623,5.335000038146973,5.054999828338623,5.300000190734863,3.784266710281372,249000
2001-01-31,5.300000190734863,5.34499979019165,5.289999961853027,5.289999961853027,3.777125358581543,282200
2001-02-01,5.340000152587891,5.340000152587891,5.25,5.284999847412109,3.773557424545288,65000
2001-02-02,5.324999809265137,5.324999809265137,5.284999847412109,5.284999847412109,3.773557424545288,39600
2001-02-05,5.284999847412109,5.335000038146973,5.260000228881836,5.295000076293945,3.780696392059326,47000
2001-02-06,5.25,5.25,4.980000019073486,5.050000190734863,3.605764150619507,136000
2001-02-07,5.010000228881836,5.010000228881836,4.889999866485596,4.929999828338623,3.520081043243408,57600
2001-02-08,4.880000114440918,4.994999885559082,4.809999942779541,4.965000152587891,3.545072555541992,34600
2001-02-09,4.985000133514404,4.985000133514404,4.760000228881836,4.800000190734863,3.4272594451904297,132200
2001-02-12,4.75,4.885000228881836,4.550000190734863,4.875,3.480811357498169,46600
2001-02-13,4.875,5.034999847412109,4.875,4.900000095367432,3.498662233352661,41600
2001-02-14,4.875,4.925000190734863,4.875,4.925000190734863,3.5165116786956787,41400
2001-02-15,4.940000057220459,4.994999885559082,4.929999828338623,4.96999979019165,3.5486412048339844,18400
2001-02-16,4.925000190734863,5.025000095367432,4.860000133514404,5.010000228881836,3.577202796936035,58800
2001-02-20,5.0,5.050000190734863,4.974999904632568,5.050000190734863,3.605764150619507,35200
2001-02-21,5.0,5.0,4.824999809265137,4.84499979019165,3.4593911170959473,43600
2001-02-22,4.835000038146973,4.885000228881836,4.835000038146973,4.875,3.480811357498169,11000
2001-02-23,4.864999771118164,5.0,4.849999904632568,4.855000019073486,3.4665307998657227,68600
2001-02-26,4.809999942779541,4.875,4.809999942779541,4.849999904632568,3.4629602432250977,20400
2001-02-27,4.849999904632568,4.980000019073486,4.824999809265137,4.974999904632568,3.552211046218872,164400
2001-02-28,4.994999885559082,5.050000190734863,4.974999904632568,5.019999980926514,3.584343671798706,195800
2001-03-01,5.0,5.005000114440918,5.0,5.005000114440918,3.573631525039673,359200
2001-03-02,5.050000190734863,5.150000095367432,5.025000095367432,5.034999847412109,3.595052480697632,86600
2001-03-05,5.050000190734863,5.110000133514404,5.050000190734863,5.110000133514404,3.648604154586792,7600
2001-03-06,5.085000038146973,5.125,5.079999923706055,5.114999771118164,3.652174472808838,66600
2001-03-07,5.119999885559082,5.130000114440918,5.070000171661377,5.130000114440918,3.662884473800659,51200
2001-03-08,5.175000190734863,5.449999809265137,4.949999809265137,5.400000095367432,3.855665922164917,71000
2001-03-09,5.355000019073486,5.389999866485596,5.275000095367432,5.275000095367432,3.7664151191711426,31600
2001-03-12,5.275000095367432,5.28000020980835,5.050000190734863,5.050000190734863,3.605764150619507,89000
2001-03-13,5.050000190734863,5.074999809265137,5.025000095367432,5.050000190734863,3.605764150619507,19200
2001-03-14,5.0,5.190000057220459,4.985000133514404,5.025000095367432,3.5879127979278564,80000
2001-03-15,5.0,5.074999809265137,4.949999809265137,5.074999809265137,3.6236133575439453,20800
2001-03-16,5.125,5.125,5.119999885559082,5.119999885559082,3.6557445526123047,24200
2001-03-19,5.150000095367432,5.150000095367432,4.989999771118164,4.989999771118164,3.5629215240478516,72200
2001-03-20,4.989999771118164,5.0,4.900000095367432,4.925000190734863,3.5165116786956787,63600
2001-03-21,4.925000190734863,4.925000190734863,4.875,4.875,3.480811357498169,8400
2001-03-22,4.875,4.949999809265137,4.875,4.945000171661377,3.530791759490967,70200
2001-03-23,4.949999809265137,4.974999904632568,4.914999961853027,4.974999904632568,3.552211046218872,14400
2001-03-26,4.949999809265137,5.085000038146973,4.949999809265137,5.079999923706055,3.627183675765991,8800
2001-03-27,5.054999828338623,5.054999828338623,4.949999809265137,4.949999809265137,3.5343620777130127,39400
2001-03-28,4.949999809265137,4.949999809265137,4.875,4.900000095367432,3.498662233352661,70400
2001-03-29,4.875,4.900000095367432,4.875,4.875,3.480811357498169,9800
2001-03-30,4.949999809265137,5.050000190734863,4.880000114440918,4.880000114440918,3.484379529953003,68600
2001-04-02,4.925000190734863,4.949999809265137,4.875,4.880000114440918,3.484379529953003,202400
2001-04-03,4.880000114440918,4.900000095367432,4.875,4.900000095367432,3.498662233352661,363200
2001-04-04,4.925000190734863,5.0,4.925000190734863,5.0,3.5700626373291016,6800
2001-04-05,4.949999809265137,5.0,4.885000228881836,4.925000190734863,3.5165116786956787,18200
2001-04-06,4.949999809265137,4.949999809265137,4.925000190734863,4.925000190734863,3.5165116786956787,4400
2001-04-09,4.925000190734863,4.925000190734863,4.880000114440918,4.880000114440918,3.484379529953003,14400
2001-04-10,4.900000095367432,5.074999809265137,4.894999980926514,5.03000020980835,3.5914828777313232,123800
2001-04-11,5.0,5.050000190734863,4.980000019073486,5.045000076293945,3.6021924018859863,23600
2001-04-12,5.045000076293945,5.074999809265137,4.965000152587891,5.054999828338623,3.60933256149292,53600
2001-04-16,4.949999809265137,4.96999979019165,4.824999809265137,4.949999809265137,3.5343620777130127,62800
2001-04-17,4.949999809265137,5.025000095367432,4.949999809265137,5.025000095367432,3.5879127979278564,140800
2001-04-18,5.050000190734863,5.139999866485596,5.050000190734863,5.119999885559082,3.6557445526123047,45600
2001-04-19,5.09499979019165,5.119999885559082,5.050000190734863,5.09499979019165,3.6378939151763916,17000
2001-04-20,5.074999809265137,5.074999809265137,4.985000133514404,5.045000076293945,3.6021924018859863,27000
2001-04-23,5.25,6.119999885559082,5.25,6.059999942779541,4.3269147872924805,341000
2001-04-24,6.010000228881836,7.150000095367432,5.974999904632568,6.934999942779541,4.951676845550537,489400
2001-04-25,7.005000114440918,7.724999904632568,7.005000114440918,7.505000114440918,5.358663558959961,663800
2001-04-26,7.744999885559082,7.744999885559082,7.505000114440918,7.695000171661377,5.494324684143066,376200
2001-04-27,7.695000171661377,7.75,7.590000152587891,7.75,5.533596992492676,332200
2001-04-30,7.75,7.75,7.300000190734863,7.610000133514404,5.433634281158447,269800
2001-05-01,7.5,7.525000095367432,7.210000038146973,7.324999809265137,5.23013973236084,543000
2001-05-02,7.375,7.494999885559082,7.199999809265137,7.485000133514404,5.344383716583252,140000
2001-05-03,7.449999809265137,7.485000133514404,7.300000190734863,7.425000190734863,5.30154275894165,48200
2001-05-04,7.429999828338623,7.474999904632568,7.429999828338623,7.46999979019165,5.333673000335693,50000
2001-05-07,7.425000190734863,7.425000190734863,7.25,7.289999961853027,5.2051496505737305,55400
2001-05-08,7.275000095367432,7.275000095367432,6.90500020980835,6.974999904632568,4.980237007141113,73000
2001-05-09,6.925000190734863,6.929999828338623,6.650000095367432,6.75,4.819585800170898,113800
2001-05-10,6.75,7.0,6.75,6.960000038146973,4.969527721405029,76200
2001-05-11,6.960000038146973,7.059999942779541,6.900000095367432,7.0,4.998086452484131,75800
2001-05-14,6.949999809265137,7.150000095367432,6.889999866485596,7.139999866485596,5.098050594329834,56200
2001-05-15,7.139999866485596,7.195000171661377,7.099999904632568,7.175000190734863,5.123039722442627,60600
2001-05-16,7.224999904632568,7.364999771118164,7.199999809265137,7.300000190734863,5.212290287017822,179200
2001-05-17,7.329999923706055,7.375,7.275000095367432,7.295000076293945,5.208720684051514,34200
2001-05-18,7.275000095367432,7.275000095367432,7.199999809265137,7.199999809265137,5.140890598297119,43600
2001-05-21,7.204999923706055,7.324999809265137,7.204999923706055,7.320000171661377,5.226570129394531,26800
2001-05-22,7.320000171661377,7.369999885559082,7.260000228881836,7.329999923706055,5.233711242675781,75000
2001-05-23,7.300000190734863,7.349999904632568,7.25,7.300000190734863,5.212290287017822,30800
2001-05-24,7.304999828338623,7.320000171661377,7.25,7.260000228881836,5.183730125427246,54000
2001-05-25,7.260000228881836,7.400000095367432,7.25,7.385000228881836,5.2729811668396,91000
2001-05-29,7.380000114440918,7.380000114440918,7.300000190734863,7.324999809265137,5.23013973236084,16200
2001-05-30,7.324999809265137,7.494999885559082,7.324999809265137,7.425000190734863,5.30154275894165,100400
2001-05-31,7.375,7.525000095367432,7.005000114440918,7.005000114440918,5.001657009124756,589600
2001-06-01,6.954999923706055,6.960000038146973,6.739999771118164,6.900000095367432,4.926687240600586,71000
2001-06-04,6.925000190734863,6.925000190734863,6.5,6.849999904632568,4.890987396240234,69800
2001-06-05,6.864999771118164,7.0,6.864999771118164,7.0,4.998086452484131,147800
2001-06-06,7.0,7.0,6.78000020980835,6.920000076293945,4.940966606140137,28400
2001-06-07,6.900000095367432,6.900000095367432,6.789999961853027,6.824999809265137,4.873134136199951,30600
2001-06-08,6.824999809265137,6.849999904632568,6.724999904632568,6.775000095367432,4.837433815002441,19200
2001-06-11,6.75,6.75,6.360000133514404,6.40500020980835,4.5732502937316895,154000
2001-06-12,6.400000095367432,6.650000095367432,6.400000095367432,6.514999866485596,4.65178918838501,329400
2001-06-13,6.550000190734863,6.599999904632568,6.550000190734863,6.599999904632568,4.712482929229736,31800
2001-06-14,6.599999904632568,6.599999904632568,6.579999923706055,6.599999904632568,4.712482929229736,23400
2001-06-15,7.050000190734863,7.050000190734863,6.949999809265137,7.014999866485596,5.008798122406006,933600
2001-06-18,7.014999866485596,7.324999809265137,7.014999866485596,7.255000114440918,5.180161476135254,174200
2001-06-19,7.304999828338623,7.849999904632568,7.25,7.849999904632568,5.6049981117248535,225200
2001-06-20,7.900000095367432,7.925000190734863,7.625,7.699999809265137,5.497896671295166,194000
2001-06-21,7.699999809265137,7.855000019073486,7.699999809265137,7.824999809265137,5.587148189544678,44000
2001-06-22,7.800000190734863,7.940000057220459,7.775000095367432,7.914999961853027,5.651407718658447,49600
2001-06-25,7.949999809265137,7.949999809265137,7.380000114440918,7.400000095367432,5.283693313598633,57600
2001-06-26,7.40500020980835,7.5,7.400000095367432,7.425000190734863,5.30154275894165,81600
2001-06-27,7.489999771118164,8.0,7.449999809265137,7.775000095367432,5.551446437835693,204000
2001-06-28,7.824999809265137,8.0,7.75,7.914999961853027,5.651407718658447,153200
2001-06-29,8.074999809265137,8.75,7.949999809265137,8.75,6.247608661651611,330800
2001-07-02,8.75,8.75,7.525000095367432,7.525000095367432,5.372944355010986,257200
2001-07-03,7.525000095367432,8.475000381469727,7.525000095367432,8.46500015258789,6.044114589691162,219200
2001-07-05,8.494999885559082,8.494999885559082,8.399999618530273,8.4399995803833,6.0262651443481445,118200
2001-07-06,8.395000457763672,8.40999984741211,8.175000190734863,8.25,5.890602111816406,30600
2001-07-09,8.149999618530273,8.449999809265137,8.125,8.274999618530273,5.908453464508057,107800
2001-07-10,8.300000190734863,8.335000038146973,7.75,7.840000152587891,5.597857475280762,106000
2001-07-11,7.835000038146973,7.900000095367432,7.574999809265137,7.744999885559082,5.530025959014893,111000
2001-07-12,7.769999980926514,8.175000190734863,7.769999980926514,8.170000076293945,5.8334808349609375,206000
2001-07-13,8.175000190734863,8.795000076293945,8.175000190734863,8.704999923706055,6.215479850769043,151600
2001-07-16,8.710000038146973,8.994999885559082,8.675000190734863,8.795000076293945,6.2797417640686035,129000
2001-07-17,8.800000190734863,9.0649995803833,8.739999771118164,9.005000114440918,6.429680347442627,137600
2001-07-18,9.010000228881836,9.175000190734863,8.875,8.875,6.3368611335754395,107800
2001-07-19,9.175000190734863,9.175000190734863,8.824999809265137,8.824999809265137,6.3011603355407715,217200
2001-07-20,8.824999809265137,8.989999771118164,8.5,8.649999618530273,6.176207065582275,86000
2001-07-23,8.774999618530273,8.994999885559082,8.75,8.975000381469727,6.408263683319092,144600
2001-07-24,9.375,9.399999618530273,8.899999618530273,8.954999923706055,6.393980979919434,173400
2001-07-25,9.079999923706055,9.395000457763672,8.954999923706055,9.029999732971191,6.447531700134277,133000
2001-07-26,9.029999732971191,9.045000076293945,8.774999618530273,8.8149995803833,6.29401969909668,80800
2001-07-27,8.755000114440918,8.845000267028809,8.305000305175781,8.5,6.069106101989746,278600
2001-07-30,8.475000381469727,8.574999809265137,8.324999809265137,8.414999961853027,6.008415222167969,40600
2001-07-31,8.484999656677246,8.5,8.4350004196167,8.479999542236328,6.054825782775879,155400
2001-08-01,8.479999542236328,8.600000381469727,8.4399995803833,8.600000381469727,6.140509128570557,85800
2001-08-02,8.539999961853027,8.829999923706055,8.539999961853027,8.800000190734863,6.283309459686279,137200
2001-08-03,9.0,9.300000190734863,8.854999542236328,9.300000190734863,6.640313148498535,332000
2001-08-06,9.295000076293945,9.675000190734863,9.295000076293945,9.5,6.783118724822998,593000
2001-08-07,9.725000381469727,10.449999809265137,9.664999961853027,10.404999732971191,7.429294586181641,342800
2001-08-08,10.824999809265137,10.875,10.255000114440918,10.875,7.764885425567627,284000
2001-08-09,10.550000190734863,10.854999542236328,10.425000190734863,10.854999542236328,7.750604629516602,164000
2001-08-10,10.859999656677246,10.975000381469727,10.350000381469727,10.654999732971191,7.6078009605407715,161600
2001-08-13,10.75,10.75,10.515000343322754,10.704999923706055,7.643503665924072,130600
2001-08-14,10.675000190734863,10.899999618530273,10.625,10.899999618530273,7.782735347747803,111000
2001-08-15,10.899999618530273,10.96500015258789,10.609999656677246,10.720000267028809,7.654215335845947,129400
2001-08-16,10.649999618530273,10.649999618530273,10.375,10.4399995803833,7.454287528991699,97400
2001-08-17,10.4399995803833,10.4399995803833,9.899999618530273,9.944999694824219,7.100854873657227,107400
2001-08-20,9.925000190734863,9.975000381469727,9.675000190734863,9.899999618530273,7.068724155426025,139000
2001-08-21,10.074999809265137,10.079999923706055,9.925000190734863,9.9350004196167,7.093711853027344,126000
2001-08-22,10.0,10.0,9.899999618530273,9.899999618530273,7.068724155426025,67600
2001-08-23,9.975000381469727,10.074999809265137,9.944999694824219,10.020000457763672,7.15440559387207,90400
2001-08-24,10.024999618530273,10.270000457763672,10.005000114440918,10.225000381469727,7.300777435302734,43800
2001-08-27,10.350000381469727,10.425000190734863,10.229999542236328,10.25,7.3186259269714355,52600
2001-08-28,10.324999809265137,10.414999961853027,10.324999809265137,10.324999809265137,7.372177600860596,90600
2001-08-29,10.375,10.375,10.149999618530273,10.255000114440918,7.322200775146484,36600
2001-08-30,10.305000305175781,10.324999809265137,9.925000190734863,10.074999809265137,7.193673610687256,52400
2001-08-31,10.0,10.050000190734863,9.975000381469727,9.975000381469727,7.122277736663818,83000
2001-09-04,9.975000381469727,10.194999694824219,9.975000381469727,9.994999885559082,7.136556625366211,131200
2001-09-05,9.975000381469727,9.975000381469727,9.869999885559082,9.904999732971191,7.072295188903809,17400
2001-09-06,9.850000381469727,9.944999694824219,9.350000381469727,9.425000190734863,6.729565143585205,46200
2001-09-07,9.350000381469727,9.399999618530273,8.845000267028809,9.25,6.604614734649658,117800
2001-09-10,9.25,9.25,8.739999771118164,8.819999694824219,6.297588348388672,174000
2001-09-17,8.375,8.375,7.760000228881836,7.849999904632568,5.6049981117248535,164200
2001-09-18,7.849999904632568,7.864999771118164,7.074999809265137,7.074999809265137,5.051638126373291,75200
2001-09-19,7.025000095367432,7.074999809265137,6.625,6.625,4.730332374572754,390600
2001-09-20,6.574999809265137,6.744999885559082,5.5,5.744999885559082,4.102001190185547,202600
2001-09-21,5.744999885559082,5.744999885559082,5.050000190734863,5.400000095367432,3.855665922164917,417800
2001-09-24,5.494999885559082,6.0,5.400000095367432,5.900000095367432,4.212673664093018,266000
2001-09-25,5.900000095367432,7.125,5.900000095367432,7.125,5.087339401245117,382000
2001-09-26,6.974999904632568,6.974999904632568,6.525000095367432,6.809999942779541,4.862425327301025,118600
2001-09-27,6.815000057220459,7.574999809265137,6.815000057220459,7.400000095367432,5.283693313598633,182800
2001-09-28,7.449999809265137,8.550000190734863,7.449999809265137,8.319999694824219,5.940582752227783,287000
2001-10-01,8.369999885559082,8.699999809265137,8.199999809265137,8.399999618530273,5.99770450592041,361000
2001-10-02,8.574999809265137,8.574999809265137,8.010000228881836,8.015000343322754,5.7228102684021,101400
2001-10-03,7.889999866485596,8.649999618530273,7.889999866485596,8.640000343322754,6.169066905975342,103000
2001-10-04,8.59000015258789,8.875,8.59000015258789,8.75,6.247608661651611,196600
2001-10-05,8.75,8.75,8.625,8.625,6.158357620239258,137400
2001-10-08,8.550000190734863,9.220000267028809,8.550000190734863,9.199999809265137,6.568915367126465,135000
2001-10-09,9.324999809265137,9.399999618530273,9.1850004196167,9.399999618530273,6.7117156982421875,104200
2001-10-10,9.399999618530273,9.5,9.335000038146973,9.5,6.783118724822998,106000
2001-10-11,9.5,9.875,9.5,9.704999923706055,6.92949104309082,201800
2001-10-12,9.704999923706055,9.75,9.055000305175781,9.194999694824219,6.565341472625732,219000
2001-10-15,9.319999694824219,9.550000190734863,9.125,9.550000190734863,6.818819522857666,170000
2001-10-16,9.524999618530273,9.944999694824219,9.524999618530273,9.824999809265137,7.015172958374023,126000
2001-10-17,9.875,9.944999694824219,9.640000343322754,9.640000343322754,6.88308048248291,61400
2001-10-18,9.645000457763672,9.699999809265137,9.645000457763672,9.649999618530273,6.890221118927002,24200
2001-10-19,9.640000343322754,9.649999618530273,9.21500015258789,9.21500015258789,6.579623222351074,62800
2001-10-22,9.21500015258789,9.220000267028809,8.25,8.5,6.069106101989746,164400
2001-10-23,8.5,8.520000457763672,8.399999618530273,8.4399995803833,6.0262651443481445,69200
2001-10-24,8.4399995803833,8.444999694824219,7.005000114440918,7.400000095367432,5.283693313598633,542000
2001-10-25,7.349999904632568,7.650000095367432,7.215000152587891,7.59499979019165,5.422923564910889,727000
2001-10-26,7.75,8.119999885559082,7.610000133514404,7.619999885559082,5.440775394439697,238600
2001-10-29,7.800000190734863,7.800000190734863,7.5,7.550000190734863,5.390793323516846,92000
2001-10-30,7.505000114440918,7.550000190734863,7.375,7.385000228881836,5.2729811668396,63200
2001-10-31,7.420000076293945,8.0,7.380000114440918,8.0,5.712100982666016,290000
2001-11-01,7.900000095367432,8.199999809265137,7.199999809265137,7.215000152587891,5.151600360870361,443800
2001-11-02,7.215000152587891,7.550000190734863,7.105000019073486,7.5,5.3550944328308105,77000
2001-11-05,7.550000190734863,7.929999828338623,7.324999809265137,7.929999828338623,5.662118434906006,193800
2001-11-06,7.90500020980835,8.25,7.875,8.100000381469727,5.78350305557251,269000
2001-11-07,8.050000190734863,8.375,8.050000190734863,8.194999694824219,5.85133171081543,117200
2001-11-08,8.274999618530273,8.649999618530273,8.074999809265137,8.100000381469727,5.78350305557251,135000
2001-11-09,8.0,8.274999618530273,7.78000020980835,7.78000020980835,5.555017471313477,65000
2001-11-12,7.900000095367432,8.199999809265137,7.885000228881836,8.020000457763672,5.726381301879883,103800
2001-11-13,8.375,8.600000381469727,8.375,8.505000114440918,6.072677135467529,147600
2001-11-14,8.600000381469727,8.954999923706055,8.600000381469727,8.774999618530273,6.265456199645996,109400
2001-11-15,8.800000190734863,9.100000381469727,8.609999656677246,8.699999809265137,6.211906433105469,144400
2001-11-16,8.699999809265137,8.744999885559082,8.664999961853027,8.670000076293945,6.190487861633301,55000
2001-11-19,8.720000267028809,8.925000190734863,8.699999809265137,8.699999809265137,6.211906433105469,63000
2001-11-20,8.675000190734863,8.694999694824219,8.454999923706055,8.625,6.158357620239258,126200
2001-11-21,8.949999809265137,8.949999809265137,8.699999809265137,8.75,6.247608661651611,102000
2001-11-23,8.765000343322754,9.100000381469727,8.765000343322754,8.920000076293945,6.368991851806641,74600
2001-11-26,8.925000190734863,9.024999618530273,8.475000381469727,8.664999961853027,6.186917781829834,117000
2001-11-27,8.71500015258789,8.71500015258789,8.579999923706055,8.595000267028809,6.136937618255615,79800
2001-11-28,8.53499984741211,8.53499984741211,8.279999732971191,8.350000381469727,5.962004661560059,43000
2001-11-29,8.354999542236328,8.614999771118164,8.354999542236328,8.614999771118164,6.151216983795166,112600
2001-11-30,8.6899995803833,8.930000305175781,8.6899995803833,8.875,6.3368611335754395,102600
2001-12-03,8.899999618530273,9.404999732971191,8.444999694824219,8.494999885559082,6.0655341148376465,199400
2001-12-04,8.550000190734863,8.914999961853027,8.350000381469727,8.869999885559082,6.333291530609131,108400
2001-12-05,8.949999809265137,9.850000381469727,8.949999809265137,9.600000381469727,6.854518890380859,153200
2001-12-06,9.550000190734863,10.229999542236328,9.550000190734863,9.899999618530273,7.068724155426025,189800
2001-12-07,9.800000190734863,10.149999618530273,9.199999809265137,9.255000114440918,6.608185768127441,159000
2001-12-10,9.260000228881836,9.725000381469727,9.260000228881836,9.390000343322754,6.704577922821045,78600
2001-12-11,9.449999809265137,10.079999923706055,9.449999809265137,10.0,7.140125274658203,129000
2001-12-12,10.425000190734863,10.770000457763672,10.199999809265137,10.350000381469727,7.390030384063721,325800
2001-12-13,10.005000114440918,10.25,9.869999885559082,10.100000381469727,7.211528301239014,137400
2001-12-14,10.125,10.475000381469727,10.119999885559082,10.354999542236328,7.393599033355713,139200
2001-12-17,10.399999618530273,11.125,10.220000267028809,10.800000190734863,7.711331844329834,168400
2001-12-18,10.800000190734863,11.399999618530273,10.649999618530273,11.354999542236328,8.10761547088623,173600
2001-12-19,11.3100004196167,11.3100004196167,10.725000381469727,11.274999618530273,8.050494194030762,170400
2001-12-20,11.279999732971191,12.024999618530273,11.25,11.760000228881836,8.396791458129883,262400
2001-12-21,11.800000190734863,12.199999809265137,11.800000190734863,11.914999961853027,8.507461547851562,159400
2001-12-24,11.869999885559082,12.125,11.869999885559082,12.100000381469727,8.639551162719727,38400
2001-12-26,11.979999542236328,11.979999542236328,11.4399995803833,11.574999809265137,8.264695167541504,111600
2001-12-27,13.154999732971191,13.220000267028809,12.5,13.100000381469727,9.353562355041504,676200
2001-12-28,13.199999809265137,13.5,12.5,12.760000228881836,9.110796928405762,590000
2001-12-31,12.725000381469727,13.375,12.364999771118164,12.904999732971191,9.214330673217773,608000
2002-01-02,13.024999618530273,13.055000305175781,12.375,12.550000190734863,8.960860252380371,238200
2002-01-03,12.359999656677246,12.550000190734863,11.904999732971191,12.0,8.568148612976074,535200
2002-01-04,12.024999618530273,12.25,11.899999618530273,11.920000076293945,8.511030197143555,234800
2002-01-07,11.925000190734863,11.970000267028809,11.0649995803833,11.180000305175781,7.9826579093933105,390600
2002-01-08,11.204999923706055,11.300000190734863,10.515000343322754,11.015000343322754,7.86484956741333,546000
2002-01-09,11.850000381469727,12.75,11.75,12.359999656677246,8.825191497802734,625200
2002-01-10,12.375,12.930000305175781,12.274999618530273,12.5,8.92515754699707,460200
2002-01-11,12.609999656677246,12.625,11.899999618530273,11.914999961853027,8.507461547851562,261600
2002-01-14,11.960000038146973,12.619999885559082,11.34000015258789,12.619999885559082,9.01083755493164,406400
2002-01-15,12.625,12.835000038146973,12.1899995803833,12.425000190734863,8.871603965759277,276600
2002-01-16,12.470000267028809,12.635000228881836,12.335000038146973,12.454999923706055,8.893023490905762,64600
2002-01-17,12.494999885559082,12.835000038146973,12.449999809265137,12.744999885559082,9.100090026855469,107400
2002-01-18,12.744999885559082,13.25,12.375,12.960000038146973,9.25360107421875,232600
2002-01-22,13.085000038146973,13.574999809265137,13.085000038146973,13.175000190734863,9.40711498260498,288200
2002-01-23,13.199999809265137,13.850000381469727,12.949999809265137,13.100000381469727,9.353562355041504,179000
2002-01-24,13.125,13.359999656677246,13.039999961853027,13.220000267028809,9.43924331665039,80600
2002-01-25,13.100000381469727,13.15999984741211,12.680000305175781,12.725000381469727,9.085808753967285,98400
2002-01-28,12.725000381469727,12.725000381469727,11.25,11.680000305175781,8.339664459228516,583600
2002-01-29,11.805000305175781,12.25,11.805000305175781,12.164999961853027,8.685962677001953,294800
2002-01-30,12.449999809265137,12.505000114440918,11.675000190734863,12.505000114440918,8.928726196289062,317400
2002-01-31,12.75,12.899999618530273,12.40999984741211,12.6850004196167,9.057249069213867,167800
2002-02-01,12.739999771118164,13.175000190734863,12.699999809265137,12.710000038146973,9.07509708404541,237000
2002-02-04,12.835000038146973,12.845000267028809,11.975000381469727,12.0,8.568148612976074,179000
2002-02-05,12.4399995803833,12.885000228881836,11.699999809265137,11.949999809265137,8.532445907592773,653200
2002-02-06,11.975000381469727,12.1850004196167,10.630000114440918,11.109999656677246,7.932679176330566,626000
2002-02-07,11.125,11.699999809265137,10.100000381469727,10.444999694824219,7.457860469818115,852000
2002-02-08,10.649999618530273,10.800000190734863,10.204999923706055,10.220000267028809,7.297208309173584,223800
2002-02-11,10.279999732971191,10.619999885559082,10.21500015258789,10.619999885559082,7.582813739776611,239000
2002-02-12,10.25,10.854999542236328,10.25,10.774999618530273,7.693483829498291,165600
2002-02-13,10.725000381469727,10.914999961853027,10.725000381469727,10.890000343322754,7.77559757232666,192000
2002-02-14,11.0,11.449999809265137,10.850000381469727,10.850000381469727,7.747039794921875,131600
2002-02-15,10.854999542236328,11.175000190734863,10.850000381469727,10.994999885559082,7.850566387176514,184000
2002-02-19,10.819999694824219,10.819999694824219,10.510000228881836,10.630000114440918,7.5899553298950195,54800
2002-02-20,10.675000190734863,10.760000228881836,10.425000190734863,10.725000381469727,7.6577863693237305,171400
2002-02-21,10.725000381469727,11.550000190734863,10.725000381469727,10.760000228881836,7.682774543762207,184200
2002-02-22,10.774999618530273,10.774999618530273,10.125,10.475000381469727,7.479280948638916,262200
2002-02-25,10.475000381469727,10.824999809265137,10.475000381469727,10.795000076293945,7.707764148712158,126200
2002-02-26,10.920000076293945,11.25,10.920000076293945,11.029999732971191,7.875555038452148,146000
2002-02-27,11.055000305175781,11.274999618530273,10.649999618530273,10.734999656677246,7.664924144744873,227600
2002-02-28,10.779999732971191,10.899999618530273,10.550000190734863,10.729999542236328,7.661352157592773,127800
2002-03-01,10.739999771118164,11.425000190734863,10.739999771118164,11.274999618530273,8.050494194030762,123800
2002-03-04,11.279999732971191,12.050000190734863,11.279999732971191,11.875,8.478896141052246,282600
2002-03-05,11.845000267028809,12.074999809265137,11.350000381469727,11.699999809265137,8.353948593139648,218400
2002-03-06,11.704999923706055,11.994999885559082,11.704999923706055,11.704999923706055,8.357514381408691,107600
2002-03-07,11.755000114440918,11.949999809265137,11.395000457763672,11.425000190734863,8.15758991241455,275400
2002-03-08,11.430000305175781,11.835000038146973,11.395000457763672,11.550000190734863,8.246841430664062,292400
2002-03-11,11.494999885559082,12.050000190734863,11.300000190734863,11.949999809265137,8.532445907592773,611800
2002-03-12,11.875,12.09000015258789,11.380000114440918,11.694999694824219,8.350375175476074,972600
2002-03-13,11.0,11.074999809265137,10.699999809265137,11.0,7.854135990142822,9297600
2002-03-14,11.045000076293945,11.09000015258789,10.649999618530273,10.880000114440918,7.768457889556885,1079200
2002-03-15,10.9350004196167,10.9350004196167,10.800000190734863,10.84000015258789,7.739894390106201,592600
2002-03-18,10.890000343322754,11.074999809265137,10.84000015258789,11.024999618530273,7.8719892501831055,850800
2002-03-19,11.069999694824219,11.140000343322754,11.03499984741211,11.074999809265137,7.907689094543457,689200
2002-03-20,11.369999885559082,11.475000381469727,11.100000381469727,11.125,7.943390369415283,1865000
2002-03-21,11.289999961853027,11.295000076293945,10.850000381469727,11.1899995803833,7.9897990226745605,648000
2002-03-22,11.100000381469727,11.199999809265137,10.850000381469727,11.050000190734863,7.889837265014648,726400
2002-03-25,11.074999809265137,11.175000190734863,10.664999961853027,10.760000228881836,7.682774543762207,166600
2002-03-26,10.710000038146973,11.119999885559082,10.630000114440918,10.850000381469727,7.747039794921875,359400
2002-03-27,10.800000190734863,11.03499984741211,10.704999923706055,10.994999885559082,7.850566387176514,263400
2002-03-28,11.045000076293945,11.3149995803833,11.005000114440918,11.270000457763672,8.046920776367188,809800
2002-04-01,11.270000457763672,11.270000457763672,10.954999923706055,11.199999809265137,7.996937274932861,269000
2002-04-02,11.024999618530273,11.234999656677246,11.0,11.005000114440918,7.857704162597656,267600
2002-04-03,11.050000190734863,11.175000190734863,10.635000228881836,11.175000190734863,7.979092597961426,367600
2002-04-04,11.0,11.0,10.800000190734863,10.96500015258789,7.829148769378662,155800
2002-04-05,10.914999961853027,11.074999809265137,10.885000228881836,10.994999885559082,7.850566387176514,472600
2002-04-08,10.949999809265137,11.59000015258789,10.75,11.529999732971191,8.232563018798828,360000
2002-04-09,11.710000038146973,11.954999923706055,11.46500015258789,11.720000267028809,8.36822509765625,735600
2002-04-10,11.630000114440918,12.649999618530273,11.520000457763672,12.649999618530273,9.032259941101074,701200
2002-04-11,12.649999618530273,12.800000190734863,11.800000190734863,11.800000190734863,8.425347328186035,442600
2002-04-12,11.875,12.260000228881836,11.664999961853027,11.845000267028809,8.457478523254395,441000
2002-04-15,12.010000228881836,12.175000190734863,11.875,11.904999732971191,8.500314712524414,296400
2002-04-16,12.015000343322754,12.404999732971191,12.015000343322754,12.25,8.746650695800781,274000
2002-04-17,12.25,12.449999809265137,12.130000114440918,12.175000190734863,8.69310188293457,218600
2002-04-18,12.25,12.375,11.550000190734863,12.024999618530273,8.586003303527832,389200
2002-04-19,11.975000381469727,12.055000305175781,11.800000190734863,12.0,8.568148612976074,52000
2002-04-22,12.045000076293945,12.050000190734863,11.324999809265137,11.699999809265137,8.353948593139648,278000
2002-04-23,11.774999618530273,12.125,11.595000267028809,11.8100004196167,8.432487487792969,275000
2002-04-24,11.90999984741211,12.375,11.75,11.885000228881836,8.486034393310547,458200
2002-04-25,11.800000190734863,12.095000267028809,11.75,11.975000381469727,8.550298690795898,295800
2002-04-26,11.975000381469727,12.300000190734863,11.975000381469727,12.03499984741211,8.59313678741455,236000
2002-04-29,12.03499984741211,12.119999885559082,11.600000381469727,11.75,8.3896484375,178400
2002-04-30,11.75,12.5,11.460000038146973,12.460000038146973,8.89659595489502,633000
2002-05-01,13.024999618530273,13.6850004196167,12.875,13.375,9.54991626739502,2494400
2002-05-02,13.375,14.699999809265137,13.335000038146973,13.895000457763672,9.921204566955566,2349800
2002-05-03,13.875,14.885000228881836,13.875,14.875,10.620935440063477,1951200
2002-05-06,16.0,16.0,15.199999809265137,15.454999923706055,11.035062789916992,1528800
2002-05-07,15.404999732971191,15.699999809265137,14.625,14.75,10.531682968139648,887000
2002-05-08,14.850000381469727,15.125,14.550000190734863,14.895000457763672,10.635213851928711,765200
2002-05-09,14.895000457763672,15.5649995803833,14.895000457763672,15.5649995803833,11.113601684570312,836400
2002-05-10,15.5,15.5,14.899999618530273,15.100000381469727,10.781586647033691,568000
2002-05-13,15.0,15.375,14.75,14.989999771118164,10.703047752380371,467800
2002-05-14,15.0,15.595000267028809,15.0,15.494999885559082,11.063627243041992,700000
2002-05-15,15.425000190734863,15.494999885559082,15.074999809265137,15.199999809265137,10.852989196777344,265800
2002-05-16,15.3100004196167,15.710000038146973,14.850000381469727,15.0,10.710188865661621,541000
2002-05-17,14.899999618530273,15.024999618530273,14.890000343322754,15.010000228881836,10.717327117919922,249600
2002-05-20,15.010000228881836,15.125,15.0,15.125,10.799439430236816,283800
2002-05-21,15.125,15.225000381469727,14.0,14.699999809265137,10.49598217010498,744200
2002-05-22,14.699999809265137,14.699999809265137,13.744999885559082,14.0,9.996172904968262,708800
2002-05-23,13.949999809265137,14.300000190734863,13.550000190734863,14.300000190734863,10.210379600524902,502600
2002-05-24,14.300000190734863,14.539999961853027,14.170000076293945,14.350000381469727,10.246079444885254,352200
2002-05-28,14.300000190734863,14.399999618530273,13.5,13.920000076293945,9.939055442810059,505600
2002-05-29,13.899999618530273,13.899999618530273,13.600000381469727,13.630000114440918,9.731987953186035,510000
2002-05-30,13.529999732971191,13.550000190734863,12.375,12.845000267028809,9.171488761901855,1755800
2002-05-31,12.845000267028809,13.239999771118164,12.359999656677246,13.170000076293945,9.403544425964355,1021400
2002-06-03,13.175000190734863,13.25,12.600000381469727,12.699999809265137,9.067956924438477,547200
2002-06-04,12.574999809265137,12.574999809265137,11.774999618530273,12.0,8.568148612976074,1071800
2002-06-05,12.125,12.449999809265137,11.949999809265137,12.430000305175781,8.875173568725586,573600
2002-06-06,12.430000305175781,12.479999542236328,12.149999618530273,12.375,8.83590316772461,420400
2002-06-07,12.274999618530273,12.824999809265137,12.020000457763672,12.6850004196167,9.057249069213867,574800
2002-06-10,12.635000228881836,12.885000228881836,12.505000114440918,12.550000190734863,8.960860252380371,406400
2002-06-11,12.505000114440918,12.800000190734863,12.399999618530273,12.600000381469727,8.996559143066406,596400
2002-06-12,12.585000038146973,12.595000267028809,12.199999809265137,12.199999809265137,8.710952758789062,626200
2002-06-13,12.199999809265137,12.199999809265137,10.899999618530273,11.645000457763672,8.314674377441406,903200
2002-06-14,11.520000457763672,11.520000457763672,10.885000228881836,11.5,8.211145401000977,580600
2002-06-17,11.399999618530273,11.885000228881836,11.399999618530273,11.6850004196167,8.34323501586914,1170800
2002-06-18,11.649999618530273,11.755000114440918,11.600000381469727,11.645000457763672,8.314674377441406,410400
2002-06-19,11.574999809265137,11.890000343322754,11.569999694824219,11.789999961853027,8.418206214904785,715800
2002-06-20,11.725000381469727,11.729999542236328,11.25,11.444999694824219,8.171873092651367,470000
2002-06-21,11.444999694824219,11.5,11.234999656677246,11.25,8.032638549804688,240000
2002-06-24,11.125,11.1850004196167,9.885000228881836,10.619999885559082,7.582813739776611,1041000
2002-06-25,10.725000381469727,11.119999885559082,10.399999618530273,10.555000305175781,7.536402225494385,513600
2002-06-26,10.4399995803833,10.4399995803833,9.875,9.989999771118164,7.132985591888428,761800
2002-06-27,9.875,10.180000305175781,9.649999618530273,9.800000190734863,6.997324466705322,620800
2002-06-28,9.864999771118164,10.574999809265137,9.850000381469727,10.449999809265137,7.461427688598633,1056400
2002-07-01,10.5,10.850000381469727,9.954999923706055,10.0,7.140125274658203,550800
2002-07-02,9.885000228881836,9.899999618530273,9.074999809265137,9.270000457763672,6.618896007537842,1134400
2002-07-03,9.210000038146973,9.25,8.600000381469727,8.6899995803833,6.204768180847168,1195000
2002-07-05,8.75,9.399999618530273,8.75,8.975000381469727,6.408263683319092,306800
2002-07-08,9.074999809265137,9.444999694824219,8.925000190734863,9.444999694824219,6.743846893310547,589200
2002-07-09,9.425000190734863,9.425000190734863,9.0,9.175000190734863,6.5510640144348145,422600
2002-07-10,9.180000305175781,9.34000015258789,8.579999923706055,8.619999885559082,6.154788494110107,445800
2002-07-11,8.425000190734863,8.5,7.760000228881836,8.180000305175781,5.840622425079346,969600
2002-07-12,8.350000381469727,8.550000190734863,8.104999542236328,8.125,5.801352024078369,474200
2002-07-15,8.125,8.25,7.699999809265137,8.175000190734863,5.837053298950195,529600
2002-07-16,8.154999732971191,8.204999923706055,7.664999961853027,7.724999904632568,5.515748023986816,615800
2002-07-17,7.949999809265137,8.25,7.425000190734863,7.724999904632568,5.515748023986816,604000
2002-07-18,7.800000190734863,8.300000190734863,7.800000190734863,8.0,5.712100982666016,692400
2002-07-19,8.0,8.0,7.760000228881836,7.900000095367432,5.64069938659668,606800
2002-07-22,7.849999904632568,8.0,7.005000114440918,7.380000114440918,5.269413948059082,547400
2002-07-23,7.429999828338623,7.554999828338623,6.875,6.925000190734863,4.944535732269287,535800
2002-07-24,6.880000114440918,8.0,6.670000076293945,8.0,5.712100982666016,751400
2002-07-25,8.0,8.380000114440918,7.349999904632568,7.644999980926514,5.458625316619873,798000
2002-07-26,7.675000190734863,8.069999694824219,7.675000190734863,7.949999809265137,5.676398754119873,581800
2002-07-29,8.175000190734863,8.875,8.149999618530273,8.875,6.3368611335754395,972000
2002-07-30,8.875,9.140000343322754,7.974999904632568,8.199999809265137,5.8549017906188965,780800
2002-07-31,8.274999618530273,8.699999809265137,7.585000038146973,7.875,5.622847557067871,763800
2002-08-01,7.869999885559082,8.050000190734863,7.570000171661377,7.610000133514404,5.433634281158447,546000
2002-08-02,7.585000038146973,7.590000152587891,7.0,7.019999980926514,5.012368679046631,375000
2002-08-05,7.125,7.125,6.260000228881836,6.275000095367432,4.4804301261901855,640000
2002-08-06,6.650000095367432,7.230000019073486,6.534999847412109,7.224999904632568,5.158740043640137,559000
2002-08-07,7.460000038146973,7.53000020980835,6.960000038146973,7.295000076293945,5.208720684051514,433200
2002-08-08,7.375,7.420000076293945,6.510000228881836,6.510000228881836,4.648221492767334,813600
2002-08-09,6.550000190734863,6.795000076293945,6.514999866485596,6.670000076293945,4.762462139129639,596600
2002-08-12,6.974999904632568,6.974999904632568,6.699999809265137,6.914999961853027,4.937396049499512,399800
2002-08-13,6.864999771118164,7.275000095367432,6.849999904632568,7.0,4.998086452484131,585600
2002-08-14,7.005000114440918,7.550000190734863,7.005000114440918,7.519999980926514,5.369372844696045,604400
2002-08-15,8.020000457763672,8.300000190734863,7.869999885559082,8.1850004196167,5.844193935394287,818600
2002-08-16,8.170000076293945,8.475000381469727,7.925000190734863,8.350000381469727,5.962004661560059,538000
2002-08-19,8.300000190734863,8.725000381469727,8.170000076293945,8.1850004196167,5.844193935394287,621400
2002-08-20,8.175000190734863,8.390000343322754,8.079999923706055,8.390000343322754,5.990565299987793,501000
2002-08-21,8.390000343322754,8.614999771118164,8.0,8.510000228881836,6.076247692108154,308200
2002-08-22,8.510000228881836,8.510000228881836,8.204999923706055,8.404999732971191,6.001274585723877,155000
2002-08-23,8.324999809265137,8.329999923706055,8.199999809265137,8.289999961853027,5.919163227081299,287800
2002-08-26,8.404999732971191,8.725000381469727,8.024999618530273,8.555000305175781,6.1083760261535645,427400
2002-08-27,8.645000457763672,8.649999618530273,8.425000190734863,8.430000305175781,6.019124984741211,379800
2002-08-28,8.354999542236328,8.354999542236328,7.829999923706055,7.840000152587891,5.597857475280762,360000
2002-08-29,7.800000190734863,8.145000457763672,7.730000019073486,8.050000190734863,5.747800827026367,305800
2002-08-30,7.929999828338623,8.170000076293945,7.900000095367432,7.954999923706055,5.679968357086182,236000
2002-09-03,7.775000095367432,7.869999885559082,7.449999809265137,7.505000114440918,5.358663558959961,398800
2002-09-04,7.699999809265137,8.085000038146973,7.625,8.085000038146973,5.772792339324951,404200
2002-09-05,8.0,8.0,7.710000038146973,7.789999961853027,5.562159061431885,239800
2002-09-06,7.804999828338623,8.25,7.804999828338623,8.244999885559082,5.887031078338623,434200
2002-09-09,8.295000076293945,8.295000076293945,7.934999942779541,8.244999885559082,5.887031078338623,413400
2002-09-10,8.255000114440918,8.359999656677246,8.180000305175781,8.239999771118164,5.883462429046631,291800
2002-09-11,8.289999961853027,8.350000381469727,8.15999984741211,8.229999542236328,5.876321315765381,280400
2002-09-12,8.21500015258789,8.21500015258789,7.914999961853027,8.194999694824219,5.85133171081543,161200
2002-09-13,8.149999618530273,8.279999732971191,8.015000343322754,8.050000190734863,5.747800827026367,248200
2002-09-16,8.050000190734863,8.324999809265137,7.985000133514404,8.045000076293945,5.744228839874268,223800
2002-09-17,8.149999618530273,8.260000228881836,7.974999904632568,7.980000019073486,5.697819709777832,289400
2002-09-18,7.864999771118164,7.875,7.369999885559082,7.670000076293945,5.476473808288574,419600
2002-09-19,7.65500020980835,7.65500020980835,7.230000019073486,7.400000095367432,5.283693313598633,222400
2002-09-20,7.400000095367432,7.474999904632568,7.204999923706055,7.414999961853027,5.2944016456604,232000
2002-09-23,7.429999828338623,7.445000171661377,6.590000152587891,7.014999866485596,5.008798122406006,588800
2002-09-24,6.894999980926514,7.150000095367432,6.829999923706055,6.954999923706055,4.96595573425293,376600
2002-09-25,7.099999904632568,7.364999771118164,6.784999847412109,7.355000019073486,5.251560688018799,380400
2002-09-26,7.454999923706055,7.610000133514404,7.349999904632568,7.599999904632568,5.426494598388672,432000
2002-09-27,7.585000038146973,7.599999904632568,7.09499979019165,7.150000095367432,5.105189800262451,246200
2002-09-30,7.150000095367432,7.150000095367432,6.804999828338623,7.005000114440918,5.001657009124756,421200
2002-10-01,7.175000190734863,7.175000190734863,6.449999809265137,7.125,5.087339401245117,539400
2002-10-02,7.074999809265137,7.079999923706055,6.525000095367432,6.675000190734863,4.766033172607422,501600
2002-10-03,6.625,6.764999866485596,6.539999961853027,6.755000114440918,4.823154926300049,405400
2002-10-04,6.925000190734863,6.949999809265137,6.400000095367432,6.699999809265137,4.7838826179504395,445800
2002-10-07,6.574999809265137,6.775000095367432,6.25,6.449999809265137,4.605381011962891,437800
2002-10-08,6.425000190734863,6.610000133514404,6.369999885559082,6.46999979019165,4.619661331176758,393400
2002-10-09,6.355000019073486,6.355000019073486,5.704999923706055,5.704999923706055,4.073441505432129,608200
2002-10-10,5.735000133514404,6.150000095367432,5.630000114440918,5.75,4.105572700500488,516800
2002-10-11,5.949999809265137,6.204999923706055,5.894999980926514,6.034999847412109,4.309066295623779,593200
2002-10-14,5.985000133514404,6.054999828338623,5.90500020980835,5.989999771118164,4.276936054229736,281800
2002-10-15,6.050000190734863,6.675000190734863,6.050000190734863,6.650000095367432,4.7481842041015625,807200
2002-10-16,6.494999885559082,6.59499979019165,6.364999771118164,6.585000038146973,4.701772212982178,433200
2002-10-17,6.635000228881836,7.050000190734863,6.635000228881836,6.994999885559082,4.994516849517822,257200
2002-10-18,7.005000114440918,7.175000190734863,6.815000057220459,7.175000190734863,5.123039722442627,221600
2002-10-21,7.125,7.425000190734863,6.829999923706055,7.394999980926514,5.280120372772217,439200
2002-10-22,7.349999904632568,7.394999980926514,7.21999979019165,7.260000228881836,5.183730125427246,347000
2002-10-23,7.309999942779541,7.34499979019165,7.210000038146973,7.335000038146973,5.2372822761535645,213600
2002-10-24,7.550000190734863,8.029999732971191,7.474999904632568,7.724999904632568,5.515748023986816,577600
2002-10-25,7.800000190734863,7.815000057220459,7.40500020980835,7.574999809265137,5.408642768859863,239200
2002-10-28,7.625,7.75,6.75,7.170000076293945,5.119471073150635,578800
2002-10-29,7.269999980926514,7.704999923706055,6.900000095367432,7.449999809265137,5.319393157958984,569600
2002-10-30,7.494999885559082,7.610000133514404,7.349999904632568,7.449999809265137,5.319393157958984,333000
2002-10-31,7.449999809265137,7.46999979019165,6.53000020980835,6.639999866485596,4.741042613983154,798200
2002-11-01,6.635000228881836,6.735000133514404,6.465000152587891,6.590000152587891,4.705341815948486,358400
2002-11-04,6.644999980926514,6.769999980926514,6.355000019073486,6.360000133514404,4.541118144989014,460800
2002-11-05,6.400000095367432,6.574999809265137,6.295000076293945,6.369999885559082,4.548259258270264,503600
2002-11-06,6.375,6.724999904632568,6.375,6.650000095367432,4.7481842041015625,588400
2002-11-07,6.630000114440918,6.630000114440918,6.434999942779541,6.46999979019165,4.619661331176758,182800
2002-11-08,6.465000152587891,6.579999923706055,6.144999980926514,6.150000095367432,4.391176700592041,195600
2002-11-11,6.15500020980835,6.15500020980835,5.559999942779541,5.885000228881836,4.201963901519775,797200
2002-11-12,5.900000095367432,5.974999904632568,5.699999809265137,5.855000019073486,4.180543899536133,479200
2002-11-13,5.875,5.909999847412109,5.599999904632568,5.864999771118164,4.187680721282959,318200
2002-11-14,5.875,6.150000095367432,5.875,6.070000171661377,4.334054946899414,406400
2002-11-15,6.054999828338623,6.114999771118164,5.864999771118164,6.050000190734863,4.319775581359863,375400
2002-11-18,6.059999942779541,6.099999904632568,5.75,6.019999980926514,4.298356533050537,379400
2002-11-19,6.005000114440918,6.175000190734863,5.949999809265137,6.025000095367432,4.301926136016846,420200
2002-11-20,6.010000228881836,6.175000190734863,6.0,6.175000190734863,4.409025192260742,293000
2002-11-21,6.199999809265137,6.550000190734863,6.190000057220459,6.434999942779541,4.594670295715332,379600
2002-11-22,6.480000019073486,6.824999809265137,6.349999904632568,6.800000190734863,4.855284690856934,414200
2002-11-25,6.820000171661377,7.25,6.800000190734863,7.130000114440918,5.090908527374268,290600
2002-11-26,7.139999866485596,7.150000095367432,6.635000228881836,6.639999866485596,4.741042613983154,240000
2002-11-27,6.65500020980835,7.09499979019165,6.65500020980835,7.010000228881836,5.005229949951172,247000
2002-11-29,6.925000190734863,7.034999847412109,6.75,6.755000114440918,4.823154926300049,97000
2002-12-02,6.849999904632568,7.0,6.675000190734863,6.775000095367432,4.837433815002441,337800
2002-12-03,6.735000133514404,6.760000228881836,6.539999961853027,6.599999904632568,4.712482929229736,273200
2002-12-04,6.5,6.920000076293945,6.5,6.730000019073486,4.805302619934082,220000
2002-12-05,6.695000171661377,6.710000038146973,6.25,6.534999847412109,4.666072368621826,222200
2002-12-06,6.53000020980835,6.599999904632568,6.5,6.519999980926514,4.655360221862793,84800
2002-12-09,6.5,6.5,6.199999809265137,6.25,4.462578773498535,209200
2002-12-10,6.25,6.775000095367432,6.235000133514404,6.625,4.730332374572754,499400
2002-12-11,6.625,6.909999847412109,6.519999980926514,6.724999904632568,4.801733493804932,366000
2002-12-12,6.724999904632568,6.724999904632568,6.480000019073486,6.605000019073486,4.716052055358887,306400
2002-12-13,6.605000019073486,6.710000038146973,6.590000152587891,6.650000095367432,4.7481842041015625,295800
2002-12-16,6.675000190734863,6.71999979019165,6.409999847412109,6.534999847412109,4.666072368621826,217000
2002-12-17,6.5,6.525000095367432,6.244999885559082,6.375,4.5518293380737305,640400
2002-12-18,6.324999809265137,6.324999809265137,6.144999980926514,6.150000095367432,4.391176700592041,334200
2002-12-19,6.099999904632568,6.215000152587891,5.954999923706055,6.050000190734863,4.319775581359863,378000
2002-12-20,6.050000190734863,6.054999828338623,5.855000019073486,6.019999980926514,4.298356533050537,415400
2002-12-23,6.005000114440918,6.090000152587891,5.949999809265137,6.010000228881836,4.291216850280762,281000
2002-12-24,5.974999904632568,6.074999809265137,5.974999904632568,6.005000114440918,4.28764533996582,153600
2002-12-26,6.005000114440918,6.199999809265137,6.005000114440918,6.139999866485596,4.384037017822266,178200
2002-12-27,6.090000152587891,6.130000114440918,6.0,6.039999961853027,4.312635898590088,196200
2002-12-30,6.039999961853027,6.105000019073486,5.954999923706055,6.09499979019165,4.351905822753906,370600
2002-12-31,6.164999961853027,6.429999828338623,6.099999904632568,6.235000133514404,4.451866626739502,493200
2003-01-02,6.199999809265137,6.574999809265137,6.15500020980835,6.545000076293945,4.673213958740234,307000
2003-01-03,6.429999828338623,6.59499979019165,6.340000152587891,6.34499979019165,4.530409336090088,650600
2003-01-06,6.349999904632568,6.429999828338623,6.34499979019165,6.400000095367432,4.569678783416748,323200
2003-01-07,6.400000095367432,6.525000095367432,6.400000095367432,6.489999771118164,4.633942127227783,538400
2003-01-08,6.474999904632568,6.489999771118164,6.369999885559082,6.465000152587891,4.616091251373291,212200
2003-01-09,6.494999885559082,6.679999828338623,6.494999885559082,6.579999923706055,4.69819974899292,378000
2003-01-10,6.559999942779541,6.71999979019165,6.5,6.5,4.641080379486084,377400
2003-01-13,6.534999847412109,6.815000057220459,6.534999847412109,6.704999923706055,4.787452697753906,391400
2003-01-14,6.679999828338623,6.789999961853027,6.605000019073486,6.775000095367432,4.837433815002441,388800
2003-01-15,6.800000190734863,6.800000190734863,6.570000171661377,6.585000038146973,4.701772212982178,302200
2003-01-16,6.534999847412109,6.699999809265137,6.474999904632568,6.554999828338623,4.680352687835693,363800
2003-01-17,6.505000114440918,6.550000190734863,6.400000095367432,6.449999809265137,4.605381011962891,201600
2003-01-21,6.449999809265137,6.454999923706055,6.184999942779541,6.25,4.462578773498535,258200
2003-01-22,6.25,6.25,6.010000228881836,6.034999847412109,4.309066295623779,258600
2003-01-23,6.054999828338623,6.15500020980835,5.885000228881836,5.889999866485596,4.205532550811768,631800
2003-01-24,5.885000228881836,5.885000228881836,5.744999885559082,5.795000076293945,4.137702941894531,262000
2003-01-27,5.670000076293945,5.71999979019165,5.454999923706055,5.494999885559082,3.923499345779419,428400
2003-01-28,5.514999866485596,5.829999923706055,5.514999866485596,5.755000114440918,4.109142780303955,438600
2003-01-29,5.724999904632568,5.875,5.639999866485596,5.875,4.19482421875,300600
2003-01-30,5.875,6.039999961853027,5.670000076293945,5.684999942779541,4.0591607093811035,292400
2003-01-31,5.675000190734863,6.014999866485596,5.675000190734863,6.005000114440918,4.28764533996582,343000
2003-02-03,6.014999866485596,6.059999942779541,5.894999980926514,6.039999961853027,4.312635898590088,398600
2003-02-04,6.014999866485596,6.159999847412109,5.989999771118164,6.110000133514404,4.362616062164307,392400
2003-02-05,6.114999771118164,6.114999771118164,5.829999923706055,5.929999828338623,4.23409366607666,315200
2003-02-06,5.885000228881836,5.885000228881836,5.75,5.864999771118164,4.187680721282959,318600
2003-02-07,5.864999771118164,5.974999904632568,5.775000095367432,5.775000095367432,4.123420715332031,428000
2003-02-10,5.78000020980835,5.849999904632568,5.449999809265137,5.565000057220459,3.9734785556793213,308400
2003-02-11,5.570000171661377,5.585000038146973,5.494999885559082,5.519999980926514,3.9413490295410156,397000
2003-02-12,5.519999980926514,5.550000190734863,5.46999979019165,5.525000095367432,3.944918632507324,243200
2003-02-13,5.525000095367432,5.525000095367432,5.28000020980835,5.5,3.927067995071411,620200
2003-02-14,5.474999904632568,5.630000114440918,5.449999809265137,5.585000038146973,3.987759590148926,173400
2003-02-18,5.559999942779541,5.840000152587891,5.550000190734863,5.840000152587891,4.169832229614258,206000
2003-02-19,5.889999866485596,5.940000057220459,5.400000095367432,5.5,3.927067995071411,589600
2003-02-20,5.505000114440918,5.625,5.460000038146973,5.53000020980835,3.948488235473633,411200
2003-02-21,5.53000020980835,5.599999904632568,5.5,5.554999828338623,3.966339588165283,170000
2003-02-24,5.605000019073486,5.605000019073486,5.349999904632568,5.355000019073486,3.8235373497009277,315600
2003-02-25,5.349999904632568,5.5,5.34499979019165,5.449999809265137,3.8913676738739014,178600
2003-02-26,5.425000190734863,5.425000190734863,5.389999866485596,5.400000095367432,3.855665922164917,143000
2003-02-27,5.360000133514404,5.625,5.360000133514404,5.574999809265137,3.980620861053467,392600
2003-02-28,5.579999923706055,5.599999904632568,5.5,5.565000057220459,3.9734785556793213,258800
2003-03-03,5.550000190734863,5.550000190734863,5.375,5.505000114440918,3.930637836456299,218600
2003-03-04,5.5,5.505000114440918,5.025000095367432,5.170000076293945,3.69144344329834,720800
2003-03-05,5.164999961853027,5.164999961853027,4.949999809265137,4.994999885559082,3.566492795944214,403200
2003-03-06,5.0,5.025000095367432,4.974999904632568,5.005000114440918,3.573631525039673,409600
2003-03-07,4.989999771118164,5.400000095367432,4.960000038146973,5.400000095367432,3.855665922164917,431600
2003-03-10,5.389999866485596,5.389999866485596,5.079999923706055,5.099999904632568,3.6414637565612793,175600
2003-03-11,5.090000152587891,5.09499979019165,5.0,5.0,3.5700626373291016,194200
2003-03-12,4.985000133514404,5.0,4.90500020980835,4.940000057220459,3.5272233486175537,203200
2003-03-13,4.989999771118164,5.244999885559082,4.980000019073486,5.21999979019165,3.7271437644958496,240600
2003-03-14,5.300000190734863,5.400000095367432,5.184999942779541,5.349999904632568,3.8199656009674072,369200
2003-03-17,5.34499979019165,5.505000114440918,5.329999923706055,5.414999961853027,3.8663768768310547,275600
2003-03-18,5.400000095367432,5.625,5.400000095367432,5.550000190734863,3.9627692699432373,222600
2003-03-19,5.550000190734863,5.550000190734863,5.355000019073486,5.5,3.927067995071411,250000
2003-03-20,5.474999904632568,5.820000171661377,5.289999961853027,5.820000171661377,4.155551433563232,259000
2003-03-21,5.900000095367432,6.074999809265137,5.900000095367432,6.059999942779541,4.3269147872924805,494600
2003-03-24,6.010000228881836,6.010000228881836,5.675000190734863,5.75,4.105572700500488,397000
2003-03-25,5.755000114440918,5.909999847412109,5.650000095367432,5.900000095367432,4.212673664093018,136400
2003-03-26,5.875,6.050000190734863,5.760000228881836,6.039999961853027,4.312635898590088,566400
2003-03-27,6.039999961853027,6.114999771118164,5.849999904632568,6.085000038146973,4.344767093658447,313400
2003-03-28,6.050000190734863,6.050000190734863,5.855000019073486,5.885000228881836,4.201963901519775,261000
2003-03-31,5.860000133514404,5.974999904632568,5.760000228881836,5.875,4.19482421875,287000
2003-04-01,5.849999904632568,5.875,5.690000057220459,5.824999809265137,4.159122943878174,341800
2003-04-02,5.875,6.349999904632568,5.875,6.25,4.462578773498535,570600
2003-04-03,6.210000038146973,6.400000095367432,6.210000038146973,6.324999809265137,4.516129970550537,334400
2003-04-04,6.349999904632568,6.449999809265137,6.284999847412109,6.349999904632568,4.533978462219238,186800
2003-04-07,6.550000190734863,6.679999828338623,6.474999904632568,6.53000020980835,4.662502288818359,360400
2003-04-08,6.53000020980835,6.570000171661377,6.449999809265137,6.559999942779541,4.683922290802002,195600
2003-04-09,6.534999847412109,6.639999866485596,6.525000095367432,6.53000020980835,4.662502288818359,399400
2003-04-10,6.534999847412109,6.755000114440918,6.5,6.664999961853027,4.75889253616333,302000
2003-04-11,6.715000152587891,6.965000152587891,6.579999923706055,6.710000038146973,4.791024208068848,340800
2003-04-14,6.715000152587891,6.815000057220459,6.664999961853027,6.809999942779541,4.862425327301025,381200
2003-04-15,6.764999866485596,7.050000190734863,6.710000038146973,6.864999771118164,4.9016947746276855,291400
2003-04-16,7.0,7.099999904632568,6.889999866485596,6.940000057220459,4.955244541168213,200400
2003-04-17,6.945000171661377,7.070000171661377,6.840000152587891,7.025000095367432,5.0159382820129395,267600
2003-04-21,7.159999847412109,7.394999980926514,7.079999923706055,7.309999942779541,5.219430446624756,365400
2003-04-22,7.315000057220459,7.744999885559082,7.300000190734863,7.724999904632568,5.515748023986816,595800
2003-04-23,7.724999904632568,7.724999904632568,7.449999809265137,7.599999904632568,5.426494598388672,254200
2003-04-24,7.525000095367432,7.735000133514404,7.485000133514404,7.489999771118164,5.347952842712402,181400
2003-04-25,7.489999771118164,7.619999885559082,7.349999904632568,7.619999885559082,5.440775394439697,420000
2003-04-28,7.824999809265137,8.239999771118164,7.675000190734863,8.1899995803833,5.847761631011963,1209000
2003-04-29,8.210000038146973,8.699999809265137,8.175000190734863,8.5600004196167,6.111945629119873,1230600
2003-04-30,8.5600004196167,8.5600004196167,8.300000190734863,8.524999618530273,6.086956977844238,755400
2003-05-01,8.5,8.515000343322754,8.154999732971191,8.404999732971191,6.001274585723877,248200
2003-05-02,8.404999732971191,8.664999961853027,8.34000015258789,8.625,6.158357620239258,429400
2003-05-05,8.645000457763672,8.824999809265137,8.505000114440918,8.795000076293945,6.2797417640686035,228600
2003-05-06,8.795000076293945,8.914999961853027,8.760000228881836,8.850000381469727,6.319009780883789,258200
2003-05-07,8.850000381469727,8.925000190734863,8.710000038146973,8.925000190734863,6.372565269470215,268800
2003-05-08,8.890000343322754,9.024999618530273,8.845000267028809,9.010000228881836,6.433251857757568,530200
2003-05-09,9.024999618530273,9.199999809265137,9.024999618530273,9.15999984741211,6.540355682373047,394000
2003-05-12,9.15999984741211,9.359999656677246,9.055000305175781,9.350000381469727,6.676018714904785,330000
2003-05-13,9.425000190734863,9.824999809265137,9.375,9.649999618530273,6.890221118927002,552400
2003-05-14,9.649999618530273,9.654999732971191,9.3149995803833,9.5,6.783118724822998,406000
2003-05-15,9.449999809265137,9.510000228881836,9.305000305175781,9.414999961853027,6.722427845001221,273400
2003-05-16,9.414999961853027,9.414999961853027,8.829999923706055,9.024999618530273,6.443962097167969,620200
2003-05-19,8.975000381469727,8.984999656677246,8.25,8.635000228881836,6.165498733520508,624600
2003-05-20,8.65999984741211,8.699999809265137,8.350000381469727,8.515000343322754,6.079815864562988,366800
2003-05-21,8.505000114440918,8.649999618530273,8.350000381469727,8.550000190734863,6.104806423187256,217600
2003-05-22,8.529999732971191,8.994999885559082,8.5,8.90999984741211,6.361853122711182,202600
2003-05-23,8.9350004196167,9.055000305175781,8.835000038146973,9.050000190734863,6.461811065673828,187600
2003-05-27,9.055000305175781,9.220000267028809,8.975000381469727,9.199999809265137,6.568915367126465,230400
2003-05-28,9.220000267028809,9.5,9.220000267028809,9.430000305175781,6.7331366539001465,352200
2003-05-29,9.475000381469727,9.479999542236328,9.125,9.34000015258789,6.668877601623535,497600
2003-05-30,9.375,9.899999618530273,9.210000038146973,9.399999618530273,6.7117156982421875,638400
2003-06-02,9.449999809265137,9.975000381469727,9.449999809265137,9.805000305175781,7.000893592834473,315800
2003-06-03,9.770000457763672,9.890000343322754,9.710000038146973,9.869999885559082,7.047303199768066,282600
2003-06-04,9.875,10.085000038146973,9.869999885559082,9.975000381469727,7.122277736663818,376200
2003-06-05,9.975000381469727,10.699999809265137,9.899999618530273,10.600000381469727,7.568533420562744,672800
2003-06-06,10.649999618530273,10.800000190734863,10.175000190734863,10.1899995803833,7.275787830352783,561800
2003-06-09,10.125,10.220000267028809,9.9399995803833,9.949999809265137,7.104422092437744,168600
2003-06-10,10.024999618530273,10.550000190734863,10.024999618530273,10.489999771118164,7.489989280700684,338600
2003-06-11,10.489999771118164,10.550000190734863,10.354999542236328,10.425000190734863,7.443578243255615,316400
2003-06-12,10.475000381469727,11.0,10.4350004196167,11.0,7.854135990142822,558200
2003-06-13,11.0,11.015000343322754,10.505000114440918,10.579999923706055,7.554250717163086,638200
2003-06-16,10.675000190734863,10.800000190734863,10.414999961853027,10.649999618530273,7.6042304039001465,504800
2003-06-17,10.850000381469727,10.975000381469727,10.800000190734863,10.824999809265137,7.729184150695801,349000
2003-06-18,10.914999961853027,10.949999809265137,10.75,10.864999771118164,7.75774621963501,496800
2003-06-19,10.90999984741211,10.90999984741211,10.574999809265137,10.649999618530273,7.6042304039001465,245800
2003-06-20,10.710000038146973,11.119999885559082,10.680000305175781,11.119999885559082,7.939819812774658,671800
2003-06-23,11.149999618530273,11.21500015258789,10.680000305175781,10.774999618530273,7.693483829498291,548200
2003-06-24,10.770000457763672,10.850000381469727,10.699999809265137,10.765000343322754,7.686347961425781,146800
2003-06-25,10.824999809265137,10.925000190734863,10.710000038146973,10.890000343322754,7.77559757232666,231600
2003-06-26,10.850000381469727,10.925000190734863,10.739999771118164,10.774999618530273,7.693483829498291,157400
2003-06-27,10.850000381469727,10.975000381469727,10.710000038146973,10.824999809265137,7.729184150695801,210600
2003-06-30,10.875,11.020000457763672,10.755000114440918,10.890000343322754,7.77559757232666,439000
2003-07-01,10.774999618530273,10.779999732971191,10.524999618530273,10.625,7.5863823890686035,265400
2003-07-02,10.675000190734863,11.180000305175781,10.675000190734863,10.850000381469727,7.747039794921875,402800
2003-07-03,10.854999542236328,10.9350004196167,10.729999542236328,10.734999656677246,7.664924144744873,118400
2003-07-07,10.699999809265137,11.289999961853027,10.699999809265137,11.289999961853027,8.061199188232422,487600
2003-07-08,11.350000381469727,11.699999809265137,11.324999809265137,11.649999618530273,8.318245887756348,600800
2003-07-09,11.654999732971191,11.654999732971191,11.079999923706055,11.449999809265137,8.175440788269043,653200
2003-07-10,11.375,11.375,11.010000228881836,11.175000190734863,7.979092597961426,277600
2003-07-11,11.125,11.574999809265137,11.125,11.569999694824219,8.261126518249512,483000
2003-07-14,11.619999885559082,12.050000190734863,11.550000190734863,11.649999618530273,8.318245887756348,1414800
2003-07-15,11.774999618530273,12.039999961853027,11.744999885559082,11.90999984741211,8.503886222839355,683200
2003-07-16,11.899999618530273,11.949999809265137,11.600000381469727,11.805000305175781,8.428918838500977,238000
2003-07-17,11.704999923706055,11.75,11.130000114440918,11.385000228881836,8.129033088684082,313400
2003-07-18,11.369999885559082,11.369999885559082,10.989999771118164,11.170000076293945,7.975519180297852,289600
2003-07-21,11.15999984741211,11.15999984741211,10.725000381469727,10.899999618530273,7.782735347747803,446400
2003-07-22,10.920000076293945,11.3149995803833,10.725000381469727,11.3149995803833,8.079049110412598,320400
2003-07-23,11.265000343322754,11.460000038146973,11.25,11.335000038146973,8.093332290649414,138600
2003-07-24,11.399999618530273,11.845000267028809,11.385000228881836,11.824999809265137,8.443194389343262,807800
2003-07-25,11.819999694824219,11.949999809265137,11.675000190734863,11.824999809265137,8.443194389343262,242600
2003-07-28,11.829999923706055,12.145000457763672,11.75,11.960000038146973,8.539588928222656,399200
2003-07-29,11.925000190734863,11.975000381469727,11.350000381469727,11.600000381469727,8.282546997070312,844600
2003-07-30,11.449999809265137,11.574999809265137,10.850000381469727,11.045000076293945,7.886266708374023,586000
2003-07-31,11.125,11.550000190734863,11.09000015258789,11.420000076293945,8.154022216796875,389400
2003-08-01,11.350000381469727,11.354999542236328,10.975000381469727,11.074999809265137,7.907689094543457,588200
2003-08-04,11.0,11.170000076293945,10.880000114440918,10.954999923706055,7.822004318237305,213800
2003-08-05,10.975000381469727,10.994999885559082,10.864999771118164,10.890000343322754,7.77559757232666,166600
2003-08-06,10.989999771118164,11.0600004196167,10.600000381469727,10.734999656677246,7.664924144744873,298400
2003-08-07,10.744999885559082,10.880000114440918,10.46500015258789,10.755000114440918,7.679205417633057,209000
2003-08-08,10.854999542236328,11.010000228881836,10.845000267028809,10.875,7.764885425567627,252400
2003-08-11,10.899999618530273,10.975000381469727,10.835000038146973,10.920000076293945,7.79701566696167,217800
2003-08-12,10.930000305175781,11.595000267028809,10.930000305175781,11.550000190734863,8.246841430664062,390200
2003-08-13,11.699999809265137,11.71500015258789,11.550000190734863,11.664999961853027,8.328953742980957,218000
2003-08-14,11.664999961853027,11.75,11.555000305175781,11.630000114440918,8.30396556854248,192200
2003-08-15,11.649999618530273,11.75,11.625,11.699999809265137,8.353948593139648,143600
2003-08-18,11.774999618530273,12.5,11.774999618530273,12.5,8.92515754699707,756400
2003-08-19,12.625,13.149999618530273,12.555000305175781,12.729999542236328,9.089381217956543,776600
2003-08-20,12.875,12.875,12.649999618530273,12.725000381469727,9.085808753967285,252600
2003-08-21,12.725000381469727,12.725000381469727,12.5649995803833,12.640000343322754,9.025117874145508,415400
2003-08-22,12.649999618530273,12.6850004196167,12.460000038146973,12.515000343322754,8.935866355895996,220600
2003-08-25,12.539999961853027,12.545000076293945,12.390000343322754,12.494999885559082,8.921590805053711,103200
2003-08-26,12.395000457763672,12.625,12.369999885559082,12.470000267028809,8.903733253479004,979400
2003-08-27,12.489999771118164,12.614999771118164,12.489999771118164,12.5649995803833,8.971565246582031,173200
2003-08-28,12.609999656677246,12.609999656677246,12.475000381469727,12.574999809265137,8.978705406188965,300600
2003-08-29,12.574999809265137,12.899999618530273,12.510000228881836,12.800000190734863,9.139357566833496,635800
2003-09-02,12.899999618530273,13.050000190734863,12.875,12.989999771118164,9.275019645690918,260800
2003-09-03,12.899999618530273,13.0,12.819999694824219,12.875,9.192910194396973,298200
2003-09-04,12.899999618530273,12.975000381469727,12.744999885559082,12.800000190734863,9.139357566833496,286800
2003-09-05,12.75,12.75,12.324999809265137,12.414999961853027,8.864466667175293,352400
2003-09-08,12.449999809265137,12.6899995803833,12.449999809265137,12.595000267028809,8.992985725402832,337400
2003-09-09,12.550000190734863,12.550000190734863,12.345000267028809,12.449999809265137,8.889457702636719,253600
2003-09-10,12.375,12.375,11.949999809265137,12.0,8.568148612976074,436600
2003-09-11,12.0,12.399999618530273,12.0,12.239999771118164,8.739513397216797,238000
2003-09-12,12.239999771118164,12.300000190734863,12.079999923706055,12.1899995803833,8.703811645507812,185800
2003-09-15,12.21500015258789,12.25,12.154999732971191,12.194999694824219,8.70738410949707,250200
2003-09-16,11.949999809265137,11.954999923706055,11.4399995803833,11.6850004196167,8.34323501586914,1029200
2003-09-17,11.670000076293945,11.805000305175781,11.454999923706055,11.71500015258789,8.364657402038574,337400
2003-09-18,11.765000343322754,12.15999984741211,11.744999885559082,12.15999984741211,8.682392120361328,289000
2003-09-19,12.074999809265137,12.164999961853027,12.015000343322754,12.079999923706055,8.625271797180176,239000
2003-09-22,12.029999732971191,12.055000305175781,11.824999809265137,11.975000381469727,8.550298690795898,277800
2003-09-23,12.024999618530273,12.460000038146973,12.010000228881836,12.335000038146973,8.807342529296875,209000
2003-09-24,12.300000190734863,12.385000228881836,11.949999809265137,12.0,8.568148612976074,244600
2003-09-25,11.975000381469727,12.149999618530273,11.75,11.75,8.3896484375,220400
2003-09-26,11.75,11.75,11.449999809265137,11.475000381469727,8.193294525146484,340800
2003-09-29,11.524999618530273,11.604999542236328,11.46500015258789,11.539999961853027,8.239706993103027,197800
2003-09-30,11.75,11.78499984741211,11.5,11.5,8.211145401000977,995800
2003-10-01,11.550000190734863,12.930000305175781,11.550000190734863,12.8100004196167,9.146500587463379,655800
2003-10-02,12.859999656677246,13.100000381469727,12.699999809265137,12.925000190734863,9.228610038757324,509800
2003-10-03,13.024999618530273,13.470000267028809,13.005000114440918,13.15999984741211,9.39639949798584,330000
2003-10-06,13.225000381469727,13.630000114440918,13.199999809265137,13.390000343322754,9.560626983642578,348800
2003-10-07,13.395000457763672,13.720000267028809,13.300000190734863,13.574999809265137,9.692717552185059,288200
2003-10-08,13.649999618530273,13.649999618530273,13.380000114440918,13.425000190734863,9.58561897277832,159800
2003-10-09,13.5,13.835000038146973,13.479999542236328,13.539999961853027,9.667731285095215,373800
2003-10-10,13.545000076293945,13.649999618530273,13.46500015258789,13.625,9.728419303894043,137800
2003-10-13,13.675000190734863,14.119999885559082,13.675000190734863,13.864999771118164,9.89978313446045,223200
2003-10-14,13.864999771118164,14.175000190734863,13.800000190734863,14.175000190734863,10.121125221252441,165600
2003-10-15,14.180000305175781,14.180000305175781,12.75,13.425000190734863,9.58561897277832,984800
2003-10-16,13.475000381469727,13.529999732971191,13.274999618530273,13.489999771118164,9.632027626037598,315200
2003-10-17,13.539999961853027,13.5600004196167,13.119999885559082,13.125,9.37141227722168,271800
2003-10-20,13.175000190734863,13.279999732971191,13.119999885559082,13.149999618530273,9.389265060424805,130600
2003-10-21,13.199999809265137,13.390000343322754,13.085000038146973,13.154999732971191,9.392837524414062,322000
2003-10-22,13.119999885559082,13.119999885559082,12.949999809265137,13.024999618530273,9.300009727478027,580000
2003-10-23,13.024999618530273,13.135000228881836,12.859999656677246,13.024999618530273,9.300009727478027,137400
2003-10-24,13.024999618530273,13.024999618530273,12.375,12.5,8.92515754699707,369800
2003-10-27,12.574999809265137,13.149999618530273,12.545000076293945,13.09000015258789,9.346427917480469,300600
2003-10-28,12.925000190734863,13.074999809265137,12.625,12.979999542236328,9.267884254455566,738600
2003-10-29,12.904999732971191,12.96500015258789,12.725000381469727,12.850000381469727,9.175061225891113,341800
2003-10-30,12.800000190734863,13.319999694824219,12.774999618530273,13.300000190734863,9.496368408203125,344600
2003-10-31,13.300000190734863,13.649999618530273,12.979999542236328,12.984999656677246,9.27145004272461,483800
2003-11-03,13.024999618530273,13.149999618530273,12.864999771118164,12.925000190734863,9.228610038757324,473000
2003-11-04,13.28499984741211,13.444999694824219,13.029999732971191,13.395000457763672,9.564196586608887,707000
2003-11-05,13.414999961853027,13.414999961853027,12.854999542236328,12.984999656677246,9.27145004272461,559800
2003-11-06,12.9350004196167,12.9350004196167,12.489999771118164,12.6850004196167,9.092260360717773,811600
2003-11-07,12.734999656677246,12.899999618530273,12.555000305175781,12.574999809265137,9.013413429260254,851600
2003-11-10,12.675000190734863,12.75,12.529999732971191,12.545000076293945,8.991911888122559,523200
2003-11-11,12.5,12.579999923706055,12.399999618530273,12.505000114440918,8.963237762451172,350600
2003-11-12,12.479999542236328,12.944999694824219,12.46500015258789,12.925000190734863,9.264284133911133,342400
2003-11-13,12.850000381469727,12.925000190734863,12.729999542236328,12.890000343322754,9.239195823669434,283600
2003-11-14,12.975000381469727,13.380000114440918,12.75,12.885000228881836,9.235612869262695,415400
2003-11-17,12.84000015258789,12.890000343322754,12.270000457763672,12.579999923706055,9.016998291015625,329200
2003-11-18,12.550000190734863,12.755000114440918,12.300000190734863,12.300000190734863,8.816301345825195,152400
2003-11-19,12.199999809265137,12.430000305175781,12.199999809265137,12.364999771118164,8.862893104553223,229600
2003-11-20,12.3149995803833,12.524999618530273,12.239999771118164,12.364999771118164,8.862893104553223,397000
2003-11-21,12.425000190734863,12.539999961853027,12.005000114440918,12.199999809265137,8.744624137878418,440400
2003-11-24,12.300000190734863,12.5,12.300000190734863,12.375,8.870059967041016,538400
2003-11-25,12.449999809265137,12.545000076293945,12.4350004196167,12.520000457763672,8.973991394042969,619600
2003-11-26,12.600000381469727,12.75,12.135000228881836,12.319999694824219,8.830635070800781,475200
2003-11-28,12.364999771118164,12.550000190734863,12.335000038146973,12.350000381469727,8.852137565612793,228200
2003-12-01,12.425000190734863,12.5649995803833,12.225000381469727,12.345000267028809,8.848560333251953,710800
2003-12-02,12.385000228881836,12.425000190734863,12.350000381469727,12.399999618530273,8.887977600097656,622600
2003-12-03,12.449999809265137,12.489999771118164,12.404999732971191,12.425000190734863,8.90589714050293,622200
2003-12-04,12.5,12.5,11.949999809265137,12.125,8.690864562988281,1154800
2003-12-05,12.25,12.305000305175781,12.140000343322754,12.229999542236328,8.766125679016113,435200
2003-12-08,12.300000190734863,12.494999885559082,12.274999618530273,12.395000457763672,8.884393692016602,457800
2003-12-09,12.470000267028809,12.579999923706055,12.375,12.475000381469727,8.94173526763916,736000
2003-12-10,12.475000381469727,12.625,12.329999923706055,12.5649995803833,9.006243705749512,858600
2003-12-11,12.5649995803833,12.800000190734863,12.5649995803833,12.710000038146973,9.110177993774414,242800
2003-12-12,12.800000190734863,12.819999694824219,12.630000114440918,12.819999694824219,9.1890230178833,214000
2003-12-15,13.0,13.21500015258789,12.994999885559082,13.130000114440918,9.411221504211426,779000
2003-12-16,13.130000114440918,13.475000381469727,13.125,13.449999809265137,9.64058780670166,799200
2003-12-17,13.454999923706055,13.670000076293945,13.350000381469727,13.609999656677246,9.755270957946777,439000
2003-12-18,13.609999656677246,13.75,13.5600004196167,13.725000381469727,9.837703704833984,368400
2003-12-19,13.75,13.8100004196167,13.609999656677246,13.8100004196167,9.898627281188965,344800
2003-12-22,13.78499984741211,13.819999694824219,13.569999694824219,13.819999694824219,9.905793190002441,268600
2003-12-23,13.899999618530273,13.949999809265137,13.725000381469727,13.895000457763672,9.959555625915527,324800
2003-12-24,13.899999618530273,13.899999618530273,13.779999732971191,13.824999809265137,9.909382820129395,152800
2003-12-26,13.800000190734863,13.989999771118164,13.774999618530273,13.989999771118164,10.02764892578125,108400
2003-12-29,14.0,14.109999656677246,13.9350004196167,14.0,10.034811019897461,151000
2003-12-30,14.359999656677246,15.725000381469727,14.359999656677246,15.654999732971191,11.221074104309082,2000000
2003-12-31,15.744999885559082,16.010000228881836,15.364999771118164,15.649999618530273,11.217488288879395,704400
2004-01-02,15.699999809265137,15.8100004196167,15.125,15.350000381469727,11.002457618713379,465800
2004-01-05,15.470000267028809,15.625,15.104999542236328,15.220000267028809,10.90927791595459,561200
2004-01-06,15.050000190734863,15.225000381469727,14.835000038146973,15.180000305175781,10.880606651306152,662200
2004-01-07,15.145000457763672,15.244999885559082,14.885000228881836,15.244999885559082,10.927196502685547,393800
2004-01-08,15.244999885559082,15.354999542236328,14.949999809265137,15.015000343322754,10.762338638305664,586400
2004-01-09,15.015000343322754,15.100000381469727,14.779999732971191,14.779999732971191,10.593897819519043,357000
2004-01-12,14.880000114440918,14.914999961853027,14.375,14.880000114440918,10.66557502746582,490600
2004-01-13,14.880000114440918,14.930000305175781,14.675000190734863,14.8100004196167,10.615401268005371,192400
2004-01-14,14.75,15.430000305175781,14.75,15.149999618530273,10.859101295471191,329800
2004-01-15,15.149999618530273,15.244999885559082,14.835000038146973,15.050000190734863,10.787428855895996,136600
2004-01-16,15.074999809265137,15.119999885559082,14.8149995803833,15.0,10.751588821411133,384000
2004-01-20,14.979999542236328,15.029999732971191,14.529999732971191,14.5600004196167,10.436206817626953,756600
2004-01-21,14.625,14.984999656677246,14.420000076293945,14.984999656677246,10.74083423614502,699600
2004-01-22,14.984999656677246,15.045000076293945,14.875,15.015000343322754,10.762338638305664,330800
2004-01-23,14.984999656677246,14.989999771118164,14.699999809265137,14.890000343322754,10.672738075256348,193400
2004-01-26,14.84000015258789,15.029999732971191,14.600000381469727,15.029999732971191,10.773090362548828,159600
2004-01-27,15.079999923706055,15.104999542236328,14.614999771118164,14.675000190734863,10.518638610839844,161200
2004-01-28,14.6850004196167,14.800000190734863,14.145000457763672,14.170000076293945,10.156668663024902,266200
2004-01-29,14.154999732971191,14.489999771118164,14.154999732971191,14.225000381469727,10.196091651916504,393800
2004-01-30,14.25,14.350000381469727,14.074999809265137,14.170000076293945,10.156668663024902,184000
2004-02-02,14.170000076293945,14.5,14.055000305175781,14.175000190734863,10.160245895385742,149600
2004-02-03,14.199999809265137,14.71500015258789,14.170000076293945,14.475000381469727,10.37528133392334,257200
2004-02-04,14.479999542236328,14.515000343322754,14.234999656677246,14.324999809265137,10.26776123046875,196200
2004-02-05,14.335000038146973,14.614999771118164,14.329999923706055,14.449999809265137,10.393641471862793,163400
2004-02-06,14.449999809265137,14.774999618530273,14.399999618530273,14.545000076293945,10.461974143981934,297600
2004-02-09,15.545000076293945,16.024999618530273,15.300000190734863,15.300000190734863,11.00503158569336,948800
2004-02-10,15.25,15.25,15.0,15.09000015258789,10.853984832763672,358400
2004-02-11,15.1899995803833,15.574999809265137,14.975000381469727,15.574999809265137,11.202832221984863,258800
2004-02-12,15.524999618530273,15.664999961853027,15.270000457763672,15.274999618530273,10.98704719543457,253800
2004-02-13,15.274999618530273,15.274999618530273,14.864999771118164,14.9399995803833,10.746088981628418,276600
2004-02-17,15.100000381469727,15.975000381469727,15.074999809265137,15.529999732971191,11.170463562011719,552200
2004-02-18,15.550000190734863,15.550000190734863,14.960000038146973,14.975000381469727,10.771265029907227,227600
2004-02-19,14.975000381469727,15.130000114440918,14.774999618530273,14.835000038146973,10.670560836791992,312800
2004-02-20,14.850000381469727,14.899999618530273,14.75,14.800000190734863,10.645393371582031,296800
2004-02-23,14.75,14.75,14.135000228881836,14.145000457763672,10.174259185791016,343400
2004-02-24,14.25,14.555000305175781,14.09000015258789,14.300000190734863,10.285747528076172,498200
2004-02-25,14.324999809265137,14.430000305175781,14.024999618530273,14.260000228881836,10.256977081298828,297800
2004-02-26,14.25,14.614999771118164,14.220000267028809,14.550000190734863,10.465567588806152,311400
2004-02-27,14.550000190734863,14.550000190734863,14.140000343322754,14.1899995803833,10.206622123718262,407400
2004-03-01,14.1899995803833,14.550000190734863,14.170000076293945,14.5,10.429603576660156,418000
2004-03-02,14.449999809265137,14.805000305175781,14.425000190734863,14.755000114440918,10.613021850585938,519400
2004-03-03,14.75,14.845000267028809,14.5649995803833,14.704999923706055,10.577057838439941,539000
2004-03-04,14.729999542236328,14.850000381469727,14.699999809265137,14.800000190734863,10.645393371582031,487200
2004-03-05,14.760000228881836,15.255000114440918,14.75,15.229999542236328,10.954681396484375,505200
2004-03-08,15.229999542236328,15.350000381469727,14.975000381469727,14.979999542236328,10.774862289428711,365200
2004-03-09,14.949999809265137,14.994999885559082,14.595000267028809,14.729999542236328,10.595037460327148,268000
2004-03-10,14.539999961853027,14.649999618530273,14.265000343322754,14.279999732971191,10.271361351013184,332400
2004-03-11,14.199999809265137,14.5,13.904999732971191,13.904999732971191,10.001629829406738,302200
2004-03-12,14.0,14.220000267028809,13.975000381469727,14.199999809265137,10.213820457458496,216600
2004-03-15,14.199999809265137,14.225000381469727,13.675000190734863,13.805000305175781,9.929704666137695,378600
2004-03-16,13.864999771118164,13.925000190734863,13.6899995803833,13.729999542236328,9.875758171081543,335000
2004-03-17,13.789999961853027,13.970000267028809,13.75,13.925000190734863,10.01601505279541,225800
2004-03-18,13.875,13.970000267028809,13.649999618530273,13.859999656677246,9.969260215759277,137800
2004-03-19,13.925000190734863,14.0,13.350000381469727,13.515000343322754,9.721111297607422,257000
2004-03-22,13.529999732971191,13.529999732971191,13.03499984741211,13.1899995803833,9.487343788146973,294800
2004-03-23,13.225000381469727,13.484999656677246,13.114999771118164,13.145000457763672,9.454975128173828,161600
2004-03-24,13.125,13.300000190734863,12.975000381469727,12.989999771118164,9.34348201751709,458200
2004-03-25,12.975000381469727,13.619999885559082,12.975000381469727,13.520000457763672,9.72470474243164,321200
2004-03-26,13.524999618530273,13.975000381469727,13.329999923706055,13.704999923706055,9.857775688171387,469800
2004-03-29,13.774999618530273,13.920000076293945,13.625,13.75,9.890141487121582,350000
2004-03-30,13.635000228881836,13.675000190734863,13.484999656677246,13.649999618530273,9.818214416503906,253600
2004-03-31,13.699999809265137,13.699999809265137,13.579999923706055,13.680000305175781,9.83979320526123,156800
2004-04-01,13.699999809265137,13.765000343322754,13.569999694824219,13.760000228881836,9.897337913513184,410200
2004-04-02,13.869999885559082,13.899999618530273,13.670000076293945,13.75,9.890141487121582,539800
2004-04-05,13.800000190734863,14.28499984741211,13.800000190734863,14.28499984741211,10.274957656860352,346800
2004-04-06,14.085000038146973,14.345000267028809,14.0,14.274999618530273,10.267765045166016,225600
2004-04-07,14.274999618530273,14.420000076293945,14.130000114440918,14.244999885559082,10.246186256408691,197800
2004-04-08,14.319999694824219,14.369999885559082,14.0,14.074999809265137,10.123908042907715,183800
2004-04-12,14.100000381469727,14.25,13.850000381469727,14.015000343322754,10.0807523727417,150800
2004-04-13,14.03499984741211,14.069999694824219,13.680000305175781,13.699999809265137,9.854174613952637,156600
2004-04-14,13.5,13.890000343322754,13.420000076293945,13.609999656677246,9.789443016052246,219800
2004-04-15,13.59000015258789,13.914999961853027,13.569999694824219,13.789999961853027,9.918914794921875,171200
2004-04-16,13.824999809265137,13.899999618530273,13.595000267028809,13.78499984741211,9.915314674377441,118000
2004-04-19,13.864999771118164,13.914999961853027,13.604999542236328,13.845000267028809,9.958473205566406,118200
2004-04-20,13.850000381469727,13.960000038146973,13.510000228881836,13.550000190734863,9.746288299560547,178000
2004-04-21,13.600000381469727,13.979999542236328,13.510000228881836,13.914999961853027,10.008821487426758,255400
2004-04-22,13.914999961853027,14.385000228881836,13.914999961853027,14.324999809265137,10.303727149963379,335600
2004-04-23,14.3149995803833,14.4399995803833,13.970000267028809,14.4399995803833,10.386445045471191,310000
2004-04-26,14.4350004196167,14.824999809265137,14.40999984741211,14.699999809265137,10.573458671569824,583200
2004-04-27,15.0,15.765000343322754,14.970000267028809,15.704999923706055,11.296338081359863,916600
2004-04-28,15.654999732971191,15.960000038146973,15.5,15.699999809265137,11.292747497558594,720600
2004-04-29,15.704999923706055,15.71500015258789,15.375,15.399999618530273,11.076963424682617,519200
2004-04-30,15.399999618530273,15.5649995803833,15.300000190734863,15.414999961853027,11.087746620178223,443800
2004-05-03,15.5,15.510000228881836,15.225000381469727,15.385000228881836,11.066169738769531,360200
2004-05-04,15.425000190734863,15.505000114440918,15.255000114440918,15.390000343322754,11.06976318359375,411000
2004-05-05,15.399999618530273,15.595000267028809,15.335000038146973,15.390000343322754,11.06976318359375,256200
2004-05-06,15.345000267028809,15.345000267028809,15.0,15.149999618530273,10.932653427124023,252400
2004-05-07,15.100000381469727,15.175000190734863,14.524999618530273,14.524999618530273,10.48163890838623,446600
2004-05-10,14.524999618530273,14.524999618530273,14.050000190734863,14.050000190734863,10.138863563537598,575400
2004-05-11,14.375,14.539999961853027,14.255000114440918,14.475000381469727,10.445556640625,464800
2004-05-12,14.15999984741211,14.15999984741211,13.3100004196167,13.774999618530273,9.940421104431152,1370800
2004-05-13,13.725000381469727,14.210000038146973,13.6899995803833,13.954999923706055,10.070308685302734,819400
2004-05-14,13.954999923706055,14.350000381469727,13.779999732971191,14.005000114440918,10.10639476776123,330000
2004-05-17,14.005000114440918,14.005000114440918,13.654999732971191,13.850000381469727,9.994539260864258,404400
2004-05-18,13.899999618530273,14.055000305175781,13.744999885559082,13.805000305175781,9.962066650390625,413200
2004-05-19,13.899999618530273,14.180000305175781,13.819999694824219,14.029999732971191,10.124436378479004,434000
2004-05-20,14.005000114440918,14.104999542236328,13.824999809265137,14.0,10.102782249450684,382800
2004-05-21,13.994999885559082,14.119999885559082,13.895000457763672,14.045000076293945,10.135259628295898,173400
2004-05-24,14.09000015258789,14.460000038146973,14.09000015258789,14.375,10.373395919799805,263000
2004-05-25,14.324999809265137,14.739999771118164,14.225000381469727,14.739999771118164,10.636786460876465,180000
2004-05-26,14.550000190734863,14.699999809265137,14.395000457763672,14.614999771118164,10.546586036682129,196800
2004-05-27,14.649999618530273,14.789999961853027,14.5,14.550000190734863,10.499677658081055,262400
2004-05-28,14.550000190734863,14.604999542236328,14.449999809265137,14.46500015258789,10.438343048095703,151400
2004-06-01,14.479999542236328,14.649999618530273,14.3149995803833,14.404999732971191,10.395047187805176,171800
2004-06-02,14.425000190734863,14.454999923706055,14.265000343322754,14.354999542236328,10.358963966369629,202800
2004-06-03,14.3100004196167,14.329999923706055,14.055000305175781,14.074999809265137,10.156906127929688,263800
2004-06-04,14.140000343322754,14.194999694824219,13.920000076293945,13.975000381469727,10.084744453430176,217200
2004-06-07,14.024999618530273,14.545000076293945,13.989999771118164,14.484999656677246,10.452773094177246,175000
2004-06-08,14.505000114440918,14.524999618530273,14.3149995803833,14.420000076293945,10.405871391296387,103400
2004-06-09,14.420000076293945,14.524999618530273,14.095000267028809,14.125,10.192989349365234,174200
2004-06-10,14.125,14.369999885559082,14.100000381469727,14.125,10.192989349365234,244400
2004-06-14,14.289999961853027,14.550000190734863,14.204999923706055,14.460000038146973,10.434733390808105,418600
2004-06-15,14.574999809265137,15.46500015258789,14.555000305175781,15.369999885559082,11.091413497924805,707200
2004-06-16,15.470000267028809,15.90999984741211,15.210000038146973,15.899999618530273,11.473875045776367,674800
2004-06-17,15.899999618530273,16.190000534057617,15.664999961853027,16.1299991607666,11.639852523803711,555000
2004-06-18,16.200000762939453,16.219999313354492,15.619999885559082,15.664999961853027,11.30429458618164,428200
2004-06-21,15.710000038146973,15.805000305175781,15.529999732971191,15.579999923706055,11.242958068847656,311200
2004-06-22,15.529999732971191,15.699999809265137,15.305000305175781,15.699999809265137,11.329550743103027,210000
2004-06-23,15.725000381469727,16.219999313354492,15.680000305175781,16.139999389648438,11.64707088470459,324600
2004-06-24,16.260000228881836,16.270000457763672,16.05500030517578,16.145000457763672,11.650678634643555,242600
2004-06-25,16.174999237060547,16.424999237060547,15.875,15.899999618530273,11.473875045776367,480200
2004-06-28,15.949999809265137,16.375,15.949999809265137,16.040000915527344,11.574904441833496,376200
2004-06-29,15.600000381469727,15.699999809265137,15.375,15.5,11.185227394104004,774000
2004-06-30,15.324999809265137,15.574999809265137,15.300000190734863,15.324999809265137,11.058939933776855,689400
2004-07-01,15.324999809265137,15.414999961853027,15.045000076293945,15.055000305175781,10.864099502563477,489800
2004-07-02,15.055000305175781,15.069999694824219,14.734999656677246,14.850000381469727,10.716168403625488,508200
2004-07-06,14.850000381469727,14.850000381469727,14.5600004196167,14.654999732971191,10.575448989868164,427400
2004-07-07,14.704999923706055,14.975000381469727,14.675000190734863,14.765000343322754,10.654830932617188,344800
2004-07-08,14.649999618530273,14.654999732971191,14.375,14.4399995803833,10.420297622680664,391800
2004-07-09,14.4399995803833,14.520000457763672,14.095000267028809,14.229999542236328,10.268759727478027,778400
2004-07-12,14.225000381469727,14.25,13.859999656677246,14.1899995803833,10.23989486694336,661400
2004-07-13,14.1899995803833,14.25,14.0649995803833,14.164999961853027,10.221851348876953,605600
2004-07-14,14.15999984741211,14.289999961853027,13.914999961853027,13.954999923706055,10.070308685302734,447600
2004-07-15,13.5,13.9350004196167,13.484999656677246,13.515000343322754,9.752795219421387,631000
2004-07-16,13.550000190734863,13.739999771118164,13.3100004196167,13.449999809265137,9.705889701843262,562800
2004-07-19,13.385000228881836,13.739999771118164,13.295000076293945,13.739999771118164,9.9151611328125,643000
2004-07-20,13.664999961853027,13.744999885559082,13.449999809265137,13.619999885559082,9.828568458557129,438400
2004-07-21,13.65999984741211,14.100000381469727,13.600000381469727,13.600000381469727,9.814135551452637,447600
2004-07-22,13.600000381469727,13.734999656677246,13.420000076293945,13.619999885559082,9.828568458557129,342600
2004-07-23,13.619999885559082,13.619999885559082,13.329999923706055,13.460000038146973,9.713106155395508,178600
2004-07-26,13.425000190734863,13.579999923706055,13.199999809265137,13.350000381469727,9.633726119995117,341200
2004-07-27,13.289999961853027,13.739999771118164,13.289999961853027,13.635000228881836,9.839391708374023,466200
2004-07-28,13.375,13.5,13.100000381469727,13.3100004196167,9.604863166809082,633600
2004-07-29,13.3100004196167,13.699999809265137,13.210000038146973,13.6899995803833,9.879082679748535,547800
2004-07-30,13.725000381469727,13.795000076293945,13.395000457763672,13.720000267028809,9.90073299407959,459200
2004-08-02,13.675000190734863,13.78499984741211,13.675000190734863,13.720000267028809,9.90073299407959,696000
2004-08-03,13.720000267028809,13.720000267028809,12.625,12.625,9.110547065734863,1287000
2004-08-04,12.550000190734863,12.859999656677246,12.4350004196167,12.824999809265137,9.254871368408203,784400
2004-08-05,12.739999771118164,12.739999771118164,12.114999771118164,12.164999961853027,8.812956809997559,495200
2004-08-06,12.164999961853027,12.425000190734863,11.829999923706055,12.109999656677246,8.773111343383789,817400
2004-08-09,12.050000190734863,12.305000305175781,11.970000267028809,12.095000267028809,8.762242317199707,278000
2004-08-10,12.154999732971191,12.380000114440918,12.140000343322754,12.3100004196167,8.918001174926758,303600
2004-08-11,12.3100004196167,12.3100004196167,12.0,12.074999809265137,8.747756958007812,378600
2004-08-12,12.039999961853027,12.045000076293945,11.649999618530273,11.779999732971191,8.534042358398438,611600
2004-08-13,11.850000381469727,11.875,11.489999771118164,11.550000190734863,8.36741828918457,281800
2004-08-16,11.5600004196167,11.975000381469727,11.5600004196167,11.9350004196167,8.646330833435059,337200
2004-08-17,11.9350004196167,12.375,11.779999732971191,12.029999732971191,8.715155601501465,586800
2004-08-18,12.029999732971191,12.300000190734863,11.954999923706055,12.225000381469727,8.856425285339355,348400
2004-08-19,12.225000381469727,12.34000015258789,12.100000381469727,12.164999961853027,8.812956809997559,183800
2004-08-20,12.164999961853027,12.25,12.045000076293945,12.199999809265137,8.838311195373535,406600
2004-08-23,12.175000190734863,12.28499984741211,11.920000076293945,12.09000015258789,8.758622169494629,260200
2004-08-24,12.135000228881836,12.345000267028809,12.125,12.180000305175781,8.823822021484375,121200
2004-08-25,12.180000305175781,12.545000076293945,12.145000457763672,12.545000076293945,9.088250160217285,481000
2004-08-26,12.444999694824219,12.619999885559082,12.359999656677246,12.454999923706055,9.02304744720459,367200
2004-08-27,12.425000190734863,12.505000114440918,12.350000381469727,12.404999732971191,8.98682689666748,281800
2004-08-30,12.404999732971191,12.4350004196167,12.210000038146973,12.260000228881836,8.881780624389648,114600
2004-08-31,12.28499984741211,12.300000190734863,12.050000190734863,12.114999771118164,8.776738166809082,184000
2004-09-01,12.114999771118164,12.3100004196167,12.024999618530273,12.265000343322754,8.885401725769043,341400
2004-09-02,12.265000343322754,12.699999809265137,12.225000381469727,12.680000305175781,9.18604850769043,305000
2004-09-03,12.680000305175781,12.75,12.505000114440918,12.59000015258789,9.120851516723633,144600
2004-09-07,12.59000015258789,12.824999809265137,12.59000015258789,12.800000190734863,9.272981643676758,208000
2004-09-08,12.680000305175781,12.875,12.640000343322754,12.71500015258789,9.21140193939209,261600
2004-09-09,12.720000267028809,12.725000381469727,12.414999961853027,12.494999885559082,9.052027702331543,174000
2004-09-10,12.475000381469727,12.569999694824219,12.359999656677246,12.515000343322754,9.066516876220703,395400
2004-09-13,12.539999961853027,12.704999923706055,12.470000267028809,12.539999961853027,9.084630966186523,439000
2004-09-14,12.539999961853027,12.539999961853027,12.045000076293945,12.100000381469727,8.765867233276367,812400
2004-09-15,12.100000381469727,12.104999542236328,11.795000076293945,11.8100004196167,8.555777549743652,1071200
2004-09-16,11.850000381469727,12.244999885559082,11.8100004196167,12.125,8.783981323242188,477200
2004-09-17,12.199999809265137,12.199999809265137,11.9350004196167,12.09000015258789,8.758622169494629,364200
2004-09-20,12.095000267028809,12.125,11.9399995803833,12.03499984741211,8.718777656555176,251000
2004-09-21,12.074999809265137,12.364999771118164,12.074999809265137,12.329999923706055,8.93249225616455,304800
2004-09-22,12.25,12.25,11.854999542236328,11.925000190734863,8.639091491699219,667600
2004-09-23,11.975000381469727,11.975000381469727,11.574999809265137,11.6850004196167,8.465221405029297,637600
2004-09-24,11.699999809265137,11.739999771118164,11.550000190734863,11.630000114440918,8.425374984741211,369200
2004-09-27,11.630000114440918,11.760000228881836,11.449999809265137,11.649999618530273,8.439865112304688,739200
2004-09-28,11.625,12.109999656677246,11.625,12.104999542236328,8.769490242004395,537000
2004-09-29,12.069999694824219,12.369999885559082,12.0,12.350000381469727,8.946979522705078,466800
2004-09-30,12.375,12.579999923706055,12.324999809265137,12.545000076293945,9.088250160217285,578200
2004-10-01,12.569999694824219,13.015000343322754,12.539999961853027,12.989999771118164,9.410628318786621,614800
2004-10-04,12.994999885559082,13.244999885559082,12.949999809265137,13.069999694824219,9.468584060668945,617400
2004-10-05,13.024999618530273,13.095000267028809,12.8149995803833,13.029999732971191,9.439603805541992,323200
2004-10-06,13.029999732971191,13.204999923706055,12.9399995803833,13.204999923706055,9.566383361816406,393000
2004-10-07,13.140000343322754,13.199999809265137,13.074999809265137,13.145000457763672,9.52292251586914,417200
2004-10-08,13.09000015258789,13.15999984741211,12.979999542236328,13.03499984741211,9.443228721618652,530000
2004-10-11,13.03499984741211,13.104999542236328,12.920000076293945,13.09000015258789,9.483078002929688,238000
2004-10-12,12.899999618530273,13.104999542236328,12.600000381469727,13.0,9.417875289916992,740200
2004-10-13,13.005000114440918,13.074999809265137,12.944999694824219,13.0,9.417875289916992,569200
2004-10-14,13.0,13.015000343322754,12.699999809265137,12.765000343322754,9.247627258300781,511600
2004-10-15,12.800000190734863,13.055000305175781,12.800000190734863,13.0,9.417875289916992,392400
2004-10-18,13.0,13.175000190734863,12.899999618530273,13.154999732971191,9.53016471862793,343000
2004-10-19,13.170000076293945,13.319999694824219,12.805000305175781,12.8100004196167,9.280229568481445,345800
2004-10-20,12.8149995803833,13.154999732971191,12.720000267028809,13.050000190734863,9.454097747802734,337400
2004-10-21,13.015000343322754,13.015000343322754,12.774999618530273,12.864999771118164,9.320075035095215,371000
2004-10-22,12.920000076293945,12.920000076293945,12.5649995803833,12.649999618530273,9.16431713104248,471600
2004-10-25,12.6899995803833,12.949999809265137,12.550000190734863,12.949999809265137,9.381650924682617,294800
2004-10-26,12.899999618530273,13.104999542236328,12.75,13.074999809265137,9.472209930419922,168400
2004-10-27,13.074999809265137,13.25,12.899999618530273,13.1899995803833,9.555519104003906,293200
2004-10-28,13.0,13.720000267028809,13.0,13.625,9.870658874511719,541200
2004-10-29,13.574999809265137,13.625,13.449999809265137,13.5,9.780101776123047,359400
2004-11-01,13.5,13.800000190734863,13.364999771118164,13.800000190734863,9.997437477111816,455400
2004-11-02,13.800000190734863,13.9350004196167,13.65999984741211,13.885000228881836,10.059014320373535,685800
2004-11-03,13.984999656677246,14.265000343322754,13.949999809265137,14.050000190734863,10.178548812866211,460400
2004-11-04,14.0,14.524999618530273,13.975000381469727,14.524999618530273,10.522663116455078,477800
2004-11-05,14.59000015258789,14.765000343322754,14.300000190734863,14.550000190734863,10.540771484375,367400
2004-11-08,14.524999618530273,14.524999618530273,14.21500015258789,14.260000228881836,10.369882583618164,357400
2004-11-09,14.21500015258789,14.279999732971191,14.010000228881836,14.079999923706055,10.238984107971191,296000
2004-11-10,14.180000305175781,14.729999542236328,14.175000190734863,14.5,10.54440975189209,385000
2004-11-11,14.425000190734863,14.675000190734863,14.380000114440918,14.645000457763672,10.649853706359863,310200
2004-11-12,14.654999732971191,14.885000228881836,14.529999732971191,14.71500015258789,10.700757026672363,209800
2004-11-15,14.765000343322754,14.944999694824219,14.6850004196167,14.824999809265137,10.780752182006836,259000
2004-11-16,14.9350004196167,14.9399995803833,14.295000076293945,14.484999656677246,10.533501625061035,491400
2004-11-17,14.510000228881836,14.729999542236328,14.510000228881836,14.59000015258789,10.609854698181152,381400
2004-11-18,14.59000015258789,14.729999542236328,14.449999809265137,14.635000228881836,10.64258098602295,324600
2004-11-19,14.5600004196167,14.65999984741211,14.449999809265137,14.510000228881836,10.551681518554688,340000
2004-11-22,14.460000038146973,14.579999923706055,14.449999809265137,14.494999885559082,10.540771484375,167400
2004-11-23,14.460000038146973,14.640000343322754,14.369999885559082,14.489999771118164,10.537140846252441,257200
2004-11-24,14.5649995803833,14.670000076293945,14.479999542236328,14.505000114440918,10.54804801940918,283600
2004-11-26,14.550000190734863,14.699999809265137,14.550000190734863,14.614999771118164,10.628042221069336,66600
2004-11-29,14.664999961853027,14.75,14.420000076293945,14.59000015258789,10.609854698181152,355400
2004-11-30,14.539999961853027,14.539999961853027,14.220000267028809,14.260000228881836,10.369882583618164,389400
2004-12-01,14.3100004196167,14.725000381469727,14.3100004196167,14.555000305175781,10.584405899047852,247200
2004-12-02,14.579999923706055,14.875,14.539999961853027,14.600000381469727,10.617130279541016,495600
2004-12-03,14.5,14.600000381469727,14.350000381469727,14.359999656677246,10.44260311126709,279000
2004-12-06,14.364999771118164,14.364999771118164,14.0649995803833,14.25,10.362610816955566,447200
2004-12-07,14.270000457763672,14.28499984741211,13.954999923706055,13.960000038146973,10.151721954345703,388600
2004-12-08,14.0,14.489999771118164,14.0,14.395000457763672,10.468050956726074,394000
2004-12-09,14.274999618530273,14.335000038146973,14.125,14.225000381469727,10.344427108764648,169000
2004-12-10,14.180000305175781,14.399999618530273,14.15999984741211,14.319999694824219,10.4135160446167,218800
2004-12-13,14.324999809265137,14.359999656677246,14.0649995803833,14.329999923706055,10.420785903930664,162800
2004-12-14,14.34000015258789,15.039999961853027,14.3100004196167,15.039999961853027,10.937100410461426,435600
2004-12-15,15.039999961853027,15.125,14.824999809265137,14.869999885559082,10.813474655151367,260000
2004-12-16,14.869999885559082,14.899999618530273,14.555000305175781,14.725000381469727,10.708030700683594,158200
2004-12-17,14.725000381469727,14.8100004196167,14.569999694824219,14.595000267028809,10.613496780395508,149000
2004-12-20,14.680000305175781,14.8100004196167,14.640000343322754,14.725000381469727,10.708030700683594,196200
2004-12-21,14.654999732971191,14.760000228881836,14.460000038146973,14.734999656677246,10.715302467346191,232600
2004-12-22,14.774999618530273,15.119999885559082,14.774999618530273,14.960000038146973,10.878923416137695,199200
2004-12-23,14.96500015258789,14.96500015258789,14.720000267028809,14.720000267028809,10.704398155212402,105400
2004-12-27,14.994999885559082,15.045000076293945,14.5600004196167,14.59000015258789,10.609854698181152,180400
2004-12-28,14.625,15.024999618530273,14.604999542236328,15.020000457763672,10.922554969787598,92600
2004-12-29,14.949999809265137,15.0600004196167,14.859999656677246,15.055000305175781,10.948009490966797,72000
2004-12-30,15.015000343322754,15.175000190734863,14.949999809265137,15.085000038146973,10.969823837280273,115800
2004-12-31,15.095000267028809,15.100000381469727,14.795000076293945,14.795000076293945,10.75893497467041,199600
2005-01-03,14.845000267028809,14.899999618530273,14.375,14.5,10.54440975189209,420200
2005-01-04,14.475000381469727,14.5649995803833,14.175000190734863,14.234999656677246,10.351702690124512,393200
2005-01-05,14.260000228881836,14.354999542236328,14.079999923706055,14.149999618530273,10.289889335632324,381000
2005-01-06,14.175000190734863,14.524999618530273,14.125,14.350000381469727,10.43532943725586,625000
2005-01-07,14.359999656677246,14.399999618530273,13.975000381469727,13.975000381469727,10.16263198852539,301000
2005-01-10,13.975000381469727,14.300000190734863,13.975000381469727,14.170000076293945,10.304435729980469,332600
2005-01-11,14.170000076293945,14.270000457763672,14.069999694824219,14.085000038146973,10.242623329162598,245600
2005-01-12,14.0649995803833,14.305000305175781,14.024999618530273,14.175000190734863,10.30806827545166,305000
2005-01-13,14.130000114440918,14.154999732971191,13.975000381469727,14.085000038146973,10.242623329162598,186800
2005-01-14,14.109999656677246,14.21500015258789,14.050000190734863,14.135000228881836,10.278983116149902,80000
2005-01-18,14.140000343322754,14.229999542236328,14.074999809265137,14.175000190734863,10.30806827545166,243000
2005-01-19,14.225000381469727,14.40999984741211,14.074999809265137,14.15999984741211,10.297162055969238,201800
2005-01-20,14.100000381469727,14.175000190734863,13.880000114440918,13.90999984741211,10.115361213684082,210600
2005-01-21,13.899999618530273,14.204999923706055,13.795000076293945,14.125,10.271711349487305,234400
2005-01-24,14.109999656677246,14.109999656677246,13.645000457763672,13.65999984741211,9.933564186096191,212800
2005-01-25,13.625,13.90999984741211,13.539999961853027,13.609999656677246,9.897202491760254,213800
2005-01-26,13.699999809265137,13.989999771118164,13.699999809265137,13.975000381469727,10.16263198852539,165400
2005-01-27,13.925000190734863,14.175000190734863,13.824999809265137,13.90999984741211,10.115361213684082,165200
2005-01-28,14.0,14.0,13.630000114440918,13.770000457763672,10.013554573059082,153800
2005-01-31,13.850000381469727,14.1899995803833,13.850000381469727,14.135000228881836,10.278983116149902,248000
2005-02-01,14.085000038146973,14.510000228881836,13.984999656677246,14.425000190734863,10.4898681640625,236400
2005-02-02,14.449999809265137,14.614999771118164,14.279999732971191,14.595000267028809,10.613496780395508,275600
2005-02-03,14.574999809265137,14.640000343322754,14.244999885559082,14.335000038146973,10.424422264099121,341200
2005-02-04,14.345000267028809,14.875,14.345000267028809,14.819999694824219,10.777114868164062,253600
2005-02-07,14.800000190734863,14.944999694824219,14.75,14.850000381469727,10.798932075500488,327000
2005-02-08,14.850000381469727,14.899999618530273,14.600000381469727,14.704999923706055,10.73323917388916,312600
2005-02-09,14.59000015258789,14.944999694824219,14.59000015258789,14.614999771118164,10.667545318603516,791800
2005-02-10,14.649999618530273,14.654999732971191,14.130000114440918,14.375,10.492372512817383,699600
2005-02-11,14.34000015258789,14.380000114440918,14.029999732971191,14.130000114440918,10.313545227050781,408800
2005-02-14,14.15999984741211,14.274999618530273,13.960000038146973,14.079999923706055,10.277047157287598,231400
2005-02-15,14.045000076293945,14.34000015258789,14.024999618530273,14.244999885559082,10.397482872009277,234200
2005-02-16,14.119999885559082,14.350000381469727,14.069999694824219,14.255000114440918,10.40478229522705,184600
2005-02-17,14.350000381469727,14.375,14.199999809265137,14.25,10.401134490966797,338800
2005-02-18,14.300000190734863,14.324999809265137,14.244999885559082,14.274999618530273,10.419380187988281,189800
2005-02-22,14.25,14.345000267028809,13.885000228881836,14.050000190734863,10.255151748657227,332800
2005-02-23,14.069999694824219,14.170000076293945,13.835000038146973,14.010000228881836,10.225956916809082,196000
2005-02-24,14.024999618530273,14.324999809265137,13.8100004196167,14.260000228881836,10.408431053161621,264000
2005-02-25,14.225000381469727,14.354999542236328,14.0,14.3100004196167,10.444925308227539,149000
2005-02-28,14.234999656677246,14.234999656677246,13.885000228881836,13.9399995803833,10.174864768981934,224600
2005-03-01,13.920000076293945,14.380000114440918,13.920000076293945,14.345000267028809,10.470474243164062,286600
2005-03-02,14.319999694824219,14.444999694824219,14.010000228881836,14.225000381469727,10.382885932922363,177200
2005-03-03,14.225000381469727,14.239999771118164,13.90999984741211,13.9350004196167,10.171215057373047,310200
2005-03-04,14.0,14.34000015258789,13.895000457763672,14.1899995803833,10.357336044311523,177000
2005-03-07,14.324999809265137,14.609999656677246,14.324999809265137,14.430000305175781,10.532515525817871,191200
2005-03-08,14.430000305175781,14.430000305175781,14.140000343322754,14.255000114440918,10.40478229522705,187800
2005-03-09,14.199999809265137,14.225000381469727,14.125,14.1899995803833,10.357336044311523,133200
2005-03-10,14.194999694824219,14.40999984741211,14.104999542236328,14.1850004196167,10.353691101074219,148000
2005-03-11,14.1850004196167,14.28499984741211,14.149999618530273,14.1850004196167,10.353691101074219,235800
2005-03-14,14.180000305175781,14.274999618530273,14.149999618530273,14.225000381469727,10.382885932922363,333600
2005-03-15,14.25,14.380000114440918,14.170000076293945,14.25,10.401134490966797,202000
2005-03-16,14.154999732971191,14.15999984741211,13.96500015258789,14.0,10.218659400939941,437000
2005-03-17,14.005000114440918,14.229999542236328,13.960000038146973,14.125,10.309892654418945,272200
2005-03-18,14.149999618530273,14.229999542236328,14.055000305175781,14.149999618530273,10.328144073486328,245200
2005-03-21,14.100000381469727,14.104999542236328,14.0,14.074999809265137,10.273399353027344,161400
2005-03-22,14.050000190734863,14.140000343322754,13.975000381469727,14.0600004196167,10.262451171875,215600
2005-03-23,14.03499984741211,14.140000343322754,13.984999656677246,14.085000038146973,10.280702590942383,177000
2005-03-24,14.095000267028809,14.210000038146973,14.0649995803833,14.079999923706055,10.277047157287598,122600
2005-03-28,14.100000381469727,14.1899995803833,13.975000381469727,14.175000190734863,10.346389770507812,92600
2005-03-29,14.175000190734863,14.1899995803833,13.885000228881836,13.944999694824219,10.178511619567871,263800
2005-03-30,13.800000190734863,14.199999809265137,13.800000190734863,14.079999923706055,10.277047157287598,445000
2005-03-31,14.079999923706055,14.125,13.899999618530273,13.914999961853027,10.156615257263184,504400
2005-04-01,13.96500015258789,14.079999923706055,13.619999885559082,13.625,9.944941520690918,631200
2005-04-04,13.625,13.96500015258789,13.4350004196167,13.9399995803833,10.174864768981934,354800
2005-04-05,13.96500015258789,14.229999542236328,13.96500015258789,14.199999809265137,10.364635467529297,448000
2005-04-06,14.25,14.274999618530273,13.765000343322754,13.8149995803833,10.083624839782715,355400
2005-04-07,13.8149995803833,13.8149995803833,13.40999984741211,13.65999984741211,9.970489501953125,570800
2005-04-08,13.65999984741211,13.664999961853027,13.25,13.350000381469727,9.744220733642578,462600
2005-04-11,13.350000381469727,13.484999656677246,13.265000343322754,13.350000381469727,9.744220733642578,302800
2005-04-12,13.324999809265137,13.729999542236328,13.260000228881836,13.680000305175781,9.985087394714355,443800
2005-04-13,13.680000305175781,13.699999809265137,13.395000457763672,13.40999984741211,9.78801441192627,522800
2005-04-14,13.425000190734863,13.520000457763672,13.25,13.265000343322754,9.68217658996582,399800
2005-04-15,13.270000457763672,13.359999656677246,12.869999885559082,12.869999885559082,9.393864631652832,434400
2005-04-18,12.895000457763672,13.324999809265137,12.895000457763672,13.15999984741211,9.605536460876465,457000
2005-04-19,13.550000190734863,14.574999809265137,13.505000114440918,14.539999961853027,10.612807273864746,1554600
2005-04-20,14.489999771118164,14.9350004196167,14.324999809265137,14.414999961853027,10.521568298339844,862000
2005-04-21,14.53499984741211,14.734999656677246,14.265000343322754,14.479999542236328,10.569012641906738,549600
2005-04-22,14.489999771118164,14.494999885559082,13.835000038146973,13.954999923706055,10.185811042785645,565000
2005-04-25,14.055000305175781,14.350000381469727,14.055000305175781,14.25,10.401134490966797,526000
2005-04-26,14.25,14.545000076293945,14.125,14.305000305175781,10.441277503967285,487200
2005-04-27,14.305000305175781,14.625,14.180000305175781,14.25,10.401134490966797,477200
2005-04-28,14.225000381469727,14.5600004196167,14.050000190734863,14.145000457763672,10.324493408203125,471200
2005-04-29,14.25,14.3100004196167,13.899999618530273,14.170000076293945,10.342742919921875,359800
2005-05-02,14.145000457763672,14.319999694824219,14.095000267028809,14.270000457763672,10.415733337402344,364400
2005-05-03,15.100000381469727,15.385000228881836,14.869999885559082,15.194999694824219,11.090890884399414,1281200
2005-05-04,15.244999885559082,15.375,15.045000076293945,15.300000190734863,11.167534828186035,496000
2005-05-05,15.324999809265137,15.550000190734863,15.21500015258789,15.244999885559082,11.127388000488281,640800
2005-05-06,15.300000190734863,15.494999885559082,15.25,15.274999618530273,11.189653396606445,345000
2005-05-09,15.274999618530273,15.524999618530273,15.199999809265137,15.40999984741211,11.288546562194824,263400
2005-05-10,15.404999732971191,15.460000038146973,15.244999885559082,15.375,11.262908935546875,429800
2005-05-11,15.425000190734863,15.4350004196167,14.994999885559082,15.149999618530273,11.098088264465332,270400
2005-05-12,15.149999618530273,15.295000076293945,14.699999809265137,14.704999923706055,10.772101402282715,429000
2005-05-13,14.739999771118164,14.930000305175781,14.545000076293945,14.640000343322754,10.724488258361816,233600
2005-05-16,14.640000343322754,14.895000457763672,14.640000343322754,14.819999694824219,10.856344223022461,286600
2005-05-17,14.795000076293945,15.164999961853027,14.795000076293945,15.010000228881836,10.995530128479004,400600
2005-05-18,15.225000381469727,15.704999923706055,15.225000381469727,15.635000228881836,11.453370094299316,358600
2005-05-19,15.585000038146973,15.75,15.40999984741211,15.609999656677246,11.435056686401367,220200
2005-05-20,15.5600004196167,15.585000038146973,15.109999656677246,15.46500015258789,11.328839302062988,313200
2005-05-23,15.470000267028809,15.744999885559082,15.470000267028809,15.649999618530273,11.46435832977295,246400
2005-05-24,15.699999809265137,15.699999809265137,15.3100004196167,15.324999809265137,11.22628116607666,186600
2005-05-25,15.274999618530273,15.420000076293945,15.149999618530273,15.305000305175781,11.21163272857666,244200
2005-05-26,15.300000190734863,15.484999656677246,15.265000343322754,15.295000076293945,11.204304695129395,281200
2005-05-27,15.300000190734863,15.385000228881836,15.25,15.289999961853027,11.200645446777344,226200
2005-05-31,15.274999618530273,15.569999694824219,15.274999618530273,15.399999618530273,11.28122329711914,697800
2005-06-01,15.449999809265137,15.720000267028809,15.329999923706055,15.420000076293945,11.295876502990723,265400
2005-06-02,15.380000114440918,15.550000190734863,15.255000114440918,15.475000381469727,11.336163520812988,245600
2005-06-03,15.449999809265137,15.600000381469727,15.300000190734863,15.4350004196167,11.30686092376709,194600
2005-06-06,15.4350004196167,15.765000343322754,15.399999618530273,15.744999885559082,11.533953666687012,261800
2005-06-07,15.744999885559082,15.875,15.375,15.395000457763672,11.277560234069824,309400
2005-06-08,15.399999618530273,15.645000457763672,15.399999618530273,15.5,11.354477882385254,213800
2005-06-09,15.449999809265137,15.71500015258789,15.399999618530273,15.694999694824219,11.497325897216797,201000
2005-06-10,15.694999694824219,15.739999771118164,15.484999656677246,15.5600004196167,11.398431777954102,129000
2005-06-13,15.5600004196167,16.0,15.53499984741211,15.885000228881836,11.636509895324707,428400
2005-06-14,15.885000228881836,16.149999618530273,15.75,16.075000762939453,11.77569580078125,279400
2005-06-15,16.084999084472656,16.114999771118164,15.524999618530273,15.675000190734863,11.482674598693848,291800
2005-06-16,15.670000076293945,16.110000610351562,15.550000190734863,16.094999313354492,11.790342330932617,210200
2005-06-17,16.209999084472656,16.229999542236328,15.875,15.899999618530273,11.647497177124023,368600
2005-06-20,15.875,16.024999618530273,15.824999809265137,16.010000228881836,11.728075981140137,289600
2005-06-21,15.925000190734863,16.020000457763672,15.819999694824219,15.824999809265137,11.592555046081543,159600
2005-06-22,15.925000190734863,15.975000381469727,15.779999732971191,15.96500015258789,11.695111274719238,108200
2005-06-23,15.925000190734863,15.949999809265137,15.460000038146973,15.59000015258789,11.420405387878418,211600
2005-06-24,15.5649995803833,15.5649995803833,15.229999542236328,15.399999618530273,11.28122329711914,871000
2005-06-27,15.350000381469727,15.6899995803833,15.3149995803833,15.649999618530273,11.46435832977295,189600
2005-06-28,15.675000190734863,16.25,15.670000076293945,16.25,11.903888702392578,252600
2005-06-29,16.25,16.2549991607666,15.265000343322754,15.539999961853027,11.383781433105469,810600
2005-06-30,15.539999961853027,15.600000381469727,14.899999618530273,14.899999618530273,10.914948463439941,491800
2005-07-01,15.024999618530273,15.255000114440918,14.649999618530273,14.819999694824219,10.856344223022461,485000
2005-07-05,14.819999694824219,15.470000267028809,14.704999923706055,15.265000343322754,11.182330131530762,401800
2005-07-06,15.270000457763672,15.539999961853027,15.255000114440918,15.539999961853027,11.383781433105469,275400
2005-07-07,15.489999771118164,15.539999961853027,15.024999618530273,15.529999732971191,11.37645435333252,394400
2005-07-08,15.5649995803833,16.014999389648438,15.515000343322754,15.994999885559082,11.717087745666504,311000
2005-07-11,16.0049991607666,16.274999618530273,15.9399995803833,16.03499984741211,11.746392250061035,270800
2005-07-12,16.010000228881836,16.270000457763672,15.885000228881836,16.1200008392334,11.808656692504883,254000
2005-07-13,16.1200008392334,16.174999237060547,15.84000015258789,16.0,11.720749855041504,165400
2005-07-14,16.100000381469727,16.18000030517578,15.880000114440918,16.030000686645508,11.742727279663086,540600
2005-07-15,16.030000686645508,16.270000457763672,15.984999656677246,16.209999084472656,11.874585151672363,208800
2005-07-18,16.184999465942383,16.290000915527344,16.0049991607666,16.0049991607666,11.724413871765137,282800
2005-07-19,16.5,17.274999618530273,16.43000030517578,17.05500030517578,12.4935884475708,1052400
2005-07-20,17.625,17.875,17.44499969482422,17.5,12.819573402404785,1139200
2005-07-21,17.510000228881836,17.59000015258789,17.1299991607666,17.225000381469727,12.618123054504395,375600
2005-07-22,17.274999618530273,17.600000381469727,17.2450008392334,17.440000534057617,12.775627136230469,465600
2005-07-25,17.440000534057617,17.5,17.209999084472656,17.395000457763672,12.742655754089355,299800
2005-07-26,17.395000457763672,17.520000457763672,17.344999313354492,17.514999389648438,12.830556869506836,487400
2005-07-27,17.514999389648438,17.520000457763672,17.3700008392334,17.475000381469727,12.80125904083252,300600
2005-07-28,17.475000381469727,17.790000915527344,17.350000381469727,17.725000381469727,12.984391212463379,471200
2005-07-29,17.725000381469727,18.059999465942383,17.530000686645508,17.674999237060547,12.94776725769043,415400
2005-08-01,17.71500015258789,17.844999313354492,17.600000381469727,17.69499969482422,12.962416648864746,210000
2005-08-02,17.719999313354492,18.165000915527344,17.719999313354492,18.165000915527344,13.306715965270996,302200
2005-08-03,18.125,18.125,17.7450008392334,17.825000762939453,13.057650566101074,462200
2005-08-04,17.825000762939453,17.844999313354492,17.405000686645508,17.40999984741211,12.753643989562988,365800
2005-08-05,17.360000610351562,17.450000762939453,17.125,17.184999465942383,12.588820457458496,226200
2005-08-08,17.075000762939453,17.475000381469727,17.075000762939453,17.354999542236328,12.754171371459961,232400
2005-08-09,17.405000686645508,17.635000228881836,17.364999771118164,17.579999923706055,12.91952133178711,250600
2005-08-10,17.579999923706055,17.920000076293945,17.399999618530273,17.5049991607666,12.864410400390625,331200
2005-08-11,17.5,17.665000915527344,17.399999618530273,17.665000915527344,12.981988906860352,218400
2005-08-12,17.614999771118164,17.614999771118164,17.165000915527344,17.350000381469727,12.750499725341797,248400
2005-08-15,17.325000762939453,17.6299991607666,17.145000457763672,17.510000228881836,12.868080139160156,130400
2005-08-16,17.459999084472656,17.459999084472656,17.049999237060547,17.049999237060547,12.53002643585205,267200
2005-08-17,16.924999237060547,17.170000076293945,16.875,16.875,12.40141773223877,211000
2005-08-18,16.875,17.100000381469727,16.725000381469727,17.059999465942383,12.53737735748291,264000
2005-08-19,17.049999237060547,17.049999237060547,16.899999618530273,16.90999984741211,12.427141189575195,129400
2005-08-22,16.959999084472656,17.06999969482422,16.850000381469727,16.899999618530273,12.419790267944336,192800
2005-08-23,17.024999618530273,17.200000762939453,16.524999618530273,16.81999969482422,12.361001968383789,504600
2005-08-24,16.825000762939453,17.065000534057617,16.690000534057617,16.78499984741211,12.33527946472168,198600
2005-08-25,16.795000076293945,16.84000015258789,16.65999984741211,16.69499969482422,12.269137382507324,216800
2005-08-26,16.69499969482422,16.700000762939453,16.454999923706055,16.485000610351562,12.1148099899292,224800
2005-08-29,16.434999465942383,16.764999389648438,16.200000762939453,16.764999389648438,12.32058334350586,348800
2005-08-30,16.739999771118164,16.799999237060547,16.575000762939453,16.739999771118164,12.302210807800293,306200
2005-08-31,16.764999389648438,16.875,16.5,16.875,12.40141773223877,300400
2005-09-01,16.885000228881836,16.924999237060547,16.3700008392334,16.424999237060547,12.070711135864258,221400
2005-09-02,16.420000076293945,16.44499969482422,16.184999465942383,16.274999618530273,11.960477828979492,278400
2005-09-06,16.325000762939453,16.8799991607666,16.325000762939453,16.790000915527344,12.338957786560059,216000
2005-09-07,16.795000076293945,16.975000381469727,16.56999969482422,16.94499969482422,12.452864646911621,191800
2005-09-08,16.895000457763672,16.895000457763672,16.6299991607666,16.854999542236328,12.386720657348633,153400
2005-09-09,16.905000686645508,17.145000457763672,16.885000228881836,17.100000381469727,12.566774368286133,177800
2005-09-12,17.075000762939453,17.549999237060547,17.03499984741211,17.405000686645508,12.790912628173828,218800
2005-09-13,17.325000762939453,17.325000762939453,17.079999923706055,17.09000015258789,12.55942440032959,135000
2005-09-14,17.05500030517578,17.174999237060547,16.719999313354492,16.799999237060547,12.34630298614502,266000
2005-09-15,16.799999237060547,16.875,16.454999923706055,16.489999771118164,12.118481636047363,216600
2005-09-16,16.584999084472656,16.899999618530273,16.56999969482422,16.799999237060547,12.34630298614502,315000
2005-09-19,16.774999618530273,16.850000381469727,16.614999771118164,16.625,12.217696189880371,173200
2005-09-20,16.655000686645508,16.8799991607666,16.219999313354492,16.25,11.942109107971191,227000
2005-09-21,16.25,16.514999389648438,15.960000038146973,16.100000381469727,11.83187198638916,348000
2005-09-22,16.049999237060547,16.565000534057617,15.904999732971191,16.549999237060547,12.162575721740723,212000
2005-09-23,16.475000381469727,16.764999389648438,16.260000228881836,16.520000457763672,12.14052677154541,143800
2005-09-26,16.520000457763672,16.9950008392334,16.520000457763672,16.854999542236328,12.386720657348633,201000
2005-09-27,16.860000610351562,16.899999618530273,16.735000610351562,16.735000610351562,12.298534393310547,165200
2005-09-28,16.760000228881836,16.764999389648438,16.25,16.44499969482422,12.085412979125977,216600
2005-09-29,16.469999313354492,16.56999969482422,16.274999618530273,16.559999465942383,12.16992473602295,227400
2005-09-30,16.559999465942383,16.739999771118164,16.43000030517578,16.520000457763672,12.14052677154541,165200
2005-10-03,16.545000076293945,16.75,16.545000076293945,16.739999771118164,12.302210807800293,142600
2005-10-04,16.690000534057617,17.350000381469727,16.690000534057617,16.875,12.40141773223877,304800
2005-10-05,16.950000762939453,17.059999465942383,16.709999084472656,16.844999313354492,12.379372596740723,373000
2005-10-06,16.844999313354492,17.05500030517578,16.81999969482422,16.924999237060547,12.438167572021484,306200
2005-10-07,16.934999465942383,17.155000686645508,16.829999923706055,16.985000610351562,12.482257843017578,187600
2005-10-10,16.989999771118164,17.270000457763672,16.96500015258789,16.985000610351562,12.482257843017578,196800
2005-10-11,17.084999084472656,17.174999237060547,17.0,17.0,12.493282318115234,343400
2005-10-12,17.0049991607666,17.075000762939453,16.3799991607666,16.729999542236328,12.294857025146484,384000
2005-10-13,16.735000610351562,16.735000610351562,16.204999923706055,16.635000228881836,12.225045204162598,467800
2005-10-14,16.68000030517578,17.295000076293945,16.475000381469727,16.825000762939453,12.364676475524902,306800
2005-10-17,16.829999923706055,16.954999923706055,16.704999923706055,16.739999771118164,12.302210807800293,395400
2005-10-18,16.889999389648438,16.950000762939453,16.46500015258789,16.639999389648438,12.228714942932129,415400
2005-10-19,16.59000015258789,16.649999618530273,16.014999389648438,16.415000915527344,12.063370704650879,713800
2005-10-20,16.46500015258789,16.530000686645508,16.079999923706055,16.155000686645508,11.872296333312988,542200
2005-10-21,16.15999984741211,16.15999984741211,15.604999542236328,15.625,11.482793807983398,951600
2005-10-24,15.75,16.655000686645508,15.75,16.6299991607666,12.221366882324219,1189000
2005-10-25,16.530000686645508,16.53499984741211,16.084999084472656,16.1299991607666,11.853922843933105,444400
2005-10-26,16.135000228881836,16.184999465942383,15.875,16.0049991607666,11.762055397033691,804200
2005-10-27,16.075000762939453,16.075000762939453,15.359999656677246,15.414999961853027,11.32846736907959,651200
2005-10-28,15.489999771118164,16.270000457763672,15.489999771118164,16.239999771118164,11.934760093688965,711600
2005-10-31,16.21500015258789,17.020000457763672,16.21500015258789,16.864999771118164,12.394070625305176,595600
2005-11-01,16.790000915527344,16.850000381469727,16.549999237060547,16.69499969482422,12.269137382507324,307600
2005-11-02,16.7450008392334,17.530000686645508,16.7450008392334,17.395000457763672,12.783565521240234,366000
2005-11-03,17.4950008392334,17.645000457763672,17.174999237060547,17.219999313354492,12.654963493347168,241000
2005-11-04,17.19499969482422,17.420000076293945,17.104999542236328,17.420000076293945,12.801939010620117,125400
2005-11-07,17.40999984741211,17.614999771118164,17.209999084472656,17.364999771118164,12.761519432067871,193200
2005-11-08,17.309999465942383,17.309999465942383,17.065000534057617,17.2450008392334,12.717276573181152,143800
2005-11-09,17.2450008392334,17.334999084472656,17.065000534057617,17.15999984741211,12.654594421386719,279400
2005-11-10,17.15999984741211,17.299999237060547,16.764999389648438,17.290000915527344,12.750458717346191,468800
2005-11-11,17.239999771118164,17.56999969482422,17.200000762939453,17.225000381469727,12.70252799987793,315200
2005-11-14,17.299999237060547,17.469999313354492,17.125,17.280000686645508,12.743084907531738,231400
2005-11-15,17.200000762939453,17.364999771118164,16.885000228881836,16.940000534057617,12.49235725402832,228400
2005-11-16,16.905000686645508,17.0,16.575000762939453,16.700000762939453,12.315363883972168,229200
2005-11-17,16.735000610351562,17.5049991607666,16.735000610351562,17.475000381469727,12.886887550354004,231600
2005-11-18,17.65999984741211,17.65999984741211,17.299999237060547,17.3700008392334,12.809455871582031,162000
2005-11-21,17.44499969482422,17.889999389648438,17.170000076293945,17.635000228881836,13.004878997802734,208400
2005-11-22,17.635000228881836,17.795000076293945,17.5,17.71500015258789,13.06386947631836,133400
2005-11-23,17.690000534057617,17.899999618530273,17.655000686645508,17.700000762939453,13.05280876159668,107000
2005-11-25,17.725000381469727,17.985000610351562,17.565000534057617,17.90999984741211,13.207676887512207,79600
2005-11-28,17.864999771118164,17.915000915527344,17.600000381469727,17.600000381469727,12.9790678024292,289000
2005-11-29,17.649999618530273,17.950000762939453,17.594999313354492,17.84000015258789,13.15605354309082,186400
2005-11-30,17.864999771118164,18.100000381469727,17.690000534057617,17.809999465942383,13.133931159973145,267200
2005-12-01,17.850000381469727,18.344999313354492,17.850000381469727,18.329999923706055,13.51740837097168,579200
2005-12-02,18.325000762939453,18.649999618530273,18.25,18.594999313354492,13.712825775146484,800800
2005-12-05,18.545000076293945,18.780000686645508,18.334999084472656,18.719999313354492,13.805008888244629,311800
2005-12-06,18.725000381469727,19.344999313354492,18.625,19.315000534057617,14.243791580200195,728200
2005-12-07,19.315000534057617,19.7450008392334,19.024999618530273,19.729999542236328,14.549827575683594,1126800
2005-12-08,19.674999237060547,19.68000030517578,19.2450008392334,19.334999084472656,14.258537292480469,1447200
2005-12-09,19.0,19.145000457763672,18.55500030517578,19.030000686645508,14.033614158630371,1093600
2005-12-12,19.05500030517578,19.315000534057617,19.05500030517578,19.264999389648438,14.206914901733398,535400
2005-12-13,19.229999542236328,19.350000381469727,19.110000610351562,19.28499984741211,14.221663475036621,562000
2005-12-14,19.25,19.524999618530273,19.25,19.5,14.380221366882324,248200
2005-12-15,19.5049991607666,19.55500030517578,19.0,19.075000762939453,14.06679916381836,356800
2005-12-16,19.125,19.4950008392334,19.125,19.375,14.288039207458496,425800
2005-12-19,19.375,19.375,18.75,18.924999237060547,13.956182479858398,332800
2005-12-20,18.924999237060547,18.979999542236328,18.454999923706055,18.75,13.827128410339355,327800
2005-12-21,18.975000381469727,19.200000762939453,18.825000762939453,19.100000381469727,14.085240364074707,311000
2005-12-22,19.100000381469727,19.155000686645508,18.719999313354492,18.93000030517578,13.959869384765625,319600
2005-12-23,18.950000762939453,19.15999984741211,18.950000762939453,19.110000610351562,14.092610359191895,150000
2005-12-27,19.110000610351562,19.125,18.709999084472656,18.709999084472656,13.797633171081543,218200
2005-12-28,18.760000228881836,19.06999969482422,18.709999084472656,18.975000381469727,13.993057250976562,152400
2005-12-29,18.975000381469727,19.31999969482422,18.78499984741211,19.18000030517578,14.144232749938965,233200
2005-12-30,19.184999465942383,19.184999465942383,18.989999771118164,19.100000381469727,14.085240364074707,272000
2006-01-03,19.174999237060547,19.225000381469727,18.6299991607666,19.165000915527344,14.133172988891602,495000
2006-01-04,19.165000915527344,19.575000762939453,19.024999618530273,19.55500030517578,14.420777320861816,495600
2006-01-05,19.530000686645508,19.579999923706055,19.334999084472656,19.450000762939453,14.343345642089844,246600
2006-01-06,19.5,19.584999084472656,19.31999969482422,19.5049991607666,14.383901596069336,215200
2006-01-09,19.530000686645508,20.25,19.530000686645508,20.200000762939453,14.896429061889648,442600
2006-01-10,20.200000762939453,20.25,20.020000457763672,20.094999313354492,14.81899356842041,346000
2006-01-11,20.100000381469727,20.44499969482422,20.010000228881836,20.44499969482422,15.077109336853027,237800
2006-01-12,20.420000076293945,20.454999923706055,20.100000381469727,20.200000762939453,14.896429061889648,279800
2006-01-13,20.225000381469727,20.31999969482422,20.155000686645508,20.260000228881836,14.940674781799316,191200
2006-01-17,20.325000762939453,20.325000762939453,19.729999542236328,19.915000915527344,14.686263084411621,496800
2006-01-18,19.915000915527344,19.989999771118164,19.645000457763672,19.739999771118164,14.557208061218262,228600
2006-01-19,19.815000534057617,20.0,19.655000686645508,19.975000381469727,14.73050308227539,234000
2006-01-20,20.0,20.0,19.600000381469727,19.700000762939453,14.527711868286133,183400
2006-01-23,19.799999237060547,19.969999313354492,18.9950008392334,19.03499984741211,14.03730297088623,1970400
2006-01-24,19.15999984741211,19.524999618530273,19.125,19.485000610351562,14.369156837463379,1727800
2006-01-25,19.450000762939453,19.479999542236328,18.950000762939453,18.954999923706055,13.978306770324707,1870800
2006-01-26,18.954999923706055,19.049999237060547,18.780000686645508,18.959999084472656,13.981992721557617,4308200
2006-01-27,19.084999084472656,19.110000610351562,18.954999923706055,19.045000076293945,14.044679641723633,1674200
2006-01-30,19.049999237060547,19.260000228881836,19.014999389648438,19.19499969482422,14.155293464660645,1007200
2006-01-31,19.15999984741211,19.25,18.93000030517578,19.149999618530273,14.122110366821289,745600
2006-02-01,19.149999618530273,19.7450008392334,19.1200008392334,19.56999969482422,14.43183708190918,1800800
2006-02-02,19.56999969482422,19.670000076293945,19.46500015258789,19.549999237060547,14.417084693908691,1194000
2006-02-03,19.55500030517578,19.75,19.4950008392334,19.709999084472656,14.535075187683105,661000
2006-02-06,19.78499984741211,19.78499984741211,19.540000915527344,19.700000762939453,14.527711868286133,728200
2006-02-07,19.7549991607666,19.850000381469727,19.4950008392334,19.559999465942383,14.42446517944336,650400
2006-02-08,19.559999465942383,19.559999465942383,19.274999618530273,19.5,14.42446517944336,349000
2006-02-09,19.56999969482422,19.68000030517578,19.31999969482422,19.350000381469727,14.313508987426758,454200
2006-02-10,19.299999237060547,19.665000915527344,19.299999237060547,19.575000762939453,14.479944229125977,349400
2006-02-13,19.600000381469727,19.780000686645508,19.510000228881836,19.760000228881836,14.616788864135742,747400
2006-02-14,20.75,21.2450008392334,20.31999969482422,21.024999618530273,15.552525520324707,2061600
2006-02-15,21.450000762939453,21.625,21.235000610351562,21.31999969482422,15.770750999450684,1421200
2006-02-16,21.5,21.674999237060547,21.440000534057617,21.489999771118164,15.896496772766113,708000
2006-02-17,21.549999237060547,22.010000228881836,21.5,21.725000381469727,16.070337295532227,539400
2006-02-21,21.795000076293945,21.899999618530273,21.299999237060547,21.540000915527344,15.933487892150879,594200
2006-02-22,21.559999465942383,21.795000076293945,21.450000762939453,21.735000610351562,16.077730178833008,496800
2006-02-23,21.735000610351562,22.21500015258789,21.639999389648438,21.915000915527344,16.21087646484375,827800
2006-02-24,21.915000915527344,22.100000381469727,21.674999237060547,22.065000534057617,16.321836471557617,286400
2006-02-27,22.05500030517578,22.270000457763672,22.014999389648438,22.084999084472656,16.33662986755371,278800
2006-02-28,22.09000015258789,22.09000015258789,21.579999923706055,21.6200008392334,15.992664337158203,274200
2006-03-01,21.69499969482422,22.049999237060547,21.69499969482422,22.0049991607666,16.277448654174805,1361600
2006-03-02,21.954999923706055,22.075000762939453,21.565000534057617,21.924999237060547,16.218278884887695,352200
2006-03-03,21.924999237060547,22.09000015258789,21.735000610351562,21.81999969482422,16.14060401916504,349400
2006-03-06,21.344999313354492,22.049999237060547,21.344999313354492,21.65999984741211,16.02225112915039,506000
2006-03-07,21.584999084472656,21.774999618530273,21.514999389648438,21.670000076293945,16.029647827148438,624200
2006-03-08,21.670000076293945,21.69499969482422,21.21500015258789,21.635000228881836,16.003755569458008,591200
2006-03-09,21.625,21.655000686645508,21.235000610351562,21.40999984741211,15.837320327758789,359600
2006-03-10,21.53499984741211,21.579999923706055,21.350000381469727,21.5,15.903897285461426,564200
2006-03-13,21.475000381469727,22.03499984741211,21.475000381469727,21.71500015258789,16.062936782836914,386600
2006-03-14,21.71500015258789,22.010000228881836,21.625,21.985000610351562,16.262659072875977,250400
2006-03-15,21.940000534057617,22.4950008392334,21.940000534057617,22.34000015258789,16.525253295898438,667800
2006-03-16,22.440000534057617,22.489999771118164,22.2549991607666,22.299999237060547,16.495662689208984,275200
2006-03-17,22.399999618530273,22.46500015258789,22.229999542236328,22.3700008392334,16.54745101928711,584800
2006-03-20,22.28499984741211,22.604999542236328,22.28499984741211,22.5,16.64360809326172,392600
2006-03-21,22.424999237060547,22.549999237060547,22.0049991607666,22.049999237060547,16.310745239257812,219200
2006-03-22,22.0,22.55500030517578,21.979999542236328,22.44499969482422,16.60292625427246,261800
2006-03-23,22.0,22.05500030517578,21.079999923706055,21.40999984741211,15.837320327758789,1441800
2006-03-24,21.424999237060547,21.645000457763672,21.34000015258789,21.614999771118164,15.988962173461914,416600
2006-03-27,21.69499969482422,21.75,21.475000381469727,21.719999313354492,16.066633224487305,280600
2006-03-28,21.770000457763672,21.815000534057617,21.1299991607666,21.350000381469727,15.79293441772461,533800
2006-03-29,21.350000381469727,21.4950008392334,21.28499984741211,21.28499984741211,15.744856834411621,562400
2006-03-30,21.235000610351562,21.434999465942383,21.110000610351562,21.399999618530273,15.829923629760742,533400
2006-03-31,21.405000686645508,21.735000610351562,21.354999542236328,21.5,15.903897285461426,565000
2006-04-03,21.575000762939453,21.860000610351562,21.44499969482422,21.764999389648438,16.099924087524414,426000
2006-04-04,21.71500015258789,22.0,21.674999237060547,21.729999542236328,16.074033737182617,600800
2006-04-05,21.735000610351562,21.829999923706055,21.545000076293945,21.6200008392334,15.992664337158203,460000
2006-04-06,21.545000076293945,21.549999237060547,21.0,21.020000457763672,15.548831939697266,982200
2006-04-07,21.049999237060547,21.219999313354492,20.579999923706055,20.690000534057617,15.304720878601074,566200
2006-04-10,20.700000762939453,20.7450008392334,20.46500015258789,20.549999237060547,15.201166152954102,468200
2006-04-11,20.530000686645508,20.6299991607666,20.31999969482422,20.485000610351562,15.153083801269531,338600
2006-04-12,20.53499984741211,20.864999771118164,20.450000762939453,20.80500030517578,15.389790534973145,351400
2006-04-13,20.829999923706055,21.05500030517578,20.6299991607666,20.885000228881836,15.448963165283203,357400
2006-04-17,20.90999984741211,20.975000381469727,20.670000076293945,20.940000534057617,15.489655494689941,433400
2006-04-18,20.739999771118164,21.075000762939453,20.43000030517578,20.5,15.164177894592285,733000
2006-04-19,21.075000762939453,21.40999984741211,20.790000915527344,21.325000762939453,15.774447441101074,1195600
2006-04-20,21.31999969482422,21.709999084472656,20.975000381469727,21.549999237060547,15.940884590148926,604800
2006-04-21,21.75,21.75,21.219999313354492,21.424999237060547,15.848411560058594,338600
2006-04-24,21.424999237060547,21.424999237060547,21.104999542236328,21.165000915527344,15.656089782714844,277400
2006-04-25,21.165000915527344,21.295000076293945,20.979999542236328,21.25,15.71896743774414,282600
2006-04-26,21.25,21.454999923706055,21.139999389648438,21.334999084472656,15.781838417053223,385400
2006-04-27,21.25,21.25,20.780000686645508,20.969999313354492,15.511842727661133,358200
2006-04-28,20.969999313354492,21.165000915527344,20.860000610351562,21.149999618530273,15.644997596740723,434800
2006-05-01,21.200000762939453,21.260000228881836,20.700000762939453,20.760000228881836,15.356508255004883,418400
2006-05-02,20.809999465942383,21.100000381469727,20.524999618530273,21.024999618530273,15.552525520324707,524600
2006-05-03,20.975000381469727,21.100000381469727,20.649999618530273,21.049999237060547,15.571025848388672,353600
2006-05-04,21.5,21.579999923706055,21.200000762939453,21.575000762939453,15.959383010864258,525800
2006-05-05,21.674999237060547,21.850000381469727,21.575000762939453,21.575000762939453,15.959383010864258,546000
2006-05-08,21.575000762939453,21.975000381469727,21.55500030517578,21.954999923706055,16.240468978881836,580600
2006-05-09,21.885000228881836,22.110000610351562,21.780000686645508,22.094999313354492,16.39630699157715,764800
2006-05-10,22.145000457763672,22.325000762939453,21.950000762939453,22.125,16.418561935424805,510400
2006-05-11,22.100000381469727,22.125,21.825000762939453,21.834999084472656,16.20336151123047,428000
2006-05-12,21.78499984741211,21.860000610351562,21.264999389648438,21.40999984741211,15.887975692749023,405600
2006-05-15,21.40999984741211,21.69499969482422,21.239999771118164,21.594999313354492,16.02526092529297,494400
2006-05-16,21.524999618530273,21.610000610351562,21.415000915527344,21.53499984741211,15.980734825134277,1020800
2006-05-17,21.28499984741211,21.725000381469727,21.049999237060547,21.604999542236328,16.03267478942871,1102800
2006-05-18,21.6299991607666,21.65999984741211,21.049999237060547,21.084999084472656,15.646803855895996,1228000
2006-05-19,21.09000015258789,21.295000076293945,20.850000381469727,21.114999771118164,15.669060707092285,429800
2006-05-22,21.114999771118164,21.114999771118164,20.75,20.75,15.398205757141113,843000
2006-05-23,20.809999465942383,21.0,20.780000686645508,20.844999313354492,15.468697547912598,817600
2006-05-24,20.850000381469727,21.114999771118164,20.725000381469727,20.940000534057617,15.539200782775879,983600
2006-05-25,21.024999618530273,21.364999771118164,20.96500015258789,21.34000015258789,15.836041450500488,537200
2006-05-26,21.389999389648438,21.44499969482422,21.15999984741211,21.270000457763672,15.78408432006836,308400
2006-05-30,21.270000457763672,21.360000610351562,20.875,20.885000228881836,15.49837589263916,836400
2006-05-31,20.905000686645508,21.204999923706055,20.864999771118164,21.06999969482422,15.63567066192627,580200
2006-06-01,21.075000762939453,21.46500015258789,21.075000762939453,21.46500015258789,15.928802490234375,387800
2006-06-02,21.43000030517578,21.5,20.850000381469727,21.450000762939453,15.91765308380127,792600
2006-06-05,21.549999237060547,21.790000915527344,20.979999542236328,21.049999237060547,15.620830535888672,508900
2006-06-06,21.049999237060547,21.09000015258789,20.709999084472656,21.059999465942383,15.628247261047363,442000
2006-06-07,21.09000015258789,21.3799991607666,20.6299991607666,20.6299991607666,15.309149742126465,1243400
2006-06-08,20.6299991607666,21.079999923706055,20.329999923706055,20.829999923706055,15.457572937011719,1155300
2006-06-09,20.829999923706055,20.950000762939453,20.510000228881836,20.68000030517578,15.346254348754883,309500
2006-06-12,20.6299991607666,20.670000076293945,20.15999984741211,20.280000686645508,15.049426078796387,535200
2006-06-13,20.280000686645508,20.399999618530273,19.84000015258789,19.93000030517578,14.78969669342041,840600
2006-06-14,19.979999542236328,20.239999771118164,19.93000030517578,20.09000015258789,14.908432006835938,698800
2006-06-15,20.219999313354492,20.799999237060547,20.18000030517578,20.700000762939453,15.361096382141113,525800
2006-06-16,20.709999084472656,20.799999237060547,20.3799991607666,20.559999465942383,15.257210731506348,875700
2006-06-19,20.549999237060547,20.579999923706055,20.219999313354492,20.3799991607666,15.12363338470459,449200
2006-06-20,20.329999923706055,20.479999542236328,20.110000610351562,20.110000610351562,14.92326831817627,776500
2006-06-21,20.170000076293945,20.600000381469727,20.110000610351562,20.3700008392334,15.116214752197266,512400
2006-06-22,20.3700008392334,20.3700008392334,19.959999084472656,20.149999618530273,14.952946662902832,416700
2006-06-23,20.06999969482422,20.280000686645508,19.90999984741211,19.950000762939453,14.804535865783691,309200
2006-06-26,20.020000457763672,20.299999237060547,19.959999084472656,20.1299991607666,14.93811321258545,336700
2006-06-27,20.1299991607666,20.350000381469727,19.969999313354492,20.030000686645508,14.863903999328613,507100
2006-06-28,20.100000381469727,20.31999969482422,19.940000534057617,20.149999618530273,14.952946662902832,626700
2006-06-29,20.299999237060547,20.40999984741211,19.770000457763672,20.350000381469727,15.101374626159668,679700
2006-06-30,20.3799991607666,21.350000381469727,20.110000610351562,21.350000381469727,15.843451499938965,2924700
2006-07-03,21.350000381469727,21.360000610351562,20.940000534057617,21.170000076293945,15.709877014160156,482100
2006-07-05,21.149999618530273,21.149999618530273,20.6299991607666,20.649999618530273,15.323999404907227,502900
2006-07-06,20.6299991607666,21.049999237060547,20.610000610351562,20.790000915527344,15.427886962890625,315700
2006-07-07,20.780000686645508,20.790000915527344,20.440000534057617,20.530000686645508,15.234947204589844,231900
2006-07-10,20.530000686645508,20.809999465942383,20.510000228881836,20.540000915527344,15.2423677444458,141700
2006-07-11,20.540000915527344,20.549999237060547,20.25,20.489999771118164,15.20526123046875,355400
2006-07-12,20.469999313354492,20.489999771118164,20.25,20.299999237060547,15.064266204833984,147600
2006-07-13,20.280000686645508,20.530000686645508,20.030000686645508,20.110000610351562,14.92326831817627,298000
2006-07-14,20.1299991607666,20.229999542236328,19.899999618530273,20.030000686645508,14.863903999328613,379600
2006-07-17,20.020000457763672,20.25,19.93000030517578,20.1200008392334,14.930692672729492,381400
2006-07-18,20.079999923706055,20.100000381469727,19.729999542236328,19.90999984741211,14.774853706359863,279100
2006-07-19,19.940000534057617,20.260000228881836,19.93000030517578,20.190000534057617,14.982637405395508,334000
2006-07-20,20.190000534057617,20.209999084472656,19.81999969482422,19.81999969482422,14.708066940307617,305700
2006-07-21,19.940000534057617,20.18000030517578,19.760000228881836,20.100000381469727,14.915847778320312,296300
2006-07-24,20.149999618530273,20.790000915527344,20.139999389648438,20.639999389648438,15.316571235656738,543300
2006-07-25,20.639999389648438,21.1200008392334,20.459999084472656,20.780000686645508,15.420455932617188,407300
2006-07-26,20.790000915527344,21.389999389648438,20.75,21.280000686645508,15.791501998901367,661800
2006-07-27,21.239999771118164,21.489999771118164,20.700000762939453,20.760000228881836,15.40562629699707,458800
2006-07-28,20.790000915527344,21.549999237060547,20.790000915527344,21.34000015258789,15.836041450500488,363600
2006-07-31,21.350000381469727,21.420000076293945,21.239999771118164,21.389999389648438,15.873133659362793,180900
2006-08-01,21.260000228881836,21.260000228881836,20.75,20.899999618530273,15.509512901306152,286500
2006-08-02,20.899999618530273,21.049999237060547,20.829999923706055,20.920000076293945,15.5243558883667,454900
2006-08-03,20.81999969482422,21.559999465942383,20.799999237060547,21.5,15.954764366149902,297900
2006-08-04,21.579999923706055,21.799999237060547,21.31999969482422,21.5,15.954764366149902,358200
2006-08-07,21.489999771118164,21.489999771118164,21.25,21.34000015258789,15.836041450500488,231300
2006-08-08,21.299999237060547,21.360000610351562,20.639999389648438,20.670000076293945,15.38931655883789,798600
2006-08-09,20.809999465942383,20.940000534057617,20.540000915527344,20.639999389648438,15.366978645324707,398900
2006-08-10,20.549999237060547,20.84000015258789,20.479999542236328,20.700000762939453,15.411648750305176,452300
2006-08-11,20.68000030517578,20.8799991607666,20.520000457763672,20.65999984741211,15.381874084472656,350100
2006-08-14,20.719999313354492,21.139999389648438,20.719999313354492,20.790000915527344,15.478659629821777,326800
2006-08-15,21.0,21.399999618530273,20.899999618530273,21.34000015258789,15.888158798217773,350700
2006-08-16,21.329999923706055,21.530000686645508,21.25,21.360000610351562,15.903039932250977,419800
2006-08-17,21.270000457763672,21.540000915527344,21.260000228881836,21.260000228881836,15.828588485717773,328700
2006-08-18,21.34000015258789,21.3799991607666,21.059999465942383,21.239999771118164,15.813692092895508,385200
2006-08-21,21.239999771118164,21.290000915527344,20.93000030517578,20.959999084472656,15.605226516723633,170600
2006-08-22,20.950000762939453,21.040000915527344,20.760000228881836,20.81999969482422,15.500999450683594,287300
2006-08-23,20.790000915527344,20.850000381469727,20.559999465942383,20.6299991607666,15.359532356262207,351400
2006-08-24,20.729999542236328,20.729999542236328,20.25,20.299999237060547,15.113842964172363,435500
2006-08-25,20.309999465942383,20.40999984741211,20.1200008392334,20.149999618530273,15.002156257629395,557300
2006-08-28,20.100000381469727,20.399999618530273,20.059999465942383,20.329999923706055,15.13617992401123,533900
2006-08-29,20.309999465942383,20.56999969482422,20.190000534057617,20.3799991607666,15.173405647277832,438100
2006-08-30,20.43000030517578,20.68000030517578,20.280000686645508,20.489999771118164,15.255301475524902,286600
2006-08-31,20.489999771118164,20.579999923706055,20.3799991607666,20.420000076293945,15.203190803527832,205700
2006-09-01,20.40999984741211,20.799999237060547,20.3700008392334,20.729999542236328,15.433989524841309,263400
2006-09-05,20.760000228881836,21.270000457763672,20.760000228881836,21.190000534057617,15.776467323303223,533800
2006-09-06,21.190000534057617,21.3700008392334,20.989999771118164,21.209999084472656,15.791356086730957,644400
2006-09-07,21.209999084472656,21.65999984741211,21.110000610351562,21.549999237060547,16.044498443603516,591900
2006-09-08,21.559999465942383,22.010000228881836,21.540000915527344,21.649999618530273,16.118946075439453,951000
2006-09-11,21.65999984741211,22.18000030517578,21.6200008392334,22.079999923706055,16.439096450805664,429600
2006-09-12,22.059999465942383,22.559999465942383,21.959999084472656,22.479999542236328,16.736902236938477,401300
2006-09-13,22.510000228881836,22.68000030517578,22.34000015258789,22.549999237060547,16.789018630981445,206300
2006-09-14,22.450000762939453,22.649999618530273,22.280000686645508,22.600000381469727,16.826251983642578,160600
2006-09-15,22.610000610351562,22.780000686645508,22.360000610351562,22.6299991607666,16.848581314086914,934800
2006-09-18,22.100000381469727,22.110000610351562,21.170000076293945,21.81999969482422,16.245521545410156,1601800
2006-09-19,21.93000030517578,22.190000534057617,21.790000915527344,22.110000610351562,16.461437225341797,415900
2006-09-20,22.309999465942383,22.709999084472656,22.170000076293945,22.600000381469727,16.826251983642578,554800
2006-09-21,22.59000015258789,22.68000030517578,22.31999969482422,22.600000381469727,16.826251983642578,1108500
2006-09-22,22.530000686645508,22.8799991607666,22.420000076293945,22.760000228881836,16.945377349853516,647700
2006-09-25,23.899999618530273,23.899999618530273,22.959999084472656,23.510000228881836,17.503768920898438,579800
2006-09-26,23.40999984741211,23.81999969482422,23.350000381469727,23.489999771118164,17.488872528076172,640600
2006-09-27,23.5,23.68000030517578,23.40999984741211,23.540000915527344,17.526100158691406,503700
2006-09-28,23.59000015258789,23.719999313354492,23.5,23.68000030517578,17.630332946777344,390400
2006-09-29,23.639999389648438,23.790000915527344,23.3799991607666,23.399999618530273,17.42186737060547,390300
2006-10-02,23.360000610351562,23.760000228881836,23.239999771118164,23.540000915527344,17.526100158691406,399400
2006-10-03,23.440000534057617,24.079999923706055,23.239999771118164,23.729999542236328,17.667564392089844,793400
2006-10-04,23.649999618530273,24.030000686645508,23.540000915527344,23.989999771118164,17.86113929748535,401700
2006-10-05,24.040000915527344,24.229999542236328,23.790000915527344,23.989999771118164,17.86113929748535,513700
2006-10-06,23.8799991607666,24.0,23.65999984741211,23.860000610351562,17.764347076416016,902400
2006-10-09,23.860000610351562,23.959999084472656,23.559999465942383,23.809999465942383,17.727115631103516,436900
2006-10-10,23.809999465942383,23.920000076293945,23.549999237060547,23.670000076293945,17.622892379760742,379800
2006-10-11,23.600000381469727,23.6299991607666,23.260000228881836,23.59000015258789,17.563331604003906,423700
2006-10-12,23.579999923706055,23.920000076293945,23.549999237060547,23.760000228881836,17.689897537231445,420700
2006-10-13,23.760000228881836,23.93000030517578,23.639999389648438,23.790000915527344,17.712234497070312,174900
2006-10-16,23.780000686645508,23.979999542236328,23.690000534057617,23.860000610351562,17.764347076416016,548500
2006-10-17,23.8700008392334,23.8700008392334,23.440000534057617,23.59000015258789,17.563331604003906,470000
2006-10-18,23.6200008392334,23.81999969482422,23.459999084472656,23.489999771118164,17.488872528076172,382000
2006-10-19,23.399999618530273,23.6299991607666,23.190000534057617,23.40999984741211,17.429306030273438,455100
2006-10-20,23.389999389648438,23.450000762939453,23.1299991607666,23.200000762939453,17.272964477539062,500100
2006-10-23,23.270000457763672,23.360000610351562,23.170000076293945,23.25,17.31018829345703,536400
2006-10-24,23.200000762939453,23.34000015258789,23.139999389648438,23.190000534057617,17.265520095825195,902700
2006-10-25,23.229999542236328,23.280000686645508,22.989999771118164,23.06999969482422,17.176179885864258,491500
2006-10-26,23.100000381469727,23.360000610351562,23.079999923706055,23.25,17.31018829345703,498300
2006-10-27,23.1200008392334,23.299999237060547,22.889999389648438,23.059999465942383,17.168729782104492,434100
2006-10-30,22.959999084472656,23.18000030517578,22.940000534057617,23.149999618530273,17.235734939575195,503700
2006-10-31,23.1200008392334,23.25,22.889999389648438,22.979999542236328,17.10917091369629,1067800
2006-11-01,22.979999542236328,23.15999984741211,22.799999237060547,22.81999969482422,16.990041732788086,465000
2006-11-02,22.829999923706055,22.829999923706055,22.489999771118164,22.489999771118164,16.744354248046875,555500
2006-11-03,22.530000686645508,22.6200008392334,22.270000457763672,22.489999771118164,16.744354248046875,414300
2006-11-06,22.489999771118164,22.700000762939453,22.459999084472656,22.610000610351562,16.833698272705078,279700
2006-11-07,22.549999237060547,22.84000015258789,22.510000228881836,22.6299991607666,16.848581314086914,180700
2006-11-08,22.510000228881836,22.899999618530273,22.280000686645508,22.739999771118164,16.98301124572754,286800
2006-11-09,22.75,22.860000610351562,22.59000015258789,22.68000030517578,16.938207626342773,163100
2006-11-10,22.6299991607666,23.0,22.559999465942383,22.90999984741211,17.109975814819336,217700
2006-11-13,22.850000381469727,23.15999984741211,22.760000228881836,23.049999237060547,17.214529037475586,283400
2006-11-14,23.149999618530273,23.31999969482422,22.979999542236328,23.280000686645508,17.38630485534668,340800
2006-11-15,23.18000030517578,23.34000015258789,23.079999923706055,23.190000534057617,17.319093704223633,468000
2006-11-16,23.18000030517578,23.450000762939453,23.010000228881836,23.43000030517578,17.498334884643555,404400
2006-11-17,23.43000030517578,23.43000030517578,23.059999465942383,23.399999618530273,17.475927352905273,729800
2006-11-20,23.399999618530273,23.510000228881836,23.170000076293945,23.459999084472656,17.52074432373047,497200
2006-11-21,23.420000076293945,23.65999984741211,23.360000610351562,23.649999618530273,17.662630081176758,413900
2006-11-22,23.6200008392334,23.709999084472656,23.450000762939453,23.6200008392334,17.640233993530273,210500
2006-11-24,23.6299991607666,23.65999984741211,23.40999984741211,23.510000228881836,17.558080673217773,83200
2006-11-27,23.549999237060547,23.549999237060547,23.309999465942383,23.329999923706055,17.42364501953125,539300
2006-11-28,23.34000015258789,23.68000030517578,23.290000915527344,23.600000381469727,17.625289916992188,794700
2006-11-29,23.579999923706055,23.889999389648438,23.479999542236328,23.81999969482422,17.789600372314453,423600
2006-11-30,23.81999969482422,23.81999969482422,23.31999969482422,23.469999313354492,17.5282039642334,349000
2006-12-01,23.520000457763672,23.649999618530273,23.309999465942383,23.540000915527344,17.580482482910156,559800
2006-12-04,23.540000915527344,24.149999618530273,23.510000228881836,24.010000228881836,17.93149185180664,362400
2006-12-05,23.989999771118164,24.049999237060547,23.75,23.799999237060547,17.774658203125,362300
2006-12-06,23.770000457763672,23.860000610351562,23.670000076293945,23.690000534057617,17.692508697509766,222700
2006-12-07,23.709999084472656,23.809999465942383,23.549999237060547,23.559999465942383,17.595422744750977,401100
2006-12-08,23.520000457763672,23.719999313354492,23.5,23.610000610351562,17.63276481628418,200100
2006-12-11,23.6200008392334,24.139999389648438,23.5,24.079999923706055,17.983776092529297,504000
2006-12-12,24.020000457763672,24.020000457763672,23.729999542236328,23.8799991607666,17.83441162109375,438500
2006-12-13,23.93000030517578,24.3700008392334,23.8799991607666,24.209999084472656,18.080862045288086,422500
2006-12-14,24.260000228881836,24.459999084472656,24.040000915527344,24.040000915527344,17.953907012939453,384800
2006-12-15,24.100000381469727,24.18000030517578,23.829999923706055,23.829999923706055,17.79706382751465,183400
2006-12-18,23.8700008392334,23.920000076293945,23.540000915527344,23.579999923706055,17.6103515625,150500
2006-12-19,23.5,23.6299991607666,23.15999984741211,23.600000381469727,17.625289916992188,264100
2006-12-20,23.850000381469727,24.100000381469727,23.6299991607666,23.850000381469727,17.812002182006836,287000
2006-12-21,23.850000381469727,23.989999771118164,23.75,23.780000686645508,17.75972557067871,275000
2006-12-22,23.790000915527344,23.90999984741211,23.690000534057617,23.75,17.737321853637695,114100
2006-12-26,23.790000915527344,23.93000030517578,23.600000381469727,23.850000381469727,17.812002182006836,175000
2006-12-27,23.829999923706055,24.049999237060547,23.559999465942383,23.700000762939453,17.699975967407227,154400
2006-12-28,23.610000610351562,23.75,23.579999923706055,23.739999771118164,17.729848861694336,113300
2006-12-29,23.700000762939453,23.81999969482422,23.540000915527344,23.56999969482422,17.60288429260254,220200
2007-01-03,23.59000015258789,23.850000381469727,23.520000457763672,23.6200008392334,17.640233993530273,249100
2007-01-04,23.579999923706055,23.59000015258789,23.34000015258789,23.459999084472656,17.52074432373047,380000
2007-01-05,23.530000686645508,24.09000015258789,23.510000228881836,23.65999984741211,17.67009925842285,461300
2007-01-08,23.600000381469727,23.790000915527344,23.549999237060547,23.760000228881836,17.744787216186523,303600
2007-01-09,23.850000381469727,24.239999771118164,23.790000915527344,24.139999389648438,18.028583526611328,339100
2007-01-10,24.1299991607666,24.25,24.0,24.15999984741211,18.043519973754883,213300
2007-01-11,24.15999984741211,24.459999084472656,24.15999984741211,24.3799991607666,18.207820892333984,249400
2007-01-12,24.329999923706055,24.34000015258789,23.18000030517578,23.350000381469727,17.43859100341797,1435800
2007-01-16,23.3700008392334,23.6200008392334,23.290000915527344,23.520000457763672,17.5655460357666,859900
2007-01-17,23.43000030517578,23.579999923706055,23.06999969482422,23.079999923706055,17.236940383911133,1082000
2007-01-18,23.079999923706055,23.079999923706055,22.639999389648438,22.850000381469727,17.065168380737305,989000
2007-01-19,22.850000381469727,23.1200008392334,22.780000686645508,23.049999237060547,17.214529037475586,767400
2007-01-22,23.079999923706055,23.1299991607666,22.889999389648438,23.100000381469727,17.251873016357422,337100
2007-01-23,23.010000228881836,23.649999618530273,23.010000228881836,23.329999923706055,17.42364501953125,389400
2007-01-24,23.3700008392334,23.610000610351562,23.3700008392334,23.5,17.550601959228516,343600
2007-01-25,23.5,23.65999984741211,23.34000015258789,23.34000015258789,17.43111801147461,311400
2007-01-26,23.280000686645508,23.350000381469727,22.90999984741211,23.260000228881836,17.37137222290039,371400
2007-01-29,23.360000610351562,23.579999923706055,23.139999389648438,23.510000228881836,17.558080673217773,401900
2007-01-30,23.600000381469727,23.75,23.600000381469727,23.739999771118164,17.729848861694336,377800
2007-01-31,23.639999389648438,24.110000610351562,23.56999969482422,23.969999313354492,17.901620864868164,387900
2007-02-01,24.0,24.229999542236328,23.899999618530273,24.170000076293945,18.05098533630371,422600
2007-02-02,24.1200008392334,24.59000015258789,24.1200008392334,24.420000076293945,18.23769187927246,412400
2007-02-05,24.440000534057617,24.579999923706055,24.170000076293945,24.329999923706055,18.170480728149414,1268600
2007-02-06,24.350000381469727,24.459999084472656,24.309999465942383,24.420000076293945,18.23769187927246,269800
2007-02-07,24.450000762939453,24.6200008392334,24.360000610351562,24.40999984741211,18.230228424072266,577700
2007-02-08,24.31999969482422,24.450000762939453,24.299999237060547,24.399999618530273,18.275169372558594,340500
2007-02-09,24.3799991607666,24.559999465942383,24.280000686645508,24.31999969482422,18.215242385864258,158500
2007-02-12,24.31999969482422,24.399999618530273,24.0,24.040000915527344,18.005538940429688,327300
2007-02-13,24.1200008392334,24.31999969482422,24.06999969482422,24.100000381469727,18.050472259521484,264000
2007-02-14,23.40999984741211,23.5,22.739999771118164,22.950000762939453,17.18914794921875,1728800
2007-02-15,22.950000762939453,23.079999923706055,22.510000228881836,22.75,17.039342880249023,806300
2007-02-16,22.75,22.75,22.489999771118164,22.739999771118164,17.0318546295166,490200
2007-02-20,22.75,23.010000228881836,22.5,22.8700008392334,17.129228591918945,521600
2007-02-21,22.729999542236328,22.8700008392334,22.510000228881836,22.729999542236328,17.02436637878418,399100
2007-02-22,22.75,23.209999084472656,22.56999969482422,22.719999313354492,17.01687240600586,522700
2007-02-23,22.6299991607666,22.719999313354492,22.489999771118164,22.5,16.852096557617188,624700
2007-02-26,22.5,22.65999984741211,22.309999465942383,22.40999984741211,16.784692764282227,477900
2007-02-27,22.1299991607666,22.34000015258789,21.65999984741211,22.010000228881836,16.4851016998291,723700
2007-02-28,22.0,22.100000381469727,21.809999465942383,21.959999084472656,16.447649002075195,408300
2007-03-01,21.8799991607666,21.8799991607666,21.280000686645508,21.549999237060547,16.14056968688965,820500
2007-03-02,21.600000381469727,21.739999771118164,21.329999923706055,21.34000015258789,15.983290672302246,731000
2007-03-05,21.329999923706055,21.469999313354492,20.719999313354492,20.719999313354492,15.51891040802002,1268400
2007-03-06,20.719999313354492,21.360000610351562,20.610000610351562,21.299999237060547,15.953329086303711,980600
2007-03-07,21.360000610351562,22.729999542236328,21.219999313354492,22.170000076293945,16.60494041442871,1491600
2007-03-08,22.270000457763672,22.329999923706055,21.790000915527344,21.889999389648438,16.395227432250977,849500
2007-03-09,21.889999389648438,21.989999771118164,21.5,21.56999969482422,16.155553817749023,758100
2007-03-12,21.56999969482422,21.700000762939453,21.350000381469727,21.489999771118164,16.09562873840332,1062400
2007-03-13,21.450000762939453,21.450000762939453,20.969999313354492,21.010000228881836,15.736117362976074,1082100
2007-03-14,21.110000610351562,21.260000228881836,20.440000534057617,20.719999313354492,15.51891040802002,1330600
2007-03-15,20.670000076293945,21.049999237060547,20.670000076293945,20.860000610351562,15.623767852783203,902100
2007-03-16,20.690000534057617,20.84000015258789,20.3700008392334,20.450000762939453,15.316691398620605,748300
2007-03-19,20.540000915527344,21.149999618530273,20.540000915527344,20.690000534057617,15.496438026428223,1171300
2007-03-20,20.600000381469727,20.649999618530273,20.389999389648438,20.59000015258789,15.421541213989258,802000
2007-03-21,21.06999969482422,21.06999969482422,20.559999465942383,20.979999542236328,15.713643074035645,595400
2007-03-22,20.899999618530273,20.899999618530273,20.530000686645508,20.790000915527344,15.571343421936035,992900
2007-03-23,20.790000915527344,20.829999923706055,20.639999389648438,20.65999984741211,15.473977088928223,957700
2007-03-26,20.739999771118164,20.8700008392334,20.399999618530273,20.600000381469727,15.429030418395996,653800
2007-03-27,20.5,20.59000015258789,20.299999237060547,20.3700008392334,15.256770133972168,661300
2007-03-28,20.3799991607666,20.469999313354492,20.280000686645508,20.389999389648438,15.271746635437012,574700
2007-03-29,20.389999389648438,20.520000457763672,20.170000076293945,20.290000915527344,15.196859359741211,660300
2007-03-30,20.270000457763672,20.479999542236328,20.18000030517578,20.299999237060547,15.204339981079102,409400
2007-04-02,20.84000015258789,20.93000030517578,20.440000534057617,20.530000686645508,15.376609802246094,687700
2007-04-03,20.530000686645508,21.06999969482422,20.530000686645508,21.049999237060547,15.766080856323242,1442400
2007-04-04,21.149999618530273,21.280000686645508,20.670000076293945,20.75,15.541385650634766,592900
2007-04-05,20.549999237060547,20.68000030517578,20.540000915527344,20.6200008392334,15.444011688232422,377700
2007-04-09,20.65999984741211,20.889999389648438,20.59000015258789,20.719999313354492,15.51891040802002,427200
2007-04-10,20.729999542236328,20.959999084472656,20.670000076293945,20.84000015258789,15.608793258666992,587300
2007-04-11,20.8700008392334,20.969999313354492,20.59000015258789,20.649999618530273,15.466487884521484,525600
2007-04-12,20.6299991607666,20.739999771118164,20.40999984741211,20.700000762939453,15.50393009185791,712800
2007-04-13,20.719999313354492,21.149999618530273,20.719999313354492,21.149999618530273,15.840978622436523,1057900
2007-04-16,21.260000228881836,21.459999084472656,21.15999984741211,21.360000610351562,15.998260498046875,662600
2007-04-17,21.459999084472656,21.530000686645508,21.329999923706055,21.459999084472656,16.073158264160156,672300
2007-04-18,21.459999084472656,21.520000457763672,21.190000534057617,21.440000534057617,16.05817985534668,472200
2007-04-19,21.34000015258789,21.829999923706055,21.299999237060547,21.68000030517578,16.237930297851562,822500
2007-04-20,22.030000686645508,22.030000686645508,21.459999084472656,21.479999542236328,16.088136672973633,1197000
2007-04-23,21.40999984741211,21.540000915527344,21.31999969482422,21.5,16.103118896484375,452800
2007-04-24,21.510000228881836,21.530000686645508,20.889999389648438,20.969999313354492,15.706156730651855,748200
2007-04-25,21.049999237060547,21.15999984741211,20.950000762939453,21.149999618530273,15.840978622436523,901200
2007-04-26,21.200000762939453,21.25,20.639999389648438,20.81999969482422,15.593814849853516,511800
2007-04-27,20.829999923706055,20.829999923706055,20.43000030517578,20.549999237060547,15.391584396362305,758600
2007-04-30,20.59000015258789,20.709999084472656,20.270000457763672,20.280000686645508,15.189360618591309,981400
2007-05-01,19.450000762939453,20.280000686645508,19.389999389648438,20.239999771118164,15.159398078918457,729200
2007-05-02,20.25,20.75,20.239999771118164,20.510000228881836,15.361626625061035,1123700
2007-05-03,20.670000076293945,20.719999313354492,20.469999313354492,20.59000015258789,15.421541213989258,912700
2007-05-04,20.6200008392334,20.68000030517578,20.469999313354492,20.639999389648438,15.458990097045898,474300
2007-05-07,20.639999389648438,20.989999771118164,20.639999389648438,20.93000030517578,15.676197052001953,584300
2007-05-08,21.0,21.100000381469727,20.6200008392334,20.889999389648438,15.646239280700684,633700
2007-05-09,20.709999084472656,20.84000015258789,20.440000534057617,20.639999389648438,15.510968208312988,745000
2007-05-10,20.649999618530273,20.950000762939453,20.520000457763672,20.799999237060547,15.631210327148438,508100
2007-05-11,20.969999313354492,20.969999313354492,20.469999313354492,20.729999542236328,15.578600883483887,477900
2007-05-14,20.889999389648438,20.979999542236328,20.75,20.829999923706055,15.653757095336914,540800
2007-05-15,20.829999923706055,20.8799991607666,20.690000534057617,20.709999084472656,15.563579559326172,517300
2007-05-16,20.739999771118164,20.739999771118164,20.40999984741211,20.520000457763672,15.420784950256348,557600
2007-05-17,20.530000686645508,20.530000686645508,20.350000381469727,20.399999618530273,15.330615043640137,358200
2007-05-18,20.3700008392334,20.43000030517578,20.219999313354492,20.3700008392334,15.308066368103027,354600
2007-05-21,20.31999969482422,20.690000534057617,20.25,20.579999923706055,15.4658784866333,709200
2007-05-22,21.399999618530273,22.1200008392334,21.399999618530273,22.040000915527344,16.563072204589844,1421600
2007-05-23,22.059999465942383,22.260000228881836,21.959999084472656,22.040000915527344,16.563072204589844,862200
2007-05-24,22.040000915527344,22.139999389648438,21.440000534057617,21.530000686645508,16.179807662963867,576400
2007-05-25,21.5,21.639999389648438,21.489999771118164,21.56999969482422,16.20987319946289,343100
2007-05-29,21.709999084472656,21.709999084472656,21.209999084472656,21.469999313354492,16.134714126586914,457800
2007-05-30,21.329999923706055,22.149999618530273,21.25,22.06999969482422,16.58561134338379,817200
2007-05-31,22.110000610351562,22.43000030517578,22.049999237060547,22.229999542236328,16.705856323242188,713900
2007-06-01,22.360000610351562,22.510000228881836,22.229999542236328,22.489999771118164,16.9012508392334,635400
2007-06-04,22.389999389648438,22.389999389648438,22.100000381469727,22.219999313354492,16.69833755493164,673100
2007-06-05,22.110000610351562,22.110000610351562,21.770000457763672,21.959999084472656,16.502946853637695,588000
2007-06-06,22.0,22.0,21.520000457763672,21.59000015258789,16.22490119934082,450200
2007-06-07,21.760000228881836,21.760000228881836,21.010000228881836,21.18000030517578,15.916781425476074,585100
2007-06-08,21.18000030517578,21.459999084472656,21.0,21.40999984741211,16.089624404907227,418100
2007-06-11,21.40999984741211,21.40999984741211,21.139999389648438,21.190000534057617,15.924287796020508,365100
2007-06-12,21.059999465942383,21.110000610351562,20.709999084472656,20.75,15.59364128112793,769300
2007-06-13,20.75,21.09000015258789,20.68000030517578,20.860000610351562,15.676302909851074,778700
2007-06-14,20.889999389648438,21.1299991607666,20.799999237060547,21.059999465942383,15.826597213745117,432200
2007-06-15,21.260000228881836,21.459999084472656,21.1299991607666,21.190000534057617,15.924287796020508,370600
2007-06-18,21.149999618530273,21.360000610351562,21.1299991607666,21.219999313354492,15.946834564208984,317400
2007-06-19,21.200000762939453,21.229999542236328,21.0,21.040000915527344,15.811570167541504,438300
2007-06-20,21.149999618530273,21.43000030517578,21.1299991607666,21.149999618530273,15.894235610961914,390800
2007-06-21,21.760000228881836,22.229999542236328,21.75,21.920000076293945,16.472888946533203,1473800
2007-06-22,22.219999313354492,22.219999313354492,21.56999969482422,21.610000610351562,16.23992347717285,496800
2007-06-25,21.700000762939453,21.780000686645508,21.350000381469727,21.43000030517578,16.104656219482422,497000
2007-06-26,21.399999618530273,21.420000076293945,21.0,21.059999465942383,15.826597213745117,704900
2007-06-27,21.0,21.389999389648438,21.0,21.350000381469727,16.044532775878906,716400
2007-06-28,21.3799991607666,21.65999984741211,21.3799991607666,21.489999771118164,16.14974594116211,349100
2007-06-29,21.530000686645508,21.75,21.110000610351562,21.290000915527344,15.9994478225708,488500
2007-07-02,21.399999618530273,21.520000457763672,21.299999237060547,21.520000457763672,16.17229461669922,204200
2007-07-03,21.43000030517578,21.59000015258789,21.350000381469727,21.450000762939453,16.119680404663086,279700
2007-07-05,21.450000762939453,21.770000457763672,21.31999969482422,21.739999771118164,16.337623596191406,501700
2007-07-06,21.6200008392334,21.690000534057617,21.440000534057617,21.520000457763672,16.17229461669922,360200
2007-07-09,21.579999923706055,21.719999313354492,21.489999771118164,21.68000030517578,16.29252815246582,313100
2007-07-10,21.68000030517578,21.68000030517578,21.1299991607666,21.200000762939453,15.931811332702637,580600
2007-07-11,21.270000457763672,21.450000762939453,21.0,21.350000381469727,16.044532775878906,708500
2007-07-12,21.530000686645508,21.920000076293945,21.25,21.540000915527344,16.18731689453125,440900
2007-07-13,21.600000381469727,21.700000762939453,21.020000457763672,21.56999969482422,16.20987319946289,473800
2007-07-16,21.540000915527344,21.979999542236328,21.530000686645508,21.540000915527344,16.18731689453125,630200
2007-07-17,21.510000228881836,21.56999969482422,21.0,21.190000534057617,15.924287796020508,600400
2007-07-18,21.209999084472656,21.540000915527344,21.09000015258789,21.40999984741211,16.089624404907227,585700
2007-07-19,21.31999969482422,21.420000076293945,21.049999237060547,21.34000015258789,16.037025451660156,594800
2007-07-20,21.299999237060547,21.31999969482422,20.950000762939453,20.950000762939453,15.743937492370605,446000
2007-07-23,20.90999984741211,21.219999313354492,20.68000030517578,20.719999313354492,15.571088790893555,318800
2007-07-24,20.520000457763672,21.200000762939453,20.3799991607666,20.440000534057617,15.360669136047363,822700
2007-07-25,20.649999618530273,20.75,20.030000686645508,20.100000381469727,15.105161666870117,382900
2007-07-26,20.0,20.06999969482422,19.25,19.399999618530273,14.579107284545898,597600
2007-07-27,19.479999542236328,19.649999618530273,18.809999465942383,18.81999969482422,14.143239974975586,836800
2007-07-30,19.579999923706055,19.790000915527344,19.0,19.690000534057617,14.79704475402832,1246400
2007-07-31,19.989999771118164,20.18000030517578,19.420000076293945,19.479999542236328,14.639229774475098,626800
2007-08-01,19.559999465942383,20.040000915527344,19.420000076293945,19.790000915527344,14.872198104858398,663400
2007-08-02,19.93000030517578,20.1299991607666,19.729999542236328,20.100000381469727,15.105161666870117,695300
2007-08-03,19.950000762939453,20.139999389648438,19.34000015258789,19.360000610351562,14.549052238464355,961600
2007-08-06,19.399999618530273,19.760000228881836,19.190000534057617,19.579999923706055,14.714378356933594,857300
2007-08-07,19.479999542236328,20.200000762939453,19.43000030517578,20.010000228881836,15.037525177001953,1209900
2007-08-08,20.020000457763672,21.690000534057617,20.0,21.200000762939453,15.987737655639648,1325100
2007-08-09,21.139999389648438,22.920000076293945,20.979999542236328,21.75,16.402509689331055,2659100
2007-08-10,21.75,21.809999465942383,21.0,21.239999771118164,16.01790428161621,1584300
2007-08-13,21.1200008392334,22.670000076293945,20.299999237060547,22.1200008392334,16.681549072265625,1354500
2007-08-14,22.1200008392334,22.329999923706055,21.520000457763672,21.670000076293945,16.342178344726562,902300
2007-08-15,21.40999984741211,21.920000076293945,20.899999618530273,20.920000076293945,15.776578903198242,863700
2007-08-16,20.959999084472656,21.25,20.079999923706055,20.459999084472656,15.429671287536621,1235500
2007-08-17,21.18000030517578,21.3700008392334,20.1200008392334,20.3799991607666,15.369345664978027,818100
2007-08-20,20.6200008392334,21.329999923706055,20.549999237060547,21.170000076293945,15.965119361877441,673800
2007-08-21,21.25,21.559999465942383,20.850000381469727,21.100000381469727,15.912323951721191,685100
2007-08-22,21.600000381469727,21.690000534057617,20.670000076293945,20.790000915527344,15.678548812866211,700700
2007-08-23,20.799999237060547,21.25,20.530000686645508,20.649999618530273,15.572964668273926,534300
2007-08-24,20.459999084472656,20.65999984741211,20.270000457763672,20.5,15.459843635559082,479700
2007-08-27,20.56999969482422,20.889999389648438,20.549999237060547,20.760000228881836,15.65592098236084,359200
2007-08-28,20.600000381469727,20.760000228881836,20.049999237060547,20.049999237060547,15.120478630065918,846700
2007-08-29,20.020000457763672,20.1200008392334,19.6299991607666,19.700000762939453,14.856539726257324,739800
2007-08-30,19.649999618530273,19.90999984741211,19.549999237060547,19.65999984741211,14.826369285583496,363700
2007-08-31,19.670000076293945,19.989999771118164,19.649999618530273,19.709999084472656,14.864072799682617,290500
2007-09-04,19.860000610351562,20.81999969482422,19.829999923706055,20.729999542236328,15.633292198181152,909500
2007-09-05,21.6200008392334,21.6299991607666,20.350000381469727,20.469999313354492,15.437216758728027,912400
2007-09-06,20.459999084472656,20.459999084472656,20.149999618530273,20.219999313354492,15.248686790466309,607600
2007-09-07,21.110000610351562,22.860000610351562,19.850000381469727,19.959999084472656,15.052606582641602,621700
2007-09-10,20.850000381469727,20.850000381469727,19.5,19.65999984741211,14.826369285583496,529500
2007-09-11,19.809999465942383,20.010000228881836,19.559999465942383,20.010000228881836,15.090312957763672,455100
2007-09-12,20.06999969482422,20.09000015258789,19.690000534057617,19.979999542236328,15.067686080932617,368100
2007-09-13,20.18000030517578,20.739999771118164,19.799999237060547,20.729999542236328,15.633292198181152,878500
2007-09-14,20.68000030517578,20.729999542236328,19.860000610351562,20.100000381469727,15.158187866210938,443300
2007-09-17,20.010000228881836,20.559999465942383,19.809999465942383,20.389999389648438,15.376885414123535,291000
2007-09-18,20.6200008392334,21.31999969482422,19.799999237060547,21.040000915527344,15.867083549499512,773200
2007-09-19,21.3799991607666,21.639999389648438,20.700000762939453,20.760000228881836,15.65592098236084,733300
2007-09-20,20.829999923706055,21.219999313354492,20.6200008392334,21.1200008392334,15.927407264709473,486200
2007-09-21,21.309999465942383,21.360000610351562,20.649999618530273,20.670000076293945,15.58804702758789,399200
2007-09-24,20.670000076293945,20.940000534057617,20.280000686645508,20.34000015258789,15.339177131652832,350100
2007-09-25,20.110000610351562,20.170000076293945,19.530000686645508,19.59000015258789,14.773579597473145,1062800
2007-09-26,19.8700008392334,19.889999389648438,19.139999389648438,19.149999618530273,14.441755294799805,1067700
2007-09-27,19.360000610351562,20.350000381469727,19.15999984741211,20.299999237060547,15.3090181350708,1358800
2007-09-28,20.40999984741211,20.469999313354492,20.139999389648438,20.239999771118164,15.263761520385742,453400
2007-10-01,20.350000381469727,20.6200008392334,20.100000381469727,20.18000030517578,15.218520164489746,347000
2007-10-02,20.200000762939453,20.90999984741211,20.110000610351562,20.809999465942383,15.693628311157227,634000
2007-10-03,20.649999618530273,21.020000457763672,20.510000228881836,20.979999542236328,15.82182502746582,1152600
2007-10-04,20.959999084472656,21.100000381469727,20.5,20.84000015258789,15.7162504196167,1340000
2007-10-05,21.0,21.479999542236328,20.649999618530273,21.360000610351562,16.10840606689453,511300
2007-10-08,21.389999389648438,21.389999389648438,20.829999923706055,21.06999969482422,15.889702796936035,617700
2007-10-09,21.149999618530273,21.190000534057617,20.459999084472656,20.700000762939453,15.610666275024414,802900
2007-10-10,20.719999313354492,20.719999313354492,20.079999923706055,20.200000762939453,15.23360538482666,869500
2007-10-11,20.399999618530273,20.780000686645508,20.209999084472656,20.479999542236328,15.444756507873535,469000
2007-10-12,20.479999542236328,20.649999618530273,20.260000228881836,20.43000030517578,15.407054901123047,574400
2007-10-15,20.31999969482422,20.829999923706055,19.8799991607666,20.799999237060547,15.68608570098877,1014800
2007-10-16,20.920000076293945,20.969999313354492,20.389999389648438,20.6200008392334,15.550335884094238,686400
2007-10-17,20.75,20.899999618530273,20.18000030517578,20.639999389648438,15.56541919708252,529100
2007-10-18,20.5,20.5,20.110000610351562,20.290000915527344,15.301483154296875,402200
2007-10-19,20.1299991607666,20.25,19.860000610351562,19.979999542236328,15.067686080932617,530100
2007-10-22,19.940000534057617,20.6200008392334,19.75,20.399999618530273,15.384431838989258,600100
2007-10-23,20.639999389648438,20.729999542236328,20.139999389648438,20.6299991607666,15.557877540588379,508600
2007-10-24,20.56999969482422,20.75,19.8700008392334,20.299999237060547,15.3090181350708,653500
2007-10-25,20.610000610351562,21.84000015258789,20.56999969482422,21.84000015258789,16.47038459777832,1939900
2007-10-26,21.959999084472656,22.190000534057617,21.290000915527344,21.700000762939453,16.36481285095215,1316800
2007-10-29,21.770000457763672,22.040000915527344,21.739999771118164,21.93000030517578,16.53826141357422,434200
2007-10-30,21.850000381469727,22.049999237060547,21.690000534057617,21.8700008392334,16.493009567260742,600900
2007-10-31,22.030000686645508,22.56999969482422,21.799999237060547,22.280000686645508,16.802209854125977,469500
2007-11-01,22.09000015258789,22.260000228881836,21.610000610351562,21.719999313354492,16.379884719848633,661800
2007-11-02,22.010000228881836,22.170000076293945,21.0,21.15999984741211,15.957572937011719,759200
2007-11-05,21.079999923706055,21.469999313354492,21.0,21.15999984741211,15.957572937011719,637600
2007-11-06,21.18000030517578,21.18000030517578,20.809999465942383,21.010000228881836,15.844449996948242,408600
2007-11-07,20.8700008392334,20.8799991607666,20.3799991607666,20.459999084472656,15.496051788330078,508300
2007-11-08,20.600000381469727,21.200000762939453,20.450000762939453,21.059999465942383,15.950483322143555,1022400
2007-11-09,20.780000686645508,20.8700008392334,20.309999465942383,20.600000381469727,15.602086067199707,590600
2007-11-12,20.5,20.790000915527344,20.299999237060547,20.3700008392334,15.427896499633789,477300
2007-11-13,20.5,21.600000381469727,20.5,21.5,16.283735275268555,1054400
2007-11-14,21.770000457763672,21.770000457763672,21.030000686645508,21.049999237060547,15.942919731140137,385000
2007-11-15,21.0,21.079999923706055,20.649999618530273,20.829999923706055,15.776288986206055,338900
2007-11-16,20.8799991607666,20.979999542236328,20.34000015258789,20.700000762939453,15.677824974060059,411300
2007-11-19,20.6200008392334,20.6200008392334,19.8700008392334,19.940000534057617,15.102218627929688,744000
2007-11-20,19.860000610351562,20.239999771118164,19.43000030517578,19.780000686645508,14.981033325195312,618400
2007-11-21,19.739999771118164,19.739999771118164,19.059999465942383,19.3799991607666,14.678079605102539,733800
2007-11-23,19.540000915527344,20.06999969482422,19.540000915527344,20.030000686645508,15.170377731323242,99500
2007-11-26,20.139999389648438,20.190000534057617,19.3799991607666,19.40999984741211,14.700804710388184,203400
2007-11-27,19.639999389648438,19.690000534057617,19.239999771118164,19.34000015258789,14.647787094116211,530100
2007-11-28,19.34000015258789,20.209999084472656,19.34000015258789,20.200000762939453,15.299141883850098,347400
2007-11-29,20.15999984741211,20.15999984741211,19.6299991607666,19.719999313354492,14.935590744018555,598700
2007-11-30,19.920000076293945,20.030000686645508,19.760000228881836,20.0,15.147660255432129,1293700
2007-12-03,19.850000381469727,20.079999923706055,19.399999618530273,19.700000762939453,14.920454025268555,724500
2007-12-04,19.559999465942383,19.729999542236328,19.399999618530273,19.469999313354492,14.746247291564941,636500
2007-12-05,19.729999542236328,20.34000015258789,19.729999542236328,20.239999771118164,15.329428672790527,441500
2007-12-06,20.190000534057617,20.65999984741211,20.079999923706055,20.579999923706055,15.586943626403809,293000
2007-12-07,20.600000381469727,20.8799991607666,20.469999313354492,20.700000762939453,15.677824974060059,297600
2007-12-10,20.81999969482422,21.06999969482422,20.579999923706055,20.8700008392334,15.80657958984375,168900
2007-12-11,20.889999389648438,21.079999923706055,20.309999465942383,20.399999618530273,15.450616836547852,394200
2007-12-12,20.6299991607666,20.899999618530273,19.760000228881836,19.8799991607666,15.056777954101562,239500
2007-12-13,19.670000076293945,19.670000076293945,19.3799991607666,19.5,14.768969535827637,328900
2007-12-14,19.389999389648438,19.389999389648438,18.579999923706055,18.579999923706055,14.072172164916992,403000
2007-12-17,18.709999084472656,19.030000686645508,18.43000030517578,18.559999465942383,14.05703067779541,739500
2007-12-18,18.799999237060547,18.959999084472656,18.5,18.959999084472656,14.359978675842285,489300
2007-12-19,18.899999618530273,18.899999618530273,18.219999313354492,18.34000015258789,13.890400886535645,531000
2007-12-20,18.510000228881836,18.510000228881836,17.850000381469727,17.920000076293945,13.57230281829834,563400
2007-12-21,17.969999313354492,18.3799991607666,17.969999313354492,18.1299991607666,13.731351852416992,341400
2007-12-24,18.280000686645508,18.350000381469727,18.040000915527344,18.290000915527344,13.852537155151367,140000
2007-12-26,18.200000762939453,18.299999237060547,17.8799991607666,18.010000228881836,13.64046859741211,279300
2007-12-27,18.049999237060547,18.049999237060547,17.670000076293945,17.729999542236328,13.428400039672852,320800
2007-12-28,17.729999542236328,17.829999923706055,17.450000762939453,17.700000762939453,13.405683517456055,316800
2007-12-31,17.700000762939453,17.700000762939453,17.329999923706055,17.459999084472656,13.223906517028809,311000
2008-01-02,17.5,17.6200008392334,17.100000381469727,17.389999389648438,13.170888900756836,534700
2008-01-03,17.59000015258789,17.59000015258789,16.31999969482422,16.3700008392334,12.398358345031738,554800
2008-01-04,16.100000381469727,16.149999618530273,15.75,15.75,11.928780555725098,668500
2008-01-07,16.0,16.1200008392334,15.8100004196167,15.949999809265137,12.0802583694458,1115800
2008-01-08,16.0,16.059999465942383,15.649999618530273,15.90999984741211,12.049962997436523,1685000
2008-01-09,15.890000343322754,15.890000343322754,15.300000190734863,15.729999542236328,11.913636207580566,1223500
2008-01-10,15.649999618530273,15.930000305175781,15.359999656677246,15.720000267028809,11.906064987182617,541800
2008-01-11,15.630000114440918,15.699999809265137,15.0600004196167,15.210000038146973,11.519794464111328,1043800
2008-01-14,15.229999542236328,15.25,14.949999809265137,14.989999771118164,11.353172302246094,1214000
2008-01-15,14.9399995803833,14.989999771118164,14.15999984741211,14.25,10.792706489562988,1454900
2008-01-16,14.079999923706055,14.789999961853027,14.079999923706055,14.550000190734863,11.019923210144043,522800
2008-01-17,14.65999984741211,14.65999984741211,14.289999961853027,14.520000457763672,10.997200965881348,598700
2008-01-18,14.84000015258789,14.869999885559082,14.0,14.140000343322754,10.70939826965332,625700
2008-01-22,13.720000267028809,15.279999732971191,13.569999694824219,15.149999618530273,11.474349021911621,574300
2008-01-23,14.680000305175781,16.75,14.680000305175781,16.579999923706055,12.557411193847656,870900
2008-01-24,16.780000686645508,16.93000030517578,16.229999542236328,16.510000228881836,12.504393577575684,886400
2008-01-25,16.770000457763672,17.100000381469727,16.360000610351562,16.559999465942383,12.542263984680176,614700
2008-01-28,16.690000534057617,16.889999389648438,16.270000457763672,16.84000015258789,12.754329681396484,579000
2008-01-29,17.260000228881836,17.399999618530273,16.940000534057617,17.190000534057617,13.019415855407715,496600
2008-01-30,17.43000030517578,17.43000030517578,16.989999771118164,17.059999465942383,12.920953750610352,692700
2008-01-31,16.59000015258789,18.329999923706055,16.59000015258789,18.190000534057617,13.776800155639648,842600
2008-02-01,17.989999771118164,18.670000076293945,17.989999771118164,18.540000915527344,14.041876792907715,734800
2008-02-04,18.709999084472656,18.709999084472656,17.190000534057617,17.530000686645508,13.276928901672363,914700
2008-02-05,17.549999237060547,17.889999389648438,17.200000762939453,17.31999969482422,13.117876052856445,810300
2008-02-06,17.520000457763672,17.520000457763672,16.8700008392334,16.950000762939453,12.83764362335205,1014100
2008-02-07,16.860000610351562,17.649999618530273,16.770000457763672,17.489999771118164,13.317336082458496,703900
2008-02-08,17.389999389648438,17.829999923706055,17.100000381469727,17.510000228881836,13.332568168640137,587800
2008-02-11,17.5,18.100000381469727,17.200000762939453,18.09000015258789,13.77419376373291,460200
2008-02-12,18.110000610351562,18.209999084472656,17.760000228881836,17.969999313354492,13.682825088500977,535700
2008-02-13,18.18000030517578,18.799999237060547,17.950000762939453,18.760000228881836,14.284356117248535,798400
2008-02-14,18.760000228881836,18.760000228881836,17.600000381469727,18.0,13.705671310424805,1985800
2008-02-15,17.889999389648438,18.110000610351562,17.600000381469727,17.989999771118164,13.698054313659668,771400
2008-02-19,19.639999389648438,19.639999389648438,17.8799991607666,18.5,14.08637809753418,1092400
2008-02-20,18.559999465942383,19.270000457763672,18.389999389648438,19.200000762939453,14.619379997253418,1016100
2008-02-21,19.329999923706055,19.329999923706055,18.440000534057617,19.149999618530273,14.581305503845215,2450400
2008-02-22,19.149999618530273,19.290000915527344,18.450000762939453,18.780000686645508,14.299578666687012,925700
2008-02-25,18.729999542236328,19.5,18.450000762939453,19.3799991607666,14.756439208984375,703300
2008-02-26,19.440000534057617,19.989999771118164,19.170000076293945,19.700000762939453,15.000097274780273,715000
2008-02-27,19.5,19.559999465942383,18.84000015258789,19.18000030517578,14.60414981842041,596500
2008-02-28,19.040000915527344,19.18000030517578,18.56999969482422,18.81999969482422,14.330034255981445,670700
2008-02-29,18.790000915527344,18.790000915527344,17.920000076293945,18.040000915527344,13.736124038696289,720500
2008-03-03,18.209999084472656,18.3799991607666,17.760000228881836,18.1200008392334,13.797042846679688,735600
2008-03-04,17.829999923706055,18.1200008392334,17.65999984741211,17.90999984741211,13.637138366699219,570000
2008-03-05,17.8700008392334,18.329999923706055,17.790000915527344,18.219999313354492,13.873181343078613,981800
2008-03-06,18.0,18.219999313354492,17.799999237060547,18.030000686645508,13.728511810302734,692300
2008-03-07,17.889999389648438,18.3700008392334,17.889999389648438,18.059999465942383,13.751355171203613,684100
2008-03-10,18.170000076293945,18.3799991607666,17.510000228881836,17.700000762939453,13.477241516113281,1108500
2008-03-11,17.700000762939453,18.479999542236328,17.700000762939453,18.420000076293945,14.02546501159668,785000
2008-03-12,18.389999389648438,18.93000030517578,18.049999237060547,18.31999969482422,13.949320793151855,479000
2008-03-13,18.299999237060547,18.84000015258789,17.899999618530273,18.799999237060547,14.31480598449707,689200
2008-03-14,18.799999237060547,18.899999618530273,18.1299991607666,18.3700008392334,13.987393379211426,457200
2008-03-17,17.8799991607666,18.360000610351562,17.739999771118164,18.049999237060547,13.743743896484375,933300
2008-03-18,18.190000534057617,18.709999084472656,18.18000030517578,18.59000015258789,14.1549072265625,699500
2008-03-19,18.510000228881836,19.059999465942383,18.469999313354492,18.649999618530273,14.200593948364258,883100
2008-03-20,18.639999389648438,19.549999237060547,18.43000030517578,19.43000030517578,14.794508934020996,675000
2008-03-24,19.440000534057617,20.389999389648438,19.440000534057617,20.25,15.418874740600586,578100
2008-03-25,20.34000015258789,20.34000015258789,19.600000381469727,19.65999984741211,14.969640731811523,349200
2008-03-26,19.489999771118164,20.260000228881836,19.1200008392334,20.260000228881836,15.426487922668457,949200
2008-03-27,20.530000686645508,20.559999465942383,19.290000915527344,19.65999984741211,14.969640731811523,860100
2008-03-28,19.799999237060547,19.799999237060547,19.049999237060547,19.1200008392334,14.55846118927002,582800
2008-03-31,19.1200008392334,19.65999984741211,19.049999237060547,19.459999084472656,14.817351341247559,816200
2008-04-01,19.34000015258789,19.799999237060547,18.809999465942383,19.75,15.038163185119629,1393300
2008-04-02,19.940000534057617,20.309999465942383,19.610000610351562,20.299999237060547,15.456949234008789,779800
2008-04-03,20.170000076293945,20.950000762939453,19.899999618530273,20.729999542236328,15.784358978271484,762800
2008-04-04,20.860000610351562,21.110000610351562,20.450000762939453,20.700000762939453,15.761524200439453,574700
2008-04-07,20.75,20.850000381469727,20.329999923706055,20.469999313354492,15.586395263671875,825800
2008-04-08,20.299999237060547,20.549999237060547,20.09000015258789,20.1299991607666,15.32750129699707,558100
2008-04-09,20.219999313354492,20.399999618530273,19.40999984741211,19.489999771118164,14.840195655822754,822900
2008-04-10,19.6200008392334,20.139999389648438,19.350000381469727,20.0,15.22851848602295,575600
2008-04-11,19.739999771118164,20.0,19.15999984741211,19.260000228881836,14.665069580078125,784600
2008-04-14,19.40999984741211,19.40999984741211,18.780000686645508,18.829999923706055,14.337653160095215,606900
2008-04-15,18.81999969482422,19.139999389648438,18.81999969482422,19.139999389648438,14.573692321777344,536300
2008-04-16,19.280000686645508,20.549999237060547,19.0,20.530000686645508,15.632072448730469,1125300
2008-04-17,20.170000076293945,20.6299991607666,20.170000076293945,20.3700008392334,15.510248184204102,604900
2008-04-18,20.729999542236328,20.920000076293945,20.559999465942383,20.75,15.799586296081543,264100
2008-04-21,20.540000915527344,20.690000534057617,20.290000915527344,20.479999542236328,15.593999862670898,272900
2008-04-22,20.450000762939453,20.5,19.920000076293945,20.209999084472656,15.388422012329102,557000
2008-04-23,20.040000915527344,20.239999771118164,19.760000228881836,20.040000915527344,15.258981704711914,588100
2008-04-24,20.020000457763672,21.110000610351562,19.979999542236328,20.729999542236328,15.784358978271484,678700
2008-04-25,20.950000762939453,21.299999237060547,20.420000076293945,21.200000762939453,16.142234802246094,324000
2008-04-28,21.170000076293945,21.799999237060547,21.010000228881836,21.280000686645508,16.20314598083496,637100
2008-04-29,21.559999465942383,22.510000228881836,21.3700008392334,21.940000534057617,16.7056827545166,1515600
2008-04-30,22.0,22.020000457763672,20.8799991607666,20.93000030517578,15.93664836883545,806700
2008-05-01,20.739999771118164,21.280000686645508,20.739999771118164,21.149999618530273,16.104158401489258,1275200
2008-05-02,21.360000610351562,21.5,20.989999771118164,21.43000030517578,16.317358016967773,1265200
2008-05-05,21.56999969482422,21.56999969482422,20.809999465942383,20.899999618530273,15.913806915283203,842100
2008-05-06,20.639999389648438,21.049999237060547,20.559999465942383,20.90999984741211,15.921415328979492,552300
2008-05-07,20.989999771118164,21.030000686645508,20.43000030517578,20.479999542236328,15.593999862670898,473200
2008-05-08,20.549999237060547,20.549999237060547,20.06999969482422,20.1200008392334,15.387513160705566,805800
2008-05-09,20.059999465942383,20.229999542236328,19.899999618530273,20.079999923706055,15.356919288635254,346300
2008-05-12,20.229999542236328,20.549999237060547,20.010000228881836,20.540000915527344,15.708718299865723,540100
2008-05-13,20.489999771118164,20.489999771118164,20.079999923706055,20.440000534057617,15.632243156433105,251300
2008-05-14,20.59000015258789,20.899999618530273,20.549999237060547,20.799999237060547,15.907570838928223,401200
2008-05-15,20.6299991607666,21.25,20.6299991607666,21.239999771118164,16.244075775146484,401600
2008-05-16,21.389999389648438,21.389999389648438,20.6200008392334,21.040000915527344,16.091121673583984,391700
2008-05-19,20.899999618530273,21.530000686645508,20.450000762939453,21.200000762939453,16.21348762512207,922000
2008-05-20,20.950000762939453,21.040000915527344,20.770000457763672,21.010000228881836,16.06817626953125,943600
2008-05-21,20.860000610351562,21.139999389648438,20.309999465942383,20.43000030517578,15.62459659576416,1228400
2008-05-22,20.350000381469727,20.540000915527344,20.170000076293945,20.450000762939453,15.639896392822266,745300
2008-05-23,20.5,20.639999389648438,20.040000915527344,20.579999923706055,15.739309310913086,747700
2008-05-27,20.579999923706055,21.030000686645508,20.40999984741211,20.8799991607666,15.968754768371582,640200
2008-05-28,20.90999984741211,21.149999618530273,20.670000076293945,21.09000015258789,16.12935447692871,744200
2008-05-29,21.010000228881836,21.1200008392334,20.649999618530273,20.899999618530273,15.984047889709473,463100
2008-05-30,20.81999969482422,20.969999313354492,20.530000686645508,20.889999389648438,15.976395606994629,517300
2008-06-02,20.969999313354492,20.969999313354492,19.889999389648438,19.899999618530273,15.219258308410645,848000
2008-06-03,19.940000534057617,19.940000534057617,19.5,19.690000534057617,15.058656692504883,792400
2008-06-04,19.729999542236328,19.729999542236328,19.15999984741211,19.399999618530273,14.83686351776123,1007000
2008-06-05,19.610000610351562,19.719999313354492,19.25,19.559999465942383,14.959234237670898,1017500
2008-06-06,19.229999542236328,19.5,18.34000015258789,18.43000030517578,14.09502124786377,1102500
2008-06-09,18.59000015258789,18.68000030517578,17.979999542236328,18.010000228881836,13.773812294006348,1323400
2008-06-10,17.799999237060547,18.030000686645508,17.3700008392334,17.799999237060547,13.61320686340332,1702300
2008-06-11,17.809999465942383,17.809999465942383,17.100000381469727,17.18000030517578,13.139041900634766,2254600
2008-06-12,17.15999984741211,17.760000228881836,17.15999984741211,17.510000228881836,13.39141845703125,1556300
2008-06-13,17.510000228881836,17.700000762939453,17.1200008392334,17.290000915527344,13.223163604736328,1354000
2008-06-16,17.170000076293945,17.56999969482422,16.959999084472656,17.440000534057617,13.337882041931152,891100
2008-06-17,17.510000228881836,17.510000228881836,16.690000534057617,16.690000534057617,12.764293670654297,1301000
2008-06-18,16.43000030517578,16.459999084472656,15.350000381469727,15.779999732971191,12.06833553314209,3066300
2008-06-19,15.569999694824219,16.270000457763672,15.569999694824219,16.1299991607666,12.336012840270996,1765500
2008-06-20,15.930000305175781,16.06999969482422,15.779999732971191,15.949999809265137,12.19835090637207,2110100
2008-06-23,15.920000076293945,16.149999618530273,15.460000038146973,15.550000190734863,11.892436981201172,1960400
2008-06-24,15.520000457763672,15.579999923706055,15.0,15.119999885559082,11.563581466674805,1555300
2008-06-25,15.079999923706055,16.260000228881836,15.0600004196167,15.770000457763672,12.060689926147461,1128300
2008-06-26,15.699999809265137,15.720000267028809,15.199999809265137,15.199999809265137,11.624762535095215,735200
2008-06-27,15.130000114440918,15.34000015258789,14.930000305175781,15.0,11.471803665161133,1790700
2008-06-30,14.979999542236328,14.989999771118164,14.670000076293945,14.739999771118164,11.272958755493164,1331200
2008-07-01,14.600000381469727,15.0,14.210000038146973,14.75,11.280606269836426,1472200
2008-07-02,14.649999618530273,15.050000190734863,14.170000076293945,14.180000305175781,10.844676971435547,1706600
2008-07-03,14.420000076293945,14.449999809265137,14.140000343322754,14.1899995803833,10.852323532104492,746700
2008-07-07,14.359999656677246,14.430000305175781,13.59000015258789,13.84000015258789,10.584651947021484,1107400
2008-07-08,13.84000015258789,14.149999618530273,13.430000305175781,14.109999656677246,10.791144371032715,1686200
2008-07-09,14.289999961853027,14.479999542236328,14.020000457763672,14.050000190734863,10.745256423950195,1617600
2008-07-10,14.109999656677246,14.1899995803833,13.40999984741211,13.5600004196167,10.370512008666992,1788100
2008-07-11,13.279999732971191,13.430000305175781,12.819999694824219,13.079999923706055,10.003413200378418,1282500
2008-07-14,13.399999618530273,13.449999809265137,12.600000381469727,12.600000381469727,9.636316299438477,1662900
2008-07-15,12.489999771118164,12.489999771118164,11.420000076293945,11.8100004196167,9.032135009765625,2713400
2008-07-16,11.920000076293945,12.630000114440918,11.739999771118164,12.5,9.559836387634277,1249700
2008-07-17,12.670000076293945,13.229999542236328,12.539999961853027,13.170000076293945,10.07224178314209,1596500
2008-07-18,23.579999923706055,23.579999923706055,12.449999809265137,12.869999885559082,9.842805862426758,997000
2008-07-21,13.029999732971191,13.220000267028809,12.470000267028809,12.550000190734863,9.598076820373535,1028500
2008-07-22,12.550000190734863,13.470000267028809,12.529999732971191,13.399999618530273,10.248144149780273,1156400
2008-07-23,13.399999618530273,14.279999732971191,13.359999656677246,13.640000343322754,10.431693077087402,1244100
2008-07-24,13.760000228881836,14.880000114440918,13.520000457763672,13.989999771118164,10.699368476867676,2272000
2008-07-25,13.850000381469727,14.350000381469727,13.550000190734863,13.680000305175781,10.462282180786133,1072400
2008-07-28,13.609999656677246,14.069999694824219,13.170000076293945,13.210000038146973,10.102834701538086,941900
2008-07-29,13.399999618530273,14.210000038146973,13.390000343322754,13.8100004196167,10.561707496643066,1675800
2008-07-30,14.380000114440918,14.960000038146973,12.75,13.140000343322754,10.049299240112305,3155500
2008-07-31,13.0,13.649999618530273,12.829999923706055,13.300000190734863,10.17166519165039,1492000
2008-08-01,13.399999618530273,13.630000114440918,12.979999542236328,13.529999732971191,10.347566604614258,930700
2008-08-04,13.630000114440918,13.859999656677246,13.329999923706055,13.470000267028809,10.301679611206055,1326700
2008-08-05,13.399999618530273,14.390000343322754,13.399999618530273,14.260000228881836,10.90585994720459,976600
2008-08-06,14.199999809265137,14.199999809265137,13.5,14.010000228881836,10.714662551879883,830500
2008-08-07,14.0,14.0,13.65999984741211,13.760000228881836,10.591510772705078,809400
2008-08-08,13.90999984741211,15.039999961853027,13.760000228881836,14.739999771118164,11.345845222473145,1368200
2008-08-11,14.640000343322754,15.680000305175781,14.550000190734863,15.329999923706055,11.7999849319458,1400000
2008-08-12,15.170000076293945,15.25,14.760000228881836,14.819999694824219,11.40742301940918,752100
2008-08-13,14.760000228881836,14.789999961853027,14.0,14.350000381469727,11.045648574829102,831100
2008-08-14,14.130000114440918,15.09000015258789,14.130000114440918,14.800000190734863,11.39202880859375,567100
2008-08-15,14.930000305175781,15.369999885559082,14.880000114440918,15.050000190734863,11.584465026855469,609700
2008-08-18,15.010000228881836,15.3100004196167,14.579999923706055,14.649999618530273,11.276572227478027,682000
2008-08-19,14.449999809265137,14.59000015258789,13.90999984741211,14.010000228881836,10.783942222595215,802500
2008-08-20,14.0,14.25,13.779999732971191,13.859999656677246,10.668478965759277,1066400
2008-08-21,13.619999885559082,13.770000457763672,13.5,13.640000343322754,10.499140739440918,514600
2008-08-22,13.970000267028809,13.970000267028809,13.529999732971191,13.760000228881836,10.591510772705078,821600
2008-08-25,13.829999923706055,13.859999656677246,13.229999542236328,13.270000457763672,10.214341163635254,639500
2008-08-26,13.350000381469727,13.470000267028809,13.020000457763672,13.25,10.198943138122559,739900
2008-08-27,13.09000015258789,13.449999809265137,13.069999694824219,13.229999542236328,10.183549880981445,556000
2008-08-28,13.300000190734863,13.329999923706055,13.029999732971191,13.130000114440918,10.106575012207031,1248300
2008-08-29,13.199999809265137,13.390000343322754,13.100000381469727,13.25,10.198943138122559,570100
2008-09-02,13.619999885559082,13.859999656677246,13.229999542236328,13.5,10.391377449035645,646000
2008-09-03,13.470000267028809,13.59000015258789,13.289999961853027,13.380000114440918,10.29901123046875,760900
2008-09-04,13.289999961853027,13.289999961853027,12.75,12.8100004196167,9.860261917114258,574300
2008-09-05,12.720000267028809,12.819999694824219,12.350000381469727,12.710000038146973,9.78329086303711,937900
2008-09-08,13.010000228881836,13.640000343322754,12.699999809265137,13.09000015258789,10.075788497924805,1401300
2008-09-09,13.069999694824219,13.359999656677246,12.920000076293945,13.079999923706055,10.06809139251709,1048500
2008-09-10,13.149999618530273,13.1899995803833,12.710000038146973,13.039999961853027,10.037298202514648,833400
2008-09-11,12.920000076293945,13.239999771118164,12.819999694824219,13.020000457763672,10.021907806396484,964300
2008-09-12,12.829999923706055,13.069999694824219,12.739999771118164,12.890000343322754,9.921842575073242,800800
2008-09-15,12.260000228881836,13.0,12.170000076293945,12.470000267028809,9.598553657531738,750300
2008-09-16,12.270000457763672,12.270000457763672,11.800000190734863,12.130000114440918,9.336847305297852,1072200
2008-09-17,11.729999542236328,11.729999542236328,10.510000228881836,11.010000228881836,8.474746704101562,1891500
2008-09-18,10.970000267028809,11.4399995803833,10.9399995803833,11.260000228881836,8.6671781539917,1235800
2008-09-19,11.970000267028809,12.65999984741211,11.380000114440918,11.770000457763672,9.059741973876953,1089300
2008-09-22,11.84000015258789,12.0600004196167,11.710000038146973,11.779999732971191,9.06744384765625,881700
2008-09-23,11.75,12.140000343322754,11.739999771118164,11.760000228881836,9.052046775817871,636800
2008-09-24,11.779999732971191,11.960000038146973,11.739999771118164,11.75,9.04434871673584,842300
2008-09-25,11.850000381469727,11.989999771118164,11.739999771118164,11.770000457763672,9.059741973876953,745300
2008-09-26,12.010000228881836,12.329999923706055,11.84000015258789,12.09000015258789,9.306056022644043,1029300
2008-09-29,12.119999885559082,12.449999809265137,11.380000114440918,11.65999984741211,8.975072860717773,1602200
2008-09-30,11.680000305175781,11.739999771118164,11.359999656677246,11.470000267028809,8.828822135925293,1039400
2008-10-01,11.470000267028809,11.539999961853027,10.970000267028809,11.029999732971191,8.490140914916992,1417200
2008-10-02,10.979999542236328,11.0600004196167,9.930000305175781,10.0600004196167,7.743502140045166,892300
2008-10-03,10.229999542236328,10.270000457763672,9.75,9.829999923706055,7.566463947296143,1178500
2008-10-06,9.819999694824219,10.09000015258789,9.300000190734863,9.970000267028809,7.674226760864258,1391800
2008-10-07,10.050000190734863,10.149999618530273,9.34000015258789,9.460000038146973,7.281661510467529,876900
2008-10-08,9.050000190734863,9.609999656677246,8.619999885559082,8.619999885559082,6.635087013244629,1351100
2008-10-09,8.979999542236328,8.979999542236328,6.900000095367432,7.679999828338623,5.911539554595947,1532200
2008-10-10,7.099999904632568,7.880000114440918,6.269999980926514,7.630000114440918,5.87305212020874,2048700
2008-10-13,7.929999828338623,8.25,7.849999904632568,8.239999771118164,6.342589855194092,1066100
2008-10-14,8.649999618530273,8.720000267028809,7.630000114440918,7.840000152587891,6.03469705581665,823800
2008-10-15,8.050000190734863,8.050000190734863,7.070000171661377,7.070000171661377,5.44200325012207,1086200
2008-10-16,7.199999809265137,7.260000228881836,6.619999885559082,7.059999942779541,5.434305667877197,1375100
2008-10-17,7.019999980926514,7.019999980926514,6.519999980926514,6.610000133514404,5.087924957275391,1407800
2008-10-20,6.869999885559082,7.039999961853027,6.610000133514404,6.840000152587891,5.264963626861572,1770200
2008-10-21,6.840000152587891,7.110000133514404,6.730000019073486,7.050000190734863,5.426607608795166,941100
2008-10-22,6.980000019073486,6.989999771118164,6.179999828338623,6.210000038146973,4.780034065246582,767400
2008-10-23,6.239999771118164,6.539999961853027,5.829999923706055,6.059999942779541,4.664573669433594,1695800
2008-10-24,5.730000019073486,5.800000190734863,5.329999923706055,5.590000152587891,4.302799224853516,1061800
2008-10-27,5.670000076293945,5.670000076293945,5.110000133514404,5.119999885559082,3.941027879714966,363900
2008-10-28,5.21999979019165,5.849999904632568,5.039999961853027,5.789999961853027,4.456747055053711,686600
2008-10-29,5.849999904632568,6.610000133514404,5.619999885559082,6.340000152587891,4.880099296569824,1174300
2008-10-30,6.400000095367432,7.880000114440918,6.400000095367432,7.710000038146973,5.934630393981934,1924700
2008-10-31,7.75,8.84000015258789,7.550000190734863,8.1899995803833,6.304101467132568,1853200
2008-11-03,7.989999771118164,8.829999923706055,7.989999771118164,8.729999542236328,6.719757556915283,1178800
2008-11-04,8.979999542236328,8.979999542236328,8.4399995803833,8.789999961853027,6.76594352722168,973800
2008-11-05,8.859999656677246,8.859999656677246,7.989999771118164,8.0,6.157853603363037,1416400
2008-11-06,7.900000095367432,8.079999923706055,7.070000171661377,7.260000228881836,5.6518354415893555,824200
2008-11-07,7.21999979019165,7.539999961853027,6.949999809265137,7.139999866485596,5.558413982391357,1223200
2008-11-10,7.289999961853027,7.380000114440918,6.690000057220459,6.71999979019165,5.23145055770874,645700
2008-11-11,6.690000057220459,6.769999980926514,6.269999980926514,6.449999809265137,5.021258354187012,549100
2008-11-12,6.960000038146973,7.25,6.599999904632568,6.699999809265137,5.215879917144775,1236400
2008-11-13,6.739999771118164,7.760000228881836,6.510000228881836,7.670000076293945,5.971014976501465,1374000
2008-11-14,7.519999980926514,7.78000020980835,6.889999866485596,7.409999847412109,5.768609046936035,1875200
2008-11-17,7.409999847412109,7.53000020980835,6.789999961853027,6.820000171661377,5.309300422668457,1413600
2008-11-18,6.869999885559082,6.940000057220459,6.599999904632568,6.679999828338623,5.200310707092285,1225900
2008-11-19,6.679999828338623,6.829999923706055,6.449999809265137,6.460000038146973,5.0290422439575195,1139300
2008-11-20,6.510000228881836,6.599999904632568,5.75,5.75,4.476316928863525,2240400
2008-11-21,5.96999979019165,6.03000020980835,5.199999809265137,5.369999885559082,4.180489540100098,2217800
2008-11-24,5.579999923706055,5.78000020980835,5.380000114440918,5.449999809265137,4.242770195007324,1509800
2008-11-25,5.659999847412109,6.650000095367432,5.659999847412109,6.570000171661377,5.1146769523620605,1435600
2008-11-26,6.510000228881836,8.050000190734863,6.25,7.949999809265137,6.188993453979492,1145000
2008-11-28,7.670000076293945,8.15999984741211,7.320000171661377,7.579999923706055,5.900952339172363,565500
2008-12-01,7.25,7.639999866485596,6.599999904632568,6.630000114440918,5.161387920379639,1152300
2008-12-02,6.769999980926514,6.849999904632568,6.369999885559082,6.510000228881836,5.067965507507324,1018000
2008-12-03,6.460000038146973,6.920000076293945,6.269999980926514,6.789999961853027,5.285944938659668,737100
2008-12-04,6.710000038146973,7.0,6.489999771118164,6.789999961853027,5.285944938659668,655200
2008-12-05,6.539999961853027,6.880000114440918,5.900000095367432,6.849999904632568,5.332653045654297,1080600
2008-12-08,7.230000019073486,8.0,6.900000095367432,7.800000190734863,6.072218894958496,968900
2008-12-09,7.590000152587891,8.050000190734863,6.949999809265137,7.199999809265137,5.605125427246094,1080300
2008-12-10,7.46999979019165,7.820000171661377,7.340000152587891,7.619999885559082,5.932091236114502,547600
2008-12-11,7.510000228881836,7.590000152587891,7.039999961853027,7.039999961853027,5.48056697845459,698800
2008-12-12,6.909999847412109,6.96999979019165,6.570000171661377,6.880000114440918,5.356009006500244,386000
2008-12-15,6.949999809265137,7.010000228881836,6.510000228881836,6.670000076293945,5.192525863647461,536900
2008-12-16,6.829999923706055,7.300000190734863,6.599999904632568,7.230000019073486,5.628479480743408,644000
2008-12-17,7.199999809265137,7.96999979019165,7.199999809265137,7.5,5.838672637939453,950000
2008-12-18,7.630000114440918,7.699999809265137,7.130000114440918,7.28000020980835,5.667405128479004,727200
2008-12-19,7.360000133514404,7.610000133514404,7.199999809265137,7.480000019073486,5.823103904724121,850700
2008-12-22,7.329999923706055,7.570000171661377,7.0,7.190000057220459,5.597339630126953,817500
2008-12-23,7.289999961853027,7.329999923706055,6.849999904632568,6.909999847412109,5.379364013671875,426600
2008-12-24,6.989999771118164,7.050000190734863,6.71999979019165,6.760000228881836,5.262591361999512,247400
2008-12-26,6.809999942779541,7.039999961853027,6.789999961853027,6.989999771118164,5.441641807556152,245800
2008-12-29,6.949999809265137,7.170000076293945,6.760000228881836,6.809999942779541,5.301514148712158,376700
2008-12-30,6.849999904632568,7.050000190734863,6.849999904632568,7.050000190734863,5.488353252410889,389100
2008-12-31,7.150000095367432,7.739999771118164,7.03000020980835,7.679999828338623,5.978801250457764,520500
2009-01-02,7.840000152587891,8.59000015258789,7.710000038146973,8.520000457763672,6.632732391357422,683500
2009-01-05,8.520000457763672,8.960000038146973,8.199999809265137,8.779999732971191,6.835139751434326,629100
2009-01-06,9.039999961853027,9.4399995803833,8.9399995803833,9.1899995803833,7.154321193695068,882700
2009-01-07,9.0,10.0,8.65999984741211,9.15999984741211,7.1309661865234375,1024500
2009-01-08,9.399999618530273,9.399999618530273,8.829999923706055,9.180000305175781,7.146536350250244,681200
2009-01-09,9.300000190734863,9.300000190734863,8.710000038146973,8.9399995803833,6.959697246551514,631500
2009-01-12,8.8100004196167,9.0,7.989999771118164,8.079999923706055,6.290196418762207,971400
2009-01-13,7.909999847412109,8.369999885559082,7.880000114440918,8.210000038146973,6.391401290893555,645200
2009-01-14,8.220000267028809,8.220000267028809,7.199999809265137,7.409999847412109,5.768609046936035,1022700
2009-01-15,7.400000095367432,7.579999923706055,7.0,7.349999904632568,5.721900463104248,583300
2009-01-16,7.570000171661377,7.699999809265137,7.159999847412109,7.429999828338623,5.784178733825684,676500
2009-01-20,7.519999980926514,7.519999980926514,6.820000171661377,6.849999904632568,5.332653045654297,404500
2009-01-21,7.070000171661377,7.550000190734863,6.829999923706055,7.489999771118164,5.830887317657471,562300
2009-01-22,7.480000019073486,7.769999980926514,7.159999847412109,7.539999961853027,5.869812488555908,518700
2009-01-23,7.360000133514404,7.429999828338623,7.139999866485596,7.340000152587891,5.714114189147949,781400
2009-01-26,7.480000019073486,7.960000038146973,7.409999847412109,7.71999979019165,6.0099406242370605,701100
2009-01-27,7.559999942779541,8.020000457763672,7.550000190734863,7.570000171661377,5.8931684494018555,248500
2009-01-28,7.760000228881836,8.220000267028809,7.760000228881836,8.130000114440918,6.329121112823486,369100
2009-01-29,7.880000114440918,8.079999923706055,7.570000171661377,7.619999885559082,5.932091236114502,331900
2009-01-30,7.699999809265137,7.75,7.309999942779541,7.420000076293945,5.776392936706543,544400
2009-02-02,7.179999828338623,7.579999923706055,7.03000020980835,7.269999980926514,5.659618854522705,569800
2009-02-03,7.139999866485596,7.269999980926514,6.789999961853027,6.989999771118164,5.441641807556152,761100
2009-02-04,6.929999828338623,7.179999828338623,6.929999828338623,7.039999961853027,5.48056697845459,827500
2009-02-05,7.130000114440918,7.650000095367432,6.980000019073486,7.610000133514404,5.9243059158325195,458100
2009-02-06,7.710000038146973,8.869999885559082,7.639999866485596,8.470000267028809,6.593809604644775,969000
2009-02-09,8.369999885559082,8.609999656677246,8.359999656677246,8.59000015258789,6.687225341796875,845700
2009-02-10,8.399999618530273,8.760000228881836,8.319999694824219,8.520000457763672,6.632732391357422,1329400
2009-02-11,8.619999885559082,8.75,7.920000076293945,8.029999732971191,6.251272201538086,954100
2009-02-12,7.949999809265137,7.980000019073486,7.230000019073486,7.480000019073486,5.823103904724121,1056300
2009-02-13,7.550000190734863,7.590000152587891,7.059999942779541,7.260000228881836,5.6518354415893555,976000
2009-02-17,6.75,6.920000076293945,5.900000095367432,5.96999979019165,4.6475830078125,1997900
2009-02-18,6.119999885559082,6.139999866485596,5.409999847412109,5.440000057220459,4.234983921051025,1371900
2009-02-19,5.590000152587891,5.78000020980835,5.059999942779541,5.059999942779541,3.9391562938690186,1436500
2009-02-20,5.239999771118164,5.329999923706055,4.920000076293945,5.119999885559082,3.9858667850494385,1591600
2009-02-23,5.25,5.570000171661377,5.21999979019165,5.300000190734863,4.1259942054748535,1168100
2009-02-24,5.46999979019165,6.190000057220459,5.46999979019165,6.010000228881836,4.678722858428955,1477900
2009-02-25,5.920000076293945,6.579999923706055,5.769999980926514,6.190000057220459,4.818851470947266,2716100
2009-02-26,6.190000057220459,6.329999923706055,5.730000019073486,5.789999961853027,4.507456302642822,1110200
2009-02-27,5.730000019073486,6.03000020980835,5.570000171661377,5.659999847412109,4.406250953674316,1018300
2009-03-02,5.579999923706055,5.659999847412109,5.309999942779541,5.400000095367432,4.2038445472717285,1117100
2009-03-03,5.420000076293945,5.590000152587891,5.079999923706055,5.269999980926514,4.102641582489014,1021300
2009-03-04,5.309999942779541,5.710000038146973,5.300000190734863,5.579999923706055,4.343972206115723,688700
2009-03-05,5.360000133514404,5.550000190734863,5.179999828338623,5.25,4.087069988250732,926800
2009-03-06,5.320000171661377,5.579999923706055,4.829999923706055,5.03000020980835,3.9158036708831787,927800
2009-03-09,4.900000095367432,5.150000095367432,4.820000171661377,4.840000152587891,3.767890214920044,699300
2009-03-10,5.079999923706055,6.070000171661377,4.960000038146973,5.75,4.476316928863525,871400
2009-03-11,5.679999828338623,6.210000038146973,5.679999828338623,5.860000133514404,4.561949253082275,636500
2009-03-12,5.809999942779541,6.900000095367432,5.710000038146973,6.78000020980835,5.278160572052002,849500
2009-03-13,6.760000228881836,7.019999980926514,6.610000133514404,6.929999828338623,5.394933223724365,783900
2009-03-16,7.050000190734863,7.820000171661377,7.050000190734863,7.320000171661377,5.698544502258301,912200
2009-03-17,7.289999961853027,7.460000038146973,7.110000133514404,7.460000038146973,5.807531833648682,593300
2009-03-18,7.300000190734863,8.920000076293945,7.239999771118164,8.859999656677246,6.897416591644287,1522800
2009-03-19,8.90999984741211,9.100000381469727,8.569999694824219,8.65999984741211,6.741718292236328,1207200
2009-03-20,8.789999961853027,9.1899995803833,8.59000015258789,8.739999771118164,6.803998947143555,1261500
2009-03-23,8.970000267028809,9.930000305175781,8.9399995803833,9.869999885559082,7.683690071105957,941000
2009-03-24,9.770000457763672,10.1899995803833,9.399999618530273,9.510000228881836,7.403435230255127,1007900
2009-03-25,9.5,10.3100004196167,9.5,9.960000038146973,7.753754615783691,1005400
2009-03-26,10.130000114440918,10.34000015258789,9.930000305175781,10.229999542236328,7.963947772979736,810500
2009-03-27,10.229999542236328,10.229999542236328,9.739999771118164,9.800000190734863,7.629197120666504,877500
2009-03-30,9.40999984741211,9.40999984741211,8.920000076293945,9.149999618530273,7.123179912567139,917400
2009-03-31,9.569999694824219,9.59000015258789,9.170000076293945,9.329999923706055,7.263309001922607,609500
2009-04-01,9.079999923706055,9.350000381469727,8.880000114440918,9.199999809265137,7.16210412979126,669600
2009-04-02,9.640000343322754,11.180000305175781,9.640000343322754,10.470000267028809,8.150788307189941,1594000
2009-04-03,10.470000267028809,11.449999809265137,10.40999984741211,11.34000015258789,8.828073501586914,869200
2009-04-06,11.149999618530273,11.199999809265137,10.5,10.899999618530273,8.485540390014648,806800
2009-04-07,10.529999732971191,10.59000015258789,9.489999771118164,9.550000190734863,7.434578895568848,1094300
2009-04-08,9.649999618530273,10.3100004196167,9.649999618530273,9.869999885559082,7.683690071105957,602600
2009-04-09,10.170000076293945,11.260000228881836,10.170000076293945,11.15999984741211,8.687944412231445,722000
2009-04-13,10.579999923706055,11.09000015258789,10.050000190734863,10.59000015258789,8.2442045211792,797600
2009-04-14,10.460000038146973,11.010000228881836,10.149999618530273,10.649999618530273,8.290912628173828,1199800
2009-04-15,10.539999961853027,10.869999885559082,10.199999809265137,10.869999885559082,8.46218204498291,616800
2009-04-16,11.050000190734863,12.09000015258789,10.970000267028809,11.930000305175781,9.287382125854492,693300
2009-04-17,11.930000305175781,12.430000305175781,11.5600004196167,12.3100004196167,9.583210945129395,459000
2009-04-20,11.729999542236328,11.9399995803833,11.020000457763672,11.15999984741211,8.687944412231445,614100
2009-04-21,10.65999984741211,11.270000457763672,10.15999984741211,11.050000190734863,8.602311134338379,936800
2009-04-22,11.069999694824219,12.699999809265137,10.930000305175781,11.930000305175781,9.287382125854492,1383600
2009-04-23,12.029999732971191,12.9399995803833,11.949999809265137,12.109999656677246,9.427508354187012,1752800
2009-04-24,12.300000190734863,12.710000038146973,12.039999961853027,12.170000076293945,9.474218368530273,1382900
2009-04-27,12.020000457763672,12.239999771118164,11.470000267028809,11.789999961853027,9.178393363952637,833000
2009-04-28,11.59000015258789,12.649999618530273,11.579999923706055,12.5,9.731120109558105,885200
2009-04-29,12.619999885559082,13.630000114440918,12.510000228881836,13.239999771118164,10.307201385498047,1149300
2009-04-30,13.5,13.970000267028809,13.199999809265137,13.25,10.31498908996582,1852700
2009-05-01,13.319999694824219,13.579999923706055,12.869999885559082,13.390000343322754,10.423974990844727,960600
2009-05-04,13.609999656677246,14.0,13.3100004196167,13.5600004196167,10.556321144104004,1351300
2009-05-05,13.800000190734863,13.989999771118164,12.140000343322754,13.470000267028809,10.48625373840332,2315700
2009-05-06,13.5,13.649999618530273,12.550000190734863,12.789999961853027,9.956883430480957,1249400
2009-05-07,12.989999771118164,13.1899995803833,11.899999618530273,12.050000190734863,9.3808012008667,1176500
2009-05-08,12.640000343322754,13.489999771118164,12.40999984741211,13.15999984741211,10.24492359161377,931900
2009-05-11,12.989999771118164,13.289999961853027,12.510000228881836,12.859999656677246,10.011378288269043,845900
2009-05-12,12.630000114440918,13.029999732971191,11.890000343322754,12.050000190734863,9.3808012008667,682300
2009-05-13,11.850000381469727,11.850000381469727,10.739999771118164,10.850000381469727,8.446615219116211,1052300
2009-05-14,11.079999923706055,11.729999542236328,10.5600004196167,11.180000305175781,8.703512191772461,1038000
2009-05-15,11.3100004196167,11.59000015258789,10.800000190734863,10.90999984741211,8.493324279785156,1272100
2009-05-18,11.15999984741211,12.229999542236328,11.109999656677246,12.0600004196167,9.38858699798584,923200
2009-05-19,12.199999809265137,12.600000381469727,11.899999618530273,12.09000015258789,9.411941528320312,989700
2009-05-20,12.119999885559082,12.529999732971191,12.039999961853027,12.180000305175781,9.48200511932373,969300
2009-05-21,12.020000457763672,12.140000343322754,11.25,11.550000190734863,8.99155330657959,658200
2009-05-22,11.770000457763672,11.819999694824219,11.09000015258789,11.260000228881836,8.765792846679688,493600
2009-05-26,11.140000343322754,11.920000076293945,11.100000381469727,11.829999923706055,9.209531784057617,846900
2009-05-27,11.649999618530273,11.9399995803833,11.279999732971191,11.329999923706055,8.820286750793457,449100
2009-05-28,11.680000305175781,11.779999732971191,11.069999694824219,11.640000343322754,9.061620712280273,657700
2009-05-29,11.670000076293945,12.25,11.220000267028809,12.239999771118164,9.528712272644043,989500
2009-06-01,12.779999732971191,14.520000457763672,12.710000038146973,14.5,11.288098335266113,1387000
2009-06-02,14.40999984741211,15.369999885559082,14.149999618530273,14.989999771118164,11.669560432434082,2371500
2009-06-03,14.869999885559082,15.069999694824219,14.3100004196167,14.600000381469727,11.365951538085938,911100
2009-06-04,14.850000381469727,14.850000381469727,13.760000228881836,14.600000381469727,11.365951538085938,782400
2009-06-05,15.069999694824219,15.479999542236328,14.5,14.649999618530273,11.404873847961426,1765100
2009-06-08,14.789999961853027,15.130000114440918,14.170000076293945,14.720000267028809,11.459368705749512,2420400
2009-06-09,14.819999694824219,16.600000381469727,14.819999694824219,16.479999542236328,12.829510688781738,2326200
2009-06-10,16.84000015258789,17.110000610351562,15.399999618530273,16.329999923706055,12.712736129760742,2166000
2009-06-11,16.25,16.479999542236328,15.960000038146973,16.040000915527344,12.486974716186523,1128600
2009-06-12,16.200000762939453,16.3700008392334,15.819999694824219,16.190000534057617,12.603748321533203,816200
2009-06-15,16.020000457763672,16.020000457763672,15.289999961853027,15.420000076293945,12.004307746887207,1108800
2009-06-16,15.600000381469727,15.979999542236328,15.1899995803833,15.390000343322754,11.980955123901367,731800
2009-06-17,15.1899995803833,15.829999923706055,14.859999656677246,15.4399995803833,12.019881248474121,556500
2009-06-18,15.289999961853027,15.470000267028809,14.90999984741211,15.399999618530273,11.98874282836914,836400
2009-06-19,15.670000076293945,16.299999237060547,15.670000076293945,16.15999984741211,12.580392837524414,844800
2009-06-22,15.680000305175781,16.360000610351562,15.40999984741211,15.640000343322754,12.175580024719238,904700
2009-06-23,15.829999923706055,15.850000381469727,14.84000015258789,14.960000038146973,11.646207809448242,720400
2009-06-24,15.149999618530273,16.219999313354492,15.149999618530273,15.520000457763672,12.082158088684082,1003600
2009-06-25,15.520000457763672,16.469999313354492,15.34000015258789,16.420000076293945,12.78280258178711,1075900
2009-06-26,16.209999084472656,16.920000076293945,16.09000015258789,16.860000610351562,13.125335693359375,1356000
2009-06-29,16.979999542236328,17.3700008392334,16.649999618530273,17.139999389648438,13.34331226348877,1909600
2009-06-30,17.229999542236328,18.860000610351562,16.59000015258789,16.639999389648438,12.954071044921875,1079300
2009-07-01,16.90999984741211,17.68000030517578,16.90999984741211,17.059999465942383,13.28103256225586,1239100
2009-07-02,16.860000610351562,16.950000762939453,16.049999237060547,16.049999237060547,12.49476146697998,646700
2009-07-06,16.030000686645508,16.260000228881836,15.130000114440918,15.899999618530273,12.377986907958984,1486400
2009-07-07,15.859999656677246,15.859999656677246,15.109999656677246,15.260000228881836,11.879753112792969,833400
2009-07-08,15.359999656677246,15.449999809265137,14.390000343322754,14.930000305175781,11.622851371765137,1153000
2009-07-09,15.079999923706055,15.220000267028809,14.329999923706055,14.6899995803833,11.436012268066406,1249500
2009-07-10,14.899999618530273,15.25,14.449999809265137,15.0,11.677345275878906,650600
2009-07-13,14.890000343322754,16.260000228881836,14.630000114440918,16.139999389648438,12.564824104309082,822900
2009-07-14,16.020000457763672,16.729999542236328,15.949999809265137,16.670000076293945,12.977425575256348,866900
2009-07-15,17.0,17.639999389648438,16.56999969482422,17.6299991607666,13.724772453308105,725200
2009-07-16,17.530000686645508,18.3700008392334,17.389999389648438,18.270000457763672,14.22300910949707,810100
2009-07-17,18.110000610351562,18.479999542236328,17.719999313354492,18.219999313354492,14.18407917022705,611200
2009-07-20,18.389999389648438,18.489999771118164,18.010000228881836,18.459999084472656,14.370920181274414,734000
2009-07-21,18.3799991607666,18.979999542236328,18.25,18.8799991607666,14.697880744934082,711300
2009-07-22,18.84000015258789,19.209999084472656,18.700000762939453,18.81999969482422,14.651176452636719,682200
2009-07-23,18.81999969482422,19.079999923706055,18.280000686645508,18.75,14.596677780151367,1368800
2009-07-24,18.799999237060547,18.950000762939453,17.959999084472656,18.25,14.20743179321289,1102600
2009-07-27,18.40999984741211,18.729999542236328,17.969999313354492,18.729999542236328,14.5811128616333,725300
2009-07-28,18.56999969482422,19.510000228881836,18.3700008392334,19.209999084472656,14.954787254333496,1233700
2009-07-29,19.40999984741211,19.579999923706055,18.049999237060547,19.450000762939453,15.141626358032227,1434100
2009-07-30,18.469999313354492,20.31999969482422,18.459999084472656,20.0,15.569791793823242,1606900
2009-07-31,20.15999984741211,21.0,19.860000610351562,20.68000030517578,16.099159240722656,1228400
2009-08-03,20.75,21.399999618530273,20.40999984741211,21.200000762939453,16.503976821899414,952100
2009-08-04,21.0,21.200000762939453,20.68000030517578,20.780000686645508,16.177017211914062,2065700
2009-08-05,21.0,21.049999237060547,19.229999542236328,19.469999313354492,15.157195091247559,1619900
2009-08-06,19.760000228881836,19.760000228881836,18.809999465942383,19.0,14.791303634643555,978200
2009-08-07,19.559999465942383,19.729999542236328,19.0,19.489999771118164,15.17276668548584,1182100
2009-08-10,19.360000610351562,20.719999313354492,18.950000762939453,20.389999389648438,15.873405456542969,2476900
2009-08-11,20.270000457763672,20.3700008392334,19.030000686645508,19.09000015258789,14.861366271972656,1417100
2009-08-12,19.25,19.559999465942383,18.739999771118164,18.920000076293945,14.729023933410645,1145400
2009-08-13,18.920000076293945,19.260000228881836,18.65999984741211,19.1200008392334,14.884724617004395,1332100
2009-08-14,19.149999618530273,19.149999618530273,18.420000076293945,18.579999923706055,14.464338302612305,924700
2009-08-17,17.90999984741211,18.3799991607666,17.399999618530273,18.0,14.012813568115234,899200
2009-08-18,18.270000457763672,18.59000015258789,17.93000030517578,17.940000534057617,13.966106414794922,642100
2009-08-19,17.75,18.170000076293945,17.600000381469727,17.739999771118164,13.810406684875488,1580700
2009-08-20,17.709999084472656,18.079999923706055,17.709999084472656,17.959999084472656,13.981669425964355,724000
2009-08-21,18.139999389648438,18.290000915527344,17.93000030517578,18.0,14.012813568115234,711600
2009-08-24,18.139999389648438,18.18000030517578,17.56999969482422,17.6200008392334,13.716986656188965,801000
2009-08-25,17.829999923706055,18.799999237060547,17.790000915527344,18.510000228881836,14.409847259521484,699300
2009-08-26,18.5,18.850000381469727,18.149999618530273,18.170000076293945,14.145157814025879,538100
2009-08-27,18.219999313354492,18.239999771118164,17.56999969482422,17.940000534057617,13.966106414794922,439600
2009-08-28,18.079999923706055,18.219999313354492,17.6200008392334,17.770000457763672,13.833765029907227,318600
2009-08-31,17.59000015258789,17.84000015258789,17.520000457763672,17.690000534057617,13.771486282348633,878000
2009-09-01,17.479999542236328,17.969999313354492,17.09000015258789,17.280000686645508,13.452301979064941,1292500
2009-09-02,17.100000381469727,17.290000915527344,16.149999618530273,16.18000030517578,12.595965385437012,1609500
2009-09-03,16.34000015258789,17.079999923706055,16.34000015258789,17.06999969482422,13.288818359375,636700
2009-09-04,17.06999969482422,17.25,16.700000762939453,16.989999771118164,13.226542472839355,374600
2009-09-08,17.06999969482422,17.68000030517578,17.0,17.600000381469727,13.70141887664795,543500
2009-09-09,17.440000534057617,18.43000030517578,17.34000015258789,18.020000457763672,14.028387069702148,854100
2009-09-10,17.8700008392334,18.049999237060547,17.350000381469727,17.780000686645508,13.841545104980469,1330900
2009-09-11,17.600000381469727,17.790000915527344,16.860000610351562,16.8700008392334,13.1331205368042,922100
2009-09-14,16.760000228881836,16.899999618530273,16.3799991607666,16.649999618530273,12.9618501663208,656400
2009-09-15,16.579999923706055,17.270000457763672,16.299999237060547,17.190000534057617,13.382234573364258,979700
2009-09-16,17.239999771118164,17.260000228881836,16.639999389648438,16.940000534057617,13.18761920928955,1379300
2009-09-17,16.739999771118164,16.889999389648438,16.5,16.719999313354492,13.016348838806152,1031500
2009-09-18,16.639999389648438,16.770000457763672,15.819999694824219,16.049999237060547,12.49476146697998,3348000
2009-09-21,16.020000457763672,16.649999618530273,15.59000015258789,16.43000030517578,12.7905855178833,1941100
2009-09-22,16.709999084472656,17.1200008392334,16.579999923706055,16.969999313354492,13.210970878601074,854000
2009-09-23,17.15999984741211,17.75,16.829999923706055,17.40999984741211,13.55350112915039,1714000
2009-09-24,17.420000076293945,17.43000030517578,16.3799991607666,16.530000686645508,12.868436813354492,1192200
2009-09-25,16.389999389648438,17.0,16.15999984741211,16.809999465942383,13.08641242980957,1257700
2009-09-28,16.760000228881836,17.239999771118164,16.760000228881836,17.079999923706055,13.296602249145508,590600
2009-09-29,17.350000381469727,17.969999313354492,17.010000228881836,17.860000610351562,13.903827667236328,1393200
2009-09-30,18.0,19.770000457763672,17.65999984741211,19.18000030517578,14.931432723999023,3987200
2009-10-01,17.459999084472656,17.5,15.949999809265137,16.1200008392334,12.549254417419434,6112800
2009-10-02,15.850000381469727,16.440000534057617,15.100000381469727,15.149999618530273,11.794119834899902,2646200
2009-10-05,15.390000343322754,15.520000457763672,15.079999923706055,15.1899995803833,11.825260162353516,2412600
2009-10-06,15.470000267028809,15.680000305175781,14.949999809265137,15.300000190734863,11.910892486572266,1652600
2009-10-07,15.380000114440918,15.630000114440918,15.0600004196167,15.539999961853027,12.097726821899414,1309900
2009-10-08,15.489999771118164,16.0,15.260000228881836,15.819999694824219,12.31570816040039,1799400
2009-10-09,15.65999984741211,16.040000915527344,15.5,15.949999809265137,12.416911125183105,993600
2009-10-12,16.09000015258789,16.34000015258789,15.520000457763672,15.699999809265137,12.222288131713867,2175200
2009-10-13,15.640000343322754,15.6899995803833,15.319999694824219,15.460000038146973,12.035451889038086,1195100
2009-10-14,16.260000228881836,16.270000457763672,15.850000381469727,16.270000457763672,12.666027069091797,2538000
2009-10-15,16.530000686645508,17.360000610351562,16.290000915527344,17.31999969482422,13.483436584472656,2833300
2009-10-16,17.1200008392334,17.209999084472656,16.670000076293945,17.049999237060547,13.273248672485352,1642900
2009-10-19,17.329999923706055,18.290000915527344,17.299999237060547,18.200000762939453,14.168513298034668,2230800
2009-10-20,18.360000610351562,18.65999984741211,17.850000381469727,18.1200008392334,14.106234550476074,1500700
2009-10-21,18.1299991607666,18.790000915527344,17.889999389648438,18.079999923706055,14.075089454650879,1616900
2009-10-22,18.1200008392334,19.010000228881836,17.969999313354492,18.770000457763672,14.612250328063965,1076900
2009-10-23,18.610000610351562,18.850000381469727,18.200000762939453,18.350000381469727,14.285287857055664,1181400
2009-10-26,18.25,19.149999618530273,18.030000686645508,18.15999984741211,14.137370109558105,1671100
2009-10-27,17.90999984741211,18.010000228881836,16.479999542236328,17.100000381469727,13.312174797058105,2479100
2009-10-28,17.020000457763672,17.1200008392334,16.139999389648438,16.18000030517578,12.595965385437012,2086700
2009-10-29,16.469999313354492,17.200000762939453,16.420000076293945,16.989999771118164,13.226542472839355,1655100
2009-10-30,17.18000030517578,17.18000030517578,15.279999732971191,15.65999984741211,12.191149711608887,2351700
2009-11-02,15.729999542236328,16.3700008392334,15.25,15.619999885559082,12.160009384155273,2073900
2009-11-03,15.399999618530273,16.469999313354492,15.25,16.399999618530273,12.767230033874512,1799400
2009-11-04,16.43000030517578,16.5,15.779999732971191,15.84000015258789,12.331274032592773,1280800
2009-11-05,15.710000038146973,16.239999771118164,15.4399995803833,16.09000015258789,12.525898933410645,1177400
2009-11-06,15.930000305175781,16.579999923706055,15.859999656677246,16.420000076293945,12.78280258178711,981700
2009-11-09,16.59000015258789,17.149999618530273,16.489999771118164,16.989999771118164,13.226542472839355,846300
2009-11-10,16.739999771118164,17.049999237060547,16.290000915527344,16.670000076293945,12.977425575256348,1388900
2009-11-11,16.969999313354492,17.239999771118164,16.549999237060547,16.979999542236328,13.218755722045898,805200
2009-11-12,16.899999618530273,17.15999984741211,16.420000076293945,16.459999084472656,12.813935279846191,596400
2009-11-13,16.450000762939453,16.59000015258789,16.040000915527344,16.5,12.84507942199707,630600
2009-11-16,16.59000015258789,16.959999084472656,16.43000030517578,16.6299991607666,12.946284294128418,1060400
2009-11-17,16.43000030517578,16.56999969482422,15.970000267028809,16.3799991607666,12.751660346984863,1064000
2009-11-18,16.389999389648438,16.549999237060547,15.920000076293945,16.170000076293945,12.588175773620605,623500
2009-11-19,16.079999923706055,16.15999984741211,15.399999618530273,15.640000343322754,12.175580024719238,665800
2009-11-20,15.460000038146973,16.040000915527344,15.260000228881836,15.6899995803833,12.21450138092041,599800
2009-11-23,16.020000457763672,16.420000076293945,15.520000457763672,15.600000381469727,12.144437789916992,540000
2009-11-24,15.5600004196167,15.600000381469727,15.0,15.180000305175781,11.817473411560059,791300
2009-11-25,15.109999656677246,15.270000457763672,15.029999732971191,15.210000038146973,11.840826034545898,898000
2009-11-27,14.619999885559082,15.1899995803833,14.34000015258789,14.899999618530273,11.599495887756348,284200
2009-11-30,14.789999961853027,14.899999618530273,14.210000038146973,14.779999732971191,11.506077766418457,1389200
2009-12-01,14.859999656677246,15.619999885559082,14.699999809265137,15.399999618530273,11.98874282836914,1195700
2009-12-02,15.4399995803833,15.699999809265137,15.15999984741211,15.489999771118164,12.058806419372559,1267700
2009-12-03,15.430000305175781,15.869999885559082,15.140000343322754,15.149999618530273,11.794119834899902,1125700
2009-12-04,15.380000114440918,16.15999984741211,15.359999656677246,15.979999542236328,12.440264701843262,1059000
2009-12-07,15.90999984741211,16.149999618530273,15.789999961853027,15.989999771118164,12.448049545288086,737400
2009-12-08,15.989999771118164,16.600000381469727,15.829999923706055,16.3700008392334,12.743876457214355,1432700
2009-12-09,16.31999969482422,16.469999313354492,16.079999923706055,16.3799991607666,12.751660346984863,632700
2009-12-10,16.489999771118164,16.530000686645508,16.110000610351562,16.299999237060547,12.689379692077637,435700
2009-12-11,16.360000610351562,16.40999984741211,15.640000343322754,16.100000381469727,12.533683776855469,913800
2009-12-14,16.149999618530273,16.31999969482422,15.880000114440918,16.09000015258789,12.525898933410645,479300
2009-12-15,16.1200008392334,16.1200008392334,15.699999809265137,15.880000114440918,12.362417221069336,642600
2009-12-16,15.920000076293945,16.200000762939453,15.760000228881836,15.920000076293945,12.393556594848633,645700
2009-12-17,15.8100004196167,16.010000228881836,15.510000228881836,15.880000114440918,12.362417221069336,681900
2009-12-18,16.020000457763672,16.209999084472656,15.109999656677246,15.720000267028809,12.237857818603516,1248600
2009-12-21,15.829999923706055,16.209999084472656,15.630000114440918,16.030000686645508,12.479191780090332,617600
2009-12-22,15.989999771118164,16.200000762939453,15.9399995803833,16.100000381469727,12.533683776855469,415500
2009-12-23,16.110000610351562,16.309999465942383,15.720000267028809,15.960000038146973,12.424695014953613,468800
2009-12-24,15.930000305175781,16.09000015258789,15.760000228881836,15.819999694824219,12.31570816040039,91700
2009-12-28,15.859999656677246,15.970000267028809,15.579999923706055,15.789999961853027,12.292350769042969,484900
2009-12-29,15.850000381469727,15.949999809265137,15.539999961853027,15.579999923706055,12.128870964050293,281900
2009-12-30,15.420000076293945,15.65999984741211,15.350000381469727,15.489999771118164,12.058806419372559,460100
2009-12-31,15.5,15.5,15.100000381469727,15.180000305175781,11.817473411560059,610700
2010-01-04,15.220000267028809,15.510000228881836,15.09000015258789,15.289999961853027,11.903106689453125,1024700
2010-01-05,15.350000381469727,16.100000381469727,15.15999984741211,15.779999732971191,12.284566879272461,1568900
2010-01-06,15.850000381469727,16.1200008392334,15.850000381469727,15.970000267028809,12.43248176574707,1502000
2010-01-07,16.010000228881836,16.790000915527344,16.010000228881836,16.690000534057617,12.992995262145996,4037300
2010-01-08,16.639999389648438,16.809999465942383,16.40999984741211,16.719999313354492,13.016348838806152,1195600
2010-01-11,16.719999313354492,17.610000610351562,16.530000686645508,17.360000610351562,13.514578819274902,1991800
2010-01-12,17.149999618530273,17.700000762939453,16.799999237060547,16.989999771118164,13.226542472839355,2212500
2010-01-13,17.15999984741211,17.25,16.15999984741211,17.049999237060547,13.273248672485352,1522200
2010-01-14,17.06999969482422,17.06999969482422,16.420000076293945,16.579999923706055,12.907360076904297,736000
2010-01-15,16.489999771118164,16.700000762939453,16.030000686645508,16.239999771118164,12.642677307128906,828000
2010-01-19,16.110000610351562,16.520000457763672,16.110000610351562,16.5,12.84507942199707,523800
2010-01-20,16.25,16.540000915527344,16.209999084472656,16.43000030517578,12.7905855178833,900800
2010-01-21,16.25,16.809999465942383,16.25,16.329999923706055,12.712736129760742,1260500
2010-01-22,15.829999923706055,16.030000686645508,14.649999618530273,14.829999923706055,11.545003890991211,2436100
2010-01-25,14.989999771118164,15.1899995803833,14.850000381469727,15.079999923706055,11.739624977111816,1024700
2010-01-26,15.050000190734863,15.199999809265137,14.800000190734863,14.829999923706055,11.545003890991211,902900
2010-01-27,14.65999984741211,14.760000228881836,13.90999984741211,14.09000015258789,10.968918800354004,2250400
2010-01-28,14.25,14.430000305175781,13.75,13.890000343322754,10.813223838806152,1888800
2010-01-29,13.949999809265137,14.329999923706055,13.899999618530273,14.0600004196167,10.945565223693848,1378200
2010-02-01,14.119999885559082,14.210000038146973,13.930000305175781,14.039999961853027,10.9299955368042,1077100
2010-02-02,14.029999732971191,14.449999809265137,14.029999732971191,14.380000114440918,11.194679260253906,1729600
2010-02-03,14.210000038146973,14.770000457763672,13.899999618530273,14.710000038146973,11.451583862304688,2851400
2010-02-04,14.859999656677246,15.170000076293945,14.270000457763672,14.449999809265137,11.249175071716309,7838700
2010-02-05,14.5,14.789999961853027,14.319999694824219,14.739999771118164,11.47493839263916,2485000
2010-02-08,14.770000457763672,15.329999923706055,14.6899995803833,14.850000381469727,11.560571670532227,1582500
2010-02-09,15.130000114440918,15.420000076293945,14.819999694824219,15.350000381469727,11.949816703796387,1089500
2010-02-10,15.260000228881836,15.359999656677246,15.029999732971191,15.100000381469727,11.755193710327148,850900
2010-02-11,15.050000190734863,15.1899995803833,14.8100004196167,14.979999542236328,11.661774635314941,1705300
2010-02-12,14.84000015258789,15.15999984741211,14.609999656677246,15.020000457763672,11.692914962768555,1564400
2010-02-16,15.239999771118164,15.399999618530273,14.899999618530273,15.380000114440918,11.973173141479492,698200
2010-02-17,15.510000228881836,15.569999694824219,15.1899995803833,15.359999656677246,11.957602500915527,1091800
2010-02-18,15.229999542236328,15.470000267028809,15.109999656677246,15.350000381469727,11.949816703796387,914500
2010-02-19,15.5,15.59000015258789,15.0,15.380000114440918,11.973173141479492,833800
2010-02-22,15.40999984741211,15.40999984741211,14.739999771118164,14.850000381469727,11.560571670532227,1290700
2010-02-23,14.850000381469727,15.010000228881836,14.380000114440918,14.5600004196167,11.334810256958008,1084600
2010-02-24,14.539999961853027,14.539999961853027,14.239999771118164,14.420000076293945,11.22581958770752,1030800
2010-02-25,14.149999618530273,14.489999771118164,14.109999656677246,14.430000305175781,11.23360538482666,1339600
2010-02-26,14.380000114440918,14.630000114440918,14.319999694824219,14.550000190734863,11.327021598815918,2354800
2010-03-01,14.569999694824219,14.859999656677246,14.420000076293945,14.829999923706055,11.545003890991211,1314600
2010-03-02,14.84000015258789,15.020000457763672,14.680000305175781,14.770000457763672,11.49829387664795,1471700
2010-03-03,14.859999656677246,14.989999771118164,14.350000381469727,14.399999618530273,11.210250854492188,1092300
2010-03-04,14.489999771118164,15.199999809265137,14.449999809265137,15.039999961853027,11.70848560333252,1291400
2010-03-05,15.100000381469727,15.520000457763672,15.09000015258789,15.420000076293945,12.004307746887207,822000
2010-03-08,15.600000381469727,15.75,15.399999618530273,15.470000267028809,12.043235778808594,746200
2010-03-09,15.380000114440918,15.5600004196167,15.180000305175781,15.279999732971191,11.895323753356934,773100
2010-03-10,15.4399995803833,16.0,15.34000015258789,15.970000267028809,12.43248176574707,1467500
2010-03-11,15.869999885559082,16.06999969482422,15.350000381469727,15.4399995803833,12.019881248474121,1282100
2010-03-12,15.609999656677246,15.760000228881836,15.130000114440918,15.279999732971191,11.895323753356934,1331500
2010-03-15,15.199999809265137,15.609999656677246,15.199999809265137,15.539999961853027,12.097726821899414,838700
2010-03-16,15.529999732971191,15.970000267028809,15.420000076293945,15.630000114440918,12.167795181274414,970000
2010-03-17,15.619999885559082,15.9399995803833,15.520000457763672,15.800000190734863,12.300138473510742,1519000
2010-03-18,15.720000267028809,15.930000305175781,15.510000228881836,15.65999984741211,12.191149711608887,2247100
2010-03-19,15.6899995803833,16.010000228881836,15.520000457763672,15.6899995803833,12.21450138092041,5208600
2010-03-22,15.579999923706055,15.6899995803833,15.449999809265137,15.529999732971191,12.089944839477539,1357100
2010-03-23,15.529999732971191,16.09000015258789,15.300000190734863,16.040000915527344,12.486974716186523,1481800
2010-03-24,15.989999771118164,16.110000610351562,15.630000114440918,15.640000343322754,12.175580024719238,1170300
2010-03-25,15.729999542236328,15.789999961853027,15.170000076293945,15.180000305175781,11.817473411560059,1607200
2010-03-26,15.300000190734863,15.489999771118164,14.960000038146973,15.079999923706055,11.739624977111816,1361900
2010-03-29,15.109999656677246,15.199999809265137,14.550000190734863,14.649999618530273,11.404873847961426,1592000
2010-03-30,14.729999542236328,14.90999984741211,14.529999732971191,14.699999809265137,11.443800926208496,964500
2010-03-31,14.770000457763672,14.84000015258789,14.3100004196167,14.420000076293945,11.22581958770752,1396100
2010-04-01,14.630000114440918,15.229999542236328,14.630000114440918,15.199999809265137,11.833039283752441,1618500
2010-04-05,15.359999656677246,15.75,15.210000038146973,15.65999984741211,12.191149711608887,1163100
2010-04-06,15.720000267028809,15.859999656677246,15.520000457763672,15.84000015258789,12.331274032592773,948000
2010-04-07,15.800000190734863,15.989999771118164,15.619999885559082,15.720000267028809,12.237857818603516,920100
2010-04-08,15.649999618530273,15.75,15.109999656677246,15.170000076293945,11.809686660766602,1970900
2010-04-09,15.180000305175781,15.270000457763672,14.869999885559082,14.970000267028809,11.653992652893066,2390500
2010-04-12,15.029999732971191,15.220000267028809,14.979999542236328,15.010000228881836,11.685132026672363,1027800
2010-04-13,14.960000038146973,15.479999542236328,14.960000038146973,15.380000114440918,11.973173141479492,1070000
2010-04-14,15.399999618530273,15.970000267028809,15.399999618530273,15.930000305175781,12.40134334564209,1062800
2010-04-15,15.960000038146973,15.989999771118164,15.720000267028809,15.8100004196167,12.307923316955566,460300
2010-04-16,15.8100004196167,15.890000343322754,15.289999961853027,15.420000076293945,12.004307746887207,612900
2010-04-19,15.4399995803833,15.489999771118164,14.90999984741211,15.050000190734863,11.716270446777344,714500
2010-04-20,15.149999618530273,15.460000038146973,15.100000381469727,15.40999984741211,11.996526718139648,588600
2010-04-21,15.529999732971191,16.09000015258789,15.15999984741211,16.030000686645508,12.479191780090332,1014700
2010-04-22,15.949999809265137,16.5,15.739999771118164,16.399999618530273,12.767230033874512,1453900
2010-04-23,16.40999984741211,16.5,16.110000610351562,16.219999313354492,12.627099990844727,1380100
2010-04-26,16.25,16.299999237060547,15.84000015258789,15.930000305175781,12.40134334564209,1163800
2010-04-27,15.899999618530273,15.920000076293945,15.329999923706055,15.40999984741211,11.996526718139648,1029800
2010-04-28,15.420000076293945,15.630000114440918,14.880000114440918,15.130000114440918,11.778549194335938,1419800
2010-04-29,15.289999961853027,16.059999465942383,15.199999809265137,15.779999732971191,12.284566879272461,2041600
2010-04-30,15.539999961853027,16.329999923706055,14.979999542236328,14.979999542236328,11.661774635314941,1791100
2010-05-03,15.220000267028809,15.640000343322754,14.979999542236328,15.399999618530273,11.98874282836914,1060700
2010-05-04,15.170000076293945,15.180000305175781,14.649999618530273,14.739999771118164,11.47493839263916,3828700
2010-05-05,14.489999771118164,14.489999771118164,13.710000038146973,13.920000076293945,10.836576461791992,2862800
2010-05-06,13.930000305175781,14.289999961853027,12.449999809265137,13.510000228881836,10.517394065856934,2588000
2010-05-07,13.359999656677246,13.600000381469727,12.579999923706055,13.3100004196167,10.361696243286133,3748200
2010-05-10,14.039999961853027,14.34000015258789,13.739999771118164,14.319999694824219,11.147972106933594,1944100
2010-05-11,13.989999771118164,14.449999809265137,13.920000076293945,14.279999732971191,11.116827964782715,1264300
2010-05-12,14.279999732971191,14.550000190734863,14.180000305175781,14.4399995803833,11.241392135620117,1545000
2010-05-13,14.4399995803833,14.529999732971191,13.699999809265137,13.789999961853027,10.735371589660645,1022700
2010-05-14,13.550000190734863,13.829999923706055,13.34000015258789,13.5600004196167,10.556321144104004,1521900
2010-05-17,13.619999885559082,13.779999732971191,13.319999694824219,13.680000305175781,10.649738311767578,2598600
2010-05-18,13.779999732971191,14.100000381469727,13.130000114440918,13.140000343322754,10.229353904724121,808000
2010-05-19,13.029999732971191,13.359999656677246,12.729999542236328,13.199999809265137,10.2760648727417,1350000
2010-05-20,12.850000381469727,13.09000015258789,12.489999771118164,12.680000305175781,9.871249198913574,1387700
2010-05-21,12.430000305175781,13.119999885559082,12.390000343322754,13.0,10.120365142822266,1930300
2010-05-24,12.899999618530273,13.1899995803833,12.6899995803833,12.6899995803833,9.879034042358398,615700
2010-05-25,12.1899995803833,13.010000228881836,12.170000076293945,12.960000038146973,10.089229583740234,1161600
2010-05-26,13.069999694824219,13.279999732971191,12.59000015258789,12.65999984741211,9.85567855834961,1908900
2010-05-27,12.970000267028809,13.210000038146973,12.920000076293945,13.210000038146973,10.283848762512207,1141300
2010-05-28,13.149999618530273,13.329999923706055,12.899999618530273,13.0600004196167,10.167078018188477,775300
2010-06-01,12.930000305175781,13.0,12.4399995803833,12.4399995803833,9.684412002563477,711600
2010-06-02,12.430000305175781,12.890000343322754,12.390000343322754,12.890000343322754,10.034733772277832,786400
2010-06-03,12.880000114440918,13.319999694824219,12.869999885559082,13.319999694824219,10.369482040405273,1116600
2010-06-04,12.84000015258789,13.039999961853027,12.579999923706055,12.670000076293945,9.863466262817383,1204400
2010-06-07,12.670000076293945,12.760000228881836,12.109999656677246,12.109999656677246,9.427508354187012,632400
2010-06-08,12.199999809265137,12.380000114440918,12.0,12.270000457763672,9.552068710327148,775000
2010-06-09,12.399999618530273,12.609999656677246,12.100000381469727,12.149999618530273,9.458648681640625,639600
2010-06-10,12.420000076293945,12.609999656677246,12.260000228881836,12.539999961853027,9.762255668640137,554600
2010-06-11,12.380000114440918,12.789999961853027,12.279999732971191,12.760000228881836,9.933526992797852,288400
2010-06-14,12.859999656677246,13.25,12.859999656677246,13.069999694824219,10.174857139587402,496900
2010-06-15,13.109999656677246,13.529999732971191,13.050000190734863,13.529999732971191,10.532966613769531,491800
2010-06-16,13.300000190734863,13.449999809265137,13.100000381469727,13.300000190734863,10.353913307189941,431600
2010-06-17,13.289999961853027,13.289999961853027,12.630000114440918,12.739999771118164,9.917959213256836,648600
2010-06-18,12.729999542236328,12.829999923706055,12.479999542236328,12.6899995803833,9.879034042358398,757600
2010-06-21,12.920000076293945,13.050000190734863,12.449999809265137,12.489999771118164,9.723336219787598,309000
2010-06-22,12.479999542236328,12.640000343322754,12.119999885559082,12.149999618530273,9.458648681640625,392000
2010-06-23,12.319999694824219,12.619999885559082,12.15999984741211,12.470000267028809,9.70776653289795,919100
2010-06-24,12.430000305175781,12.520000457763672,12.100000381469727,12.1899995803833,9.489789962768555,662500
2010-06-25,12.25,12.539999961853027,12.100000381469727,12.5,9.731120109558105,3578800
2010-06-28,12.550000190734863,12.670000076293945,12.329999923706055,12.329999923706055,9.598776817321777,366400
2010-06-29,12.149999618530273,12.199999809265137,11.640000343322754,11.760000228881836,9.155038833618164,793400
2010-06-30,11.770000457763672,11.890000343322754,11.350000381469727,11.359999656677246,8.843640327453613,1204300
2010-07-01,11.430000305175781,11.75,11.140000343322754,11.619999885559082,9.046049118041992,980700
2010-07-02,11.699999809265137,11.770000457763672,11.15999984741211,11.229999542236328,8.742440223693848,831500
2010-07-06,11.460000038146973,11.460000038146973,10.890000343322754,10.9399995803833,8.516677856445312,808100
2010-07-07,11.09000015258789,11.329999923706055,10.90999984741211,11.319999694824219,8.812501907348633,817700
2010-07-08,11.479999542236328,11.619999885559082,11.140000343322754,11.369999885559082,8.851426124572754,589200
2010-07-09,11.380000114440918,11.609999656677246,11.359999656677246,11.609999656677246,9.038264274597168,259000
2010-07-12,11.529999732971191,11.670000076293945,11.270000457763672,11.460000038146973,8.921489715576172,253500
2010-07-13,11.609999656677246,11.890000343322754,11.579999923706055,11.84000015258789,9.217320442199707,501000
2010-07-14,11.84000015258789,12.399999618530273,11.84000015258789,12.300000190734863,9.575423240661621,908200
2010-07-15,12.430000305175781,12.520000457763672,11.970000267028809,12.470000267028809,9.70776653289795,579400
2010-07-16,12.399999618530273,12.510000228881836,12.149999618530273,12.229999542236328,9.520928382873535,1387100
2010-07-19,12.34000015258789,12.5,12.010000228881836,12.229999542236328,9.520928382873535,608600
2010-07-20,12.0,12.609999656677246,11.8100004196167,12.539999961853027,9.762255668640137,1170500
2010-07-21,12.600000381469727,12.670000076293945,12.170000076293945,12.180000305175781,9.48200511932373,639200
2010-07-22,12.4399995803833,13.0600004196167,12.420000076293945,13.020000457763672,10.135931015014648,853600
2010-07-23,12.90999984741211,13.529999732971191,12.710000038146973,13.529999732971191,10.532966613769531,1166000
2010-07-26,13.619999885559082,13.859999656677246,13.300000190734863,13.859999656677246,10.78986644744873,612400
2010-07-27,14.039999961853027,14.239999771118164,13.510000228881836,13.6899995803833,10.657522201538086,1076200
2010-07-28,13.6899995803833,13.8100004196167,13.239999771118164,13.5,10.509611129760742,1127000
2010-07-29,14.100000381469727,14.369999885559082,13.1899995803833,13.8100004196167,10.750946998596191,1275700
2010-07-30,13.640000343322754,14.0600004196167,13.380000114440918,14.0,10.89885425567627,978700
2010-08-02,14.430000305175781,14.640000343322754,14.199999809265137,14.40999984741211,11.218035697937012,1548900
2010-08-03,14.479999542236328,14.5,14.039999961853027,14.220000267028809,11.070123672485352,609600
2010-08-04,14.25,14.40999984741211,14.079999923706055,14.25,11.093478202819824,503700
2010-08-05,14.1899995803833,14.3100004196167,13.869999885559082,14.1899995803833,11.046769142150879,452400
2010-08-06,13.989999771118164,14.149999618530273,13.770000457763672,14.010000228881836,10.90664005279541,450600
2010-08-09,14.149999618530273,14.380000114440918,14.0600004196167,14.319999694824219,11.147972106933594,568100
2010-08-10,14.100000381469727,14.130000114440918,13.65999984741211,13.739999771118164,10.696451187133789,421900
2010-08-11,13.399999618530273,13.40999984741211,13.010000228881836,13.069999694824219,10.174857139587402,489000
2010-08-12,12.829999923706055,13.079999923706055,12.59000015258789,12.930000305175781,10.065873146057129,582500
2010-08-13,12.84000015258789,12.920000076293945,12.579999923706055,12.59000015258789,9.801185607910156,480100
2010-08-16,12.5,12.6899995803833,12.420000076293945,12.4399995803833,9.684412002563477,585600
2010-08-17,12.640000343322754,12.84000015258789,12.569999694824219,12.640000343322754,9.840112686157227,620700
2010-08-18,12.619999885559082,12.770000457763672,12.430000305175781,12.680000305175781,9.871249198913574,462100
2010-08-19,12.65999984741211,12.720000267028809,12.079999923706055,12.239999771118164,9.528712272644043,542800
2010-08-20,12.210000038146973,12.270000457763672,11.880000114440918,12.260000228881836,9.54428482055664,359500
2010-08-23,12.40999984741211,12.600000381469727,12.170000076293945,12.1899995803833,9.489789962768555,309600
2010-08-24,12.0,12.319999694824219,11.619999885559082,12.079999923706055,9.404155731201172,540100
2010-08-25,12.010000228881836,12.420000076293945,11.760000228881836,12.329999923706055,9.598776817321777,468900
2010-08-26,12.380000114440918,12.600000381469727,12.0600004196167,12.100000381469727,9.41972541809082,472800
2010-08-27,12.289999961853027,12.539999961853027,11.819999694824219,12.5,9.731120109558105,557500
2010-08-30,12.479999542236328,12.609999656677246,12.180000305175781,12.180000305175781,9.48200511932373,398600
2010-08-31,12.130000114440918,12.300000190734863,11.890000343322754,12.010000228881836,9.349661827087402,511300
2010-09-01,12.229999542236328,12.680000305175781,12.229999542236328,12.390000343322754,9.645489692687988,422700
2010-09-02,12.449999809265137,12.829999923706055,12.430000305175781,12.819999694824219,9.980239868164062,416100
2010-09-03,12.970000267028809,13.319999694824219,12.960000038146973,13.210000038146973,10.283848762512207,373300
2010-09-07,13.140000343322754,13.34000015258789,12.989999771118164,13.15999984741211,10.24492359161377,623900
2010-09-08,12.930000305175781,13.0,12.460000038146973,12.649999618530273,9.847896575927734,1169900
2010-09-09,12.890000343322754,12.890000343322754,12.229999542236328,12.260000228881836,9.54428482055664,803100
2010-09-10,12.3100004196167,12.369999885559082,12.09000015258789,12.140000343322754,9.450865745544434,636200
2010-09-13,12.279999732971191,12.300000190734863,11.960000038146973,12.039999961853027,9.373016357421875,974000
2010-09-14,11.979999542236328,12.140000343322754,11.779999732971191,12.0,9.341877937316895,1079200
2010-09-15,11.970000267028809,12.140000343322754,11.649999618530273,12.050000190734863,9.3808012008667,842100
2010-09-16,11.970000267028809,12.180000305175781,11.880000114440918,12.149999618530273,9.458648681640625,425000
2010-09-17,12.25,12.25,11.850000381469727,11.979999542236328,9.326305389404297,578600
2010-09-20,12.039999961853027,12.510000228881836,11.859999656677246,12.460000038146973,9.699983596801758,539700
2010-09-21,12.460000038146973,12.529999732971191,12.25,12.319999694824219,9.59099292755127,351100
2010-09-22,12.260000228881836,12.59000015258789,12.010000228881836,12.229999542236328,9.520928382873535,418600
2010-09-23,12.079999923706055,12.600000381469727,12.0,12.319999694824219,9.59099292755127,431000
2010-09-24,12.529999732971191,12.9399995803833,12.529999732971191,12.880000114440918,10.026946067810059,554300
2010-09-27,12.890000343322754,12.9399995803833,12.649999618530273,12.84000015258789,9.995808601379395,418900
2010-09-28,12.829999923706055,13.0,12.470000267028809,12.979999542236328,10.10479736328125,366200
2010-09-29,12.899999618530273,13.199999809265137,12.859999656677246,13.069999694824219,10.174857139587402,278400
2010-09-30,13.199999809265137,13.460000038146973,13.140000343322754,13.199999809265137,10.2760648727417,745500
2010-10-01,13.279999732971191,13.430000305175781,13.100000381469727,13.279999732971191,10.338340759277344,441000
2010-10-04,13.25,13.25,12.869999885559082,12.9399995803833,10.073655128479004,389800
2010-10-05,13.100000381469727,13.420000076293945,13.0,13.350000381469727,10.392837524414062,1324700
2010-10-06,13.3100004196167,13.369999885559082,13.130000114440918,13.229999542236328,10.299417495727539,770700
2010-10-07,13.350000381469727,13.489999771118164,13.0600004196167,13.1899995803833,10.268279075622559,550300
2010-10-08,13.149999618530273,13.529999732971191,13.119999885559082,13.319999694824219,10.369482040405273,770800
2010-10-11,13.350000381469727,13.399999618530273,13.180000305175781,13.319999694824219,10.369482040405273,665900
2010-10-12,13.3100004196167,13.399999618530273,13.149999618530273,13.329999923706055,10.377265930175781,834400
2010-10-13,13.420000076293945,13.789999961853027,13.289999961853027,13.760000228881836,10.712018013000488,1721000
2010-10-14,13.779999732971191,14.029999732971191,13.630000114440918,13.989999771118164,10.891072273254395,794100
2010-10-15,14.119999885559082,14.210000038146973,13.710000038146973,13.75,10.704231262207031,960700
2010-10-18,13.760000228881836,13.920000076293945,13.600000381469727,13.869999885559082,10.797651290893555,524100
2010-10-19,13.680000305175781,13.850000381469727,13.329999923706055,13.489999771118164,10.501826286315918,734600
2010-10-20,13.59000015258789,13.869999885559082,13.449999809265137,13.760000228881836,10.712018013000488,674300
2010-10-21,13.890000343322754,13.979999542236328,13.630000114440918,13.670000076293945,10.641955375671387,822900
2010-10-22,14.0,14.069999694824219,12.970000267028809,13.25,10.31498908996582,1121300
2010-10-25,13.329999923706055,13.520000457763672,13.130000114440918,13.359999656677246,10.40062141418457,958300
2010-10-26,13.279999732971191,13.979999542236328,13.220000267028809,13.609999656677246,10.595242500305176,1164700
2010-10-27,13.529999732971191,13.539999961853027,13.239999771118164,13.289999961853027,10.3461275100708,1097200
2010-10-28,13.40999984741211,13.4399995803833,13.130000114440918,13.1899995803833,10.268279075622559,396900
2010-10-29,13.239999771118164,13.479999542236328,13.119999885559082,13.449999809265137,10.470688819885254,482200
2010-11-01,13.729999542236328,14.0,13.579999923706055,13.710000038146973,10.673093795776367,1280600
2010-11-02,13.979999542236328,14.010000228881836,13.739999771118164,14.010000228881836,10.90664005279541,749600
2010-11-03,14.010000228881836,14.529999732971191,14.010000228881836,14.520000457763672,11.303670883178711,1883100
2010-11-04,14.8100004196167,14.920000076293945,14.619999885559082,14.899999618530273,11.599495887756348,1113400
2010-11-05,14.869999885559082,15.489999771118164,14.729999542236328,15.270000457763672,11.887537002563477,2094300
2010-11-08,15.220000267028809,15.65999984741211,15.1899995803833,15.520000457763672,12.082158088684082,964300
2010-11-09,15.59000015258789,15.6899995803833,15.220000267028809,15.300000190734863,11.910892486572266,613100
2010-11-10,15.270000457763672,15.619999885559082,15.25,15.579999923706055,12.128870964050293,739600
2010-11-11,15.399999618530273,15.619999885559082,15.3100004196167,15.430000305175781,12.012094497680664,583300
2010-11-12,15.270000457763672,15.4399995803833,14.949999809265137,15.020000457763672,11.692914962768555,803800
2010-11-15,15.119999885559082,15.369999885559082,15.039999961853027,15.050000190734863,11.716270446777344,388800
2010-11-16,14.949999809265137,15.140000343322754,14.720000267028809,14.850000381469727,11.560571670532227,901200
2010-11-17,14.850000381469727,15.260000228881836,14.75,15.020000457763672,11.692914962768555,524800
2010-11-18,15.270000457763672,15.75,15.100000381469727,15.109999656677246,11.762981414794922,558900
2010-11-19,15.039999961853027,15.180000305175781,14.84000015258789,15.100000381469727,11.755193710327148,346200
2010-11-22,15.140000343322754,15.279999732971191,14.920000076293945,15.199999809265137,11.833039283752441,482400
2010-11-23,14.970000267028809,15.1899995803833,14.84000015258789,15.15999984741211,11.801904678344727,576800
2010-11-24,15.270000457763672,15.539999961853027,15.199999809265137,15.430000305175781,12.012094497680664,392100
2010-11-26,15.289999961853027,15.390000343322754,15.180000305175781,15.180000305175781,11.817473411560059,225000
2010-11-29,15.069999694824219,15.350000381469727,14.890000343322754,15.329999923706055,11.934247016906738,807900
2010-11-30,15.15999984741211,15.279999732971191,14.979999542236328,15.09000015258789,11.74740982055664,655700
2010-12-01,15.430000305175781,15.59000015258789,15.229999542236328,15.399999618530273,11.98874282836914,538500
2010-12-02,15.399999618530273,15.880000114440918,15.3100004196167,15.859999656677246,12.346845626831055,730600
2010-12-03,15.739999771118164,16.200000762939453,15.710000038146973,16.18000030517578,12.595965385437012,723500
2010-12-06,16.1200008392334,16.280000686645508,16.020000457763672,16.1299991607666,12.557038307189941,531400
2010-12-07,16.309999465942383,16.420000076293945,16.200000762939453,16.309999465942383,12.69716739654541,410700
2010-12-08,16.3700008392334,16.450000762939453,16.170000076293945,16.190000534057617,12.603748321533203,307600
2010-12-09,16.260000228881836,16.489999771118164,16.1200008392334,16.459999084472656,12.813935279846191,463100
2010-12-10,16.530000686645508,16.799999237060547,16.40999984741211,16.559999465942383,12.891790390014648,407800
2010-12-13,16.639999389648438,16.649999618530273,16.309999465942383,16.420000076293945,12.78280258178711,416400
2010-12-14,16.469999313354492,16.8700008392334,16.469999313354492,16.860000610351562,13.125335693359375,430600
2010-12-15,16.84000015258789,16.899999618530273,16.40999984741211,16.5,12.84507942199707,650900
2010-12-16,16.549999237060547,16.889999389648438,16.549999237060547,16.850000381469727,13.117547035217285,304900
2010-12-17,16.8799991607666,16.950000762939453,16.68000030517578,16.889999389648438,13.148693084716797,594000
2010-12-20,16.8799991607666,17.079999923706055,16.8700008392334,17.040000915527344,13.265464782714844,306800
2010-12-21,17.040000915527344,17.1299991607666,16.850000381469727,17.079999923706055,13.296602249145508,399600
2010-12-22,17.079999923706055,17.229999542236328,17.030000686645508,17.1200008392334,13.327749252319336,416000
2010-12-23,17.059999465942383,17.280000686645508,17.030000686645508,17.06999969482422,13.288818359375,395400
2010-12-27,17.030000686645508,17.329999923706055,16.8700008392334,17.329999923706055,13.491223335266113,400900
2010-12-28,17.31999969482422,17.329999923706055,17.020000457763672,17.15999984741211,13.358882904052734,503100
2010-12-29,17.149999618530273,17.350000381469727,17.149999618530273,17.18000030517578,13.37445068359375,137900
2010-12-30,17.139999389648438,17.540000915527344,17.139999389648438,17.420000076293945,13.56129264831543,561500
2010-12-31,17.420000076293945,17.579999923706055,17.350000381469727,17.420000076293945,13.56129264831543,247400
2011-01-03,17.239999771118164,17.280000686645508,16.65999984741211,17.100000381469727,13.312174797058105,1032800
2011-01-04,17.149999618530273,17.18000030517578,16.6200008392334,16.899999618530273,13.156472206115723,1036100
2011-01-05,16.8799991607666,17.209999084472656,16.709999084472656,17.079999923706055,13.296602249145508,541400
2011-01-06,17.059999465942383,17.209999084472656,16.84000015258789,16.899999618530273,13.156472206115723,339500
2011-01-07,16.899999618530273,16.940000534057617,16.239999771118164,16.469999313354492,12.821725845336914,628800
2011-01-10,16.420000076293945,16.84000015258789,16.280000686645508,16.739999771118164,13.031916618347168,401600
2011-01-11,16.780000686645508,16.940000534057617,16.700000762939453,16.81999969482422,13.094199180603027,302400
2011-01-12,17.040000915527344,17.049999237060547,16.809999465942383,16.90999984741211,13.164263725280762,341600
2011-01-13,16.940000534057617,16.940000534057617,16.65999984741211,16.81999969482422,13.094199180603027,479900
2011-01-14,16.780000686645508,16.959999084472656,16.700000762939453,16.920000076293945,13.17204475402832,370000
2011-01-18,16.860000610351562,17.059999465942383,16.729999542236328,16.969999313354492,13.210970878601074,657800
2011-01-19,16.93000030517578,17.020000457763672,16.56999969482422,16.579999923706055,12.907360076904297,567800
2011-01-20,16.479999542236328,16.860000610351562,16.469999313354492,16.610000610351562,12.930716514587402,457800
2011-01-21,16.739999771118164,16.760000228881836,16.479999542236328,16.56999969482422,12.899572372436523,354800
2011-01-24,16.56999969482422,17.100000381469727,16.450000762939453,17.010000228881836,13.242109298706055,593300
2011-01-25,16.989999771118164,17.06999969482422,16.850000381469727,16.959999084472656,13.203186988830566,549700
2011-01-26,17.040000915527344,17.389999389648438,16.850000381469727,17.31999969482422,13.483436584472656,529200
2011-01-27,17.3799991607666,17.81999969482422,17.350000381469727,17.670000076293945,13.755911827087402,555800
2011-01-28,17.600000381469727,17.600000381469727,16.8799991607666,16.93000030517578,13.179834365844727,954100
2011-01-31,16.989999771118164,17.059999465942383,16.780000686645508,16.899999618530273,13.156472206115723,501000
2011-02-01,17.010000228881836,17.420000076293945,16.920000076293945,16.93000030517578,13.179834365844727,867400
2011-02-02,16.90999984741211,17.139999389648438,16.6200008392334,16.649999618530273,12.9618501663208,854200
2011-02-03,16.700000762939453,17.280000686645508,16.700000762939453,17.280000686645508,13.452301979064941,739800
2011-02-04,17.290000915527344,18.049999237060547,17.15999984741211,17.959999084472656,13.981669425964355,750000
2011-02-07,18.0,18.6200008392334,17.959999084472656,18.600000381469727,14.479912757873535,715600
2011-02-08,18.6200008392334,19.3700008392334,18.59000015258789,19.100000381469727,14.869157791137695,984700
2011-02-09,18.959999084472656,19.219999313354492,18.959999084472656,19.049999237060547,14.830229759216309,903600
2011-02-10,18.8700008392334,19.059999465942383,18.809999465942383,19.030000686645508,14.814661979675293,866700
2011-02-11,18.950000762939453,19.540000915527344,18.899999618530273,19.450000762939453,15.141626358032227,651400
2011-02-14,19.469999313354492,19.81999969482422,19.350000381469727,19.540000915527344,15.211688995361328,707900
2011-02-15,19.65999984741211,20.389999389648438,19.600000381469727,20.149999618530273,15.686566352844238,1136300
2011-02-16,21.3700008392334,22.100000381469727,20.959999084472656,21.0,16.34827995300293,2078200
2011-02-17,20.850000381469727,21.170000076293945,20.790000915527344,20.809999465942383,16.20037269592285,1323500
2011-02-18,20.920000076293945,21.690000534057617,20.8700008392334,21.1299991607666,16.44948959350586,633700
2011-02-22,20.81999969482422,20.959999084472656,20.510000228881836,20.6200008392334,16.052457809448242,593600
2011-02-23,20.709999084472656,20.709999084472656,19.709999084472656,20.1200008392334,15.663214683532715,781100
2011-02-24,20.1200008392334,20.260000228881836,19.799999237060547,19.969999313354492,15.546439170837402,817500
2011-02-25,20.1200008392334,20.43000030517578,19.959999084472656,20.270000457763672,15.779984474182129,597900
2011-02-28,20.469999313354492,20.59000015258789,20.25,20.3700008392334,15.857831954956055,371800
2011-03-01,20.520000457763672,20.520000457763672,19.65999984741211,19.700000762939453,15.336244583129883,764500
2011-03-02,19.68000030517578,20.139999389648438,19.6299991607666,20.100000381469727,15.64764404296875,440800
2011-03-03,20.229999542236328,20.56999969482422,20.0,20.190000534057617,15.71771240234375,391400
2011-03-04,20.280000686645508,20.34000015258789,19.68000030517578,19.8700008392334,15.468592643737793,449200
2011-03-07,20.010000228881836,20.209999084472656,19.079999923706055,19.479999542236328,15.16497802734375,1070900
2011-03-08,19.559999465942383,20.040000915527344,19.280000686645508,19.940000534057617,15.523088455200195,689800
2011-03-09,19.8700008392334,20.56999969482422,19.719999313354492,20.399999618530273,15.881187438964844,965600
2011-03-10,20.049999237060547,20.40999984741211,19.93000030517578,20.290000915527344,15.795562744140625,1136300
2011-03-11,20.040000915527344,20.809999465942383,19.8700008392334,20.729999542236328,16.138090133666992,1032300
2011-03-14,20.329999923706055,20.479999542236328,19.309999465942383,19.440000534057617,15.133844375610352,1028700
2011-03-15,18.8700008392334,19.399999618530273,18.809999465942383,19.290000915527344,15.017059326171875,1288400
2011-03-16,19.149999618530273,19.200000762939453,18.420000076293945,18.760000228881836,14.604471206665039,1254200
2011-03-17,19.059999465942383,19.360000610351562,18.90999984741211,19.0,14.791303634643555,917100
2011-03-18,19.260000228881836,19.260000228881836,18.600000381469727,18.690000534057617,14.549975395202637,3445000
2011-03-21,19.0,19.399999618530273,18.809999465942383,19.100000381469727,14.869157791137695,880100
2011-03-22,19.170000076293945,19.260000228881836,18.700000762939453,18.8700008392334,14.690098762512207,784000
2011-03-23,18.799999237060547,19.399999618530273,18.459999084472656,19.360000610351562,15.071560859680176,1148500
2011-03-24,19.399999618530273,19.739999771118164,19.299999237060547,19.549999237060547,15.219473838806152,516700
2011-03-25,19.59000015258789,20.260000228881836,19.59000015258789,19.90999984741211,15.499727249145508,699200
2011-03-28,19.93000030517578,20.239999771118164,19.43000030517578,19.59000015258789,15.250612258911133,423600
2011-03-29,19.559999465942383,20.06999969482422,19.459999084472656,19.829999923706055,15.43745231628418,412000
2011-03-30,19.979999542236328,20.489999771118164,19.90999984741211,20.40999984741211,15.888975143432617,372300
2011-03-31,20.329999923706055,20.479999542236328,19.8700008392334,20.020000457763672,15.585368156433105,556500
2011-04-01,20.219999313354492,20.65999984741211,20.190000534057617,20.40999984741211,15.888975143432617,327000
2011-04-04,20.489999771118164,20.56999969482422,19.90999984741211,19.989999771118164,15.562012672424316,272100
2011-04-05,19.959999084472656,20.850000381469727,19.940000534057617,20.6299991607666,16.060245513916016,411800
2011-04-06,20.729999542236328,20.989999771118164,20.459999084472656,20.93000030517578,16.293794631958008,414000
2011-04-07,20.899999618530273,21.520000457763672,20.829999923706055,21.059999465942383,16.39499282836914,373300
2011-04-08,21.190000534057617,21.229999542236328,20.350000381469727,20.520000457763672,15.974608421325684,377500
2011-04-11,20.489999771118164,20.739999771118164,20.209999084472656,20.3700008392334,15.857831954956055,259400
2011-04-12,20.149999618530273,20.420000076293945,19.360000610351562,19.559999465942383,15.227256774902344,771500
2011-04-13,19.739999771118164,19.739999771118164,19.18000030517578,19.360000610351562,15.071560859680176,619500
2011-04-14,19.229999542236328,19.540000915527344,18.850000381469727,19.520000457763672,15.196114540100098,725300
2011-04-15,19.5,19.56999969482422,19.190000534057617,19.280000686645508,15.009284019470215,515100
2011-04-18,18.93000030517578,19.3799991607666,18.81999969482422,19.360000610351562,15.071560859680176,494100
2011-04-19,19.5,19.600000381469727,19.020000457763672,19.100000381469727,14.869157791137695,407700
2011-04-20,19.399999618530273,20.0,19.3700008392334,19.989999771118164,15.562012672424316,442400
2011-04-21,20.190000534057617,20.440000534057617,19.790000915527344,20.3799991607666,15.865619659423828,527800
2011-04-25,20.399999618530273,20.489999771118164,19.860000610351562,20.170000076293945,15.702136993408203,304900
2011-04-26,20.190000534057617,20.420000076293945,19.959999084472656,20.309999465942383,15.811124801635742,440500
2011-04-27,20.34000015258789,20.799999237060547,20.290000915527344,20.540000915527344,15.990178108215332,596900
2011-04-28,22.299999237060547,23.100000381469727,21.139999389648438,23.059999465942383,17.95197296142578,1412600
2011-04-29,23.209999084472656,23.239999771118164,22.440000534057617,22.479999542236328,17.500444412231445,911000
2011-05-02,22.549999237060547,22.600000381469727,21.81999969482422,21.950000762939453,17.087844848632812,605100
2011-05-03,21.93000030517578,22.09000015258789,21.540000915527344,21.81999969482422,16.986648559570312,373100
2011-05-04,21.780000686645508,22.0,21.610000610351562,21.809999465942383,16.978864669799805,506600
2011-05-05,21.649999618530273,22.09000015258789,21.399999618530273,21.75,16.932151794433594,648400
2011-05-06,22.079999923706055,22.110000610351562,21.559999465942383,21.649999618530273,16.854297637939453,479100
2011-05-09,21.600000381469727,21.8700008392334,21.329999923706055,21.770000457763672,16.947715759277344,234000
2011-05-10,21.8799991607666,22.15999984741211,21.739999771118164,22.020000457763672,17.142345428466797,438500
2011-05-11,21.969999313354492,22.079999923706055,21.510000228881836,21.690000534057617,16.88543701171875,361500
2011-05-12,21.600000381469727,22.459999084472656,21.43000030517578,22.25,17.32139778137207,426000
2011-05-13,22.229999542236328,22.25,21.540000915527344,21.670000076293945,16.8698673248291,547800
2011-05-16,21.5,21.59000015258789,21.049999237060547,21.139999389648438,16.45726776123047,508900
2011-05-17,21.06999969482422,21.309999465942383,20.780000686645508,20.989999771118164,16.340497970581055,294000
2011-05-18,20.889999389648438,21.229999542236328,20.770000457763672,21.190000534057617,16.551401138305664,311900
2011-05-19,21.360000610351562,21.360000610351562,20.729999542236328,20.989999771118164,16.39517593383789,528200
2011-05-20,20.8799991607666,20.8799991607666,19.959999084472656,19.979999542236328,15.606266975402832,1058200
2011-05-23,19.559999465942383,20.06999969482422,19.540000915527344,19.860000610351562,15.51253604888916,614500
2011-05-24,19.959999084472656,20.100000381469727,19.760000228881836,19.899999618530273,15.543779373168945,321100
2011-05-25,19.81999969482422,20.15999984741211,19.649999618530273,19.920000076293945,15.55940055847168,314900
2011-05-26,19.68000030517578,20.1299991607666,19.68000030517578,20.079999923706055,15.68437671661377,505300
2011-05-27,20.1299991607666,20.31999969482422,19.889999389648438,20.280000686645508,15.840601921081543,399400
2011-05-31,20.469999313354492,20.790000915527344,20.299999237060547,20.760000228881836,16.215518951416016,553800
2011-06-01,20.729999542236328,20.940000534057617,19.989999771118164,20.079999923706055,15.68437671661377,623900
2011-06-02,19.979999542236328,20.219999313354492,19.729999542236328,19.979999542236328,15.606266975402832,525200
2011-06-03,19.68000030517578,20.15999984741211,19.219999313354492,19.969999313354492,15.59846019744873,814800
2011-06-06,19.90999984741211,20.0,19.719999313354492,19.739999771118164,15.418801307678223,607600
2011-06-07,19.81999969482422,20.600000381469727,19.81999969482422,19.989999771118164,15.614083290100098,507100
2011-06-08,19.8799991607666,20.040000915527344,19.700000762939453,19.809999465942383,15.473480224609375,742000
2011-06-09,19.690000534057617,20.459999084472656,19.5,20.1299991607666,15.723435401916504,466200
2011-06-10,19.979999542236328,20.030000686645508,19.389999389648438,19.829999923706055,15.489109992980957,586500
2011-06-13,19.8799991607666,20.06999969482422,19.25,19.25,15.03607177734375,1285400
2011-06-14,19.559999465942383,19.799999237060547,19.420000076293945,19.670000076293945,15.364130973815918,783100
2011-06-15,19.43000030517578,19.6200008392334,19.010000228881836,19.079999923706055,14.903287887573242,736200
2011-06-16,19.100000381469727,19.360000610351562,18.459999084472656,18.84000015258789,14.715825080871582,942800
2011-06-17,19.030000686645508,19.56999969482422,18.959999084472656,19.329999923706055,15.09855842590332,688800
2011-06-20,19.270000457763672,19.950000762939453,19.139999389648438,19.920000076293945,15.55940055847168,444500
2011-06-21,20.100000381469727,20.889999389648438,20.059999465942383,20.850000381469727,16.28582191467285,439200
2011-06-22,20.809999465942383,21.6299991607666,20.649999618530273,21.200000762939453,16.559207916259766,1095000
2011-06-23,20.8799991607666,21.700000762939453,20.75,21.6299991607666,16.895082473754883,772300
2011-06-24,21.649999618530273,21.790000915527344,21.309999465942383,21.530000686645508,16.816972732543945,745800
2011-06-27,21.549999237060547,21.979999542236328,21.399999618530273,21.770000457763672,17.004425048828125,437400
2011-06-28,21.850000381469727,22.350000381469727,21.700000762939453,22.31999969482422,17.43402671813965,808900
2011-06-29,22.440000534057617,22.81999969482422,22.3700008392334,22.56999969482422,17.629302978515625,586100
2011-06-30,22.600000381469727,22.989999771118164,22.399999618530273,22.739999771118164,17.7620906829834,717200
2011-07-01,22.729999542236328,23.100000381469727,22.3700008392334,22.979999542236328,17.94955062866211,996600
2011-07-05,22.940000534057617,22.940000534057617,22.510000228881836,22.700000762939453,17.730846405029297,1165700
2011-07-06,22.59000015258789,22.65999984741211,22.170000076293945,22.40999984741211,17.504335403442383,1001800
2011-07-07,22.579999923706055,23.940000534057617,22.579999923706055,23.6299991607666,18.4572696685791,822500
2011-07-08,23.170000076293945,23.469999313354492,22.75,23.280000686645508,18.183883666992188,494900
2011-07-11,22.899999618530273,23.209999084472656,22.610000610351562,22.8799991607666,17.87143898010254,591200
2011-07-12,22.809999465942383,23.360000610351562,22.770000457763672,23.1299991607666,18.06671714782715,761700
2011-07-13,23.31999969482422,23.649999618530273,23.079999923706055,23.260000228881836,18.16825294494629,748900
2011-07-14,23.399999618530273,23.549999237060547,22.709999084472656,23.0,17.965181350708008,600500
2011-07-15,23.350000381469727,23.6200008392334,23.25,23.479999542236328,18.34010124206543,1858600
2011-07-18,23.299999237060547,23.459999084472656,22.770000457763672,23.049999237060547,18.00423240661621,790300
2011-07-19,23.389999389648438,23.559999465942383,23.170000076293945,23.459999084472656,18.324474334716797,1574100
2011-07-20,23.559999465942383,23.559999465942383,23.139999389648438,23.399999618530273,18.277612686157227,939400
2011-07-21,21.360000610351562,23.6299991607666,21.1299991607666,23.25,18.160451889038086,1485500
2011-07-22,23.309999465942383,23.43000030517578,23.06999969482422,23.299999237060547,18.199506759643555,958400
2011-07-25,23.030000686645508,23.329999923706055,22.950000762939453,23.15999984741211,18.09015464782715,1250300
2011-07-26,23.200000762939453,24.0,23.100000381469727,23.959999084472656,18.715023040771484,1493800
2011-07-27,23.739999771118164,23.75,22.959999084472656,23.020000457763672,17.980796813964844,995700
2011-07-28,22.979999542236328,23.149999618530273,22.489999771118164,22.540000915527344,17.605867385864258,860800
2011-07-29,22.190000534057617,22.56999969482422,21.899999618530273,22.1299991607666,17.285629272460938,1077100
2011-08-01,22.450000762939453,22.450000762939453,21.270000457763672,21.469999313354492,16.77010154724121,904800
2011-08-02,21.31999969482422,21.65999984741211,20.450000762939453,20.5,16.01243782043457,1236400
2011-08-03,20.579999923706055,20.610000610351562,19.850000381469727,20.3700008392334,15.910896301269531,1095400
2011-08-04,20.09000015258789,20.09000015258789,19.079999923706055,19.079999923706055,14.903287887573242,1295900
2011-08-05,19.43000030517578,19.670000076293945,18.6299991607666,19.18000030517578,14.981396675109863,1800400
2011-08-08,18.540000915527344,19.100000381469727,17.649999618530273,17.65999984741211,13.851906776428223,2220900
2011-08-09,18.149999618530273,18.459999084472656,17.149999618530273,18.459999084472656,14.479397773742676,2272100
2011-08-10,17.850000381469727,17.940000534057617,16.8700008392334,16.969999313354492,13.310698509216309,1952500
2011-08-11,17.1200008392334,18.25,16.940000534057617,17.940000534057617,14.071527481079102,1615200
2011-08-12,17.75,18.229999542236328,17.209999084472656,17.899999618530273,14.040149688720703,1178900
2011-08-15,18.040000915527344,18.25,17.700000762939453,18.219999313354492,14.29115104675293,524300
2011-08-16,17.959999084472656,17.969999313354492,17.229999542236328,17.670000076293945,13.859752655029297,787100
2011-08-17,17.809999465942383,17.979999542236328,17.06999969482422,17.459999084472656,13.69503402709961,666100
2011-08-18,16.770000457763672,16.829999923706055,15.979999542236328,16.25,12.745950698852539,1421400
2011-08-19,15.8100004196167,16.84000015258789,15.800000190734863,16.1200008392334,12.643985748291016,1065200
2011-08-22,16.530000686645508,16.530000686645508,15.729999542236328,15.899999618530273,12.471420288085938,604900
2011-08-23,15.979999542236328,16.829999923706055,15.520000457763672,16.809999465942383,13.185194969177246,818900
2011-08-24,16.709999084472656,17.299999237060547,16.530000686645508,17.030000686645508,13.357757568359375,399600
2011-08-25,17.170000076293945,17.489999771118164,16.200000762939453,16.270000457763672,12.761639595031738,493500
2011-08-26,16.1200008392334,17.079999923706055,15.84000015258789,16.8799991607666,13.24009895324707,940700
2011-08-29,17.209999084472656,17.829999923706055,17.1200008392334,17.760000228881836,13.930342674255371,522000
2011-08-30,17.59000015258789,18.09000015258789,17.229999542236328,17.959999084472656,14.08721923828125,587500
2011-08-31,18.079999923706055,18.350000381469727,18.0,18.239999771118164,14.30683708190918,651700
2011-09-01,18.170000076293945,18.440000534057617,17.790000915527344,17.809999465942383,13.96955680847168,866500
2011-09-02,17.260000228881836,17.520000457763672,16.709999084472656,16.799999237060547,13.177350044250488,480700
2011-09-06,16.260000228881836,17.15999984741211,16.110000610351562,17.09000015258789,13.404824256896973,917100
2011-09-07,17.690000534057617,18.639999389648438,17.68000030517578,18.56999969482422,14.565681457519531,1116400
2011-09-08,18.3700008392334,18.610000610351562,17.59000015258789,17.639999389648438,13.836219787597656,640100
2011-09-09,17.489999771118164,17.65999984741211,16.959999084472656,17.469999313354492,13.702878952026367,840200
2011-09-12,17.030000686645508,17.700000762939453,16.920000076293945,17.68000030517578,13.867594718933105,728500
2011-09-13,17.709999084472656,18.770000457763672,17.600000381469727,18.31999969482422,14.369589805603027,929900
2011-09-14,18.5,18.850000381469727,17.950000762939453,18.59000015258789,14.581368446350098,473100
2011-09-15,18.8799991607666,18.93000030517578,18.489999771118164,18.579999923706055,14.573522567749023,480100
2011-09-16,18.719999313354492,19.280000686645508,18.639999389648438,19.18000030517578,15.044146537780762,874300
2011-09-19,18.68000030517578,18.700000762939453,17.959999084472656,18.389999389648438,14.424492835998535,549800
2011-09-20,18.5,18.729999542236328,17.809999465942383,17.829999923706055,13.985247611999512,296900
2011-09-21,17.850000381469727,17.969999313354492,16.6200008392334,16.68000030517578,13.083230018615723,621300
2011-09-22,15.989999771118164,16.18000030517578,15.430000305175781,15.59000015258789,12.22826862335205,1160100
2011-09-23,15.710000038146973,16.079999923706055,15.3100004196167,15.989999771118164,12.542012214660645,1743400
2011-09-26,16.139999389648438,16.290000915527344,15.460000038146973,16.280000686645508,12.769482612609863,644000
2011-09-27,16.729999542236328,17.649999618530273,16.729999542236328,17.1200008392334,13.428349494934082,846700
2011-09-28,17.100000381469727,17.15999984741211,16.200000762939453,16.270000457763672,12.761639595031738,1066200
2011-09-29,16.770000457763672,16.860000610351562,15.800000190734863,16.450000762939453,12.902824401855469,862000
2011-09-30,16.059999465942383,16.34000015258789,15.90999984741211,16.0,12.549856185913086,686300
2011-10-03,15.880000114440918,15.989999771118164,15.039999961853027,15.0600004196167,11.8125581741333,734000
2011-10-04,14.869999885559082,17.09000015258789,14.869999885559082,16.979999542236328,13.318536758422852,1301500
2011-10-05,17.010000228881836,17.649999618530273,16.639999389648438,17.360000610351562,13.616594314575195,994900
2011-10-06,17.280000686645508,18.049999237060547,17.139999389648438,17.959999084472656,14.08721923828125,639200
2011-10-07,18.049999237060547,18.280000686645508,17.469999313354492,17.639999389648438,13.836219787597656,522500
2011-10-10,18.010000228881836,18.530000686645508,17.90999984741211,18.489999771118164,14.50293254852295,452300
2011-10-11,18.229999542236328,18.6200008392334,17.81999969482422,18.510000228881836,14.518617630004883,474600
2011-10-12,18.68000030517578,19.149999618530273,18.3700008392334,18.989999771118164,14.89511489868164,602200
2011-10-13,18.850000381469727,19.110000610351562,18.469999313354492,18.65999984741211,14.636275291442871,384700
2011-10-14,18.940000534057617,19.600000381469727,18.670000076293945,19.049999237060547,14.94217586517334,550400
2011-10-17,18.8799991607666,19.110000610351562,18.25,18.290000915527344,14.346056938171387,466700
2011-10-18,18.280000686645508,19.0,17.739999771118164,18.81999969482422,14.761774063110352,576700
2011-10-19,18.75,19.200000762939453,18.479999542236328,18.600000381469727,14.589211463928223,426300
2011-10-20,18.649999618530273,19.149999618530273,18.31999969482422,19.020000457763672,14.918639183044434,468500
2011-10-21,19.399999618530273,20.209999084472656,19.229999542236328,20.06999969482422,15.742226600646973,648100
2011-10-24,20.059999465942383,21.260000228881836,20.0,21.100000381469727,16.55013084411621,531700
2011-10-25,20.93000030517578,21.229999542236328,20.510000228881836,20.700000762939453,16.236379623413086,438800
2011-10-26,21.0,21.040000915527344,20.139999389648438,20.700000762939453,16.236379623413086,418000
2011-10-27,21.549999237060547,22.010000228881836,21.149999618530273,21.440000534057617,16.81681251525879,732100
2011-10-28,21.469999313354492,21.770000457763672,20.489999771118164,21.030000686645508,16.495220184326172,599900
2011-10-31,20.6299991607666,20.979999542236328,20.389999389648438,20.389999389648438,15.993223190307617,455700
2011-11-01,19.290000915527344,20.25,19.190000534057617,19.799999237060547,15.530447959899902,823300
2011-11-02,20.530000686645508,22.18000030517578,20.25,21.690000534057617,17.012903213500977,2065400
2011-11-03,22.1299991607666,22.450000762939453,20.809999465942383,21.520000457763672,16.87956428527832,1072800
2011-11-04,21.469999313354492,21.649999618530273,21.040000915527344,21.450000762939453,16.82465362548828,754100
2011-11-07,21.450000762939453,21.709999084472656,20.989999771118164,21.540000915527344,16.895246505737305,450800
2011-11-08,21.81999969482422,21.950000762939453,20.860000610351562,21.639999389648438,16.973684310913086,668700
2011-11-09,20.829999923706055,21.010000228881836,20.06999969482422,20.170000076293945,15.886734962463379,523800
2011-11-10,20.6200008392334,20.6200008392334,19.8700008392334,20.049999237060547,15.792218208312988,741200
2011-11-11,20.510000228881836,21.270000457763672,20.219999313354492,20.899999618530273,16.461711883544922,718300
2011-11-14,20.75,21.09000015258789,20.350000381469727,20.56999969482422,16.201799392700195,395700
2011-11-15,20.389999389648438,20.899999618530273,20.329999923706055,20.770000457763672,16.359323501586914,378000
2011-11-16,20.5,20.899999618530273,19.989999771118164,20.059999465942383,15.800101280212402,342800
2011-11-17,20.1299991607666,20.290000915527344,19.6200008392334,19.889999389648438,15.666200637817383,421700
2011-11-18,19.950000762939453,20.15999984741211,19.690000534057617,19.950000762939453,15.713457107543945,352700
2011-11-21,19.5,19.59000015258789,19.049999237060547,19.459999084472656,15.327509880065918,430700
2011-11-22,19.360000610351562,19.81999969482422,19.239999771118164,19.719999313354492,15.532305717468262,373800
2011-11-23,19.3799991607666,19.459999084472656,18.530000686645508,18.540000915527344,14.602884292602539,492100
2011-11-25,18.34000015258789,18.530000686645508,17.959999084472656,18.0,14.177552223205566,360000
2011-11-28,18.850000381469727,19.239999771118164,18.700000762939453,18.920000076293945,14.902185440063477,427000
2011-11-29,19.010000228881836,19.149999618530273,18.6299991607666,19.06999969482422,15.020329475402832,382800
2011-11-30,20.18000030517578,20.299999237060547,19.75,20.290000915527344,15.981257438659668,586700
2011-12-01,20.149999618530273,20.75,19.649999618530273,20.139999389648438,15.863107681274414,517100
2011-12-02,20.489999771118164,20.649999618530273,20.09000015258789,20.209999084472656,15.91823959350586,448000
2011-12-05,20.700000762939453,21.040000915527344,20.56999969482422,20.8700008392334,16.438087463378906,466100
2011-12-06,20.829999923706055,20.8700008392334,20.540000915527344,20.6200008392334,16.241172790527344,382800
2011-12-07,20.829999923706055,21.15999984741211,20.219999313354492,20.700000762939453,16.304187774658203,534300
2011-12-08,20.510000228881836,20.690000534057617,20.059999465942383,20.229999542236328,15.93399715423584,427200
2011-12-09,20.31999969482422,21.040000915527344,20.149999618530273,20.84000015258789,16.414461135864258,652000
2011-12-12,20.510000228881836,20.739999771118164,20.139999389648438,20.6200008392334,16.241172790527344,383500
2011-12-13,20.829999923706055,20.850000381469727,19.6299991607666,19.739999771118164,15.548050880432129,371300
2011-12-14,19.479999542236328,19.799999237060547,19.139999389648438,19.43000030517578,15.30388355255127,438300
2011-12-15,19.790000915527344,19.93000030517578,19.40999984741211,19.549999237060547,15.398401260375977,418800
2011-12-16,19.81999969482422,20.25,19.6200008392334,19.81999969482422,15.611063003540039,560600
2011-12-19,19.989999771118164,19.989999771118164,18.3700008392334,18.479999542236328,14.555625915527344,698400
2011-12-20,18.989999771118164,19.520000457763672,18.860000610351562,19.440000534057617,15.311760902404785,485900
2011-12-21,19.290000915527344,19.530000686645508,18.809999465942383,19.399999618530273,15.280255317687988,341100
2011-12-22,19.450000762939453,19.829999923706055,19.290000915527344,19.329999923706055,15.225118637084961,268000
2011-12-23,19.34000015258789,19.549999237060547,19.309999465942383,19.389999389648438,15.27237606048584,196300
2011-12-27,19.309999465942383,19.6200008392334,19.190000534057617,19.399999618530273,15.280255317687988,136700
2011-12-28,19.389999389648438,19.440000534057617,19.020000457763672,19.059999465942383,15.012455940246582,188300
2011-12-29,19.15999984741211,19.3700008392334,19.0,19.299999237060547,15.201488494873047,156400
2011-12-30,19.280000686645508,19.420000076293945,19.139999389648438,19.25,15.162105560302734,147800
2012-01-03,19.790000915527344,20.0,19.520000457763672,19.559999465942383,15.406274795532227,444500
2012-01-04,19.3700008392334,19.6299991607666,19.149999618530273,19.260000228881836,15.169989585876465,239500
2012-01-05,19.040000915527344,19.18000030517578,18.469999313354492,19.010000228881836,14.973075866699219,638500
2012-01-06,19.06999969482422,19.139999389648438,18.530000686645508,18.579999923706055,14.634387969970703,419900
2012-01-09,18.700000762939453,19.329999923706055,18.56999969482422,19.299999237060547,15.201488494873047,350600
2012-01-10,19.739999771118164,20.1299991607666,19.670000076293945,19.899999618530273,15.674072265625,401200
2012-01-11,19.799999237060547,20.0,19.670000076293945,19.809999465942383,15.603182792663574,238500
2012-01-12,19.860000610351562,20.209999084472656,19.809999465942383,20.190000534057617,15.902498245239258,333200
2012-01-13,20.049999237060547,21.1299991607666,19.809999465942383,21.040000915527344,16.571990966796875,783300
2012-01-17,21.260000228881836,21.260000228881836,20.920000076293945,21.110000610351562,16.62712287902832,388400
2012-01-18,21.110000610351562,22.149999618530273,20.940000534057617,22.100000381469727,17.406883239746094,524200
2012-01-19,22.1299991607666,22.299999237060547,21.81999969482422,22.1299991607666,17.43052101135254,737800
2012-01-20,22.1299991607666,22.200000762939453,21.65999984741211,21.899999618530273,17.249357223510742,280300
2012-01-23,21.84000015258789,22.200000762939453,21.780000686645508,22.1299991607666,17.43052101135254,252400
2012-01-24,21.940000534057617,22.5,21.84000015258789,22.040000915527344,17.359634399414062,497500
2012-01-25,22.0,22.469999313354492,21.920000076293945,22.40999984741211,17.651060104370117,366300
2012-01-26,22.530000686645508,22.8799991607666,22.3700008392334,22.59000015258789,17.792829513549805,552400
2012-01-27,22.440000534057617,23.280000686645508,22.34000015258789,23.06999969482422,18.170896530151367,512400
2012-01-30,22.850000381469727,23.100000381469727,22.68000030517578,22.920000076293945,18.052751541137695,290200
2012-01-31,23.139999389648438,23.139999389648438,22.299999237060547,22.3799991607666,17.627429962158203,285200
2012-02-01,22.600000381469727,23.3700008392334,22.600000381469727,22.90999984741211,18.044876098632812,452400
2012-02-02,22.899999618530273,23.389999389648438,22.809999465942383,22.90999984741211,18.044876098632812,439700
2012-02-03,23.31999969482422,24.030000686645508,23.25,23.90999984741211,18.832517623901367,381200
2012-02-06,23.8700008392334,24.299999237060547,23.540000915527344,24.079999923706055,18.966413497924805,222300
2012-02-07,24.1200008392334,24.450000762939453,23.93000030517578,24.030000686645508,18.92703628540039,299300
2012-02-08,24.030000686645508,24.450000762939453,23.770000457763672,23.940000534057617,18.93494987487793,179000
2012-02-09,23.940000534057617,24.299999237060547,23.65999984741211,24.1299991607666,19.085216522216797,190800
2012-02-10,23.780000686645508,23.93000030517578,23.43000030517578,23.690000534057617,18.737213134765625,208100
2012-02-13,24.040000915527344,24.239999771118164,23.90999984741211,24.15999984741211,19.10895538330078,213100
2012-02-14,23.959999084472656,24.780000686645508,23.729999542236328,24.770000457763672,19.5914249420166,666100
2012-02-15,24.739999771118164,25.0,23.270000457763672,23.579999923706055,18.65021514892578,1136200
2012-02-16,23.75,24.190000534057617,23.5,24.149999618530273,19.101045608520508,433700
2012-02-17,24.239999771118164,24.469999313354492,24.020000457763672,24.030000686645508,19.00613021850586,358700
2012-02-21,24.190000534057617,24.270000457763672,23.760000228881836,23.780000686645508,18.808399200439453,578500
2012-02-22,23.799999237060547,23.969999313354492,23.56999969482422,23.799999237060547,18.824209213256836,540300
2012-02-23,23.790000915527344,24.350000381469727,23.760000228881836,24.030000686645508,19.00613021850586,510400
2012-02-24,23.959999084472656,24.520000457763672,23.81999969482422,24.139999389648438,19.093135833740234,443400
2012-02-27,23.950000762939453,24.6200008392334,23.950000762939453,24.530000686645508,19.401601791381836,643200
2012-02-28,24.6200008392334,24.889999389648438,24.360000610351562,24.639999389648438,19.488595962524414,714400
2012-02-29,24.68000030517578,24.90999984741211,24.049999237060547,24.079999923706055,19.04567527770996,535000
2012-03-01,24.270000457763672,24.68000030517578,24.139999389648438,24.520000457763672,19.39369010925293,777100
2012-03-02,24.56999969482422,24.860000610351562,24.200000762939453,24.510000228881836,19.385778427124023,678300
2012-03-05,24.469999313354492,24.469999313354492,24.149999618530273,24.43000030517578,19.322500228881836,338200
2012-03-06,24.059999465942383,24.110000610351562,23.68000030517578,23.850000381469727,18.8637638092041,504200
2012-03-07,23.959999084472656,23.989999771118164,23.43000030517578,23.799999237060547,18.824209213256836,314600
2012-03-08,23.950000762939453,24.15999984741211,23.649999618530273,24.110000610351562,19.069406509399414,248700
2012-03-09,24.139999389648438,24.43000030517578,24.010000228881836,24.34000015258789,19.251319885253906,341500
2012-03-12,24.309999465942383,24.360000610351562,23.739999771118164,23.8799991607666,18.88749122619629,337800
2012-03-13,24.1200008392334,24.40999984741211,23.850000381469727,24.399999618530273,19.29877471923828,339200
2012-03-14,24.479999542236328,25.149999618530273,24.420000076293945,25.09000015258789,19.84452247619629,686900
2012-03-15,25.1200008392334,25.899999618530273,24.979999542236328,25.399999618530273,20.089710235595703,757600
2012-03-16,25.299999237060547,25.350000381469727,24.489999771118164,24.549999237060547,19.417417526245117,568400
2012-03-19,24.549999237060547,24.75,23.969999313354492,24.469999313354492,19.354137420654297,417800
2012-03-20,24.200000762939453,24.559999465942383,23.93000030517578,24.530000686645508,19.401601791381836,302600
2012-03-21,24.5,24.75,24.239999771118164,24.600000381469727,19.45696258544922,318600
2012-03-22,24.280000686645508,24.549999237060547,24.049999237060547,24.43000030517578,19.322500228881836,276400
2012-03-23,24.3700008392334,24.469999313354492,23.760000228881836,24.440000534057617,19.330411911010742,292600
2012-03-26,24.68000030517578,25.280000686645508,24.68000030517578,25.25,19.971071243286133,410000
2012-03-27,25.219999313354492,25.280000686645508,24.969999313354492,25.030000686645508,19.79706573486328,644200
2012-03-28,25.09000015258789,25.200000762939453,24.770000457763672,25.110000610351562,19.860336303710938,376300
2012-03-29,24.799999237060547,25.040000915527344,24.520000457763672,24.959999084472656,19.741689682006836,443400
2012-03-30,25.190000534057617,25.229999542236328,24.40999984741211,24.6299991607666,19.480690002441406,625300
2012-04-02,24.530000686645508,24.920000076293945,24.420000076293945,24.700000762939453,19.536056518554688,862100
2012-04-03,25.219999313354492,25.979999542236328,25.09000015258789,25.889999389648438,20.477266311645508,1306500
2012-04-04,25.540000915527344,26.100000381469727,25.520000457763672,26.049999237060547,20.603818893432617,782600
2012-04-05,25.90999984741211,26.34000015258789,25.860000610351562,25.940000534057617,20.51681137084961,575700
2012-04-09,25.6299991607666,25.940000534057617,25.399999618530273,25.8700008392334,20.461454391479492,546100
2012-04-10,25.81999969482422,25.81999969482422,24.889999389648438,24.93000030517578,19.71796989440918,840800
2012-04-11,25.280000686645508,25.670000076293945,25.1299991607666,25.65999984741211,20.29535675048828,462500
2012-04-12,25.639999389648438,26.06999969482422,25.469999313354492,25.809999465942383,20.413991928100586,338500
2012-04-13,25.670000076293945,26.040000915527344,25.350000381469727,25.5,20.168806076049805,256400
2012-04-16,25.739999771118164,26.200000762939453,25.329999923706055,25.920000076293945,20.500991821289062,339300
2012-04-17,26.200000762939453,26.8700008392334,26.149999618530273,26.530000686645508,20.98346519470215,624200
2012-04-18,26.510000228881836,26.8799991607666,26.290000915527344,26.670000076293945,21.09419059753418,390400
2012-04-19,26.649999618530273,26.889999389648438,26.270000457763672,26.860000610351562,21.24447250366211,747600
2012-04-20,27.329999923706055,27.579999923706055,26.799999237060547,27.1299991607666,21.458026885986328,649000
2012-04-23,26.600000381469727,26.850000381469727,26.209999084472656,26.520000457763672,20.97555923461914,813100
2012-04-24,26.459999084472656,26.81999969482422,26.110000610351562,26.559999465942383,21.0071964263916,785500
2012-04-25,27.010000228881836,27.25,26.31999969482422,26.84000015258789,21.228652954101562,809800
2012-04-26,26.0,26.90999984741211,26.0,26.850000381469727,21.236562728881836,836300
2012-04-27,27.0,27.280000686645508,26.510000228881836,27.15999984741211,21.481754302978516,537800
2012-04-30,27.200000762939453,27.200000762939453,26.3799991607666,26.440000534057617,20.912281036376953,491400
2012-05-01,26.440000534057617,27.31999969482422,26.209999084472656,27.06999969482422,21.410572052001953,838100
2012-05-02,26.829999923706055,27.270000457763672,26.6299991607666,27.190000534057617,21.50547981262207,584700
2012-05-03,27.239999771118164,27.420000076293945,26.56999969482422,26.75,21.157470703125,529000
2012-05-04,26.56999969482422,26.979999542236328,26.110000610351562,26.18000030517578,20.706640243530273,647900
2012-05-07,26.25,26.610000610351562,26.0,26.420000076293945,20.896459579467773,665200
2012-05-08,25.950000762939453,26.18000030517578,25.190000534057617,25.68000030517578,20.39609146118164,681300
2012-05-09,25.299999237060547,25.969999313354492,25.260000228881836,25.719999313354492,20.4278564453125,438700
2012-05-10,25.8700008392334,26.290000915527344,25.84000015258789,26.1299991607666,20.753498077392578,538300
2012-05-11,25.920000076293945,26.5,25.729999542236328,25.93000030517578,20.594648361206055,328500
2012-05-14,25.559999465942383,25.780000686645508,25.149999618530273,25.239999771118164,20.0466251373291,420300
2012-05-15,25.290000915527344,25.8700008392334,25.219999313354492,25.389999389648438,20.16575813293457,283000
2012-05-16,25.459999084472656,25.989999771118164,25.31999969482422,25.350000381469727,20.133991241455078,274000
2012-05-17,25.389999389648438,25.389999389648438,24.139999389648438,24.219999313354492,19.23649787902832,610200
2012-05-18,24.209999084472656,24.399999618530273,23.549999237060547,24.079999923706055,19.125303268432617,569100
2012-05-21,24.110000610351562,24.889999389648438,24.049999237060547,24.690000534057617,19.60978889465332,437400
2012-05-22,24.75,25.360000610351562,24.59000015258789,24.829999923706055,19.720983505249023,328700
2012-05-23,24.59000015258789,25.100000381469727,24.420000076293945,24.969999313354492,19.832178115844727,434000
2012-05-24,24.959999084472656,25.25,24.670000076293945,25.1299991607666,19.959257125854492,403900
2012-05-25,25.1200008392334,25.170000076293945,24.649999618530273,24.809999465942383,19.705095291137695,504600
2012-05-29,25.0,25.200000762939453,24.56999969482422,25.149999618530273,19.97514533996582,538300
2012-05-30,24.8700008392334,24.979999542236328,24.280000686645508,24.420000076293945,19.395347595214844,457800
2012-05-31,24.520000457763672,24.709999084472656,24.0,24.579999923706055,19.522428512573242,456700
2012-06-01,23.93000030517578,24.149999618530273,23.34000015258789,23.489999771118164,18.656700134277344,1151800
2012-06-04,23.75,23.780000686645508,22.8700008392334,23.1200008392334,18.362834930419922,1062200
2012-06-05,23.049999237060547,23.299999237060547,22.799999237060547,23.18000030517578,18.410490036010742,701000
2012-06-06,23.440000534057617,23.950000762939453,23.309999465942383,23.84000015258789,18.93468475341797,734200
2012-06-07,24.170000076293945,24.350000381469727,23.450000762939453,23.56999969482422,18.72024917602539,443500
2012-06-08,23.469999313354492,23.950000762939453,23.329999923706055,23.81999969482422,18.918806076049805,337300
2012-06-11,24.040000915527344,24.040000915527344,23.399999618530273,23.399999618530273,18.58521842956543,539000
2012-06-12,23.579999923706055,23.889999389648438,23.450000762939453,23.790000915527344,18.89497947692871,437800
2012-06-13,23.65999984741211,23.989999771118164,23.110000610351562,23.18000030517578,18.410490036010742,873700
2012-06-14,23.200000762939453,23.639999389648438,23.049999237060547,23.559999465942383,18.712299346923828,623000
2012-06-15,23.6299991607666,23.8700008392334,23.440000534057617,23.760000228881836,18.87114715576172,568200
2012-06-18,23.530000686645508,23.68000030517578,23.350000381469727,23.6299991607666,18.76789665222168,343700
2012-06-19,23.709999084472656,24.149999618530273,23.670000076293945,23.989999771118164,19.053817749023438,955600
2012-06-20,23.940000534057617,23.989999771118164,23.6200008392334,23.65999984741211,18.79172134399414,506100
2012-06-21,23.579999923706055,23.649999618530273,23.190000534057617,23.229999542236328,18.4502010345459,1652300
2012-06-22,23.399999618530273,23.399999618530273,22.579999923706055,22.610000610351562,17.957773208618164,1019300
2012-06-25,22.15999984741211,22.350000381469727,21.239999771118164,21.299999237060547,16.917316436767578,1085800
2012-06-26,21.3799991607666,21.459999084472656,20.43000030517578,20.8700008392334,16.575790405273438,1634500
2012-06-27,20.899999618530273,21.1299991607666,20.719999313354492,20.969999313354492,16.65521812438965,794800
2012-06-28,20.68000030517578,20.959999084472656,20.260000228881836,20.940000534057617,16.631389617919922,914600
2012-06-29,21.43000030517578,21.65999984741211,21.149999618530273,21.239999771118164,16.86966323852539,1023500
2012-07-02,21.3700008392334,21.8700008392334,21.31999969482422,21.8700008392334,17.37003517150879,729300
2012-07-03,21.8799991607666,22.729999542236328,21.780000686645508,22.719999313354492,18.04513168334961,473900
2012-07-05,22.739999771118164,23.530000686645508,22.739999771118164,23.489999771118164,18.656700134277344,926900
2012-07-06,23.18000030517578,23.469999313354492,23.100000381469727,23.299999237060547,18.505796432495117,899700
2012-07-09,23.18000030517578,23.299999237060547,22.899999618530273,23.079999923706055,18.33106231689453,448900
2012-07-10,23.3799991607666,23.790000915527344,23.06999969482422,23.299999237060547,18.505796432495117,462800
2012-07-11,23.239999771118164,23.43000030517578,23.030000686645508,23.329999923706055,18.52962303161621,485800
2012-07-12,23.079999923706055,23.459999084472656,22.8799991607666,23.399999618530273,18.58521842956543,494100
2012-07-13,23.43000030517578,23.989999771118164,23.399999618530273,23.979999542236328,19.045881271362305,389300
2012-07-16,23.8799991607666,24.0,23.579999923706055,23.719999313354492,18.839378356933594,339800
2012-07-17,23.90999984741211,24.139999389648438,23.469999313354492,23.84000015258789,18.93468475341797,212000
2012-07-18,23.780000686645508,24.43000030517578,23.670000076293945,24.280000686645508,19.284154891967773,254200
2012-07-19,24.459999084472656,24.700000762939453,24.25,24.68000030517578,19.60184669494629,370300
2012-07-20,24.5,24.790000915527344,24.079999923706055,24.530000686645508,19.482711791992188,470100
2012-07-23,24.100000381469727,24.43000030517578,23.90999984741211,24.219999313354492,19.23649787902832,389800
2012-07-24,22.520000457763672,23.450000762939453,22.450000762939453,22.700000762939453,18.029254913330078,1092300
2012-07-25,22.889999389648438,23.25,22.690000534057617,22.899999618530273,18.188100814819336,364100
2012-07-26,23.31999969482422,23.540000915527344,22.829999923706055,22.969999313354492,18.243694305419922,516200
2012-07-27,23.149999618530273,24.329999923706055,23.149999618530273,24.09000015258789,19.13325309753418,420000
2012-07-30,24.049999237060547,24.290000915527344,23.6200008392334,23.649999618530273,18.783784866333008,322100
2012-07-31,23.770000457763672,24.100000381469727,22.770000457763672,23.899999618530273,18.98233985900879,294900
2012-08-01,24.190000534057617,24.450000762939453,23.459999084472656,23.489999771118164,18.656700134277344,379000
2012-08-02,23.329999923706055,24.200000762939453,23.329999923706055,23.639999389648438,18.775840759277344,361500
2012-08-03,24.0,24.8700008392334,23.940000534057617,24.770000457763672,19.673336029052734,278300
2012-08-06,24.770000457763672,25.360000610351562,24.719999313354492,24.719999313354492,19.63361930847168,371800
2012-08-07,24.940000534057617,25.420000076293945,24.889999389648438,25.020000457763672,19.87189483642578,384200
2012-08-08,24.75,25.219999313354492,24.43000030517578,25.100000381469727,20.031503677368164,390800
2012-08-09,25.100000381469727,25.25,24.760000228881836,24.979999542236328,19.935733795166016,296600
2012-08-10,24.93000030517578,25.06999969482422,24.540000915527344,25.059999465942383,19.999584197998047,152700
2012-08-13,25.09000015258789,25.09000015258789,24.450000762939453,25.030000686645508,19.975637435913086,195200
2012-08-14,25.1299991607666,25.59000015258789,24.950000762939453,25.030000686645508,19.975637435913086,153300
2012-08-15,24.920000076293945,25.399999618530273,24.920000076293945,25.3700008392334,20.246980667114258,231700
2012-08-16,25.399999618530273,25.84000015258789,25.34000015258789,25.59000015258789,20.422555923461914,275700
2012-08-17,25.610000610351562,26.170000076293945,25.59000015258789,25.93000030517578,20.69390296936035,312800
2012-08-20,25.93000030517578,26.030000686645508,25.459999084472656,25.81999969482422,20.606117248535156,269800
2012-08-21,25.8799991607666,26.190000534057617,25.549999237060547,25.700000762939453,20.510347366333008,119300
2012-08-22,25.6299991607666,25.850000381469727,25.440000534057617,25.690000534057617,20.502361297607422,182600
2012-08-23,25.709999084472656,25.799999237060547,25.549999237060547,25.649999618530273,20.470436096191406,204000
2012-08-24,25.549999237060547,25.950000762939453,25.399999618530273,25.75,20.550243377685547,172400
2012-08-27,25.8799991607666,26.06999969482422,25.709999084472656,25.850000381469727,20.630054473876953,152200
2012-08-28,25.889999389648438,26.190000534057617,25.790000915527344,26.139999389648438,20.86149787902832,195900
2012-08-29,26.200000762939453,26.43000030517578,26.139999389648438,26.399999618530273,21.068986892700195,202600
2012-08-30,26.31999969482422,26.540000915527344,26.239999771118164,26.399999618530273,21.068986892700195,173300
2012-08-31,26.559999465942383,26.829999923706055,26.280000686645508,26.639999389648438,21.260528564453125,256400
2012-09-04,26.610000610351562,27.549999237060547,26.610000610351562,27.15999984741211,21.675525665283203,407200
2012-09-05,27.209999084472656,27.549999237060547,27.15999984741211,27.399999618530273,21.867063522338867,447900
2012-09-06,27.5,28.520000457763672,27.43000030517578,28.5,22.744937896728516,490400
2012-09-07,28.6200008392334,29.09000015258789,28.270000457763672,28.790000915527344,22.976377487182617,372500
2012-09-10,28.799999237060547,29.25,28.729999542236328,28.860000610351562,23.032243728637695,445500
2012-09-11,29.459999084472656,29.5,28.81999969482422,29.25,23.343482971191406,397700
2012-09-12,29.459999084472656,29.690000534057617,29.170000076293945,29.309999465942383,23.39137077331543,300400
2012-09-13,29.360000610351562,30.229999542236328,29.139999389648438,29.940000534057617,23.894153594970703,537200
2012-09-14,29.989999771118164,30.6200008392334,29.989999771118164,30.18000030517578,24.0856876373291,502600
2012-09-17,30.149999618530273,30.350000381469727,29.90999984741211,30.31999969482422,24.197420120239258,298000
2012-09-18,30.260000228881836,30.260000228881836,29.989999771118164,30.190000534057617,24.093673706054688,263500
2012-09-19,30.190000534057617,30.950000762939453,30.09000015258789,30.6200008392334,24.436843872070312,271800
2012-09-20,30.420000076293945,30.670000076293945,30.059999465942383,30.459999084472656,24.30914878845215,226100
2012-09-21,30.899999618530273,31.040000915527344,30.479999542236328,30.65999984741211,24.468759536743164,512500
2012-09-24,30.489999771118164,30.81999969482422,30.329999923706055,30.700000762939453,24.50068473815918,242800
2012-09-25,30.90999984741211,31.040000915527344,30.56999969482422,30.610000610351562,24.428855895996094,515900
2012-09-26,30.600000381469727,30.610000610351562,29.959999084472656,30.010000228881836,23.950014114379883,398900
2012-09-27,30.15999984741211,30.6299991607666,29.940000534057617,30.34000015258789,24.213382720947266,286900
2012-09-28,30.149999618530273,30.309999465942383,29.610000610351562,30.09000015258789,24.013864517211914,280000
2012-10-01,30.209999084472656,30.760000228881836,29.8799991607666,29.979999542236328,23.926076889038086,375900
2012-10-02,30.209999084472656,30.420000076293945,29.549999237060547,30.239999771118164,24.13356590270996,263200
2012-10-03,30.389999389648438,30.899999618530273,30.1299991607666,30.850000381469727,24.62039566040039,369600
2012-10-04,30.940000534057617,31.969999313354492,30.940000534057617,31.790000915527344,25.370580673217773,350200
2012-10-05,32.02000045776367,32.349998474121094,31.5,31.65999984741211,25.26682472229004,283800
2012-10-08,31.59000015258789,32.189998626708984,31.489999771118164,32.11000061035156,25.62595558166504,176800
2012-10-09,31.8799991607666,32.220001220703125,31.6299991607666,31.860000610351562,25.426443099975586,188700
2012-10-10,31.239999771118164,31.420000076293945,30.639999389648438,31.1299991607666,24.843852996826172,353400
2012-10-11,31.360000610351562,31.469999313354492,30.6299991607666,30.729999542236328,24.524625778198242,362700
2012-10-12,30.639999389648438,30.829999923706055,30.489999771118164,30.700000762939453,24.50068473815918,260600
2012-10-15,30.729999542236328,31.06999969482422,30.280000686645508,30.729999542236328,24.524625778198242,393600
2012-10-16,30.969999313354492,31.020000457763672,30.489999771118164,30.579999923706055,24.4049129486084,387800
2012-10-17,29.739999771118164,30.260000228881836,29.739999771118164,29.989999771118164,23.934057235717773,730500
2012-10-18,30.059999465942383,31.06999969482422,29.989999771118164,30.920000076293945,24.676259994506836,543400
2012-10-19,30.850000381469727,31.3700008392334,30.65999984741211,30.8799991607666,24.644332885742188,308200
2012-10-22,30.700000762939453,31.09000015258789,30.56999969482422,30.950000762939453,24.70020294189453,219700
2012-10-23,30.56999969482422,30.850000381469727,29.979999542236328,30.479999542236328,24.325111389160156,372000
2012-10-24,30.700000762939453,30.719999313354492,30.309999465942383,30.34000015258789,24.213382720947266,216000
2012-10-25,30.549999237060547,30.8700008392334,29.360000610351562,29.670000076293945,23.678680419921875,499300
2012-10-26,29.739999771118164,30.1299991607666,29.25,29.670000076293945,23.678680419921875,343400
2012-10-31,29.81999969482422,31.020000457763672,29.459999084472656,30.600000381469727,24.42087745666504,317300
2012-11-01,30.75,31.8700008392334,30.229999542236328,31.600000381469727,25.218948364257812,441200
2012-11-02,31.84000015258789,31.84000015258789,28.440000534057617,28.899999618530273,23.06416130065918,1152000
2012-11-05,29.0,29.139999389648438,28.360000610351562,28.469999313354492,22.720991134643555,377000
2012-11-06,28.719999313354492,29.190000534057617,28.450000762939453,28.8700008392334,23.04022216796875,337300
2012-11-07,28.270000457763672,28.399999618530273,27.459999084472656,27.520000457763672,22.062177658081055,423100
2012-11-08,27.450000762939453,27.469999313354492,26.59000015258789,26.770000457763672,21.460914611816406,430300
2012-11-09,26.719999313354492,26.940000534057617,26.270000457763672,26.479999542236328,21.22842788696289,353200
2012-11-12,26.5,27.0,26.40999984741211,26.719999313354492,21.42082977294922,360300
2012-11-13,26.559999465942383,27.260000228881836,26.540000915527344,26.860000610351562,21.533065795898438,247100
2012-11-14,26.850000381469727,26.989999771118164,26.100000381469727,26.18000030517578,20.987924575805664,441600
2012-11-15,26.219999313354492,27.18000030517578,26.219999313354492,27.06999969482422,21.701419830322266,572600
2012-11-16,27.0,27.760000228881836,27.0,27.559999465942383,22.094240188598633,547000
2012-11-19,28.06999969482422,29.110000610351562,27.940000534057617,28.75,23.04823875427246,668700
2012-11-20,28.59000015258789,28.649999618530273,28.139999389648438,28.290000915527344,22.67947006225586,492700
2012-11-21,28.260000228881836,28.639999389648438,28.15999984741211,28.270000457763672,22.663440704345703,363500
2012-11-23,28.389999389648438,28.700000762939453,28.219999313354492,28.700000762939453,23.00815773010254,210600
2012-11-26,28.5,28.959999084472656,27.5,27.959999084472656,22.4149112701416,529900
2012-11-27,27.93000030517578,28.950000762939453,27.770000457763672,28.3700008392334,22.74360466003418,402900
2012-11-28,28.309999465942383,28.920000076293945,27.8799991607666,28.899999618530273,23.16848373413086,304300
2012-11-29,29.09000015258789,29.209999084472656,28.6299991607666,28.979999542236328,23.232624053955078,216600
2012-11-30,29.06999969482422,29.280000686645508,28.81999969482422,29.1299991607666,23.352876663208008,518300
2012-12-03,29.209999084472656,29.40999984741211,28.989999771118164,29.209999084472656,23.417011260986328,246100
2012-12-04,29.1200008392334,29.809999465942383,28.889999389648438,29.700000762939453,23.809831619262695,351400
2012-12-05,29.760000228881836,29.899999618530273,29.100000381469727,29.260000228881836,23.457096099853516,215900
2012-12-06,29.260000228881836,29.639999389648438,29.010000228881836,29.399999618530273,23.569326400756836,160800
2012-12-07,29.59000015258789,29.59000015258789,28.959999084472656,29.170000076293945,23.38494300842285,135800
2012-12-10,29.110000610351562,29.420000076293945,28.81999969482422,29.030000686645508,23.272703170776367,145600
2012-12-11,29.25,29.5,28.940000534057617,29.079999923706055,23.312788009643555,155400
2012-12-12,29.309999465942383,29.3799991607666,28.610000610351562,28.739999771118164,23.04022216796875,194700
2012-12-13,28.729999542236328,28.979999542236328,27.979999542236328,28.170000076293945,22.583263397216797,234400
2012-12-14,28.25,28.81999969482422,28.170000076293945,28.729999542236328,23.032207489013672,286000
2012-12-17,28.8700008392334,29.239999771118164,28.510000228881836,29.200000762939453,23.408994674682617,263600
2012-12-18,29.299999237060547,30.1200008392334,29.219999313354492,29.719999313354492,23.825862884521484,227200
2012-12-19,29.649999618530273,30.030000686645508,29.43000030517578,29.6200008392334,23.74569320678711,151000
2012-12-20,30.040000915527344,30.040000915527344,29.479999542236328,29.690000534057617,23.80181884765625,244100
2012-12-21,29.360000610351562,29.860000610351562,29.110000610351562,29.59000015258789,23.72165298461914,393200
2012-12-24,29.469999313354492,29.729999542236328,29.299999237060547,29.31999969482422,23.505191802978516,89000
2012-12-26,29.3700008392334,29.5,28.690000534057617,29.049999237060547,23.288742065429688,188900
2012-12-27,29.059999465942383,29.190000534057617,28.190000534057617,29.110000610351562,23.33683967590332,144400
2012-12-28,28.940000534057617,29.020000457763672,28.639999389648438,28.649999618530273,22.968067169189453,105600
2012-12-31,28.6299991607666,30.260000228881836,28.510000228881836,30.09000015258789,24.12248420715332,196100
2013-01-02,30.579999923706055,30.90999984741211,30.06999969482422,30.549999237060547,24.491256713867188,407700
2013-01-03,30.600000381469727,31.93000030517578,30.469999313354492,31.670000076293945,25.389137268066406,371100
2013-01-04,31.829999923706055,32.36000061035156,31.530000686645508,31.920000076293945,25.58955955505371,413500
2013-01-07,31.639999389648438,31.809999465942383,31.170000076293945,31.479999542236328,25.236814498901367,199100
2013-01-08,31.399999618530273,31.56999969482422,31.0,31.350000381469727,25.132596969604492,254300
2013-01-09,31.3799991607666,31.690000534057617,31.299999237060547,31.350000381469727,25.132596969604492,214000
2013-01-10,31.399999618530273,31.5,30.670000076293945,31.010000228881836,24.86002540588379,229400
2013-01-11,31.06999969482422,31.06999969482422,30.290000915527344,30.56999969482422,24.507287979125977,244000
2013-01-14,30.530000686645508,30.790000915527344,29.950000762939453,30.579999923706055,24.51530647277832,361100
2013-01-15,30.350000381469727,31.65999984741211,30.219999313354492,31.559999465942383,25.30095672607422,288700
2013-01-16,31.360000610351562,31.670000076293945,31.170000076293945,31.43000030517578,25.196735382080078,249200
2013-01-17,31.459999084472656,31.600000381469727,30.90999984741211,31.139999389648438,24.96424674987793,212700
2013-01-18,31.1299991607666,31.420000076293945,30.780000686645508,31.290000915527344,25.084501266479492,218700
2013-01-22,31.260000228881836,31.260000228881836,30.56999969482422,31.010000228881836,24.86002540588379,241300
2013-01-23,31.829999923706055,32.86000061035156,31.540000915527344,32.31999969482422,25.91022300720215,932000
2013-01-24,32.529998779296875,33.349998474121094,32.029998779296875,32.150001525878906,25.773948669433594,636100
2013-01-25,32.34000015258789,32.34000015258789,31.5,32.27000045776367,25.870145797729492,408300
2013-01-28,32.2599983215332,32.7400016784668,32.150001525878906,32.56999969482422,26.11065101623535,535800
2013-01-29,32.560001373291016,32.56999969482422,31.829999923706055,32.47999954223633,26.03849220275879,324000
2013-01-30,32.400001525878906,32.5099983215332,31.5,31.690000534057617,25.405168533325195,447500
2013-01-31,32.0,33.11000061035156,31.84000015258789,32.91999816894531,26.391233444213867,751200
2013-02-01,33.08000183105469,33.2599983215332,32.43000030517578,33.099998474121094,26.53553009033203,253200
2013-02-04,32.79999923706055,32.93000030517578,32.52000045776367,32.599998474121094,26.134693145751953,237200
2013-02-05,32.7400016784668,33.59000015258789,32.33000183105469,33.56999969482422,26.912324905395508,561800
2013-02-06,33.93000030517578,34.34000015258789,31.25,32.84000015258789,26.327098846435547,727500
2013-02-07,32.81999969482422,33.40999984741211,32.029998779296875,32.310001373291016,26.013111114501953,760300
2013-02-08,32.470001220703125,32.66999816894531,32.08000183105469,32.5099983215332,26.174129486083984,511700
2013-02-11,32.45000076293945,32.630001068115234,32.099998474121094,32.310001373291016,26.013111114501953,329000
2013-02-12,32.36000061035156,32.52000045776367,31.93000030517578,32.0,25.76352310180664,289400
2013-02-13,32.060001373291016,32.290000915527344,31.719999313354492,31.850000381469727,25.642759323120117,190900
2013-02-14,31.780000686645508,32.0,31.510000228881836,31.899999618530273,25.683008193969727,316600
2013-02-15,32.040000915527344,32.43000030517578,31.25,31.479999542236328,25.344867706298828,479200
2013-02-19,31.6299991607666,31.6299991607666,31.25,31.399999618530273,25.280454635620117,515800
2013-02-20,31.469999313354492,31.56999969482422,31.100000381469727,31.1200008392334,25.05502700805664,450500
2013-02-21,31.06999969482422,31.479999542236328,30.31999969482422,30.43000030517578,24.499502182006836,359200
2013-02-22,30.649999618530273,30.989999771118164,30.420000076293945,30.489999771118164,24.547805786132812,275000
2013-02-25,30.690000534057617,30.690000534057617,29.489999771118164,29.530000686645508,23.77490234375,479300
2013-02-26,29.639999389648438,29.8700008392334,28.8700008392334,29.31999969482422,23.60582733154297,709300
2013-02-27,29.309999465942383,29.850000381469727,29.299999237060547,29.6299991607666,23.855411529541016,639600
2013-02-28,29.6299991607666,30.100000381469727,29.520000457763672,29.760000228881836,23.9600772857666,702000
2013-03-01,29.6299991607666,29.829999923706055,29.389999389648438,29.780000686645508,23.976179122924805,784300
2013-03-04,29.549999237060547,30.299999237060547,29.549999237060547,30.09000015258789,24.22576141357422,606100
2013-03-05,30.3799991607666,31.059999465942383,30.3700008392334,30.670000076293945,24.692726135253906,602900
2013-03-06,30.780000686645508,31.5,30.780000686645508,31.40999984741211,25.28850746154785,369300
2013-03-07,31.3799991607666,32.04999923706055,31.18000030517578,31.889999389648438,25.67496109008789,412500
2013-03-08,32.189998626708984,32.27000045776367,31.780000686645508,32.22999954223633,25.948699951171875,164900
2013-03-11,32.11000061035156,32.45000076293945,31.90999984741211,32.150001525878906,25.884288787841797,288400
2013-03-12,32.36000061035156,33.25,32.279998779296875,33.04999923706055,26.608888626098633,461300
2013-03-13,33.220001220703125,33.7599983215332,33.220001220703125,33.400001525878906,26.89067840576172,249000
2013-03-14,33.40999984741211,33.540000915527344,32.849998474121094,32.970001220703125,26.544479370117188,266600
2013-03-15,33.0099983215332,33.599998474121094,33.0099983215332,33.540000915527344,27.003393173217773,483900
2013-03-18,33.04999923706055,33.33000183105469,32.810001373291016,33.27000045776367,26.7860164642334,239000
2013-03-19,33.279998779296875,33.599998474121094,32.540000915527344,33.290000915527344,26.802114486694336,569700
2013-03-20,33.47999954223633,33.77000045776367,33.29999923706055,33.7400016784668,27.16441535949707,284500
2013-03-21,33.4900016784668,33.810001373291016,33.25,33.43000030517578,26.914833068847656,430500
2013-03-22,33.56999969482422,33.75,33.380001068115234,33.56999969482422,27.027544021606445,250200
2013-03-25,33.68000030517578,33.95000076293945,33.16999816894531,33.36000061035156,26.858474731445312,357700
2013-03-26,33.47999954223633,33.4900016784668,33.220001220703125,33.34000015258789,26.842374801635742,255500
2013-03-27,32.9900016784668,33.5,32.9900016784668,33.36000061035156,26.858474731445312,196000
2013-03-28,33.380001068115234,33.439998626708984,33.150001525878906,33.36000061035156,26.858474731445312,260300
2013-04-01,33.33000183105469,33.439998626708984,32.65999984741211,32.81999969482422,26.423704147338867,243200
2013-04-02,33.02000045776367,33.27000045776367,32.66999816894531,32.79999923706055,26.407609939575195,191400
2013-04-03,32.79999923706055,33.02000045776367,31.0,31.3700008392334,25.256305694580078,436000
2013-04-04,31.360000610351562,31.360000610351562,30.829999923706055,31.209999084472656,25.12748908996582,303600
2013-04-05,30.770000457763672,30.979999542236328,30.5,30.93000030517578,24.902055740356445,243600
2013-04-08,30.979999542236328,31.309999465942383,30.829999923706055,31.200000762939453,25.119434356689453,280700
2013-04-09,31.350000381469727,31.520000457763672,31.09000015258789,31.139999389648438,25.071130752563477,207500
2013-04-10,31.190000534057617,31.8799991607666,30.920000076293945,31.84000015258789,25.634708404541016,284000
2013-04-11,31.81999969482422,32.310001373291016,31.559999465942383,32.189998626708984,25.916492462158203,372200
2013-04-12,32.13999938964844,32.279998779296875,31.559999465942383,32.099998474121094,25.844030380249023,266600
2013-04-15,31.809999465942383,31.809999465942383,29.719999313354492,29.950000762939453,24.113048553466797,427800
2013-04-16,30.34000015258789,30.489999771118164,29.93000030517578,30.450000762939453,24.515605926513672,540700
2013-04-17,30.06999969482422,30.06999969482422,28.549999237060547,29.170000076293945,23.485063552856445,613700
2013-04-18,29.459999084472656,29.510000228881836,28.510000228881836,28.56999969482422,23.001995086669922,638300
2013-04-19,28.809999465942383,28.809999465942383,28.1200008392334,28.579999923706055,23.010051727294922,436900
2013-04-22,28.690000534057617,28.690000534057617,27.93000030517578,28.440000534057617,22.897329330444336,419700
2013-04-23,28.690000534057617,28.860000610351562,28.459999084472656,28.799999237060547,23.187164306640625,335800
2013-04-24,28.969999313354492,29.469999313354492,28.610000610351562,29.43000030517578,23.69438934326172,593700
2013-04-25,29.639999389648438,30.700000762939453,29.610000610351562,30.190000534057617,24.306278228759766,445600
2013-04-26,30.239999771118164,30.25,29.579999923706055,29.799999237060547,23.992277145385742,361000
2013-04-29,30.350000381469727,31.65999984741211,29.34000015258789,31.420000076293945,25.29656410217285,636800
2013-04-30,31.6299991607666,31.6299991607666,30.760000228881836,30.920000076293945,24.89400863647461,298400
2013-05-01,30.649999618530273,30.959999084472656,29.940000534057617,30.09000015258789,24.22576141357422,383800
2013-05-02,30.219999313354492,31.18000030517578,29.959999084472656,31.100000381469727,25.038923263549805,309000
2013-05-03,31.639999389648438,32.209999084472656,31.3700008392334,31.389999389648438,25.27240562438965,480200
2013-05-06,31.389999389648438,31.81999969482422,31.239999771118164,31.780000686645508,25.586397171020508,413300
2013-05-07,31.90999984741211,32.45000076293945,31.68000030517578,32.439998626708984,26.117774963378906,219700
2013-05-08,32.34000015258789,32.70000076293945,32.13999938964844,32.22999954223633,25.948699951171875,370400
2013-05-09,32.15999984741211,32.33000183105469,31.600000381469727,31.850000381469727,25.642759323120117,240000
2013-05-10,31.959999084472656,32.72999954223633,31.8799991607666,32.09000015258789,25.835979461669922,252800
2013-05-13,32.119998931884766,32.119998931884766,31.309999465942383,31.420000076293945,25.29656410217285,328100
2013-05-14,31.40999984741211,32.279998779296875,31.34000015258789,32.06999969482422,25.81988525390625,318700
2013-05-15,32.060001373291016,32.38999938964844,31.799999237060547,31.8700008392334,25.65886116027832,323100
2013-05-16,31.670000076293945,31.989999771118164,30.940000534057617,31.010000228881836,25.08452796936035,276200
2013-05-17,31.1299991607666,32.529998779296875,31.1200008392334,32.31999969482422,26.144207000732422,428700
2013-05-20,32.040000915527344,32.619998931884766,31.979999542236328,32.5099983215332,26.297901153564453,449200
2013-05-21,32.45000076293945,32.880001068115234,32.45000076293945,32.68000030517578,26.435422897338867,285800
2013-05-22,32.66999816894531,32.90999984741211,31.90999984741211,32.209999084472656,26.05523109436035,350200
2013-05-23,31.719999313354492,32.45000076293945,31.649999618530273,32.20000076293945,26.047138214111328,267000
2013-05-24,31.899999618530273,32.220001220703125,31.600000381469727,32.11000061035156,25.974334716796875,156100
2013-05-28,32.65999984741211,33.400001525878906,32.65999984741211,32.90999984741211,26.6214656829834,202900
2013-05-29,32.599998474121094,32.869998931884766,32.29999923706055,32.5099983215332,26.297901153564453,170700
2013-05-30,32.52000045776367,32.70000076293945,32.0,32.18000030517578,26.030963897705078,193100
2013-05-31,31.81999969482422,32.79999923706055,31.719999313354492,32.11000061035156,25.974334716796875,253500
2013-06-03,32.11000061035156,32.4900016784668,31.600000381469727,32.43000030517578,26.233190536499023,373200
2013-06-04,32.470001220703125,32.70000076293945,31.729999542236328,32.06999969482422,25.941980361938477,259700
2013-06-05,32.0,32.09000015258789,31.09000015258789,31.1299991607666,25.181598663330078,142500
2013-06-06,31.049999237060547,31.5,30.75,31.209999084472656,25.246313095092773,222200
2013-06-07,31.489999771118164,32.369998931884766,31.459999084472656,31.969999313354492,25.861085891723633,442500
2013-06-10,32.220001220703125,33.52000045776367,32.09000015258789,33.31999969482422,26.953128814697266,349100
2013-06-11,32.630001068115234,32.93000030517578,32.18000030517578,32.290000915527344,26.119943618774414,287300
2013-06-12,32.630001068115234,32.70000076293945,31.3799991607666,31.40999984741211,25.40809440612793,210700
2013-06-13,31.31999969482422,32.060001373291016,31.25,32.04999923706055,25.925804138183594,195200
2013-06-14,31.969999313354492,32.31999969482422,31.489999771118164,31.600000381469727,25.56178855895996,212000
2013-06-17,31.979999542236328,31.979999542236328,30.8700008392334,31.1200008392334,25.173505783081055,469200
2013-06-18,31.219999313354492,31.670000076293945,30.780000686645508,31.459999084472656,25.448537826538086,466800
2013-06-19,31.510000228881836,31.510000228881836,30.899999618530273,30.93000030517578,25.019811630249023,233700
2013-06-20,30.479999542236328,30.549999237060547,29.729999542236328,29.969999313354492,24.24325180053711,453200
2013-06-21,29.690000534057617,29.920000076293945,28.540000915527344,28.670000076293945,23.19166374206543,855400
2013-06-24,28.219999313354492,28.610000610351562,27.610000610351562,28.399999618530273,22.973251342773438,434300
2013-06-25,28.709999084472656,29.09000015258789,28.139999389648438,28.889999389648438,23.369619369506836,447100
2013-06-26,29.170000076293945,29.43000030517578,28.899999618530273,29.360000610351562,23.749814987182617,301100
2013-06-27,29.600000381469727,30.139999389648438,29.540000915527344,30.1200008392334,24.364591598510742,239600
2013-06-28,30.079999923706055,30.84000015258789,30.020000457763672,30.540000915527344,24.704334259033203,553300
2013-07-01,30.709999084472656,31.670000076293945,30.639999389648438,30.899999618530273,24.995540618896484,449100
2013-07-02,30.90999984741211,31.190000534057617,30.360000610351562,30.649999618530273,24.793312072753906,229100
2013-07-03,30.6200008392334,30.989999771118164,30.389999389648438,30.850000381469727,24.955102920532227,132400
2013-07-05,31.31999969482422,31.93000030517578,30.790000915527344,31.889999389648438,25.79637336730957,313900
2013-07-08,32.0,32.4900016784668,31.799999237060547,32.45000076293945,26.249364852905273,311900
2013-07-09,32.650001525878906,33.06999969482422,32.349998474121094,32.90999984741211,26.6214656829834,396500
2013-07-10,32.849998474121094,33.13999938964844,32.5,33.04999923706055,26.734718322753906,235800
2013-07-11,33.31999969482422,33.65999984741211,32.88999938964844,33.150001525878906,26.81561279296875,540800
2013-07-12,33.099998474121094,33.209999084472656,32.900001525878906,33.040000915527344,26.72662925720215,276400
2013-07-15,33.13999938964844,33.77000045776367,33.130001068115234,33.59000015258789,27.171539306640625,547100
2013-07-16,33.599998474121094,33.599998474121094,32.91999816894531,33.31999969482422,26.953128814697266,478300
2013-07-17,33.439998626708984,33.5,32.540000915527344,33.279998779296875,26.920772552490234,365200
2013-07-18,33.31999969482422,33.5099983215332,33.220001220703125,33.29999923706055,26.936946868896484,266100
2013-07-19,33.25,33.459999084472656,32.959999084472656,33.04999923706055,26.734718322753906,398000
2013-07-22,33.060001373291016,33.22999954223633,32.77000045776367,33.09000015258789,26.76707649230957,309400
2013-07-23,33.20000076293945,33.560001373291016,33.20000076293945,33.43000030517578,27.042110443115234,326100
2013-07-24,33.5,34.54999923706055,33.41999816894531,33.689998626708984,27.252422332763672,478100
2013-07-25,33.720001220703125,34.45000076293945,33.11000061035156,34.38999938964844,27.81866455078125,385000
2013-07-26,34.2400016784668,34.68000030517578,33.97999954223633,34.25,27.70541763305664,239900
2013-07-29,34.279998779296875,35.189998626708984,34.279998779296875,35.16999816894531,28.449621200561523,372500
2013-07-30,35.29999923706055,36.09000015258789,35.06999969482422,36.0,29.121023178100586,586500
2013-07-31,36.36000061035156,38.45000076293945,36.25,37.18000030517578,30.075546264648438,733700
2013-08-01,37.66999816894531,38.470001220703125,37.65999984741211,38.310001373291016,30.98961639404297,453300
2013-08-02,38.18000030517578,38.75,37.83000183105469,38.720001220703125,31.321287155151367,316400
2013-08-05,38.619998931884766,38.619998931884766,38.0,38.400001525878906,31.062429428100586,255400
2013-08-06,38.2599983215332,39.130001068115234,37.93000030517578,38.709999084472656,31.313188552856445,480400
2013-08-07,38.40999984741211,38.61000061035156,37.90999984741211,38.5099983215332,31.151409149169922,238500
2013-08-08,38.68000030517578,39.599998474121094,38.5099983215332,38.90999984741211,31.606292724609375,298100
2013-08-09,38.7400016784668,39.36000061035156,38.59000015258789,39.0099983215332,31.687519073486328,240900
2013-08-12,38.790000915527344,40.33000183105469,38.459999084472656,40.18000030517578,32.63789749145508,548600
2013-08-13,40.25,41.15999984741211,40.06999969482422,41.13999938964844,33.417701721191406,443700
2013-08-14,40.939998626708984,42.13999938964844,40.939998626708984,41.810001373291016,33.96194839477539,913300
2013-08-15,41.220001220703125,41.400001525878906,41.02000045776367,41.2599983215332,33.515167236328125,617600
2013-08-16,40.9900016784668,41.810001373291016,40.91999816894531,41.02000045776367,33.320220947265625,411100
2013-08-19,41.02000045776367,41.65999984741211,40.75,40.810001373291016,33.1496467590332,370300
2013-08-20,40.900001525878906,41.5099983215332,40.689998626708984,41.209999084472656,33.47454833984375,301800
2013-08-21,40.88999938964844,41.04999923706055,40.2400016784668,40.630001068115234,33.00342559814453,233400
2013-08-22,40.709999084472656,41.02000045776367,39.540000915527344,40.459999084472656,32.865333557128906,349800
2013-08-23,40.65999984741211,40.68000030517578,40.04999923706055,40.220001220703125,32.6703987121582,612000
2013-08-26,40.2400016784668,41.16999816894531,39.779998779296875,40.470001220703125,32.873477935791016,296400
2013-08-27,40.119998931884766,40.15999984741211,39.02000045776367,39.15999984741211,31.809362411499023,454600
2013-08-28,39.040000915527344,39.54999923706055,38.959999084472656,39.0,31.67938995361328,282400
2013-08-29,39.0,39.939998626708984,38.849998474121094,39.619998931884766,32.18301773071289,216300
2013-08-30,39.47999954223633,40.060001373291016,38.63999938964844,39.029998779296875,31.70376205444336,352900
2013-09-03,39.689998626708984,40.599998474121094,39.540000915527344,40.060001373291016,32.540428161621094,336900
2013-09-04,40.08000183105469,41.040000915527344,39.970001220703125,40.91999816894531,33.23899459838867,347000
2013-09-05,41.099998474121094,41.47999954223633,40.5099983215332,40.75,33.10090255737305,334100
2013-09-06,40.90999984741211,41.04999923706055,39.45000076293945,40.65999984741211,33.02781295776367,404100
2013-09-09,40.83000183105469,41.560001373291016,40.790000915527344,41.52000045776367,33.72637176513672,321800
2013-09-10,41.790000915527344,42.61000061035156,41.540000915527344,42.56999969482422,34.57927322387695,215600
2013-09-11,42.56999969482422,43.189998626708984,42.15999984741211,42.72999954223633,34.709251403808594,385600
2013-09-12,42.84000015258789,42.84000015258789,41.29999923706055,41.41999816894531,33.6451416015625,426500
2013-09-13,41.459999084472656,41.75,41.310001373291016,41.5,33.71013259887695,403800
2013-09-16,42.209999084472656,42.25,41.560001373291016,41.97999954223633,34.10003662109375,320400
2013-09-17,41.95000076293945,42.470001220703125,41.7599983215332,42.2599983215332,34.32748031616211,235100
2013-09-18,42.13999938964844,42.619998931884766,41.5099983215332,42.40999984741211,34.44931411743164,434400
2013-09-19,42.54999923706055,43.18000030517578,42.5,42.9900016784668,34.92045211791992,256900
2013-09-20,43.18000030517578,43.290000915527344,42.720001220703125,42.86000061035156,34.814849853515625,556600
2013-09-23,42.7400016784668,43.0,41.88999938964844,42.810001373291016,34.774234771728516,378900
2013-09-24,42.9900016784668,43.279998779296875,42.11000061035156,42.61000061035156,34.611778259277344,183800
2013-09-25,42.65999984741211,43.13999938964844,42.22999954223633,42.4900016784668,34.5142936706543,294800
2013-09-26,42.4900016784668,43.119998931884766,42.34000015258789,42.70000076293945,34.684871673583984,159500
2013-09-27,42.369998931884766,42.849998474121094,42.11000061035156,42.22999954223633,34.303096771240234,155000
2013-09-30,41.790000915527344,42.91999816894531,41.130001068115234,42.72999954223633,34.709251403808594,387000
2013-10-01,42.689998626708984,43.150001525878906,42.36000061035156,42.77000045776367,34.741737365722656,247500
2013-10-02,42.11000061035156,43.43000030517578,41.7599983215332,43.400001525878906,35.253482818603516,209900
2013-10-03,43.470001220703125,43.47999954223633,42.70000076293945,42.91999816894531,34.863582611083984,376900
2013-10-04,43.060001373291016,44.34000015258789,42.75,43.91999816894531,35.675880432128906,509800
2013-10-07,43.25,43.72999954223633,41.900001525878906,42.4900016784668,34.5142936706543,388400
2013-10-08,42.29999923706055,42.33000183105469,40.09000015258789,40.119998931884766,32.58916091918945,498300
2013-10-09,40.16999816894531,40.38999938964844,39.029998779296875,39.630001068115234,32.19113540649414,635700
2013-10-10,40.31999969482422,40.77000045776367,39.90999984741211,40.70000076293945,33.06028747558594,475600
2013-10-11,40.5099983215332,41.310001373291016,39.959999084472656,41.310001373291016,33.5557861328125,281500
2013-10-14,41.0,41.70000076293945,40.45000076293945,41.599998474121094,33.791351318359375,205400
2013-10-15,41.540000915527344,41.63999938964844,40.29999923706055,40.4900016784668,32.88970947265625,413800
2013-10-16,40.95000076293945,41.81999969482422,40.77000045776367,41.540000915527344,33.74262619018555,307300
2013-10-17,41.33000183105469,42.18000030517578,41.0099983215332,41.95000076293945,34.075660705566406,406300
2013-10-18,42.34000015258789,42.47999954223633,41.93000030517578,42.439998626708984,34.47367858886719,322100
2013-10-21,42.38999938964844,42.52000045776367,41.790000915527344,42.11000061035156,34.205631256103516,206100
2013-10-22,42.20000076293945,42.779998779296875,41.5,41.540000915527344,33.74262619018555,352500
2013-10-23,41.15999984741211,41.25,39.779998779296875,39.88999938964844,32.40233612060547,469100
2013-10-24,39.9900016784668,40.27000045776367,39.52000045776367,40.0,32.491695404052734,612700
2013-10-25,40.279998779296875,40.529998779296875,39.29999923706055,39.5,32.08554458618164,299600
2013-10-28,39.459999084472656,39.59000015258789,39.25,39.5099983215332,32.09366989135742,377400
2013-10-29,39.79999923706055,40.18000030517578,37.06999969482422,38.189998626708984,31.02143669128418,869500
2013-10-30,38.33000183105469,38.79999923706055,37.95000076293945,38.400001525878906,31.192018508911133,623600
2013-10-31,38.4900016784668,39.779998779296875,38.11000061035156,39.619998931884766,32.18301773071289,533300
2013-11-01,39.619998931884766,41.65999984741211,39.25,41.529998779296875,33.7344970703125,888700
2013-11-04,41.529998779296875,42.20000076293945,41.43000030517578,41.59000015258789,33.78322982788086,433800
2013-11-05,41.38999938964844,41.45000076293945,40.52000045776367,40.619998931884766,32.995296478271484,355200
2013-11-06,40.650001525878906,40.880001068115234,39.90999984741211,40.2400016784668,32.824012756347656,289100
2013-11-07,40.34000015258789,40.65999984741211,38.95000076293945,39.02000045776367,31.828855514526367,382000
2013-11-08,39.130001068115234,40.11000061035156,39.130001068115234,39.439998626708984,32.17144012451172,231300
2013-11-11,39.439998626708984,39.689998626708984,39.06999969482422,39.279998779296875,32.04092788696289,420000
2013-11-12,39.2400016784668,40.66999816894531,39.11000061035156,40.599998474121094,33.1176643371582,321000
2013-11-13,40.380001068115234,42.529998779296875,40.29999923706055,42.040000915527344,34.29228210449219,425400
2013-11-14,41.93000030517578,42.29999923706055,41.0099983215332,41.279998779296875,33.67234802246094,292100
2013-11-15,41.279998779296875,42.56999969482422,40.97999954223633,42.560001373291016,34.71644973754883,438200
2013-11-18,42.75,43.060001373291016,41.97999954223633,42.279998779296875,34.488040924072266,455100
2013-11-19,42.16999816894531,43.0,40.9900016784668,41.25,33.64787292480469,275300
2013-11-20,41.349998474121094,42.099998474121094,41.0,41.220001220703125,33.6234016418457,282400
2013-11-21,41.5099983215332,42.66999816894531,41.189998626708984,42.33000183105469,34.52884292602539,209900
2013-11-22,42.400001525878906,42.84000015258789,42.290000915527344,42.709999084472656,34.83880615234375,117500
2013-11-25,42.77000045776367,43.349998474121094,42.58000183105469,43.11000061035156,35.16508865356445,236800
2013-11-26,43.13999938964844,43.61000061035156,43.13999938964844,43.40999984741211,35.4098014831543,182800
2013-11-27,43.41999816894531,44.2599983215332,43.22999954223633,44.18000030517578,36.03789138793945,195900
2013-11-29,44.439998626708984,44.68000030517578,43.88999938964844,44.41999816894531,36.23366165161133,118600
2013-12-02,44.40999984741211,44.689998626708984,43.79999923706055,44.119998931884766,35.98895263671875,363500
2013-12-03,43.900001525878906,44.470001220703125,43.900001525878906,44.43000030517578,36.24181365966797,297200
2013-12-04,44.34000015258789,45.119998931884766,44.16999816894531,44.540000915527344,36.33155822753906,260900
2013-12-05,44.400001525878906,45.56999969482422,44.15999984741211,44.86000061035156,36.59257507324219,305800
2013-12-06,45.5099983215332,45.84000015258789,45.0,45.279998779296875,36.9351692199707,228600
2013-12-09,45.380001068115234,45.93000030517578,45.09000015258789,45.279998779296875,36.9351692199707,268700
2013-12-10,45.09000015258789,45.619998931884766,44.90999984741211,45.06999969482422,36.763877868652344,172100
2013-12-11,45.13999938964844,45.220001220703125,44.38999938964844,44.529998779296875,36.323394775390625,156000
2013-12-12,44.47999954223633,45.0,43.880001068115234,44.599998474121094,36.3804817199707,275400
2013-12-13,44.689998626708984,45.04999923706055,44.08000183105469,44.4900016784668,36.29076385498047,171200
2013-12-16,44.2400016784668,45.52000045776367,44.119998931884766,45.470001220703125,37.090145111083984,229900
2013-12-17,45.470001220703125,45.72999954223633,44.529998779296875,44.689998626708984,36.453895568847656,343700
2013-12-18,44.630001068115234,46.22999954223633,44.29999923706055,46.040000915527344,37.55510711669922,457400
2013-12-19,46.040000915527344,46.2599983215332,45.79999923706055,46.02000045776367,37.538795471191406,560700
2013-12-20,46.43000030517578,46.470001220703125,45.70000076293945,46.25,37.72639846801758,508400
2013-12-23,46.619998931884766,46.95000076293945,46.43000030517578,46.83000183105469,38.19951248168945,206600
2013-12-24,46.75,47.41999816894531,46.65999984741211,47.04999923706055,38.37897491455078,74700
2013-12-26,47.15999984741211,47.54999923706055,47.15999984741211,47.41999816894531,38.680782318115234,128600
2013-12-27,47.61000061035156,47.790000915527344,46.54999923706055,46.75,38.13426208496094,136000
2013-12-30,46.75,47.470001220703125,46.540000915527344,47.0,38.33818435668945,491300
2013-12-31,47.02000045776367,47.34000015258789,46.77000045776367,47.15999984741211,38.46870422363281,147700
2014-01-02,46.880001068115234,47.08000183105469,46.54999923706055,46.77000045776367,38.15056610107422,156400
2014-01-03,46.790000915527344,46.97999954223633,46.31999969482422,46.5099983215332,37.9384880065918,287500
2014-01-06,46.54999923706055,46.650001525878906,45.63999938964844,45.88999938964844,37.43275451660156,171100
2014-01-07,45.939998626708984,46.38999938964844,45.52000045776367,46.04999923706055,37.56325912475586,201100
2014-01-08,45.95000076293945,46.15999984741211,45.439998626708984,45.959999084472656,37.48984909057617,284500
2014-01-09,46.040000915527344,46.119998931884766,45.279998779296875,45.56999969482422,37.17172622680664,147400
2014-01-10,45.54999923706055,45.900001525878906,44.95000076293945,45.400001525878906,37.033058166503906,152900
2014-01-13,45.18000030517578,46.029998779296875,44.099998474121094,44.2599983215332,36.103153228759766,433100
2014-01-14,44.27000045776367,45.310001373291016,43.779998779296875,45.16999816894531,36.84544372558594,429100
2014-01-15,45.150001525878906,45.150001525878906,43.06999969482422,43.38999938964844,35.39349365234375,541700
2014-01-16,43.220001220703125,43.790000915527344,42.70000076293945,43.65999984741211,35.61372375488281,357600
2014-01-17,43.63999938964844,44.099998474121094,43.59000015258789,43.75,35.687137603759766,221900
2014-01-21,43.91999816894531,44.54999923706055,43.75,44.13999938964844,36.00526809692383,229700
2014-01-22,44.310001373291016,44.43000030517578,43.93000030517578,44.290000915527344,36.12763214111328,167300
2014-01-23,44.099998474121094,44.099998474121094,43.279998779296875,43.529998779296875,35.5076789855957,138600
2014-01-24,43.099998474121094,43.099998474121094,42.18000030517578,42.36000061035156,34.55331802368164,298100
2014-01-27,42.41999816894531,42.84000015258789,41.380001068115234,42.2599983215332,34.471736907958984,278700
2014-01-28,42.119998931884766,42.95000076293945,41.7400016784668,42.119998931884766,34.357540130615234,359300
2014-01-29,41.83000183105469,42.47999954223633,41.439998626708984,41.599998474121094,33.93336868286133,256200
2014-01-30,42.08000183105469,43.650001525878906,41.84000015258789,43.130001068115234,35.181400299072266,407000
2014-01-31,42.290000915527344,43.93000030517578,42.13999938964844,42.90999984741211,35.001953125,292600
2014-02-03,42.93000030517578,43.59000015258789,40.0,40.279998779296875,32.85663986206055,444100
2014-02-04,40.65999984741211,41.88999938964844,40.439998626708984,41.2400016784668,33.639713287353516,286400
2014-02-05,40.91999816894531,41.400001525878906,39.779998779296875,41.099998474121094,33.5255126953125,336500
2014-02-06,41.2400016784668,42.11000061035156,41.11000061035156,41.779998779296875,34.230106353759766,144500
2014-02-07,42.02000045776367,42.380001068115234,41.43000030517578,42.040000915527344,34.4431266784668,252100
2014-02-10,42.040000915527344,42.16999816894531,41.150001525878906,41.25,33.79589080810547,193400
2014-02-11,41.29999923706055,41.95000076293945,41.2400016784668,41.599998474121094,34.0826416015625,257300
2014-02-12,41.619998931884766,42.18000030517578,41.119998931884766,41.61000061035156,34.09083938598633,421200
2014-02-13,42.11000061035156,42.52000045776367,40.209999084472656,41.97999954223633,34.393978118896484,357200
2014-02-14,41.93000030517578,42.5,41.18000030517578,42.119998931884766,34.5086784362793,310900
2014-02-18,42.2400016784668,42.81999969482422,42.04999923706055,42.09000015258789,34.48409652709961,268300
2014-02-19,41.88999938964844,43.369998931884766,41.88999938964844,42.13999938964844,34.525054931640625,298500
2014-02-20,42.15999984741211,42.439998626708984,41.5,41.869998931884766,34.30384826660156,147400
2014-02-21,42.0,42.29999923706055,41.869998931884766,42.09000015258789,34.48409652709961,148500
2014-02-24,42.060001373291016,42.790000915527344,41.65999984741211,42.400001525878906,34.738075256347656,176800
2014-02-25,42.40999984741211,42.75,42.27000045776367,42.560001373291016,34.869163513183594,202600
2014-02-26,42.77000045776367,43.5,42.70000076293945,43.18000030517578,35.37713623046875,172500
2014-02-27,43.16999816894531,44.29999923706055,43.16999816894531,43.959999084472656,36.01616668701172,261000
2014-02-28,44.08000183105469,44.470001220703125,43.11000061035156,43.290000915527344,35.46725082397461,196100
2014-03-03,42.86000061035156,43.619998931884766,42.40999984741211,43.400001525878906,35.5573616027832,247500
2014-03-04,43.63999938964844,44.810001373291016,43.56999969482422,44.61000061035156,36.548728942871094,325800
2014-03-05,44.61000061035156,44.81999969482422,44.38999938964844,44.5,36.45859146118164,185400
2014-03-06,44.470001220703125,44.650001525878906,43.810001373291016,44.38999938964844,36.36846923828125,223300
2014-03-07,44.77000045776367,46.06999969482422,44.470001220703125,45.91999816894531,37.621986389160156,343100
2014-03-10,45.79999923706055,45.93000030517578,44.970001220703125,45.220001220703125,37.04848098754883,113500
2014-03-11,45.25,45.45000076293945,44.2599983215332,44.41999816894531,36.393043518066406,126600
2014-03-12,44.220001220703125,44.810001373291016,44.0099983215332,44.52000045776367,36.4749755859375,134700
2014-03-13,44.63999938964844,44.84000015258789,43.5,43.52000045776367,35.65568923950195,162700
2014-03-14,43.45000076293945,44.2400016784668,43.150001525878906,44.119998931884766,36.14726257324219,137500
2014-03-17,44.540000915527344,45.0099983215332,43.88999938964844,44.310001373291016,36.302921295166016,96400
2014-03-18,44.2400016784668,45.119998931884766,44.099998474121094,44.86000061035156,36.7535400390625,93300
2014-03-19,44.900001525878906,45.029998779296875,43.869998931884766,44.41999816894531,36.393043518066406,83900
2014-03-20,44.150001525878906,44.900001525878906,44.150001525878906,44.66999816894531,36.59786605834961,93000
2014-03-21,44.880001068115234,46.369998931884766,44.560001373291016,45.470001220703125,37.253299713134766,316700
2014-03-24,45.56999969482422,45.56999969482422,44.119998931884766,44.290000915527344,36.28654479980469,147200
2014-03-25,44.709999084472656,44.81999969482422,42.380001068115234,42.93000030517578,35.17231369018555,277500
2014-03-26,43.33000183105469,43.33000183105469,41.650001525878906,41.77000045776367,34.221923828125,363600
2014-03-27,41.75,42.040000915527344,40.540000915527344,41.0099983215332,33.59925842285156,414000
2014-03-28,41.040000915527344,42.58000183105469,41.040000915527344,41.29999923706055,33.83686447143555,215400
2014-03-31,41.4900016784668,42.9900016784668,41.27000045776367,42.7599983215332,35.033023834228516,256400
2014-04-01,43.02000045776367,43.619998931884766,42.869998931884766,43.040000915527344,35.262428283691406,273900
2014-04-02,44.18000030517578,44.939998626708984,43.97999954223633,44.20000076293945,36.21280288696289,952300
2014-04-03,44.33000183105469,45.16999816894531,44.060001373291016,45.08000183105469,36.93378829956055,262200
2014-04-04,45.31999969482422,45.52000045776367,43.75,44.099998474121094,36.13087463378906,248500
2014-04-07,43.880001068115234,44.189998626708984,42.459999084472656,42.849998474121094,35.10675048828125,230400
2014-04-08,42.77000045776367,43.220001220703125,42.400001525878906,42.540000915527344,34.852779388427734,242200
2014-04-09,42.720001220703125,43.900001525878906,42.400001525878906,43.689998626708984,35.794960021972656,307800
2014-04-10,43.63999938964844,43.83000183105469,42.029998779296875,42.27000045776367,34.631568908691406,226900
2014-04-11,41.70000076293945,42.650001525878906,41.09000015258789,41.61000061035156,34.09083938598633,213900
2014-04-14,42.18000030517578,42.33000183105469,41.27000045776367,42.060001373291016,34.459510803222656,256800
2014-04-15,42.08000183105469,42.29999923706055,41.04999923706055,41.939998626708984,34.3611946105957,214500
2014-04-16,42.33000183105469,43.09000015258789,42.02000045776367,42.709999084472656,34.99205780029297,185600
2014-04-17,42.540000915527344,43.470001220703125,42.540000915527344,43.04999923706055,35.27062225341797,196200
2014-04-21,43.20000076293945,43.34000015258789,42.20000076293945,42.52000045776367,34.836395263671875,117300
2014-04-22,42.58000183105469,43.220001220703125,42.38999938964844,42.93000030517578,35.17231369018555,200000
2014-04-23,42.95000076293945,43.220001220703125,42.720001220703125,43.08000183105469,35.295204162597656,265100
2014-04-24,43.959999084472656,46.849998474121094,43.58000183105469,44.97999954223633,36.85186004638672,807100
2014-04-25,44.970001220703125,45.06999969482422,43.70000076293945,44.029998779296875,36.07353210449219,426200
2014-04-28,44.2599983215332,45.16999816894531,43.58000183105469,45.0099983215332,36.876434326171875,340000
2014-04-29,45.220001220703125,45.31999969482422,44.40999984741211,44.68000030517578,36.60607147216797,401600
2014-04-30,44.72999954223633,46.0099983215332,44.279998779296875,45.86000061035156,37.572845458984375,440200
2014-05-01,45.91999816894531,47.0,45.22999954223633,46.709999084472656,38.26923751831055,481900
2014-05-02,46.880001068115234,47.91999816894531,46.619998931884766,47.45000076293945,38.87550354003906,354100
2014-05-05,47.29999923706055,47.58000183105469,46.66999816894531,47.5,38.91647720336914,211500
2014-05-06,47.290000915527344,47.38999938964844,46.11000061035156,46.220001220703125,37.8677864074707,347500
2014-05-07,46.209999084472656,46.470001220703125,45.119998931884766,45.81999969482422,37.540069580078125,276800
2014-05-08,45.72999954223633,47.63999938964844,45.380001068115234,45.560001373291016,37.482479095458984,518900
2014-05-09,45.400001525878906,46.060001373291016,45.029998779296875,45.849998474121094,37.72105407714844,393500
2014-05-12,46.150001525878906,47.459999084472656,45.939998626708984,47.099998474121094,38.74944305419922,617200
2014-05-13,47.150001525878906,47.29999923706055,46.06999969482422,46.09000015258789,37.91851806640625,316100
2014-05-14,46.029998779296875,46.130001068115234,45.11000061035156,45.25,37.2274284362793,483900
2014-05-15,44.959999084472656,45.150001525878906,44.400001525878906,44.66999816894531,36.75025939941406,374700
2014-05-16,44.66999816894531,44.97999954223633,44.41999816894531,44.900001525878906,36.939483642578125,231500
2014-05-19,44.7599983215332,45.5099983215332,44.7599983215332,45.209999084472656,37.19453430175781,266100
2014-05-20,44.970001220703125,44.970001220703125,44.11000061035156,44.36000061035156,36.49522018432617,436900
2014-05-21,44.709999084472656,45.91999816894531,44.709999084472656,45.900001525878906,37.76218795776367,296600
2014-05-22,46.08000183105469,46.599998474121094,45.81999969482422,45.84000015258789,37.712825775146484,245000
2014-05-23,45.84000015258789,46.58000183105469,45.720001220703125,46.5099983215332,38.264041900634766,356900
2014-05-27,46.91999816894531,47.470001220703125,46.70000076293945,47.06999969482422,38.72475814819336,222800
2014-05-28,47.02000045776367,47.02000045776367,46.27000045776367,46.380001068115234,38.157073974609375,213000
2014-05-29,46.54999923706055,46.650001525878906,45.77000045776367,46.5,38.25580596923828,250700
2014-05-30,46.56999969482422,46.90999984741211,46.2599983215332,46.52000045776367,38.27226257324219,341400
2014-06-02,46.36000061035156,46.59000015258789,45.84000015258789,46.150001525878906,37.96788024902344,447300
2014-06-03,46.08000183105469,47.72999954223633,46.029998779296875,47.0,38.66716384887695,439100
2014-06-04,46.88999938964844,47.66999816894531,46.34000015258789,47.619998931884766,39.177249908447266,250600
2014-06-05,47.4900016784668,48.59000015258789,46.97999954223633,48.349998474121094,39.7778205871582,371400
2014-06-06,48.27000045776367,49.119998931884766,48.27000045776367,48.529998779296875,39.925907135009766,390800
2014-06-09,48.54999923706055,49.130001068115234,48.27000045776367,48.900001525878906,40.23030090332031,291800
2014-06-10,48.7599983215332,48.810001373291016,48.36000061035156,48.47999954223633,39.884769439697266,228100
2014-06-11,48.20000076293945,48.310001373291016,47.439998626708984,47.599998474121094,39.1607780456543,250900
2014-06-12,47.400001525878906,47.40999984741211,45.31999969482422,45.470001220703125,37.408424377441406,591600
2014-06-13,45.7400016784668,46.06999969482422,44.79999923706055,45.13999938964844,37.13693618774414,398100
2014-06-16,45.18000030517578,46.380001068115234,45.040000915527344,46.31999969482422,38.10772705078125,395300
2014-06-17,46.25,46.599998474121094,45.970001220703125,46.5,38.25580596923828,272700
2014-06-18,46.45000076293945,46.81999969482422,46.20000076293945,46.72999954223633,38.44503402709961,314800
2014-06-19,46.79999923706055,47.029998779296875,46.31999969482422,46.93000030517578,38.609588623046875,209400
2014-06-20,47.970001220703125,48.88999938964844,47.529998779296875,48.25,39.69553756713867,649700
2014-06-23,48.25,48.540000915527344,47.720001220703125,47.75,39.28419494628906,309300
2014-06-24,47.54999923706055,47.779998779296875,46.88999938964844,46.95000076293945,38.62602996826172,292000
2014-06-25,46.689998626708984,46.93000030517578,46.16999816894531,46.81999969482422,38.51908493041992,456000
2014-06-26,46.88999938964844,47.220001220703125,46.099998474121094,47.16999816894531,38.80702590942383,706200
2014-06-27,46.970001220703125,48.790000915527344,46.849998474121094,48.790000915527344,40.139808654785156,3633400
2014-06-30,48.7599983215332,49.86000061035156,48.47999954223633,49.5,40.72392654418945,708900
2014-07-01,50.0,50.459999084472656,49.81999969482422,49.9900016784668,41.127052307128906,459800
2014-07-02,50.2400016784668,50.70000076293945,49.970001220703125,50.150001525878906,41.25868606567383,564300
2014-07-03,50.43000030517578,51.27000045776367,50.400001525878906,51.15999984741211,42.08961868286133,483400
2014-07-07,51.060001373291016,51.439998626708984,50.2400016784668,50.439998626708984,41.49728012084961,351000
2014-07-08,50.439998626708984,50.61000061035156,49.52000045776367,49.939998626708984,41.08591842651367,454000
2014-07-09,49.95000076293945,50.599998474121094,49.95000076293945,50.349998474121094,41.42323303222656,260200
2014-07-10,49.5,50.22999954223633,49.16999816894531,50.0,41.13528060913086,325700
2014-07-11,50.0099983215332,50.27000045776367,49.560001373291016,49.869998931884766,41.02832794189453,285800
2014-07-14,50.189998626708984,50.36000061035156,49.849998474121094,50.02000045776367,41.15174102783203,251500
2014-07-15,50.0099983215332,50.25,49.2400016784668,49.54999923706055,40.76506423950195,313700
2014-07-16,50.119998931884766,50.18000030517578,49.189998626708984,49.33000183105469,40.584075927734375,220200
2014-07-17,49.0099983215332,49.11000061035156,48.02000045776367,48.09000015258789,39.56391143798828,364900
2014-07-18,48.279998779296875,48.939998626708984,47.90999984741211,48.88999938964844,40.222084045410156,249000
2014-07-21,48.65999984741211,48.84000015258789,48.290000915527344,48.59000015258789,39.97526931762695,245900
2014-07-22,49.06999969482422,50.040000915527344,48.20000076293945,48.560001373291016,39.950592041015625,468800
2014-07-23,48.72999954223633,49.16999816894531,48.470001220703125,49.040000915527344,40.34547805786133,314100
2014-07-24,49.04999923706055,50.220001220703125,49.029998779296875,49.810001373291016,40.97896957397461,485100
2014-07-25,49.83000183105469,50.029998779296875,48.18000030517578,48.36000061035156,39.786048889160156,591200
2014-07-28,48.40999984741211,48.58000183105469,47.54999923706055,48.25,39.69553756713867,439200
2014-07-29,48.380001068115234,48.47999954223633,48.02000045776367,48.040000915527344,39.52277755737305,331800
2014-07-30,48.310001373291016,48.54999923706055,46.88999938964844,47.36000061035156,38.96333694458008,524000
2014-07-31,47.380001068115234,47.900001525878906,46.349998474121094,46.45000076293945,38.21467971801758,659800
2014-08-01,46.4900016784668,47.2599983215332,46.2599983215332,46.88999938964844,38.57666015625,386900
2014-08-04,46.97999954223633,47.52000045776367,46.880001068115234,47.36000061035156,38.96333694458008,261400
2014-08-05,47.06999969482422,47.7400016784668,46.72999954223633,46.959999084472656,38.634254455566406,155600
2014-08-06,46.59000015258789,47.41999816894531,46.5,46.59000015258789,38.329856872558594,241100
2014-08-07,46.650001525878906,46.959999084472656,46.2599983215332,46.560001373291016,38.4703254699707,338900
2014-08-08,46.65999984741211,47.33000183105469,46.54999923706055,47.25,39.040435791015625,234200
2014-08-11,47.65999984741211,48.02000045776367,47.33000183105469,47.59000015258789,39.32136154174805,167900
2014-08-12,47.54999923706055,47.959999084472656,46.95000076293945,47.18000030517578,38.98259353637695,170000
2014-08-13,47.29999923706055,47.77000045776367,46.720001220703125,47.380001068115234,39.14784622192383,165300
2014-08-14,47.619998931884766,48.2599983215332,47.29999923706055,47.88999938964844,39.56924057006836,170400
2014-08-15,48.31999969482422,48.5,47.0099983215332,47.220001220703125,39.01565170288086,293400
2014-08-18,47.66999816894531,47.959999084472656,47.47999954223633,47.84000015258789,39.52791976928711,209900
2014-08-19,48.11000061035156,48.38999938964844,47.66999816894531,47.90999984741211,39.58576202392578,192100
2014-08-20,47.90999984741211,48.22999954223633,47.59000015258789,48.18000030517578,39.80885314941406,210500
2014-08-21,48.18000030517578,48.29999923706055,47.54999923706055,47.93000030517578,39.60228729248047,167200
2014-08-22,47.9900016784668,48.06999969482422,47.45000076293945,47.689998626708984,39.40399932861328,251400
2014-08-25,47.91999816894531,48.459999084472656,47.77000045776367,48.34000015258789,39.94104766845703,155500
2014-08-26,48.380001068115234,48.7400016784668,48.02000045776367,48.45000076293945,40.03194046020508,143100
2014-08-27,48.380001068115234,48.56999969482422,48.040000915527344,48.119998931884766,39.7592658996582,151800
2014-08-28,47.79999923706055,48.20000076293945,47.27000045776367,47.959999084472656,39.627079010009766,111600
2014-08-29,47.97999954223633,48.400001525878906,47.779998779296875,47.970001220703125,39.63532638549805,113000
2014-09-02,48.16999816894531,48.38999938964844,47.5099983215332,47.77000045776367,39.47008514404297,246200
2014-09-03,47.93000030517578,48.150001525878906,47.65999984741211,47.70000076293945,39.41223907470703,232100
2014-09-04,47.77000045776367,48.08000183105469,47.33000183105469,47.5,39.24699401855469,246600
2014-09-05,47.20000076293945,47.5,46.869998931884766,47.43000030517578,39.18915557861328,185900
2014-09-08,47.400001525878906,47.400001525878906,46.08000183105469,46.209999084472656,38.18112564086914,402900
2014-09-09,46.209999084472656,46.54999923706055,45.849998474121094,46.060001373291016,38.057212829589844,394600
2014-09-10,46.040000915527344,46.150001525878906,44.58000183105469,44.790000915527344,37.007843017578125,431800
2014-09-11,44.459999084472656,44.68000030517578,43.689998626708984,44.060001373291016,36.404685974121094,675000
2014-09-12,44.060001373291016,44.290000915527344,43.560001373291016,43.779998779296875,36.173343658447266,575300
2014-09-15,43.66999816894531,44.0099983215332,43.459999084472656,43.5099983215332,35.95024871826172,416300
2014-09-16,43.439998626708984,43.79999923706055,43.2599983215332,43.560001373291016,35.991573333740234,459800
2014-09-17,43.54999923706055,44.15999984741211,43.45000076293945,43.70000076293945,36.107234954833984,606600
2014-09-18,43.84000015258789,44.45000076293945,43.84000015258789,44.209999084472656,36.528629302978516,325900
2014-09-19,44.34000015258789,44.380001068115234,43.59000015258789,43.66999816894531,36.08244705200195,317700
2014-09-22,43.630001068115234,43.63999938964844,42.70000076293945,42.790000915527344,35.3553581237793,360600
2014-09-23,42.56999969482422,42.880001068115234,41.349998474121094,41.380001068115234,34.190345764160156,593700
2014-09-24,41.5,41.95000076293945,41.099998474121094,41.900001525878906,34.61998748779297,522100
2014-09-25,41.720001220703125,41.81999969482422,40.91999816894531,41.25,34.082923889160156,360200
2014-09-26,41.31999969482422,41.83000183105469,41.22999954223633,41.58000183105469,34.35558319091797,303000
2014-09-29,41.2599983215332,41.529998779296875,40.9900016784668,41.310001373291016,34.13249969482422,527100
2014-09-30,41.33000183105469,41.540000915527344,40.560001373291016,40.59000015258789,33.537593841552734,1041100
2014-10-01,40.43000030517578,40.5099983215332,39.81999969482422,39.9900016784668,33.041847229003906,669800
2014-10-02,40.75,41.86000061035156,40.7400016784668,41.09000015258789,33.950721740722656,1627000
2014-10-03,41.599998474121094,43.75,41.4900016784668,43.54999923706055,35.983299255371094,1315100
2014-10-06,43.650001525878906,43.84000015258789,42.43000030517578,42.5,35.115745544433594,514100
2014-10-07,42.2400016784668,42.279998779296875,41.38999938964844,41.5099983215332,34.2977409362793,434200
2014-10-08,41.45000076293945,42.5099983215332,41.27000045776367,42.4900016784668,35.10747146606445,529600
2014-10-09,42.349998474121094,42.459999084472656,41.279998779296875,41.369998931884766,34.18205642700195,257400
2014-10-10,41.380001068115234,42.09000015258789,41.16999816894531,41.439998626708984,34.23991012573242,461100
2014-10-13,40.95000076293945,40.9900016784668,37.25,37.5099983215332,30.99273109436035,1319000
2014-10-14,37.61000061035156,38.380001068115234,37.47999954223633,37.79999923706055,31.23234748840332,451000
2014-10-15,37.13999938964844,38.650001525878906,36.36000061035156,38.2599983215332,31.61241912841797,729900
2014-10-16,37.599998474121094,39.880001068115234,37.54999923706055,39.2400016784668,32.422142028808594,578200
2014-10-17,39.880001068115234,40.47999954223633,39.630001068115234,40.04999923706055,33.0914192199707,512200
2014-10-20,39.86000061035156,40.93000030517578,39.7599983215332,40.34000015258789,33.33102798461914,287600
2014-10-21,40.459999084472656,41.459999084472656,40.40999984741211,41.13999938964844,33.99203872680664,412800
2014-10-22,41.099998474121094,41.880001068115234,40.15999984741211,40.209999084472656,33.22361755371094,336100
2014-10-23,40.79999923706055,42.77000045776367,40.79999923706055,42.54999923706055,35.15705871582031,554600
2014-10-24,42.65999984741211,43.040000915527344,41.95000076293945,42.9900016784668,35.52061080932617,264000
2014-10-27,42.720001220703125,42.79999923706055,41.75,42.45000076293945,35.07442092895508,518500
2014-10-28,42.959999084472656,44.720001220703125,42.540000915527344,44.40999984741211,36.69387435913086,558100
2014-10-29,44.900001525878906,44.939998626708984,42.38999938964844,43.790000915527344,36.181602478027344,761800
2014-10-30,43.810001373291016,44.529998779296875,43.65999984741211,44.400001525878906,36.68560791015625,334400
2014-10-31,44.91999816894531,45.33000183105469,44.4900016784668,45.2400016784668,37.379676818847656,388800
2014-11-03,45.63999938964844,45.939998626708984,44.83000183105469,45.150001525878906,37.30531311035156,574700
2014-11-04,45.150001525878906,45.529998779296875,44.63999938964844,44.900001525878906,37.09873962402344,510500
2014-11-05,45.900001525878906,46.65999984741211,45.7599983215332,46.560001373291016,38.4703254699707,647400
2014-11-06,46.04999923706055,46.959999084472656,45.779998779296875,46.880001068115234,38.910221099853516,287200
2014-11-07,46.79999923706055,46.9900016784668,46.290000915527344,46.9900016784668,39.00151824951172,405000
2014-11-10,46.9900016784668,47.5099983215332,46.54999923706055,47.099998474121094,39.09281539916992,412700
2014-11-11,47.02000045776367,47.540000915527344,46.93000030517578,47.41999816894531,39.358421325683594,236700
2014-11-12,47.279998779296875,48.31999969482422,47.04999923706055,47.9900016784668,39.831520080566406,389500
2014-11-13,48.06999969482422,48.25,47.54999923706055,47.72999954223633,39.6157112121582,335700
2014-11-14,47.650001525878906,47.95000076293945,47.400001525878906,47.59000015258789,39.49951934814453,247700
2014-11-17,47.369998931884766,47.9900016784668,46.93000030517578,47.29999923706055,39.258827209472656,497300
2014-11-18,47.29999923706055,48.150001525878906,46.880001068115234,47.36000061035156,39.30862808227539,325400
2014-11-19,47.47999954223633,47.56999969482422,47.060001373291016,47.439998626708984,39.37502670288086,216500
2014-11-20,47.040000915527344,47.720001220703125,46.95000076293945,47.58000183105469,39.4912109375,323100
2014-11-21,48.16999816894531,48.83000183105469,47.93000030517578,48.209999084472656,40.014122009277344,335300
2014-11-24,48.29999923706055,48.41999816894531,47.790000915527344,47.939998626708984,39.790016174316406,331400
2014-11-25,48.25,48.43000030517578,47.790000915527344,47.90999984741211,39.7651252746582,270500
2014-11-26,47.939998626708984,47.97999954223633,47.310001373291016,47.5,39.424808502197266,286900
2014-11-28,47.5,47.95000076293945,46.95000076293945,47.349998474121094,39.30030822753906,158200
2014-12-01,47.130001068115234,47.20000076293945,46.29999923706055,46.41999816894531,38.528419494628906,309900
2014-12-02,46.529998779296875,48.06999969482422,46.470001220703125,47.900001525878906,39.75681686401367,344100
2014-12-03,47.90999984741211,49.439998626708984,47.70000076293945,48.93000030517578,40.61170959472656,337200
2014-12-04,48.7599983215332,49.06999969482422,48.369998931884766,48.630001068115234,40.36270523071289,270800
2014-12-05,48.84000015258789,48.9900016784668,48.4900016784668,48.869998931884766,40.56190872192383,216400
2014-12-08,48.59000015258789,48.90999984741211,47.86000061035156,48.130001068115234,39.94771194458008,165500
2014-12-09,47.34000015258789,48.70000076293945,47.34000015258789,48.61000061035156,40.34611511230469,163800
2014-12-10,48.38999938964844,48.81999969482422,47.54999923706055,47.7599983215332,39.64060974121094,227800
2014-12-11,48.0,49.04999923706055,47.63999938964844,48.189998626708984,39.99752426147461,176000
2014-12-12,47.720001220703125,48.560001373291016,47.56999969482422,47.810001373291016,39.6821174621582,321400
2014-12-15,48.029998779296875,48.2599983215332,46.880001068115234,47.439998626708984,39.37502670288086,232400
2014-12-16,47.2400016784668,47.880001068115234,46.599998474121094,46.72999954223633,38.78571319580078,320700
2014-12-17,46.81999969482422,48.040000915527344,46.290000915527344,47.90999984741211,39.7651252746582,266900
2014-12-18,48.79999923706055,48.83000183105469,47.849998474121094,48.599998474121094,40.33781051635742,238500
2014-12-19,48.90999984741211,49.58000183105469,48.43000030517578,49.220001220703125,40.8524169921875,299500
2014-12-22,49.279998779296875,49.59000015258789,49.02000045776367,49.45000076293945,41.043312072753906,130200
2014-12-23,49.63999938964844,50.709999084472656,49.54999923706055,49.959999084472656,41.46661376953125,290900
2014-12-24,49.9900016784668,50.400001525878906,49.75,49.84000015258789,41.36700439453125,61000
2014-12-26,50.0099983215332,50.150001525878906,49.43000030517578,49.59000015258789,41.159515380859375,122200
2014-12-29,49.560001373291016,50.45000076293945,49.52000045776367,50.43000030517578,41.856712341308594,223200
2014-12-30,50.16999816894531,50.470001220703125,49.619998931884766,49.939998626708984,41.450008392333984,195600
2014-12-31,50.06999969482422,50.34000015258789,49.02000045776367,49.06999969482422,40.72791290283203,515900
2015-01-02,49.22999954223633,49.619998931884766,48.15999984741211,49.08000183105469,40.7362060546875,250500
2015-01-05,49.029998779296875,49.029998779296875,47.86000061035156,48.22999954223633,40.03071975708008,295400
2015-01-06,48.43000030517578,49.34000015258789,47.68000030517578,48.68000030517578,40.404212951660156,692300
2015-01-07,49.16999816894531,49.86000061035156,47.880001068115234,48.939998626708984,40.6200065612793,420700
2015-01-08,49.439998626708984,50.40999984741211,49.439998626708984,49.880001068115234,41.400211334228516,378400
2015-01-09,49.709999084472656,49.810001373291016,49.060001373291016,49.310001373291016,40.9271125793457,279400
2015-01-12,49.31999969482422,49.529998779296875,48.52000045776367,49.029998779296875,40.694705963134766,359000
2015-01-13,49.459999084472656,50.0099983215332,47.81999969482422,48.2599983215332,40.05561828613281,231000
2015-01-14,47.41999816894531,47.900001525878906,46.529998779296875,47.349998474121094,39.30030822753906,347000
2015-01-15,47.400001525878906,47.599998474121094,46.09000015258789,46.130001068115234,38.287723541259766,215200
2015-01-16,46.0099983215332,47.52000045776367,46.0099983215332,47.439998626708984,39.37502670288086,247800
2015-01-20,47.849998474121094,47.88999938964844,46.029998779296875,46.619998931884766,38.69441604614258,308100
2015-01-21,46.619998931884766,47.52000045776367,46.20000076293945,47.25,39.217315673828125,268800
2015-01-22,47.58000183105469,48.27000045776367,47.2599983215332,48.189998626708984,39.99752426147461,310000
2015-01-23,48.29999923706055,48.97999954223633,47.7599983215332,48.84000015258789,40.537017822265625,185900
2015-01-26,49.34000015258789,50.470001220703125,48.849998474121094,50.45000076293945,41.8733024597168,367200
2015-01-27,49.470001220703125,50.25,49.040000915527344,50.09000015258789,41.574501037597656,246000
2015-01-28,49.970001220703125,50.36000061035156,49.029998779296875,49.189998626708984,40.827510833740234,200100
2015-01-29,49.52000045776367,49.97999954223633,48.869998931884766,49.849998474121094,41.375308990478516,410100
2015-01-30,49.52000045776367,49.66999816894531,48.13999938964844,48.349998474121094,40.13031768798828,360100
2015-02-02,48.439998626708984,48.470001220703125,46.7400016784668,48.2599983215332,40.05561828613281,356900
2015-02-03,48.9900016784668,50.84000015258789,48.93000030517578,50.7400016784668,42.11400604248047,308900
2015-02-04,50.65999984741211,51.099998474121094,50.150001525878906,50.279998779296875,41.732208251953125,221800
2015-02-05,50.7400016784668,51.709999084472656,50.58000183105469,51.56999969482422,42.80290222167969,275400
2015-02-06,51.41999816894531,52.47999954223633,51.25,52.189998626708984,43.503082275390625,400800
2015-02-09,52.0,52.439998626708984,51.65999984741211,51.970001220703125,43.31970977783203,244800
2015-02-10,52.459999084472656,52.70000076293945,51.529998779296875,52.18000030517578,43.4947395324707,355700
2015-02-11,49.25,50.36000061035156,47.31999969482422,48.459999084472656,40.39393615722656,1087700
2015-02-12,48.709999084472656,48.959999084472656,47.689998626708984,47.959999084472656,39.977169036865234,1094800
2015-02-13,47.959999084472656,49.150001525878906,47.959999084472656,49.02000045776367,40.86071014404297,545800
2015-02-17,48.970001220703125,49.2599983215332,47.66999816894531,47.70000076293945,39.76041793823242,577600
2015-02-18,47.650001525878906,47.70000076293945,47.29999923706055,47.65999984741211,39.72709274291992,402900
2015-02-19,48.0,48.83000183105469,47.68000030517578,48.349998474121094,40.302242279052734,599600
2015-02-20,48.2400016784668,48.2400016784668,47.66999816894531,48.099998474121094,40.09384536743164,450800
2015-02-23,48.119998931884766,48.529998779296875,47.54999923706055,47.79999923706055,39.843788146972656,436700
2015-02-24,47.75,48.0,47.52000045776367,47.869998931884766,39.902137756347656,598200
2015-02-25,47.97999954223633,48.22999954223633,47.560001373291016,47.790000915527344,39.835453033447266,409000
2015-02-26,47.689998626708984,48.150001525878906,47.689998626708984,48.0,40.010498046875,275700
2015-02-27,48.13999938964844,49.380001068115234,47.79999923706055,49.33000183105469,41.11912155151367,771400
2015-03-02,49.540000915527344,50.630001068115234,49.540000915527344,50.560001373291016,42.144386291503906,580400
2015-03-03,50.56999969482422,50.58000183105469,49.119998931884766,49.7599983215332,41.47755813598633,615300
2015-03-04,49.439998626708984,49.790000915527344,48.65999984741211,48.790000915527344,40.669002532958984,433200
2015-03-05,48.81999969482422,49.34000015258789,48.63999938964844,49.29999923706055,41.0941162109375,356900
2015-03-06,48.86000061035156,49.27000045776367,48.70000076293945,48.7599983215332,40.64399337768555,346900
2015-03-09,48.720001220703125,49.119998931884766,48.08000183105469,49.08000183105469,40.91073226928711,322800
2015-03-10,48.59000015258789,48.709999084472656,47.880001068115234,48.150001525878906,40.13552474975586,391100
2015-03-11,48.0,48.849998474121094,47.900001525878906,48.7599983215332,40.64399337768555,415000
2015-03-12,49.060001373291016,50.400001525878906,48.7599983215332,50.369998931884766,41.98602294921875,348300
2015-03-13,50.310001373291016,50.459999084472656,49.18000030517578,49.86000061035156,41.560909271240234,291000
2015-03-16,50.060001373291016,50.63999938964844,49.86000061035156,50.59000015258789,42.16939163208008,255300
2015-03-17,50.310001373291016,51.02000045776367,50.310001373291016,50.599998474121094,42.177730560302734,222900
2015-03-18,50.34000015258789,50.9900016784668,49.66999816894531,50.81999969482422,42.361122131347656,206000
2015-03-19,50.7400016784668,50.97999954223633,50.369998931884766,50.90999984741211,42.43613815307617,239700
2015-03-20,50.83000183105469,50.88999938964844,50.0,50.59000015258789,42.16939163208008,410100
2015-03-23,50.59000015258789,51.18000030517578,50.310001373291016,50.7400016784668,42.294429779052734,255600
2015-03-24,50.689998626708984,51.25,50.22999954223633,51.0,42.51115417480469,365700
2015-03-25,51.209999084472656,51.209999084472656,49.7599983215332,49.790000915527344,41.50255584716797,194900
2015-03-26,49.7599983215332,49.970001220703125,49.0099983215332,49.630001068115234,41.36918258666992,289700
2015-03-27,49.59000015258789,50.68000030517578,49.5099983215332,50.4900016784668,42.0860481262207,293600
2015-03-30,50.810001373291016,51.599998474121094,50.650001525878906,51.4900016784668,42.919593811035156,267700
2015-03-31,51.20000076293945,51.61000061035156,51.04999923706055,51.4900016784668,42.919593811035156,380800
2015-04-01,51.27000045776367,51.45000076293945,50.43000030517578,50.849998474121094,42.38612365722656,214400
2015-04-02,51.18000030517578,52.7599983215332,51.18000030517578,52.66999816894531,43.9031867980957,674100
2015-04-06,52.41999816894531,53.63999938964844,52.150001525878906,53.400001525878906,44.51167678833008,700400
2015-04-07,53.47999954223633,53.70000076293945,52.79999923706055,53.189998626708984,44.33664321899414,444700
2015-04-08,53.06999969482422,53.34000015258789,52.2400016784668,52.869998931884766,44.06989669799805,304900
2015-04-09,52.939998626708984,53.11000061035156,52.099998474121094,52.869998931884766,44.06989669799805,219800
2015-04-10,52.9900016784668,53.16999816894531,52.599998474121094,52.630001068115234,43.869850158691406,181500
2015-04-13,52.720001220703125,52.84000015258789,52.040000915527344,52.36000061035156,43.6447868347168,235300
2015-04-14,52.459999084472656,52.619998931884766,51.84000015258789,51.959999084472656,43.31136703491211,195700
2015-04-15,52.36000061035156,52.66999816894531,52.060001373291016,52.38999938964844,43.6697883605957,249200
2015-04-16,52.380001068115234,53.5,51.779998779296875,53.130001068115234,44.28662109375,403800
2015-04-17,52.54999923706055,52.54999923706055,51.52000045776367,51.869998931884766,43.23634338378906,365400
2015-04-20,52.08000183105469,53.58000183105469,51.9900016784668,53.189998626708984,44.33664321899414,396000
2015-04-21,53.7400016784668,54.09000015258789,52.7599983215332,53.189998626708984,44.33664321899414,231500
2015-04-22,53.650001525878906,53.65999984741211,52.40999984741211,53.279998779296875,44.411659240722656,261100
2015-04-23,53.2599983215332,53.86000061035156,52.86000061035156,52.9900016784668,44.1699333190918,192800
2015-04-24,53.029998779296875,53.29999923706055,52.54999923706055,53.27000045776367,44.403324127197266,203200
2015-04-27,53.40999984741211,53.540000915527344,52.540000915527344,52.70000076293945,43.92819595336914,405400
2015-04-28,52.630001068115234,52.689998626708984,48.599998474121094,50.220001220703125,41.860984802246094,1064600
2015-04-29,50.20000076293945,50.650001525878906,49.41999816894531,49.959999084472656,41.644264221191406,430200
2015-04-30,48.75,49.88999938964844,48.33000183105469,48.810001373291016,40.6856803894043,585400
2015-05-01,48.849998474121094,49.099998474121094,48.09000015258789,48.900001525878906,40.76069259643555,467700
2015-05-04,49.150001525878906,50.029998779296875,48.939998626708984,49.93000030517578,41.6192512512207,445600
2015-05-05,50.06999969482422,50.189998626708984,49.45000076293945,49.529998779296875,41.285831451416016,479500
2015-05-06,49.529998779296875,50.93000030517578,48.630001068115234,50.779998779296875,42.32777404785156,793000
2015-05-07,50.91999816894531,51.43000030517578,50.4900016784668,50.540000915527344,42.12771987915039,351900
2015-05-08,51.0099983215332,51.70000076293945,50.720001220703125,51.20000076293945,42.67786407470703,289000
2015-05-11,51.209999084472656,51.619998931884766,51.02000045776367,51.25,42.719539642333984,176000
2015-05-12,51.06999969482422,51.27000045776367,50.599998474121094,50.77000045776367,42.31944274902344,434200
2015-05-13,50.59000015258789,51.209999084472656,50.02000045776367,50.27000045776367,42.093353271484375,359300
2015-05-14,50.70000076293945,50.70000076293945,49.75,49.9900016784668,41.85890197753906,315500
2015-05-15,49.97999954223633,51.130001068115234,49.970001220703125,50.790000915527344,42.52877426147461,307000
2015-05-18,50.95000076293945,51.439998626708984,50.439998626708984,51.2400016784668,42.90558624267578,275900
2015-05-19,51.290000915527344,51.540000915527344,51.0,51.08000183105469,42.7716064453125,269300
2015-05-20,51.33000183105469,51.4900016784668,50.849998474121094,51.209999084472656,42.88046646118164,167300
2015-05-21,51.0099983215332,51.81999969482422,50.849998474121094,51.470001220703125,43.09817123413086,215500
2015-05-22,51.40999984741211,51.560001373291016,50.65999984741211,50.939998626708984,42.65438461303711,192000
2015-05-26,50.90999984741211,51.02000045776367,50.06999969482422,50.09000015258789,41.942630767822266,153800
2015-05-27,50.08000183105469,50.869998931884766,50.0,50.7400016784668,42.48690414428711,153000
2015-05-28,50.849998474121094,52.11000061035156,50.47999954223633,52.04999923706055,43.583831787109375,576100
2015-05-29,51.88999938964844,52.2599983215332,51.58000183105469,51.61000061035156,43.21540451049805,323600
2015-06-01,51.790000915527344,51.79999923706055,50.84000015258789,51.04999923706055,42.746482849121094,312200
2015-06-02,50.65999984741211,51.650001525878906,50.54999923706055,51.2599983215332,42.922325134277344,170600
2015-06-03,51.529998779296875,53.02000045776367,51.150001525878906,52.560001373291016,44.0108757019043,363700
2015-06-04,52.2599983215332,52.779998779296875,51.95000076293945,52.220001220703125,43.72617721557617,251400
2015-06-05,52.150001525878906,52.779998779296875,51.470001220703125,52.77000045776367,44.18672180175781,234000
2015-06-08,52.7400016784668,53.349998474121094,52.33000183105469,52.349998474121094,43.83503341674805,171500
2015-06-09,52.2400016784668,52.650001525878906,51.66999816894531,51.810001373291016,43.382877349853516,115300
2015-06-10,52.08000183105469,52.61000061035156,52.06999969482422,52.20000076293945,43.709449768066406,190200
2015-06-11,52.34000015258789,52.9900016784668,51.97999954223633,52.310001373291016,43.801544189453125,212500
2015-06-12,52.11000061035156,52.43000030517578,51.880001068115234,52.18000030517578,43.69268798828125,124900
2015-06-15,51.83000183105469,52.029998779296875,51.43000030517578,51.65999984741211,43.257266998291016,188800
2015-06-16,51.560001373291016,52.540000915527344,51.470001220703125,52.25,43.75129699707031,133700
2015-06-17,52.349998474121094,52.75,51.900001525878906,52.09000015258789,43.6173210144043,202700
2015-06-18,52.310001373291016,52.869998931884766,52.29999923706055,52.58000183105469,44.027626037597656,140100
2015-06-19,52.369998931884766,52.869998931884766,51.75,52.52000045776367,43.977386474609375,273200
2015-06-22,52.9900016784668,52.9900016784668,52.2400016784668,52.38999938964844,43.8685188293457,171600
2015-06-23,52.439998626708984,53.290000915527344,52.349998474121094,53.150001525878906,44.50490951538086,171100
2015-06-24,53.150001525878906,53.529998779296875,53.029998779296875,53.060001373291016,44.4295539855957,153000
2015-06-25,53.290000915527344,53.31999969482422,52.650001525878906,52.9900016784668,44.37093734741211,143700
2015-06-26,53.099998474121094,54.13999938964844,52.599998474121094,53.970001220703125,45.191532135009766,670100
2015-06-29,53.18000030517578,53.380001068115234,51.75,51.779998779296875,43.357749938964844,305500
2015-06-30,52.43000030517578,52.52000045776367,51.400001525878906,52.11000061035156,43.63407897949219,339500
2015-07-01,52.790000915527344,52.86000061035156,52.029998779296875,52.619998931884766,44.061119079589844,223400
2015-07-02,52.58000183105469,52.77000045776367,52.060001373291016,52.22999954223633,43.734561920166016,195300
2015-07-06,51.7400016784668,52.65999984741211,51.189998626708984,51.90999984741211,43.466617584228516,662700
2015-07-07,51.86000061035156,51.86000061035156,50.56999969482422,50.83000183105469,42.5622673034668,495300
2015-07-08,50.459999084472656,50.63999938964844,48.95000076293945,49.52000045776367,41.465362548828125,328700
2015-07-09,50.16999816894531,50.16999816894531,49.380001068115234,49.709999084472656,41.62443923950195,360500
2015-07-10,50.29999923706055,50.43000030517578,49.689998626708984,49.90999984741211,41.79191589355469,363300
2015-07-13,50.66999816894531,51.619998931884766,50.65999984741211,51.540000915527344,43.156776428222656,470000
2015-07-14,51.43000030517578,52.72999954223633,51.43000030517578,52.630001068115234,44.069496154785156,305700
2015-07-15,52.7599983215332,53.209999084472656,52.45000076293945,52.560001373291016,44.0108757019043,319200
2015-07-16,52.599998474121094,53.29999923706055,52.5099983215332,53.279998779296875,44.61376953125,263000
2015-07-17,53.4900016784668,53.4900016784668,52.72999954223633,52.95000076293945,44.33744812011719,186800
2015-07-20,52.90999984741211,53.20000076293945,52.59000015258789,52.88999938964844,44.28720474243164,179100
2015-07-21,52.790000915527344,53.119998931884766,51.58000183105469,51.619998931884766,43.22377395629883,161700
2015-07-22,51.470001220703125,51.619998931884766,51.20000076293945,51.56999969482422,43.1818962097168,165000
2015-07-23,52.13999938964844,52.41999816894531,51.54999923706055,51.630001068115234,43.232139587402344,157400
2015-07-24,51.79999923706055,51.97999954223633,49.93000030517578,50.220001220703125,42.05148696899414,239900
2015-07-27,49.900001525878906,49.939998626708984,49.27000045776367,49.41999816894531,41.38160705566406,182200
2015-07-28,49.77000045776367,50.630001068115234,49.31999969482422,50.16999816894531,42.00962829589844,244600
2015-07-29,50.95000076293945,52.880001068115234,50.95000076293945,52.58000183105469,44.027626037597656,502900
2015-07-30,52.650001525878906,53.4900016784668,52.209999084472656,53.15999984741211,44.51328659057617,289900
2015-07-31,53.459999084472656,54.31999969482422,53.09000015258789,54.0,45.21665573120117,278500
2015-08-03,54.029998779296875,54.22999954223633,52.720001220703125,53.130001068115234,44.4881706237793,250500
2015-08-04,53.2599983215332,53.790000915527344,53.0099983215332,53.25,44.588653564453125,156900
2015-08-05,53.59000015258789,54.310001373291016,53.45000076293945,54.209999084472656,45.39250183105469,257500
2015-08-06,54.349998474121094,54.38999938964844,52.9900016784668,53.25,44.78693389892578,386900
2015-08-07,53.119998931884766,53.31999969482422,52.33000183105469,52.869998931884766,44.46731948852539,229800
2015-08-10,53.13999938964844,54.2400016784668,53.13999938964844,53.709999084472656,45.173824310302734,160800
2015-08-11,53.2599983215332,53.619998931884766,52.650001525878906,53.06999969482422,44.63554000854492,174100
2015-08-12,52.38999938964844,52.88999938964844,51.83000183105469,52.47999954223633,44.139305114746094,187600
2015-08-13,52.38999938964844,53.04999923706055,52.09000015258789,52.779998779296875,44.39161682128906,184700
2015-08-14,52.779998779296875,53.130001068115234,52.560001373291016,53.02000045776367,44.593482971191406,133300
2015-08-17,52.869998931884766,53.689998626708984,52.380001068115234,53.689998626708984,45.1569938659668,194400
2015-08-18,53.689998626708984,54.099998474121094,53.0,53.380001068115234,44.896270751953125,157200
2015-08-19,52.939998626708984,53.20000076293945,52.220001220703125,52.470001220703125,44.130897521972656,185800
2015-08-20,52.02000045776367,52.20000076293945,51.0,51.029998779296875,42.91975402832031,142900
2015-08-21,50.70000076293945,50.70000076293945,49.029998779296875,49.060001373291016,41.262847900390625,325700
2015-08-24,44.290000915527344,48.7400016784668,43.38999938964844,47.4900016784668,39.94236755371094,481100
2015-08-25,48.33000183105469,49.68000030517578,48.0,48.0,40.37131118774414,411500
2015-08-26,49.029998779296875,49.84000015258789,48.0099983215332,49.689998626708984,41.792720794677734,253600
2015-08-27,50.150001525878906,51.529998779296875,50.150001525878906,50.880001068115234,42.79359817504883,246400
2015-08-28,50.709999084472656,51.959999084472656,50.68000030517578,51.40999984741211,43.23936462402344,389800
2015-08-31,51.130001068115234,51.5,50.38999938964844,50.599998474121094,42.55808639526367,369600
2015-09-01,49.529998779296875,50.150001525878906,48.95000076293945,49.220001220703125,41.39743423461914,230800
2015-09-02,49.86000061035156,50.439998626708984,49.06999969482422,49.810001373291016,41.89366912841797,323100
2015-09-03,49.880001068115234,50.65999984741211,49.439998626708984,49.77000045776367,41.86001205444336,176500
2015-09-04,49.2400016784668,49.79999923706055,49.06999969482422,49.61000061035156,41.72543716430664,165300
2015-09-08,50.40999984741211,51.310001373291016,50.119998931884766,51.13999938964844,43.01227569580078,185400
2015-09-09,51.13999938964844,51.75,50.810001373291016,50.93000030517578,42.83564376831055,217500
2015-09-10,50.779998779296875,51.290000915527344,50.189998626708984,50.959999084472656,42.86088562011719,175900
2015-09-11,50.54999923706055,51.0099983215332,50.18000030517578,51.0,42.89451599121094,169100
2015-09-14,51.040000915527344,51.060001373291016,50.2599983215332,50.41999816894531,42.40669631958008,140700
2015-09-15,50.599998474121094,51.0099983215332,50.04999923706055,50.9900016784668,42.886112213134766,149500
2015-09-16,50.90999984741211,51.7400016784668,50.869998931884766,51.720001220703125,43.50009536743164,220500
2015-09-17,51.709999084472656,53.279998779296875,51.599998474121094,52.58000183105469,44.223411560058594,158100
2015-09-18,51.83000183105469,52.18000030517578,51.400001525878906,51.560001373291016,43.36552047729492,252800
2015-09-21,51.86000061035156,52.66999816894531,51.380001068115234,51.91999816894531,43.66830825805664,196600
2015-09-22,51.0,51.18000030517578,50.15999984741211,50.52000045776367,42.490806579589844,243800
2015-09-23,50.4900016784668,51.0,50.18000030517578,50.689998626708984,42.633792877197266,144900
2015-09-24,50.38999938964844,50.70000076293945,47.7599983215332,48.790000915527344,41.0357666015625,1075800
2015-09-25,49.33000183105469,49.70000076293945,48.84000015258789,49.2599983215332,41.43105697631836,527600
2015-09-28,49.040000915527344,49.18000030517578,45.939998626708984,46.2599983215332,38.907859802246094,500400
2015-09-29,46.4900016784668,49.29999923706055,45.95000076293945,47.189998626708984,39.69004821777344,804500
2015-09-30,48.22999954223633,48.650001525878906,47.70000076293945,48.439998626708984,40.74138641357422,834700
2015-10-01,48.66999816894531,49.18000030517578,48.060001373291016,48.79999923706055,41.04417419433594,400400
2015-10-02,48.16999816894531,50.189998626708984,47.869998931884766,50.16999816894531,42.196434020996094,327000
2015-10-05,50.54999923706055,51.2400016784668,50.54999923706055,51.220001220703125,43.07955551147461,203500
2015-10-06,51.130001068115234,51.84000015258789,50.150001525878906,50.5,42.4739875793457,218300
2015-10-07,50.93000030517578,51.060001373291016,50.0099983215332,50.75,42.68424606323242,151900
2015-10-08,50.599998474121094,51.59000015258789,50.599998474121094,51.43000030517578,43.25619125366211,156800
2015-10-09,51.41999816894531,51.45000076293945,50.790000915527344,50.90999984741211,42.81882095336914,196200
2015-10-12,51.04999923706055,51.41999816894531,50.459999084472656,51.040000915527344,42.92816925048828,100700
2015-10-13,50.779998779296875,51.13999938964844,49.95000076293945,50.040000915527344,42.087093353271484,244900
2015-10-14,50.36000061035156,50.83000183105469,49.209999084472656,49.540000915527344,41.666561126708984,312300
2015-10-15,49.790000915527344,50.75,49.400001525878906,50.59000015258789,42.549678802490234,248300
2015-10-16,50.68000030517578,50.810001373291016,50.189998626708984,50.79999923706055,42.726314544677734,168000
2015-10-19,50.61000061035156,51.27000045776367,50.61000061035156,51.0,42.89451599121094,163200
2015-10-20,50.91999816894531,51.52000045776367,50.869998931884766,51.20000076293945,43.0627326965332,92800
2015-10-21,51.33000183105469,51.33000183105469,50.400001525878906,50.43000030517578,42.41511917114258,167900
2015-10-22,50.68000030517578,51.150001525878906,50.27000045776367,50.70000076293945,42.64220428466797,202500
2015-10-23,51.22999954223633,51.22999954223633,50.0099983215332,50.84000015258789,42.75996017456055,161900
2015-10-26,50.689998626708984,51.02000045776367,50.369998931884766,50.880001068115234,42.79359817504883,215800
2015-10-27,50.52000045776367,50.77000045776367,49.369998931884766,49.61000061035156,41.72543716430664,248700
2015-10-28,49.7599983215332,51.11000061035156,48.91999816894531,51.099998474121094,42.97863006591797,495100
2015-10-29,50.369998931884766,50.369998931884766,47.209999084472656,48.40999984741211,40.716156005859375,518700
2015-10-30,48.40999984741211,49.56999969482422,48.09000015258789,48.84000015258789,41.07781219482422,318900
2015-11-02,48.9900016784668,49.349998474121094,48.369998931884766,49.290000915527344,41.456295013427734,350400
2015-11-03,49.18000030517578,50.04999923706055,49.0099983215332,50.040000915527344,42.087093353271484,267200
2015-11-04,49.77000045776367,49.88999938964844,48.88999938964844,49.779998779296875,41.868412017822266,280800
2015-11-05,50.22999954223633,50.22999954223633,49.41999816894531,49.77000045776367,41.86001205444336,180600
2015-11-06,49.31999969482422,49.970001220703125,48.880001068115234,49.31999969482422,41.69094467163086,314000
2015-11-09,49.16999816894531,49.20000076293945,47.52000045776367,47.93000030517578,40.515953063964844,267800
2015-11-10,47.84000015258789,48.15999984741211,47.36000061035156,48.099998474121094,40.65966033935547,214900
2015-11-11,48.22999954223633,48.22999954223633,46.939998626708984,47.099998474121094,39.81435775756836,317100
2015-11-12,46.709999084472656,47.2400016784668,45.59000015258789,45.61000061035156,38.55483627319336,448800
2015-11-13,45.34000015258789,45.65999984741211,43.369998931884766,43.79999923706055,37.02480697631836,572000
2015-11-16,43.79999923706055,44.75,43.79999923706055,44.63999938964844,37.73487091064453,452300
2015-11-17,44.970001220703125,46.04999923706055,44.650001525878906,44.849998474121094,37.91238021850586,391100
2015-11-18,44.79999923706055,45.209999084472656,44.68000030517578,45.099998474121094,38.123722076416016,231000
2015-11-19,45.150001525878906,45.529998779296875,44.84000015258789,45.0099983215332,38.04764175415039,288500
2015-11-20,45.310001373291016,45.95000076293945,45.29999923706055,45.54999923706055,38.50410079956055,355800
2015-11-23,45.380001068115234,46.150001525878906,45.380001068115234,45.77000045776367,38.69007110595703,285700
2015-11-24,45.45000076293945,46.61000061035156,45.27000045776367,46.470001220703125,39.281795501708984,229200
2015-11-25,46.54999923706055,47.060001373291016,46.4900016784668,46.70000076293945,39.476219177246094,144200
2015-11-27,46.900001525878906,47.31999969482422,46.61000061035156,46.869998931884766,39.619930267333984,121100
2015-11-30,46.93000030517578,47.11000061035156,46.220001220703125,46.65999984741211,39.44240951538086,292600
2015-12-01,46.75,46.93000030517578,46.0099983215332,46.470001220703125,39.281795501708984,172900
2015-12-02,46.5,46.599998474121094,45.86000061035156,46.27000045776367,39.11273193359375,176100
2015-12-03,46.470001220703125,46.470001220703125,45.06999969482422,45.61000061035156,38.55483627319336,321000
2015-12-04,46.20000076293945,46.380001068115234,45.220001220703125,45.84000015258789,38.74924850463867,226800
2015-12-07,45.72999954223633,45.7599983215332,44.900001525878906,45.349998474121094,38.335044860839844,318800
2015-12-08,44.81999969482422,45.529998779296875,44.650001525878906,45.119998931884766,38.14061737060547,242600
2015-12-09,44.880001068115234,45.77000045776367,44.720001220703125,45.06999969482422,38.098358154296875,269600
2015-12-10,45.06999969482422,45.22999954223633,44.59000015258789,44.689998626708984,37.77713394165039,198300
2015-12-11,44.0,44.380001068115234,43.869998931884766,44.09000015258789,37.269954681396484,339800
2015-12-14,44.04999923706055,44.4900016784668,43.0,43.86000061035156,37.075523376464844,522400
2015-12-15,44.25,44.4900016784668,43.45000076293945,43.86000061035156,37.075523376464844,363300
2015-12-16,44.189998626708984,44.310001373291016,43.25,44.119998931884766,37.29530715942383,324200
2015-12-17,44.13999938964844,44.13999938964844,43.220001220703125,43.2400016784668,36.55143737792969,251200
2015-12-18,42.81999969482422,43.040000915527344,41.90999984741211,41.97999954223633,35.48633575439453,574300
2015-12-21,42.209999084472656,42.349998474121094,41.29999923706055,41.790000915527344,35.32572555541992,411200
2015-12-22,42.0,42.68000030517578,41.75,41.849998474121094,35.376441955566406,691600
2015-12-23,42.2400016784668,43.130001068115234,41.86000061035156,43.09000015258789,36.42463302612305,321000
2015-12-24,42.810001373291016,42.810001373291016,42.029998779296875,42.209999084472656,35.680747985839844,273500
2015-12-28,42.06999969482422,42.38999938964844,41.689998626708984,42.09000015258789,35.57931137084961,260100
2015-12-29,42.349998474121094,43.29999923706055,42.150001525878906,43.27000045776367,36.576786041259766,603600
2015-12-30,43.15999984741211,43.2400016784668,42.400001525878906,42.5,35.925899505615234,474200
2015-12-31,42.380001068115234,42.75,42.11000061035156,42.34000015258789,35.790653228759766,666600
2016-01-04,41.439998626708984,41.720001220703125,40.619998931884766,40.77000045776367,34.4635009765625,655400
2016-01-05,41.0099983215332,41.40999984741211,39.0,39.400001525878906,33.305419921875,1065300
2016-01-06,37.84000015258789,37.959999084472656,36.04999923706055,36.599998474121094,30.938528060913086,1552400
2016-01-07,36.099998474121094,37.0,35.209999084472656,35.290000915527344,29.831174850463867,1178300
2016-01-08,35.689998626708984,35.95000076293945,34.81999969482422,34.90999984741211,29.50995635986328,1013300
2016-01-11,35.29999923706055,35.790000915527344,34.83000183105469,35.540000915527344,30.04250717163086,861300
2016-01-12,35.79999923706055,35.79999923706055,33.380001068115234,34.68000030517578,29.315536499023438,1402500
2016-01-13,34.97999954223633,35.11000061035156,33.66999816894531,33.810001373291016,28.580108642578125,1017200
2016-01-14,33.7400016784668,34.70000076293945,33.09000015258789,34.22999954223633,28.935142517089844,627100
2016-01-15,33.290000915527344,33.7400016784668,33.099998474121094,33.540000915527344,28.35187530517578,557100
2016-01-19,33.599998474121094,33.90999984741211,31.739999771118164,32.380001068115234,27.371309280395508,777400
2016-01-20,31.860000610351562,33.41999816894531,31.360000610351562,32.939998626708984,27.844680786132812,1318800
2016-01-21,33.04999923706055,33.5099983215332,32.38999938964844,32.7599983215332,27.692523956298828,767000
2016-01-22,33.33000183105469,33.54999923706055,33.08000183105469,33.40999984741211,28.241981506347656,924700
2016-01-25,32.959999084472656,33.45000076293945,32.75,32.849998474121094,27.768604278564453,374000
2016-01-26,33.029998779296875,33.279998779296875,32.790000915527344,33.15999984741211,28.030658721923828,402200
2016-01-27,33.0099983215332,33.310001373291016,31.68000030517578,31.93000030517578,26.990909576416016,758800
2016-01-28,32.06999969482422,32.06999969482422,29.709999084472656,30.510000228881836,25.790565490722656,1383800
2016-01-29,30.690000534057617,31.3700008392334,30.510000228881836,31.3700008392334,26.517541885375977,813400
2016-02-01,31.329999923706055,32.209999084472656,30.799999237060547,31.889999389648438,26.957101821899414,688400
2016-02-02,31.3799991607666,31.610000610351562,29.899999618530273,30.420000076293945,25.714494705200195,901900
2016-02-03,30.829999923706055,30.90999984741211,29.40999984741211,29.959999084472656,25.32564353942871,1317600
2016-02-04,29.8799991607666,31.5,29.770000457763672,31.469999313354492,26.602067947387695,895900
2016-02-05,31.43000030517578,31.540000915527344,30.75,31.059999465942383,26.255489349365234,1480600
2016-02-08,30.239999771118164,31.1200008392334,29.770000457763672,30.09000015258789,25.650251388549805,867600
2016-02-09,29.579999923706055,31.239999771118164,29.559999465942383,30.270000457763672,25.803688049316406,850400
2016-02-10,30.469999313354492,31.600000381469727,30.469999313354492,31.110000610351562,26.51974868774414,925200
2016-02-11,31.81999969482422,32.599998474121094,29.5,31.360000610351562,26.732866287231445,1149800
2016-02-12,31.420000076293945,31.829999923706055,30.530000686645508,31.389999389648438,26.758434295654297,980100
2016-02-16,32.060001373291016,33.38999938964844,31.709999084472656,33.290000915527344,28.378095626831055,1025500
2016-02-17,33.279998779296875,34.65999984741211,32.9900016784668,34.25,29.19644546508789,753500
2016-02-18,34.220001220703125,34.86000061035156,33.95000076293945,34.630001068115234,29.52037811279297,831800
2016-02-19,34.5,34.709999084472656,33.66999816894531,33.959999084472656,28.94923973083496,908100
2016-02-22,34.2400016784668,35.34000015258789,34.09000015258789,34.83000183105469,29.69086456298828,899800
2016-02-23,35.099998474121094,36.68000030517578,35.099998474121094,36.11000061035156,30.782012939453125,964900
2016-02-24,35.27000045776367,37.16999816894531,34.90999984741211,37.06999969482422,31.600353240966797,1191400
2016-02-25,37.2400016784668,37.59000015258789,36.529998779296875,37.349998474121094,31.83902931213379,799200
2016-02-26,37.66999816894531,37.84000015258789,37.11000061035156,37.70000076293945,32.13740539550781,721800
2016-02-29,38.0,38.2400016784668,37.54999923706055,37.720001220703125,32.15444564819336,886000
2016-03-01,37.77000045776367,38.459999084472656,37.4900016784668,38.130001068115234,32.50395202636719,1119100
2016-03-02,38.22999954223633,38.77000045776367,37.77000045776367,38.189998626708984,32.55509948730469,1061200
2016-03-03,38.209999084472656,39.790000915527344,38.18000030517578,39.75,33.88491439819336,873300
2016-03-04,39.91999816894531,40.54999923706055,38.810001373291016,39.22999954223633,33.44165802001953,979400
2016-03-07,38.959999084472656,40.02000045776367,38.849998474121094,40.02000045776367,34.115089416503906,705700
2016-03-08,39.52000045776367,39.849998474121094,38.060001373291016,38.529998779296875,32.844932556152344,743400
2016-03-09,38.83000183105469,39.459999084472656,38.560001373291016,39.060001373291016,33.29673385620117,629300
2016-03-10,39.2599983215332,39.59000015258789,38.529998779296875,39.279998779296875,33.48426818847656,656500
2016-03-11,39.56999969482422,40.83000183105469,39.279998779296875,40.77000045776367,34.754425048828125,794700
2016-03-14,40.41999816894531,40.41999816894531,39.25,39.849998474121094,33.97016906738281,641000
2016-03-15,39.599998474121094,39.599998474121094,37.779998779296875,37.97999954223633,32.3760871887207,670600
2016-03-16,37.709999084472656,38.0099983215332,37.470001220703125,37.869998931884766,32.28232192993164,551600
2016-03-17,37.970001220703125,38.599998474121094,37.56999969482422,38.45000076293945,32.7767333984375,507600
2016-03-18,38.59000015258789,39.470001220703125,38.58000183105469,39.34000015258789,33.535423278808594,507100
2016-03-21,39.2599983215332,39.540000915527344,39.029998779296875,39.5,33.671817779541016,306000
2016-03-22,39.34000015258789,39.720001220703125,38.79999923706055,38.88999938964844,33.151824951171875,542300
2016-03-23,38.86000061035156,38.86000061035156,38.06999969482422,38.11000061035156,32.48690414428711,297600
2016-03-24,38.0099983215332,38.45000076293945,37.59000015258789,38.380001068115234,32.717063903808594,197600
2016-03-28,38.34000015258789,38.65999984741211,38.06999969482422,38.119998931884766,32.49542999267578,225800
2016-03-29,37.81999969482422,39.02000045776367,37.66999816894531,38.849998474121094,33.11771774291992,357900
2016-03-30,39.0099983215332,39.54999923706055,38.900001525878906,39.29999923706055,33.501319885253906,336200
2016-03-31,39.2599983215332,39.400001525878906,37.58000183105469,37.900001525878906,32.30789566040039,709100
2016-04-01,37.400001525878906,37.59000015258789,36.02000045776367,36.70000076293945,31.284963607788086,751200
2016-04-04,36.84000015258789,36.84000015258789,35.56999969482422,35.81999969482422,30.534791946411133,878800
2016-04-05,35.63999938964844,35.9900016784668,35.34000015258789,35.68000030517578,30.415449142456055,701100
2016-04-06,35.77000045776367,36.0099983215332,35.5,35.7400016784668,30.46660041809082,598700
2016-04-07,35.849998474121094,35.86000061035156,34.060001373291016,34.349998474121094,29.281686782836914,835000
2016-04-08,34.630001068115234,34.630001068115234,33.900001525878906,33.970001220703125,28.957761764526367,567800
2016-04-11,34.290000915527344,34.709999084472656,34.029998779296875,34.20000076293945,29.153823852539062,435700
2016-04-12,34.43000030517578,35.09000015258789,34.13999938964844,34.86000061035156,29.716440200805664,402100
2016-04-13,35.04999923706055,36.630001068115234,35.04999923706055,36.540000915527344,31.148563385009766,595700
2016-04-14,36.4900016784668,37.2400016784668,36.25,36.31999969482422,30.96101188659668,581600
2016-04-15,36.13999938964844,36.27000045776367,35.650001525878906,35.790000915527344,30.50921630859375,516800
2016-04-18,35.79999923706055,36.33000183105469,35.54999923706055,36.22999954223633,30.884300231933594,631600
2016-04-19,36.5,36.880001068115234,36.209999084472656,36.5099983215332,31.12298583984375,321400
2016-04-20,36.36000061035156,36.709999084472656,36.25,36.599998474121094,31.1997013092041,444800
2016-04-21,36.5099983215332,36.66999816894531,35.34000015258789,35.470001220703125,30.236438751220703,680400
2016-04-22,34.7599983215332,36.25,34.43000030517578,35.9900016784668,30.67971420288086,856600
2016-04-25,35.83000183105469,36.81999969482422,35.68000030517578,36.029998779296875,30.713808059692383,831300
2016-04-26,37.5099983215332,40.22999954223633,37.45000076293945,40.060001373291016,34.14918899536133,2014600
2016-04-27,40.08000183105469,40.88999938964844,39.63999938964844,39.970001220703125,34.07246398925781,763800
2016-04-28,39.900001525878906,40.84000015258789,39.630001068115234,39.880001068115234,33.99574661254883,436900
2016-04-29,39.970001220703125,39.970001220703125,38.779998779296875,39.130001068115234,33.35641098022461,553200
2016-05-02,39.459999084472656,39.560001373291016,38.40999984741211,38.599998474121094,32.90460205078125,495100
2016-05-03,38.25,38.45000076293945,37.31999969482422,37.779998779296875,32.205604553222656,502400
2016-05-04,37.36000061035156,38.2400016784668,37.15999984741211,37.36000061035156,31.847576141357422,399000
2016-05-05,37.56999969482422,37.810001373291016,36.84000015258789,37.02000045776367,31.557737350463867,366000
2016-05-06,36.9900016784668,37.290000915527344,36.5,36.939998626708984,31.48954200744629,311000
2016-05-09,37.11000061035156,37.29999923706055,36.790000915527344,36.95000076293945,31.49806022644043,401200
2016-05-10,37.11000061035156,37.709999084472656,36.72999954223633,37.68000030517578,32.12035369873047,466600
2016-05-11,37.36000061035156,37.36000061035156,35.810001373291016,35.84000015258789,30.551836013793945,543700
2016-05-12,35.75,35.90999984741211,35.18000030517578,35.59000015258789,30.56901741027832,580200
2016-05-13,35.40999984741211,36.459999084472656,35.38999938964844,35.75,30.706445693969727,703200
2016-05-16,36.220001220703125,36.529998779296875,36.040000915527344,36.209999084472656,31.1015567779541,523400
2016-05-17,36.040000915527344,37.0,36.0,36.529998779296875,31.376405715942383,612400
2016-05-18,36.310001373291016,36.77000045776367,36.09000015258789,36.540000915527344,31.385000228881836,611500
2016-05-19,36.25,37.13999938964844,36.220001220703125,36.22999954223633,31.11873435974121,614900
2016-05-20,36.2599983215332,37.2400016784668,36.20000076293945,37.15999984741211,31.917531967163086,349500
2016-05-23,37.119998931884766,37.540000915527344,36.90999984741211,36.939998626708984,31.728567123413086,478400
2016-05-24,37.060001373291016,37.810001373291016,36.58000183105469,37.2400016784668,31.986238479614258,861400
2016-05-25,37.27000045776367,38.369998931884766,37.27000045776367,38.20000076293945,32.81081008911133,614600
2016-05-26,38.5,38.77000045776367,38.2599983215332,38.5,33.068485260009766,385800
2016-05-27,38.54999923706055,39.439998626708984,38.54999923706055,39.22999954223633,33.695499420166016,382400
2016-05-31,39.22999954223633,39.61000061035156,39.150001525878906,39.52000045776367,33.944583892822266,493900
2016-06-01,39.27000045776367,39.560001373291016,38.40999984741211,39.470001220703125,33.90163803100586,634700
2016-06-02,39.400001525878906,40.11000061035156,39.279998779296875,39.720001220703125,34.11637496948242,451500
2016-06-03,39.41999816894531,39.7400016784668,38.15999984741211,38.31999969482422,32.91387176513672,595300
2016-06-06,38.380001068115234,38.900001525878906,37.779998779296875,38.38999938964844,32.97400665283203,392600
2016-06-07,38.47999954223633,39.08000183105469,38.45000076293945,39.0099983215332,33.506534576416016,312500
2016-06-08,39.22999954223633,39.2400016784668,38.66999816894531,38.79999923706055,33.32615280151367,191900
2016-06-09,38.689998626708984,38.689998626708984,37.15999984741211,37.5099983215332,32.21815490722656,458400
2016-06-10,37.13999938964844,37.13999938964844,36.15999984741211,36.22999954223633,31.11873435974121,463200
2016-06-13,36.0,36.220001220703125,35.38999938964844,35.52000045776367,30.508893966674805,506800
2016-06-14,35.25,35.54999923706055,34.84000015258789,35.279998779296875,30.302753448486328,381500
2016-06-15,35.40999984741211,36.52000045776367,35.279998779296875,35.75,30.706445693969727,294000
2016-06-16,35.25,35.7599983215332,34.77000045776367,35.619998931884766,30.594785690307617,349000
2016-06-17,35.630001068115234,36.720001220703125,35.529998779296875,35.9900016784668,30.9125919342041,425800
2016-06-20,36.959999084472656,37.4900016784668,36.54999923706055,36.79999923706055,31.60831642150879,587400
2016-06-21,36.59000015258789,36.630001068115234,35.18000030517578,35.77000045776367,30.72362518310547,695500
2016-06-22,35.849998474121094,36.08000183105469,35.290000915527344,35.31999969482422,30.337116241455078,369700
2016-06-23,36.08000183105469,37.029998779296875,35.849998474121094,37.02000045776367,31.79728126525879,448900
2016-06-24,34.5099983215332,34.560001373291016,32.459999084472656,33.189998626708984,28.50760841369629,2505200
2016-06-27,32.529998779296875,32.529998779296875,31.3700008392334,31.719999313354492,27.244993209838867,1061700
2016-06-28,31.93000030517578,32.529998779296875,31.360000610351562,31.809999465942383,27.322294235229492,1143500
2016-06-29,32.22999954223633,32.43000030517578,31.860000610351562,32.02000045776367,27.502674102783203,931600
2016-06-30,32.20000076293945,32.20000076293945,31.020000457763672,31.459999084472656,27.021678924560547,1425400
2016-07-01,31.540000915527344,32.029998779296875,31.3799991607666,31.780000686645508,27.296533584594727,1017900
2016-07-05,31.700000762939453,31.729999542236328,29.290000915527344,29.959999084472656,25.733291625976562,1323300
2016-07-06,29.850000381469727,30.729999542236328,29.6200008392334,30.6200008392334,26.300180435180664,1873500
2016-07-07,30.709999084472656,31.31999969482422,30.06999969482422,30.459999084472656,26.16275405883789,1225600
2016-07-08,30.989999771118164,31.690000534057617,30.899999618530273,31.6299991607666,27.16769027709961,751700
2016-07-11,32.06999969482422,33.0,31.93000030517578,32.7599983215332,28.13827133178711,873300
2016-07-12,33.15999984741211,33.58000183105469,33.040000915527344,33.22999954223633,28.541963577270508,678800
2016-07-13,33.459999084472656,33.459999084472656,32.900001525878906,33.2599983215332,28.56773567199707,698000
2016-07-14,33.880001068115234,34.869998931884766,33.59000015258789,34.66999816894531,29.77880859375,1164900
2016-07-15,34.779998779296875,34.93000030517578,34.54999923706055,34.720001220703125,29.82176399230957,755300
2016-07-18,34.75,35.650001525878906,34.5099983215332,35.470001220703125,30.465953826904297,418600
2016-07-19,35.349998474121094,35.43000030517578,34.880001068115234,35.150001525878906,30.19109535217285,399700
2016-07-20,35.369998931884766,35.66999816894531,35.099998474121094,35.34000015258789,30.354291915893555,796300
2016-07-21,35.369998931884766,36.33000183105469,35.369998931884766,36.25,31.135913848876953,635800
2016-07-22,36.349998474121094,36.349998474121094,35.5,35.91999816894531,30.852466583251953,387300
2016-07-25,36.02000045776367,36.61000061035156,36.02000045776367,36.22999954223633,31.11873435974121,1223100
2016-07-26,36.27000045776367,36.27000045776367,35.90999984741211,36.130001068115234,31.032840728759766,987400
2016-07-27,36.459999084472656,36.66999816894531,35.560001373291016,35.650001525878906,30.620559692382812,861800
2016-07-28,36.43000030517578,38.70000076293945,34.720001220703125,37.119998931884766,31.8831729888916,1293000
2016-07-29,37.25,39.790000915527344,37.25,39.619998931884766,34.03046798706055,1852800
2016-08-01,39.630001068115234,40.61000061035156,39.349998474121094,39.790000915527344,34.17649459838867,1322300
2016-08-02,39.81999969482422,39.83000183105469,37.599998474121094,37.86000061035156,32.51877212524414,1246600
2016-08-03,38.040000915527344,38.849998474121094,37.40999984741211,38.75,33.28321075439453,999500
2016-08-04,38.630001068115234,39.689998626708984,38.5,39.380001068115234,33.824337005615234,921300
2016-08-05,39.77000045776367,40.45000076293945,39.689998626708984,40.0,34.35686492919922,641200
2016-08-08,40.0,40.459999084472656,39.5099983215332,39.849998474121094,34.46931457519531,685000
2016-08-09,39.61000061035156,39.86000061035156,39.33000183105469,39.66999816894531,34.3136100769043,690600
2016-08-10,39.95000076293945,40.2400016784668,39.66999816894531,40.20000076293945,34.772056579589844,752700
2016-08-11,40.630001068115234,41.68000030517578,40.630001068115234,41.29999923706055,35.72352981567383,1021500
2016-08-12,41.18000030517578,41.86000061035156,40.86000061035156,41.279998779296875,35.70623016357422,688300
2016-08-15,41.40999984741211,43.060001373291016,41.33000183105469,42.84000015258789,37.05559539794922,1558500
2016-08-16,43.02000045776367,43.31999969482422,42.560001373291016,42.68000030517578,36.91719436645508,752400
2016-08-17,42.7599983215332,42.959999084472656,42.2599983215332,42.900001525878906,37.107486724853516,1134700
2016-08-18,42.91999816894531,43.18000030517578,42.59000015258789,42.91999816894531,37.12479019165039,1014100
2016-08-19,42.439998626708984,42.810001373291016,42.0099983215332,42.56999969482422,36.822044372558594,812600
2016-08-22,42.459999084472656,42.63999938964844,42.08000183105469,42.27000045776367,36.56256103515625,984100
2016-08-23,42.779998779296875,44.279998779296875,42.70000076293945,44.0,38.058963775634766,1146600
2016-08-24,43.790000915527344,44.2400016784668,43.619998931884766,44.0,38.058963775634766,1210000
2016-08-25,43.7599983215332,44.29999923706055,43.56999969482422,44.130001068115234,38.171417236328125,873800
2016-08-26,44.2400016784668,44.540000915527344,44.099998474121094,44.349998474121094,38.3617057800293,946600
2016-08-29,44.63999938964844,44.77000045776367,44.279998779296875,44.599998474121094,38.57795715332031,881500
2016-08-30,44.83000183105469,45.72999954223633,44.83000183105469,45.54999923706055,39.39966583251953,1321400
2016-08-31,45.529998779296875,45.779998779296875,44.79999923706055,45.29999923706055,39.18343734741211,1185500
2016-09-01,45.45000076293945,45.900001525878906,44.56999969482422,45.369998931884766,39.24397659301758,876600
2016-09-02,45.75,46.56999969482422,45.720001220703125,46.36000061035156,40.100318908691406,792500
2016-09-06,46.34000015258789,47.02000045776367,46.119998931884766,46.88999938964844,40.55875015258789,995700
2016-09-07,46.95000076293945,47.779998779296875,46.939998626708984,47.689998626708984,41.250732421875,889100
2016-09-08,47.70000076293945,48.88999938964844,47.70000076293945,48.560001373291016,42.003265380859375,1669200
2016-09-09,48.130001068115234,48.36000061035156,47.0,47.09000015258789,40.731746673583984,1478800
2016-09-12,46.61000061035156,48.459999084472656,46.27000045776367,48.33000183105469,41.80430221557617,968100
2016-09-13,48.220001220703125,50.0,48.150001525878906,49.13999938964844,42.504940032958984,1581900
2016-09-14,48.939998626708984,49.439998626708984,48.79999923706055,49.400001525878906,42.72983932495117,1102400
2016-09-15,49.11000061035156,49.709999084472656,48.689998626708984,49.63999938964844,42.93743896484375,1292400
2016-09-16,49.58000183105469,50.06999969482422,48.66999816894531,49.11000061035156,42.47900390625,1549200
2016-09-19,49.20000076293945,49.56999969482422,48.06999969482422,48.470001220703125,41.9254150390625,1218600
2016-09-20,48.90999984741211,49.02000045776367,47.970001220703125,48.2599983215332,41.743770599365234,728800
2016-09-21,47.77000045776367,48.349998474121094,47.400001525878906,48.279998779296875,41.76106643676758,881700
2016-09-22,49.189998626708984,49.220001220703125,48.540000915527344,49.029998779296875,42.4098014831543,636100
2016-09-23,48.689998626708984,49.27000045776367,48.439998626708984,48.959999084472656,42.349246978759766,519500
2016-09-26,48.88999938964844,48.88999938964844,47.95000076293945,48.36000061035156,41.830265045166016,732400
2016-09-27,48.04999923706055,48.83000183105469,47.93000030517578,48.54999923706055,41.99460983276367,690400
2016-09-28,48.4900016784668,48.66999816894531,46.939998626708984,47.58000183105469,41.155582427978516,1326700
2016-09-29,47.58000183105469,47.880001068115234,47.0099983215332,47.18000030517578,40.80958938598633,1185900
2016-09-30,47.5,48.41999816894531,47.27000045776367,48.18000030517578,41.67456817626953,703300
2016-10-03,47.95000076293945,48.95000076293945,47.91999816894531,48.380001068115234,41.84756088256836,519600
2016-10-04,48.61000061035156,48.849998474121094,48.029998779296875,48.459999084472656,41.916770935058594,820200
2016-10-05,48.880001068115234,50.31999969482422,48.70000076293945,49.9900016784668,43.24018096923828,1835600
2016-10-06,49.97999954223633,50.349998474121094,49.36000061035156,49.97999954223633,43.23152160644531,743400
2016-10-07,49.7599983215332,49.79999923706055,47.560001373291016,47.970001220703125,41.492923736572266,1228500
2016-10-10,48.130001068115234,48.63999938964844,47.13999938964844,47.619998931884766,41.19017791748047,1150000
2016-10-11,47.72999954223633,47.72999954223633,45.93000030517578,46.130001068115234,39.9013671875,1473100
2016-10-12,46.11000061035156,46.77000045776367,45.900001525878906,46.27000045776367,40.02246856689453,677300
2016-10-13,44.439998626708984,45.0,43.400001525878906,44.72999954223633,38.690399169921875,1824000
2016-10-14,44.9900016784668,45.470001220703125,44.709999084472656,45.279998779296875,39.16613006591797,878100
2016-10-17,44.720001220703125,45.599998474121094,44.56999969482422,45.16999816894531,39.07099151611328,824400
2016-10-18,45.75,45.790000915527344,44.93000030517578,45.31999969482422,39.20073699951172,721000
2016-10-19,45.63999938964844,46.75,45.18000030517578,46.58000183105469,40.29060363769531,815500
2016-10-20,45.5,45.90999984741211,43.25,43.54999923706055,37.66971969604492,1471100
2016-10-21,43.25,43.86000061035156,42.91999816894531,43.54999923706055,37.66971969604492,545500
2016-10-24,44.08000183105469,44.86000061035156,43.849998474121094,44.7599983215332,38.71634292602539,796000
2016-10-25,44.349998474121094,44.349998474121094,42.970001220703125,43.65999984741211,37.764869689941406,1094900
2016-10-26,44.779998779296875,45.65999984741211,43.349998474121094,44.52000045776367,38.50875473022461,1369400
2016-10-27,45.040000915527344,45.15999984741211,43.2599983215332,43.310001373291016,37.46213912963867,905900
2016-10-28,42.970001220703125,44.310001373291016,42.81999969482422,44.13999938964844,38.1800651550293,700400
2016-10-31,44.130001068115234,44.869998931884766,43.61000061035156,44.75,38.707698822021484,558000
2016-11-01,44.779998779296875,45.13999938964844,43.869998931884766,44.0099983215332,38.06760787963867,677200
2016-11-02,44.0,44.369998931884766,43.470001220703125,43.810001373291016,37.894630432128906,698300
2016-11-03,44.029998779296875,44.83000183105469,43.189998626708984,43.34000015258789,37.48809051513672,645300
2016-11-04,43.220001220703125,44.25,43.099998474121094,43.27000045776367,37.427528381347656,459100
2016-11-07,44.13999938964844,44.65999984741211,43.709999084472656,43.97999954223633,38.041664123535156,509000
2016-11-08,43.65999984741211,43.790000915527344,42.650001525878906,42.779998779296875,37.24931335449219,578100
2016-11-09,42.150001525878906,45.22999954223633,41.900001525878906,45.060001373291016,39.234554290771484,768600
2016-11-10,45.47999954223633,47.15999984741211,45.47999954223633,46.59000015258789,40.56675338745117,809300
2016-11-11,46.52000045776367,47.2599983215332,46.029998779296875,47.18000030517578,41.08047103881836,662700
2016-11-14,47.45000076293945,50.400001525878906,47.220001220703125,50.11000061035156,43.631683349609375,1272000
2016-11-15,49.959999084472656,50.630001068115234,48.68000030517578,49.47999954223633,43.08312225341797,789600
2016-11-16,49.290000915527344,49.4900016784668,48.31999969482422,48.79999923706055,42.49103546142578,563900
2016-11-17,49.0,49.06999969482422,48.18000030517578,48.650001525878906,42.36043167114258,508400
2016-11-18,48.349998474121094,48.9900016784668,47.869998931884766,48.439998626708984,42.177574157714844,567200
2016-11-21,48.63999938964844,49.150001525878906,48.529998779296875,48.86000061035156,42.54328155517578,590800
2016-11-22,49.15999984741211,49.5099983215332,48.689998626708984,48.91999816894531,42.59552001953125,507400
2016-11-23,48.880001068115234,49.43000030517578,48.54999923706055,49.43000030517578,43.03958511352539,497900
2016-11-25,49.54999923706055,49.849998474121094,49.369998931884766,49.709999084472656,43.28338623046875,160500
2016-11-28,49.540000915527344,49.709999084472656,48.56999969482422,49.0,42.665184020996094,396700
2016-11-29,49.25,49.75,48.70000076293945,49.189998626708984,42.83060836791992,354200
2016-11-30,49.709999084472656,50.20000076293945,49.36000061035156,49.90999984741211,43.4575309753418,485900
2016-12-01,50.52000045776367,52.540000915527344,50.52000045776367,51.720001220703125,45.033531188964844,541000
2016-12-02,51.790000915527344,52.130001068115234,50.68000030517578,51.130001068115234,44.519805908203125,498100
2016-12-05,51.59000015258789,53.099998474121094,51.540000915527344,52.70000076293945,45.8868293762207,499400
2016-12-06,53.0,54.09000015258789,52.540000915527344,54.0099983215332,47.0274772644043,514300
2016-12-07,54.040000915527344,55.4900016784668,53.869998931884766,55.380001068115234,48.220359802246094,423000
2016-12-08,55.77000045776367,56.04999923706055,54.540000915527344,55.97999954223633,48.7427864074707,431400
2016-12-09,55.83000183105469,56.0,55.130001068115234,55.75,48.54252243041992,317000
2016-12-12,55.66999816894531,55.66999816894531,53.88999938964844,54.099998474121094,47.10584259033203,367800
2016-12-13,54.25,54.400001525878906,53.599998474121094,53.86000061035156,46.89686584472656,438800
2016-12-14,53.36000061035156,53.81999969482422,52.5,52.790000915527344,45.9651985168457,631100
2016-12-15,52.849998474121094,53.59000015258789,52.720001220703125,53.04999923706055,46.19158172607422,490800
2016-12-16,53.11000061035156,53.279998779296875,52.59000015258789,52.779998779296875,45.956478118896484,657400
2016-12-19,52.939998626708984,53.61000061035156,52.52000045776367,52.95000076293945,46.10451889038086,371400
2016-12-20,52.790000915527344,53.939998626708984,52.70000076293945,53.93000030517578,46.95781707763672,591800
2016-12-21,53.75,53.93000030517578,53.150001525878906,53.5,46.58340072631836,626400
2016-12-22,53.29999923706055,53.29999923706055,51.54999923706055,52.02000045776367,45.29475021362305,395500
2016-12-23,52.400001525878906,52.84000015258789,52.13999938964844,52.400001525878906,45.62562942504883,358700
2016-12-27,52.630001068115234,53.31999969482422,52.34000015258789,52.72999954223633,45.91294860839844,318000
2016-12-28,52.77000045776367,53.130001068115234,51.41999816894531,51.7400016784668,45.05094909667969,238800
2016-12-29,51.9900016784668,53.09000015258789,51.810001373291016,52.099998474121094,45.36439514160156,389800
2016-12-30,52.15999984741211,52.599998474121094,51.470001220703125,51.84000015258789,45.13801956176758,244200
2017-01-03,52.36000061035156,52.97999954223633,51.540000915527344,52.310001373291016,45.54726028442383,354200
2017-01-04,52.77000045776367,54.27000045776367,52.61000061035156,53.709999084472656,46.76626205444336,689200
2017-01-05,53.119998931884766,54.47999954223633,51.630001068115234,51.90999984741211,45.198974609375,429900
2017-01-06,52.47999954223633,52.52000045776367,51.68000030517578,51.81999969482422,45.12060546875,445200
2017-01-09,51.790000915527344,51.95000076293945,51.02000045776367,51.59000015258789,44.92033386230469,293800
2017-01-10,51.689998626708984,53.060001373291016,51.439998626708984,52.619998931884766,45.81718444824219,423200
2017-01-11,53.119998931884766,53.119998931884766,51.88999938964844,52.54999923706055,45.7562255859375,400700
2017-01-12,52.720001220703125,52.86000061035156,51.599998474121094,52.43000030517578,45.651737213134766,277800
2017-01-13,52.59000015258789,53.029998779296875,52.099998474121094,52.310001373291016,45.54726028442383,286200
2017-01-17,52.099998474121094,53.83000183105469,52.04999923706055,52.310001373291016,45.54726028442383,333500
2017-01-18,52.25,53.119998931884766,51.88999938964844,53.02000045776367,46.16545867919922,330100
2017-01-19,52.81999969482422,53.08000183105469,52.02000045776367,52.439998626708984,45.66044235229492,281700
2017-01-20,52.66999816894531,53.099998474121094,51.88999938964844,52.20000076293945,45.451480865478516,232800
2017-01-23,51.65999984741211,52.45000076293945,51.5,51.91999816894531,45.20767593383789,382200
2017-01-24,52.45000076293945,54.040000915527344,52.45000076293945,53.880001068115234,46.914283752441406,422800
2017-01-25,54.43000030517578,55.18000030517578,54.400001525878906,54.91999816894531,47.819828033447266,538600
2017-01-26,54.900001525878906,55.2599983215332,54.310001373291016,54.41999816894531,47.38446807861328,500100
2017-01-27,54.66999816894531,54.84000015258789,53.84000015258789,54.189998626708984,47.18421173095703,482300
2017-01-30,54.06999969482422,54.91999816894531,53.5099983215332,54.33000183105469,47.306114196777344,823200
2017-01-31,53.939998626708984,54.52000045776367,53.0,54.36000061035156,47.33222198486328,462000
2017-02-01,54.529998779296875,54.880001068115234,53.630001068115234,53.83000183105469,46.87075424194336,317600
2017-02-02,54.08000183105469,55.25,53.77000045776367,54.38999938964844,47.35834884643555,381800
2017-02-03,54.310001373291016,55.130001068115234,53.77000045776367,54.5099983215332,47.46283721923828,346500
2017-02-06,54.119998931884766,54.81999969482422,53.560001373291016,54.06999969482422,47.079715728759766,623100
2017-02-07,55.150001525878906,55.220001220703125,52.95000076293945,53.369998931884766,46.470211029052734,574600
2017-02-08,53.099998474121094,53.22999954223633,51.709999084472656,51.79999923706055,45.103187561035156,643800
2017-02-09,52.16999816894531,52.720001220703125,51.720001220703125,51.939998626708984,45.225093841552734,726800
2017-02-10,52.369998931884766,52.689998626708984,52.029998779296875,52.650001525878906,45.84330368041992,328400
2017-02-13,52.77000045776367,53.119998931884766,52.34000015258789,52.369998931884766,45.59949493408203,331500
2017-02-14,52.0,52.9900016784668,52.0,52.7400016784668,45.92165756225586,524700
2017-02-15,52.369998931884766,53.68000030517578,52.15999984741211,53.61000061035156,46.946231842041016,471800
2017-02-16,53.2400016784668,54.099998474121094,51.83000183105469,51.939998626708984,45.73977279663086,329200
2017-02-17,51.68000030517578,52.13999938964844,51.16999816894531,52.060001373291016,45.84545135498047,286200
2017-02-21,52.400001525878906,53.20000076293945,51.54999923706055,52.790000915527344,46.48830795288086,316600
2017-02-22,52.65999984741211,52.939998626708984,51.68000030517578,51.970001220703125,45.766197204589844,339600
2017-02-23,51.9900016784668,51.9900016784668,50.59000015258789,51.119998931884766,45.017669677734375,606200
2017-02-24,50.529998779296875,52.439998626708984,50.40999984741211,51.70000076293945,45.528419494628906,303100
2017-02-27,51.56999969482422,52.06999969482422,51.459999084472656,52.0099983215332,45.801422119140625,316700
2017-02-28,51.709999084472656,51.77000045776367,50.27000045776367,50.29999923706055,44.295536041259766,383000
2017-03-01,51.27000045776367,51.380001068115234,49.72999954223633,50.72999954223633,44.674217224121094,655200
2017-03-02,50.810001373291016,50.900001525878906,50.22999954223633,50.459999084472656,44.43644332885742,490000
2017-03-03,50.52000045776367,50.72999954223633,49.25,49.709999084472656,43.775978088378906,445400
2017-03-06,49.08000183105469,49.310001373291016,48.5099983215332,48.72999954223633,42.912960052490234,459200
2017-03-07,48.68000030517578,48.88999938964844,47.900001525878906,48.43000030517578,42.64876937866211,603100
2017-03-08,48.68000030517578,49.70000076293945,48.290000915527344,49.540000915527344,43.62627029418945,544100
2017-03-09,49.349998474121094,49.7400016784668,48.88999938964844,48.93000030517578,43.08908462524414,372800
2017-03-10,49.33000183105469,49.54999923706055,48.709999084472656,48.88999938964844,43.053855895996094,338500
2017-03-13,48.959999084472656,49.29999923706055,48.790000915527344,48.88999938964844,43.053855895996094,299900
2017-03-14,48.869998931884766,49.310001373291016,48.13999938964844,49.209999084472656,43.335662841796875,276200
2017-03-15,49.38999938964844,50.34000015258789,49.029998779296875,50.04999923706055,44.075382232666016,367100
2017-03-16,50.18000030517578,50.369998931884766,49.5,49.7599983215332,43.820011138916016,213100
2017-03-17,49.91999816894531,50.040000915527344,48.869998931884766,49.09000015258789,43.22998046875,258500
2017-03-20,49.0,49.0,48.099998474121094,48.16999816894531,42.41980743408203,247600
2017-03-21,48.349998474121094,48.349998474121094,45.86000061035156,46.369998931884766,40.83467483520508,346900
2017-03-22,46.060001373291016,46.369998931884766,45.59000015258789,46.220001220703125,40.70259475708008,469500
2017-03-23,46.13999938964844,46.849998474121094,45.56999969482422,46.189998626708984,40.676170349121094,240000
2017-03-24,46.220001220703125,46.68000030517578,45.599998474121094,45.9900016784668,40.50004577636719,389200
2017-03-27,45.06999969482422,46.65999984741211,45.04999923706055,46.150001525878906,40.64094924926758,282800
2017-03-28,45.97999954223633,46.95000076293945,45.709999084472656,46.849998474121094,41.25738525390625,227600
2017-03-29,46.779998779296875,47.70000076293945,46.59000015258789,47.34000015258789,41.68889236450195,247600
2017-03-30,47.220001220703125,47.88999938964844,47.220001220703125,47.65999984741211,41.97069549560547,224400
2017-03-31,47.68000030517578,47.68000030517578,46.5,46.810001373291016,41.222164154052734,412100
2017-04-03,46.75,46.90999984741211,45.54999923706055,45.939998626708984,40.45600128173828,515300
2017-04-04,45.65999984741211,46.09000015258789,44.97999954223633,45.47999954223633,40.05092239379883,667500
2017-04-05,45.810001373291016,46.150001525878906,43.849998474121094,43.91999816894531,38.677146911621094,745700
2017-04-06,44.16999816894531,44.779998779296875,43.47999954223633,44.470001220703125,39.16148376464844,672500
2017-04-07,44.29999923706055,44.61000061035156,43.36000061035156,44.220001220703125,38.94133758544922,390300
2017-04-10,44.29999923706055,45.369998931884766,44.29999923706055,45.279998779296875,39.874794006347656,436100
2017-04-11,45.0099983215332,45.83000183105469,44.79999923706055,45.41999816894531,39.998077392578125,794400
2017-04-12,45.34000015258789,45.58000183105469,44.77000045776367,44.83000183105469,39.478515625,347100
2017-04-13,44.650001525878906,44.9900016784668,44.04999923706055,44.060001373291016,38.800437927246094,420300
2017-04-17,44.220001220703125,45.150001525878906,43.9900016784668,45.06999969482422,39.68986892700195,460900
2017-04-18,44.86000061035156,45.279998779296875,44.529998779296875,45.189998626708984,39.7955436706543,439200
2017-04-19,45.40999984741211,47.689998626708984,45.2599983215332,47.0099983215332,41.398277282714844,816800
2017-04-20,47.59000015258789,48.79999923706055,47.349998474121094,48.369998931884766,42.595943450927734,759800
2017-04-21,48.36000061035156,48.36000061035156,47.15999984741211,47.900001525878906,42.182044982910156,663200
2017-04-24,48.849998474121094,48.970001220703125,48.209999084472656,48.70000076293945,42.88654327392578,318800
2017-04-25,48.939998626708984,49.189998626708984,48.150001525878906,48.849998474121094,43.018638610839844,551500
2017-04-26,49.29999923706055,49.40999984741211,47.61000061035156,47.7400016784668,42.0411376953125,647200
2017-04-27,48.38999938964844,49.29999923706055,47.939998626708984,49.04999923706055,43.194759368896484,586300
2017-04-28,49.09000015258789,49.38999938964844,47.61000061035156,47.709999084472656,42.01472091674805,551800
2017-05-01,48.060001373291016,48.119998931884766,47.40999984741211,47.4900016784668,41.820980072021484,455300
2017-05-02,47.529998779296875,47.630001068115234,46.040000915527344,46.18000030517578,40.667362213134766,595800
2017-05-03,46.08000183105469,46.220001220703125,45.560001373291016,45.83000183105469,40.35913848876953,525100
2017-05-04,45.529998779296875,45.529998779296875,43.900001525878906,44.59000015258789,39.26716232299805,930700
2017-05-05,44.810001373291016,45.189998626708984,44.0,45.189998626708984,39.7955436706543,461100
2017-05-08,45.25,45.709999084472656,45.11000061035156,45.33000183105469,39.918827056884766,401600
2017-05-09,45.36000061035156,45.599998474121094,44.52000045776367,44.720001220703125,39.38164520263672,301700
2017-05-10,44.810001373291016,45.34000015258789,44.470001220703125,44.790000915527344,39.44328689575195,385600
2017-05-11,44.400001525878906,44.79999923706055,43.0,43.779998779296875,38.553855895996094,519700
2017-05-12,43.61000061035156,43.61000061035156,42.560001373291016,42.650001525878906,37.558753967285156,393500
2017-05-15,42.869998931884766,43.970001220703125,42.63999938964844,43.470001220703125,38.280860900878906,436700
2017-05-16,43.52000045776367,43.900001525878906,43.02000045776367,43.84000015258789,38.606689453125,449200
2017-05-17,43.2400016784668,43.68000030517578,42.400001525878906,42.54999923706055,37.470680236816406,622800
2017-05-18,42.16999816894531,43.189998626708984,41.95000076293945,42.90999984741211,38.065040588378906,510400
2017-05-19,43.02000045776367,43.95000076293945,42.88999938964844,43.63999938964844,38.712608337402344,434500
2017-05-22,43.790000915527344,44.650001525878906,43.709999084472656,44.16999816894531,39.182769775390625,530000
2017-05-23,44.18000030517578,44.18000030517578,42.95000076293945,43.119998931884766,38.25132369995117,417600
2017-05-24,42.91999816894531,43.41999816894531,42.75,42.88999938964844,38.047298431396484,315500
2017-05-25,43.33000183105469,43.33000183105469,42.09000015258789,42.599998474121094,37.79003143310547,404900
2017-05-26,42.31999969482422,43.099998474121094,42.04999923706055,43.0099983215332,38.153743743896484,363900
2017-05-30,42.91999816894531,43.2400016784668,42.22999954223633,42.29999923706055,37.52391052246094,291500
2017-05-31,42.349998474121094,42.70000076293945,41.439998626708984,42.349998474121094,37.56825637817383,415100
2017-06-01,42.54999923706055,44.02000045776367,42.29999923706055,43.279998779296875,38.39325714111328,893700
2017-06-02,43.15999984741211,43.2400016784668,42.04999923706055,42.13999938964844,37.38197708129883,391100
2017-06-05,42.09000015258789,42.209999084472656,41.38999938964844,41.97999954223633,37.24003982543945,419700
2017-06-06,41.66999816894531,41.93000030517578,40.97999954223633,41.63999938964844,36.93842697143555,305100
2017-06-07,41.84000015258789,42.61000061035156,41.599998474121094,41.650001525878906,36.947303771972656,429000
2017-06-08,41.7599983215332,41.9900016784668,40.52000045776367,41.11000061035156,36.46828079223633,542700
2017-06-09,41.09000015258789,41.709999084472656,40.52000045776367,41.529998779296875,36.840858459472656,478100
2017-06-12,41.630001068115234,42.7599983215332,41.119998931884766,42.7599983215332,37.931968688964844,646600
2017-06-13,42.869998931884766,43.310001373291016,41.869998931884766,43.04999923706055,38.18922805786133,507000
2017-06-14,43.25,43.25,42.369998931884766,43.0099983215332,38.153743743896484,387100
2017-06-15,42.61000061035156,44.279998779296875,42.61000061035156,43.939998626708984,38.978736877441406,546000
2017-06-16,43.560001373291016,43.560001373291016,40.66999816894531,41.34000015258789,36.672298431396484,849700
2017-06-19,41.47999954223633,42.58000183105469,41.02000045776367,42.459999084472656,37.66584014892578,457800
2017-06-20,42.380001068115234,42.540000915527344,41.36000061035156,41.40999984741211,36.734405517578125,318400
2017-06-21,42.2400016784668,42.70000076293945,40.7599983215332,41.16999816894531,36.52149963378906,417600
2017-06-22,41.119998931884766,41.400001525878906,40.369998931884766,40.970001220703125,36.34408187866211,353100
2017-06-23,40.95000076293945,41.459999084472656,40.54999923706055,41.41999816894531,36.74326705932617,568800
2017-06-26,41.61000061035156,42.630001068115234,41.459999084472656,42.4900016784668,37.69245529174805,350100
2017-06-27,42.369998931884766,43.2400016784668,42.060001373291016,42.709999084472656,37.88761901855469,426700
2017-06-28,42.95000076293945,43.470001220703125,42.77000045776367,42.88999938964844,38.047298431396484,304600
2017-06-29,42.97999954223633,43.560001373291016,42.52000045776367,43.209999084472656,38.33115768432617,411200
2017-06-30,43.36000061035156,44.150001525878906,43.040000915527344,43.90999984741211,38.95212936401367,400600
2017-07-03,44.189998626708984,45.290000915527344,44.189998626708984,44.529998779296875,39.50212097167969,267700
2017-07-05,44.33000183105469,44.810001373291016,43.060001373291016,43.900001525878906,38.94325256347656,354300
2017-07-06,43.7599983215332,44.119998931884766,43.189998626708984,43.31999969482422,38.42874526977539,420000
2017-07-07,43.43000030517578,44.189998626708984,43.04999923706055,44.130001068115234,39.14728927612305,293600
2017-07-10,44.040000915527344,44.130001068115234,43.31999969482422,43.369998931884766,38.47309112548828,384400
2017-07-11,43.36000061035156,44.0,43.13999938964844,43.79999923706055,38.85454559326172,301500
2017-07-12,44.09000015258789,45.83000183105469,44.09000015258789,44.29999923706055,39.2980842590332,589400
2017-07-13,44.290000915527344,45.400001525878906,44.290000915527344,45.099998474121094,40.00776290893555,503500
2017-07-14,45.189998626708984,45.189998626708984,43.91999816894531,44.119998931884766,39.1384162902832,324800
2017-07-17,43.900001525878906,44.56999969482422,43.849998474121094,44.5,39.47551345825195,457300
2017-07-18,44.34000015258789,44.4900016784668,43.45000076293945,43.86000061035156,38.907772064208984,356400
2017-07-19,43.959999084472656,44.54999923706055,43.630001068115234,44.470001220703125,39.44889450073242,347300
2017-07-20,44.599998474121094,44.77000045776367,44.04999923706055,44.58000183105469,39.54648208618164,406200
2017-07-21,44.52000045776367,44.59000015258789,43.790000915527344,44.31999969482422,39.315834045410156,286700
2017-07-24,44.08000183105469,44.779998779296875,43.4900016784668,43.650001525878906,38.72148132324219,468600
2017-07-25,42.81999969482422,44.279998779296875,42.81999969482422,43.66999816894531,38.73921203613281,644900
2017-07-26,43.900001525878906,45.04999923706055,43.529998779296875,44.70000076293945,39.652923583984375,758500
2017-07-27,45.70000076293945,45.84000015258789,42.810001373291016,44.47999954223633,39.45777130126953,716200
2017-07-28,44.369998931884766,45.349998474121094,43.93000030517578,44.959999084472656,39.88357925415039,725600
2017-07-31,45.099998474121094,45.11000061035156,43.029998779296875,43.540000915527344,38.623905181884766,564100
2017-08-01,43.59000015258789,43.650001525878906,42.15999984741211,43.349998474121094,38.45534896850586,654300
2017-08-02,43.08000183105469,43.43000030517578,42.619998931884766,42.86000061035156,38.02067565917969,496200
2017-08-03,42.66999816894531,43.220001220703125,42.16999816894531,42.209999084472656,37.44407272338867,384700
2017-08-04,42.290000915527344,42.61000061035156,42.04999923706055,42.61000061035156,37.798912048339844,406700
2017-08-07,42.459999084472656,42.959999084472656,42.220001220703125,42.630001068115234,37.816654205322266,514400
2017-08-08,42.43000030517578,42.88999938964844,40.90999984741211,41.040000915527344,36.681522369384766,777500
2017-08-09,40.79999923706055,41.459999084472656,40.56999969482422,41.45000076293945,37.047977447509766,548400
2017-08-10,41.15999984741211,41.209999084472656,40.4900016784668,40.95000076293945,36.6010856628418,596900
2017-08-11,40.65999984741211,41.349998474121094,40.38999938964844,40.849998474121094,36.51169967651367,443100
2017-08-14,41.209999084472656,41.45000076293945,40.70000076293945,40.9900016784668,36.63683319091797,285300
2017-08-15,40.88999938964844,41.040000915527344,39.93000030517578,40.79999923706055,36.46700668334961,539700
2017-08-16,41.0,41.459999084472656,40.47999954223633,40.5,36.19886779785156,528300
2017-08-17,40.45000076293945,40.540000915527344,39.02000045776367,39.040000915527344,34.893924713134766,401400
2017-08-18,38.810001373291016,39.709999084472656,38.33000183105469,39.70000076293945,35.483829498291016,559800
2017-08-21,39.650001525878906,40.04999923706055,38.95000076293945,39.70000076293945,35.483829498291016,435200
2017-08-22,39.83000183105469,40.04999923706055,39.119998931884766,40.0,35.7519645690918,491600
2017-08-23,39.75,40.290000915527344,39.209999084472656,40.119998931884766,35.859230041503906,455200
2017-08-24,40.619998931884766,40.72999954223633,39.7400016784668,39.90999984741211,35.67153549194336,431800
2017-08-25,40.06999969482422,40.630001068115234,39.810001373291016,40.2599983215332,35.984352111816406,329500
2017-08-28,40.36000061035156,40.72999954223633,39.63999938964844,40.0,35.7519645690918,509700
2017-08-29,39.61000061035156,40.369998931884766,39.540000915527344,40.15999984741211,35.89497756958008,417700
2017-08-30,40.279998779296875,41.5099983215332,40.13999938964844,41.459999084472656,37.05691146850586,513600
2017-08-31,41.720001220703125,42.43000030517578,41.540000915527344,42.36000061035156,37.86134719848633,486900
2017-09-01,42.52000045776367,43.529998779296875,42.47999954223633,43.11000061035156,38.53169631958008,494300
2017-09-05,43.029998779296875,43.130001068115234,41.95000076293945,42.56999969482422,38.049034118652344,542300
2017-09-06,42.779998779296875,42.88999938964844,42.0099983215332,42.279998779296875,37.78983688354492,424800
2017-09-07,42.43000030517578,42.810001373291016,41.91999816894531,42.68000030517578,38.1473503112793,556800
2017-09-08,42.56999969482422,43.45000076293945,42.20000076293945,43.33000183105469,38.728328704833984,401600
2017-09-11,43.5,43.9900016784668,43.400001525878906,43.790000915527344,39.13948059082031,625800
2017-09-12,43.970001220703125,44.619998931884766,43.91999816894531,44.279998779296875,39.57742691040039,373000
2017-09-13,44.27000045776367,45.15999984741211,44.02000045776367,44.86000061035156,40.09584045410156,406900
2017-09-14,44.84000015258789,44.84000015258789,44.099998474121094,44.209999084472656,39.514869689941406,415300
2017-09-15,44.2599983215332,45.099998474121094,44.029998779296875,44.90999984741211,40.14052963256836,447300
2017-09-18,45.040000915527344,45.040000915527344,44.290000915527344,44.439998626708984,39.7204475402832,233200
2017-09-19,44.630001068115234,44.849998474121094,44.36000061035156,44.4900016784668,39.7651252746582,186300
2017-09-20,44.459999084472656,45.099998474121094,44.099998474121094,44.880001068115234,40.11371612548828,288600
2017-09-21,44.880001068115234,45.20000076293945,44.63999938964844,44.65999984741211,39.917083740234375,260600
2017-09-22,44.939998626708984,46.20000076293945,44.77000045776367,46.150001525878906,41.24884033203125,760600
2017-09-25,46.130001068115234,46.709999084472656,45.630001068115234,45.77000045776367,40.90919494628906,604900
2017-09-26,45.91999816894531,46.560001373291016,45.7400016784668,46.36000061035156,41.4365348815918,557800
2017-09-27,46.63999938964844,47.11000061035156,46.29999923706055,46.86000061035156,41.883445739746094,605900
2017-09-28,47.119998931884766,47.560001373291016,46.349998474121094,47.459999084472656,42.419715881347656,641800
2017-09-29,47.439998626708984,47.630001068115234,46.7599983215332,47.56999969482422,42.51803970336914,359700
2017-10-02,47.59000015258789,47.9900016784668,46.97999954223633,47.5,42.45546340942383,511500
2017-10-03,47.86000061035156,48.560001373291016,47.86000061035156,47.93000030517578,42.839805603027344,685300
2017-10-04,47.75,48.0099983215332,47.290000915527344,47.45000076293945,42.41078186035156,682100
2017-10-05,47.290000915527344,47.41999816894531,46.20000076293945,46.689998626708984,41.73149108886719,670900
2017-10-06,46.599998474121094,46.869998931884766,46.2599983215332,46.31999969482422,41.400787353515625,418600
2017-10-09,46.400001525878906,46.630001068115234,45.7599983215332,45.939998626708984,41.06114196777344,220900
2017-10-10,46.08000183105469,46.310001373291016,45.79999923706055,46.209999084472656,41.30247116088867,239400
2017-10-11,46.40999984741211,46.5,45.310001373291016,45.5,40.66786575317383,384900
2017-10-12,45.439998626708984,45.470001220703125,44.65999984741211,45.27000045776367,40.462303161621094,476500
2017-10-13,45.5,45.810001373291016,44.939998626708984,45.2400016784668,40.435482025146484,184300
2017-10-16,45.209999084472656,45.4900016784668,44.75,45.369998931884766,40.551673889160156,238300
2017-10-17,45.290000915527344,45.790000915527344,45.18000030517578,45.58000183105469,40.7393684387207,178400
2017-10-18,45.5099983215332,46.16999816894531,45.5099983215332,45.619998931884766,40.775123596191406,366600
2017-10-19,45.400001525878906,45.47999954223633,44.90999984741211,45.279998779296875,40.47122573852539,232100
2017-10-20,45.43000030517578,45.849998474121094,45.220001220703125,45.540000915527344,40.70362854003906,369000
2017-10-23,45.5,45.5,44.65999984741211,45.13999938964844,40.346092224121094,649700
2017-10-24,45.779998779296875,46.65999984741211,45.52000045776367,45.970001220703125,41.08795166015625,994500
2017-10-25,47.349998474121094,49.189998626708984,44.38999938964844,47.939998626708984,42.848731994628906,1580400
2017-10-26,48.220001220703125,49.20000076293945,48.060001373291016,49.150001525878906,43.93023681640625,948000
2017-10-27,49.11000061035156,49.11000061035156,47.619998931884766,47.790000915527344,42.71467590332031,603700
2017-10-30,47.470001220703125,48.0099983215332,46.470001220703125,47.65999984741211,42.598472595214844,861800
2017-10-31,47.959999084472656,48.68000030517578,46.560001373291016,46.619998931884766,41.668922424316406,682100
2017-11-01,47.08000183105469,47.41999816894531,46.15999984741211,47.369998931884766,42.33926773071289,598700
2017-11-02,47.83000183105469,49.06999969482422,47.75,48.650001525878906,43.48332977294922,487300
2017-11-03,48.790000915527344,48.91999816894531,47.970001220703125,48.040000915527344,42.93811798095703,248000
2017-11-06,48.119998931884766,48.119998931884766,47.130001068115234,47.2400016784668,42.223079681396484,580100
2017-11-07,47.2599983215332,47.349998474121094,45.869998931884766,46.34000015258789,41.41865921020508,376700
2017-11-08,46.33000183105469,46.56999969482422,45.5,45.97999954223633,41.09689712524414,1031000
2017-11-09,45.470001220703125,45.9900016784668,45.279998779296875,45.689998626708984,41.132896423339844,351000
2017-11-10,45.790000915527344,47.209999084472656,45.58000183105469,46.599998474121094,41.952144622802734,503300
2017-11-13,46.63999938964844,46.869998931884766,46.040000915527344,46.20000076293945,41.592044830322266,476400
2017-11-14,46.060001373291016,46.66999816894531,45.75,46.459999084472656,41.82610321044922,479600
2017-11-15,46.16999816894531,46.4900016784668,45.599998474121094,46.029998779296875,41.438987731933594,369000
2017-11-16,46.380001068115234,46.40999984741211,45.720001220703125,46.34000015258789,41.71807098388672,437100
2017-11-17,46.45000076293945,46.529998779296875,45.709999084472656,46.029998779296875,41.438987731933594,545700
2017-11-20,46.09000015258789,46.369998931884766,45.45000076293945,46.209999084472656,41.601043701171875,482900
2017-11-21,46.310001373291016,46.459999084472656,45.45000076293945,46.400001525878906,41.7720832824707,631600
2017-11-22,46.4900016784668,46.56999969482422,46.13999938964844,46.2400016784668,41.628047943115234,180000
2017-11-24,46.41999816894531,46.4900016784668,45.900001525878906,45.95000076293945,41.36697006225586,201200
2017-11-27,45.939998626708984,46.4900016784668,45.939998626708984,46.130001068115234,41.529014587402344,281300
2017-11-28,46.220001220703125,47.34000015258789,46.02000045776367,47.310001373291016,42.59132385253906,359400
2017-11-29,47.310001373291016,49.22999954223633,47.310001373291016,48.97999954223633,44.094757080078125,592100
2017-11-30,48.970001220703125,49.400001525878906,48.18000030517578,48.36000061035156,43.53660202026367,569000
2017-12-01,48.459999084472656,48.77000045776367,47.220001220703125,48.689998626708984,43.83369064331055,436200
2017-12-04,49.15999984741211,50.36000061035156,49.15999984741211,49.65999984741211,44.70693588256836,576600
2017-12-05,49.7599983215332,49.7599983215332,48.18000030517578,48.279998779296875,43.464576721191406,323500
2017-12-06,48.380001068115234,48.380001068115234,47.2400016784668,47.4900016784668,42.75337600708008,441400
2017-12-07,47.630001068115234,48.63999938964844,47.5,48.369998931884766,43.54560470581055,345200
2017-12-08,48.380001068115234,48.380001068115234,47.27000045776367,48.2400016784668,43.42857360839844,938000
2017-12-11,48.41999816894531,48.45000076293945,47.9900016784668,48.22999954223633,43.41956329345703,314900
2017-12-12,48.41999816894531,48.86000061035156,48.08000183105469,48.119998931884766,43.32052993774414,338500
2017-12-13,48.02000045776367,48.59000015258789,47.689998626708984,48.130001068115234,43.32954025268555,293600
2017-12-14,48.189998626708984,48.529998779296875,46.33000183105469,46.77000045776367,42.10518264770508,444800
2017-12-15,46.97999954223633,48.150001525878906,46.83000183105469,47.4900016784668,42.75337600708008,565500
2017-12-18,47.95000076293945,49.02000045776367,47.790000915527344,48.970001220703125,44.085758209228516,433100
2017-12-19,49.22999954223633,49.310001373291016,48.540000915527344,48.54999923706055,43.70764923095703,634100
2017-12-20,48.7599983215332,48.900001525878906,48.11000061035156,48.36000061035156,43.53660202026367,209700
2017-12-21,48.290000915527344,48.31999969482422,47.56999969482422,48.150001525878906,43.34754943847656,230200
2017-12-22,48.16999816894531,48.9900016784668,47.619998931884766,48.209999084472656,43.40156173706055,227200
2017-12-26,48.040000915527344,48.689998626708984,48.0,48.2400016784668,43.42857360839844,216000
2017-12-27,48.34000015258789,48.34000015258789,47.72999954223633,47.880001068115234,43.104469299316406,260700
2017-12-28,47.900001525878906,48.040000915527344,47.529998779296875,47.93000030517578,43.14949035644531,177500
2017-12-29,47.95000076293945,48.15999984741211,47.77000045776367,47.849998474121094,43.07747268676758,307100
2018-01-02,47.97999954223633,48.130001068115234,47.43000030517578,47.84000015258789,43.06846237182617,564500
2018-01-03,48.02000045776367,48.349998474121094,47.27000045776367,48.209999084472656,43.40156173706055,509800
2018-01-04,48.380001068115234,48.72999954223633,47.58000183105469,48.52000045776367,43.68064498901367,434400
2018-01-05,48.61000061035156,49.880001068115234,48.33000183105469,49.779998779296875,44.81496810913086,565700
2018-01-08,49.959999084472656,51.310001373291016,49.810001373291016,51.130001068115234,46.03031539916992,638100
2018-01-09,51.290000915527344,51.290000915527344,50.470001220703125,50.77000045776367,45.70622634887695,536000
2018-01-10,50.599998474121094,51.29999923706055,50.11000061035156,50.84000015258789,45.76924514770508,632900
2018-01-11,50.939998626708984,52.5099983215332,50.72999954223633,52.2599983215332,47.0476188659668,350000
2018-01-12,52.279998779296875,53.52000045776367,52.279998779296875,53.310001373291016,47.99289321899414,580000
2018-01-16,53.95000076293945,53.95000076293945,51.779998779296875,52.25,47.03860855102539,632100
2018-01-17,52.66999816894531,53.0,52.02000045776367,52.36000061035156,47.13764190673828,636500
2018-01-18,52.45000076293945,52.5099983215332,51.58000183105469,51.810001373291016,46.64250564575195,516900
2018-01-19,51.880001068115234,53.16999816894531,51.5,53.15999984741211,47.857852935791016,354000
2018-01-22,53.08000183105469,53.83000183105469,52.81999969482422,53.79999923706055,48.434017181396484,455300
2018-01-23,53.79999923706055,53.79999923706055,52.869998931884766,53.5,48.163936614990234,299400
2018-01-24,53.689998626708984,54.189998626708984,53.09000015258789,53.900001525878906,48.5240478515625,556800
2018-01-25,53.970001220703125,54.0,52.97999954223633,53.84000015258789,48.47002410888672,351200
2018-01-26,53.97999954223633,54.61000061035156,53.34000015258789,54.54999923706055,49.10920715332031,280400
2018-01-29,54.45000076293945,54.83000183105469,53.27000045776367,53.34000015258789,48.0199089050293,485100
2018-01-30,53.11000061035156,53.47999954223633,52.2599983215332,52.810001373291016,47.542762756347656,375700
2018-01-31,53.220001220703125,53.540000915527344,51.599998474121094,52.189998626708984,46.98460006713867,676300
2018-02-01,51.93000030517578,52.93000030517578,51.189998626708984,52.47999954223633,47.24567413330078,487100
2018-02-02,52.15999984741211,52.5099983215332,50.70000076293945,50.869998931884766,45.7962532043457,570700
2018-02-05,50.15999984741211,51.099998474121094,47.7400016784668,47.779998779296875,43.014442443847656,1252100
2018-02-06,46.790000915527344,49.400001525878906,46.599998474121094,48.88999938964844,44.01374053955078,911000
2018-02-07,48.599998474121094,49.459999084472656,48.11000061035156,48.7400016784668,43.878700256347656,744700
2018-02-08,49.5,49.810001373291016,47.72999954223633,48.25,43.43756866455078,926600
2018-02-09,48.779998779296875,49.290000915527344,46.7599983215332,48.439998626708984,43.918094635009766,701800
2018-02-12,48.849998474121094,49.619998931884766,48.130001068115234,49.18000030517578,44.58901596069336,416300
2018-02-13,49.13999938964844,49.2599983215332,47.84000015258789,48.06999969482422,43.58263397216797,464400
2018-02-14,47.560001373291016,48.810001373291016,47.47999954223633,48.310001373291016,43.80022430419922,622200
2018-02-15,48.54999923706055,48.91999816894531,47.29999923706055,48.0,43.5191650390625,518100
2018-02-16,47.900001525878906,48.81999969482422,47.849998474121094,48.130001068115234,43.63703155517578,379100
2018-02-20,47.880001068115234,48.31999969482422,47.08000183105469,47.150001525878906,42.74852752685547,461100
2018-02-21,47.58000183105469,48.22999954223633,47.16999816894531,47.349998474121094,42.929847717285156,676100
2018-02-22,47.47999954223633,47.79999923706055,46.70000076293945,46.810001373291016,42.440269470214844,506100
2018-02-23,47.02000045776367,47.7599983215332,46.880001068115234,47.689998626708984,43.23810577392578,396700
2018-02-26,47.95000076293945,48.119998931884766,47.36000061035156,48.040000915527344,43.55543899536133,526200
2018-02-27,48.20000076293945,48.65999984741211,47.20000076293945,47.310001373291016,42.89358139038086,671300
2018-02-28,47.310001373291016,47.56999969482422,45.77000045776367,45.79999923706055,41.5245361328125,452300
2018-03-01,45.70000076293945,46.33000183105469,44.84000015258789,45.029998779296875,40.826416015625,527200
2018-03-02,44.41999816894531,45.27000045776367,43.75,45.08000183105469,40.87175369262695,366900
2018-03-05,44.70000076293945,46.029998779296875,44.40999984741211,45.88999938964844,41.60614776611328,360500
2018-03-06,46.18000030517578,47.06999969482422,45.689998626708984,46.90999984741211,42.53092575073242,437800
2018-03-07,46.349998474121094,47.0099983215332,45.959999084472656,46.43000030517578,42.095726013183594,299000
2018-03-08,46.70000076293945,46.869998931884766,45.84000015258789,45.9900016784668,41.696807861328125,260500
2018-03-09,46.400001525878906,47.630001068115234,46.16999816894531,47.439998626708984,43.011451721191406,345100
2018-03-12,47.47999954223633,47.79999923706055,46.900001525878906,46.97999954223633,42.594390869140625,257500
2018-03-13,47.25,47.689998626708984,46.7400016784668,46.90999984741211,42.53092575073242,335800
2018-03-14,47.849998474121094,47.849998474121094,46.84000015258789,46.93000030517578,42.54905700683594,398100
2018-03-15,47.02000045776367,47.060001373291016,45.689998626708984,45.79999923706055,41.5245361328125,629000
2018-03-16,45.709999084472656,47.08000183105469,45.689998626708984,46.130001068115234,41.823726654052734,521000
2018-03-19,45.9900016784668,46.43000030517578,45.04999923706055,45.5,41.252540588378906,480200
2018-03-20,45.06999969482422,45.06999969482422,43.15999984741211,44.27000045776367,40.13736343383789,803700
2018-03-21,44.349998474121094,45.2400016784668,44.34000015258789,44.61000061035156,40.44562530517578,429300
2018-03-22,44.16999816894531,44.720001220703125,43.58000183105469,43.59000015258789,39.520843505859375,421500
2018-03-23,43.81999969482422,44.13999938964844,43.029998779296875,43.040000915527344,39.022186279296875,342100
2018-03-26,43.84000015258789,44.43000030517578,43.66999816894531,44.130001068115234,40.010440826416016,734100
2018-03-27,44.310001373291016,44.36000061035156,42.43000030517578,42.599998474121094,38.623260498046875,695100
2018-03-28,42.75,43.779998779296875,42.529998779296875,43.04999923706055,39.03125762939453,651300
2018-03-29,43.27000045776367,44.5,43.27000045776367,44.33000183105469,40.1917724609375,521200
2018-04-02,44.0099983215332,44.31999969482422,41.7400016784668,42.150001525878906,38.215274810791016,465900
2018-04-03,42.439998626708984,43.650001525878906,42.439998626708984,43.38999938964844,39.33951187133789,767300
2018-04-04,42.38999938964844,44.130001068115234,42.290000915527344,43.9900016784668,39.88349914550781,653500
2018-04-05,44.25,44.27000045776367,43.459999084472656,44.16999816894531,40.04670333862305,708000
2018-04-06,43.88999938964844,44.220001220703125,42.529998779296875,42.9900016784668,38.97686004638672,272300
2018-04-09,43.2599983215332,43.52000045776367,42.709999084472656,42.72999954223633,38.74113082885742,346700
2018-04-10,43.41999816894531,44.560001373291016,43.150001525878906,44.33000183105469,40.1917724609375,462000
2018-04-11,43.83000183105469,44.02000045776367,42.880001068115234,43.119998931884766,39.09471893310547,438400
2018-04-12,43.31999969482422,43.529998779296875,43.02000045776367,43.33000183105469,39.285118103027344,174900
2018-04-13,43.619998931884766,43.619998931884766,42.849998474121094,43.20000076293945,39.16725158691406,298400
2018-04-16,43.4900016784668,44.4900016784668,43.08000183105469,44.150001525878906,40.02857208251953,259400
2018-04-17,44.84000015258789,44.869998931884766,44.209999084472656,44.529998779296875,40.37309265136719,266300
2018-04-18,44.70000076293945,45.45000076293945,44.66999816894531,44.720001220703125,40.54536056518555,268500
2018-04-19,44.720001220703125,45.20000076293945,43.75,44.15999984741211,40.037628173828125,496700
2018-04-20,44.22999954223633,44.36000061035156,43.459999084472656,43.900001525878906,39.80190658569336,448200
2018-04-23,44.029998779296875,44.959999084472656,43.900001525878906,44.959999084472656,40.762962341308594,448800
2018-04-24,45.2599983215332,45.83000183105469,44.41999816894531,44.560001373291016,40.40030288696289,514700
2018-04-25,45.43000030517578,46.779998779296875,44.11000061035156,46.400001525878906,42.06852340698242,932800
2018-04-26,47.33000183105469,47.63999938964844,45.20000076293945,45.66999816894531,41.406681060791016,575500
2018-04-27,45.70000076293945,46.209999084472656,45.58000183105469,45.900001525878906,41.615203857421875,512200
2018-04-30,46.02000045776367,46.11000061035156,45.0099983215332,45.099998474121094,40.88988494873047,481900
2018-05-01,44.939998626708984,46.04999923706055,44.220001220703125,45.88999938964844,41.60614776611328,338700
2018-05-02,45.779998779296875,46.83000183105469,45.439998626708984,46.470001220703125,42.13199234008789,432800
2018-05-03,46.25,46.72999954223633,45.88999938964844,46.279998779296875,41.95973205566406,493800
2018-05-04,46.08000183105469,47.13999938964844,45.9900016784668,46.84000015258789,42.46746063232422,346900
2018-05-07,46.849998474121094,47.2400016784668,46.22999954223633,46.970001220703125,42.585323333740234,288300
2018-05-08,46.91999816894531,47.59000015258789,46.689998626708984,46.880001068115234,42.503719329833984,297200
2018-05-09,47.029998779296875,47.310001373291016,45.81999969482422,46.45000076293945,42.113861083984375,311500
2018-05-10,46.619998931884766,47.0,46.16999816894531,46.79999923706055,42.43118667602539,358800
2018-05-11,46.709999084472656,47.16999816894531,46.34000015258789,47.099998474121094,42.70318603515625,155300
2018-05-14,47.22999954223633,47.81999969482422,47.130001068115234,47.4900016784668,43.056785583496094,249000
2018-05-15,47.29999923706055,47.7400016784668,47.02000045776367,47.58000183105469,43.13837432861328,350200
2018-05-16,47.79999923706055,48.93000030517578,47.779998779296875,48.4900016784668,43.96342849731445,482800
2018-05-17,48.4900016784668,49.68000030517578,48.38999938964844,48.630001068115234,44.090354919433594,451200
2018-05-18,48.400001525878906,48.54999923706055,47.619998931884766,48.0,43.83465576171875,242900
2018-05-21,48.29999923706055,48.529998779296875,48.06999969482422,48.470001220703125,44.26387023925781,195400
2018-05-22,49.040000915527344,49.29999923706055,47.7400016784668,47.79999923706055,43.65201187133789,278800
2018-05-23,47.709999084472656,48.5,47.54999923706055,47.880001068115234,43.725067138671875,252200
2018-05-24,47.75,48.38999938964844,47.529998779296875,48.279998779296875,44.090354919433594,357900
2018-05-25,48.029998779296875,48.5099983215332,48.0099983215332,48.2599983215332,44.07209396362305,152100
2018-05-29,47.81999969482422,48.380001068115234,47.59000015258789,47.97999954223633,43.81638717651367,297500
2018-05-30,48.369998931884766,48.91999816894531,48.099998474121094,48.43000030517578,44.22734069824219,319300
2018-05-31,48.630001068115234,48.63999938964844,47.97999954223633,48.150001525878906,43.971641540527344,247600
2018-06-01,48.349998474121094,49.380001068115234,48.279998779296875,48.599998474121094,44.382591247558594,259800
2018-06-04,48.720001220703125,49.18000030517578,48.650001525878906,48.959999084472656,44.71134948730469,207100
2018-06-05,48.880001068115234,50.02000045776367,48.70000076293945,49.91999816894531,45.58804702758789,454400
2018-06-06,50.209999084472656,50.7599983215332,49.77000045776367,50.59000015258789,46.19990158081055,225500
2018-06-07,50.7400016784668,51.7400016784668,49.9900016784668,50.220001220703125,45.86200714111328,385200
2018-06-08,50.16999816894531,50.880001068115234,49.97999954223633,50.77000045776367,46.36428451538086,371600
2018-06-11,50.90999984741211,51.380001068115234,50.79999923706055,50.900001525878906,46.48300552368164,256600
2018-06-12,51.40999984741211,51.40999984741211,50.65999984741211,50.79999923706055,46.39167404174805,237500
2018-06-13,50.83000183105469,50.83000183105469,49.97999954223633,50.15999984741211,45.80722427368164,281000
2018-06-14,50.29999923706055,50.599998474121094,50.029998779296875,50.40999984741211,46.035518646240234,215100
2018-06-15,50.25,50.959999084472656,50.119998931884766,50.68000030517578,46.28209686279297,290400
2018-06-18,50.2400016784668,51.31999969482422,50.2400016784668,50.9900016784668,46.56519317626953,288900
2018-06-19,50.54999923706055,51.34000015258789,50.540000915527344,51.119998931884766,46.68390655517578,206400
2018-06-20,51.560001373291016,51.849998474121094,50.97999954223633,51.40999984741211,46.94873809814453,156800
2018-06-21,51.2599983215332,51.369998931884766,50.630001068115234,50.880001068115234,46.46474075317383,261500
2018-06-22,51.599998474121094,51.84000015258789,49.90999984741211,50.189998626708984,45.83460998535156,674300
2018-06-25,49.970001220703125,49.970001220703125,47.79999923706055,48.41999816894531,44.21820831298828,683300
2018-06-26,48.40999984741211,48.58000183105469,48.0099983215332,48.529998779296875,44.31865310668945,317200
2018-06-27,48.54999923706055,48.68000030517578,47.619998931884766,47.630001068115234,43.496761322021484,397900
2018-06-28,47.540000915527344,47.91999816894531,47.029998779296875,47.709999084472656,43.569828033447266,296600
2018-06-29,48.029998779296875,48.20000076293945,46.81999969482422,46.849998474121094,42.784446716308594,265600
2018-07-02,46.619998931884766,47.29999923706055,46.31999969482422,47.22999954223633,43.131473541259766,221300
2018-07-03,47.41999816894531,48.16999816894531,47.209999084472656,47.45000076293945,43.33238220214844,169500
2018-07-05,48.34000015258789,49.36000061035156,48.34000015258789,49.2400016784668,44.9670524597168,703200
2018-07-06,49.150001525878906,49.84000015258789,48.880001068115234,49.599998474121094,45.29581069946289,269500
2018-07-09,49.869998931884766,50.630001068115234,49.77000045776367,50.38999938964844,46.01726150512695,299200
2018-07-10,50.75,50.970001220703125,48.779998779296875,49.439998626708984,45.149696350097656,395300
2018-07-11,49.119998931884766,49.119998931884766,48.18000030517578,48.619998931884766,44.40085220336914,294000
2018-07-12,48.880001068115234,48.880001068115234,47.459999084472656,48.369998931884766,44.17254638671875,551400
2018-07-13,48.599998474121094,49.29999923706055,48.38999938964844,48.68000030517578,44.45565414428711,281900
2018-07-16,48.81999969482422,49.33000183105469,48.31999969482422,48.709999084472656,44.48304748535156,358300
2018-07-17,48.61000061035156,49.31999969482422,48.54999923706055,49.209999084472656,44.93964767456055,520600
2018-07-18,48.2400016784668,49.02000045776367,46.619998931884766,48.970001220703125,44.72047805786133,789400
2018-07-19,48.97999954223633,49.56999969482422,48.84000015258789,49.33000183105469,45.04924392700195,373400
2018-07-20,49.27000045776367,49.34000015258789,48.70000076293945,48.900001525878906,44.65655517578125,266800
2018-07-23,48.88999938964844,49.349998474121094,48.65999984741211,49.220001220703125,44.948787689208984,194800
2018-07-24,49.630001068115234,50.0,48.31999969482422,48.52000045776367,44.30953598022461,555900
2018-07-25,47.810001373291016,48.439998626708984,47.09000015258789,48.27000045776367,44.08123016357422,807900
2018-07-26,49.810001373291016,52.459999084472656,49.22999954223633,50.36000061035156,45.9898567199707,1018000
2018-07-27,50.63999938964844,51.45000076293945,50.63999938964844,50.9900016784668,46.56519317626953,484000
2018-07-30,51.189998626708984,52.08000183105469,51.0,51.849998474121094,47.350555419921875,609000
2018-07-31,51.93000030517578,52.38999938964844,51.75,52.20000076293945,47.67019271850586,725800
2018-08-01,52.150001525878906,52.5,50.849998474121094,51.34000015258789,46.88481521606445,538600
2018-08-02,51.099998474121094,51.7599983215332,50.810001373291016,50.93000030517578,46.51039505004883,424500
2018-08-03,51.18000030517578,51.66999816894531,51.13999938964844,51.47999954223633,47.01266860961914,277500
2018-08-06,51.560001373291016,52.66999816894531,51.349998474121094,52.2400016784668,47.70672607421875,255400
2018-08-07,52.54999923706055,53.13999938964844,52.38999938964844,52.529998779296875,47.971553802490234,285200
2018-08-08,52.439998626708984,52.439998626708984,51.599998474121094,51.810001373291016,47.31403732299805,301200
2018-08-09,51.540000915527344,51.790000915527344,51.06999969482422,51.189998626708984,47.07493591308594,359400
2018-08-10,50.72999954223633,50.959999084472656,50.22999954223633,50.560001373291016,46.495582580566406,164700
2018-08-13,50.630001068115234,50.68000030517578,49.79999923706055,50.18000030517578,46.146121978759766,246400
2018-08-14,50.38999938964844,51.16999816894531,50.38999938964844,51.06999969482422,46.96457290649414,242600
2018-08-15,50.900001525878906,51.09000015258789,50.189998626708984,50.95000076293945,46.85422897338867,258400
2018-08-16,51.36000061035156,51.810001373291016,51.099998474121094,51.2400016784668,47.12091827392578,226000
2018-08-17,51.25,52.22999954223633,51.02000045776367,51.88999938964844,47.718666076660156,231100
2018-08-20,51.97999954223633,52.560001373291016,51.970001220703125,52.40999984741211,48.196868896484375,262000
2018-08-21,52.68000030517578,53.209999084472656,52.56999969482422,53.040000915527344,48.77621841430664,332000
2018-08-22,53.220001220703125,53.380001068115234,52.43000030517578,52.5,48.27962875366211,380200
2018-08-23,52.5,52.54999923706055,51.470001220703125,51.970001220703125,47.792232513427734,383900
2018-08-24,52.65999984741211,52.970001220703125,51.95000076293945,52.33000183105469,48.123287200927734,415000
2018-08-27,52.70000076293945,53.439998626708984,52.560001373291016,53.2400016784668,48.96014404296875,290000
2018-08-28,53.459999084472656,53.84000015258789,53.06999969482422,53.61000061035156,49.300392150878906,257300
2018-08-29,53.58000183105469,53.689998626708984,53.0,53.220001220703125,48.94174575805664,222700
2018-08-30,53.060001373291016,53.13999938964844,52.439998626708984,52.560001373291016,48.334800720214844,218200
2018-08-31,52.43000030517578,52.7400016784668,52.36000061035156,52.630001068115234,48.3991813659668,260600
2018-09-04,52.630001068115234,53.04999923706055,52.18000030517578,52.869998931884766,48.61988830566406,329500
2018-09-05,52.72999954223633,53.18000030517578,52.380001068115234,52.58000183105469,48.35319900512695,222600
2018-09-06,52.630001068115234,52.7400016784668,51.93000030517578,51.9900016784668,47.810630798339844,165000
2018-09-07,51.83000183105469,52.400001525878906,51.150001525878906,51.63999938964844,47.48876190185547,216800
2018-09-10,52.13999938964844,52.779998779296875,51.849998474121094,52.06999969482422,47.884185791015625,263900
2018-09-11,52.0,52.34000015258789,51.70000076293945,52.20000076293945,48.00374221801758,224800
2018-09-12,52.13999938964844,52.369998931884766,51.79999923706055,52.18000030517578,47.985347747802734,299600
2018-09-13,52.349998474121094,52.619998931884766,52.099998474121094,52.540000915527344,48.31641387939453,183300
2018-09-14,52.68000030517578,53.43000030517578,52.36000061035156,53.34000015258789,49.05210494995117,207100
2018-09-17,53.34000015258789,53.630001068115234,51.93000030517578,51.95000076293945,47.773841857910156,225000
2018-09-18,51.790000915527344,52.5099983215332,51.5,51.70000076293945,47.543941497802734,499900
2018-09-19,51.77000045776367,52.29999923706055,51.54999923706055,51.619998931884766,47.47036361694336,311100
2018-09-20,51.77000045776367,52.560001373291016,51.66999816894531,52.459999084472656,48.24285125732422,389600
2018-09-21,51.380001068115234,51.439998626708984,50.02000045776367,50.349998474121094,46.30247116088867,933600
2018-09-24,50.25,50.380001068115234,49.16999816894531,49.58000183105469,45.59435272216797,416500
2018-09-25,49.75,49.810001373291016,48.599998474121094,48.95000076293945,45.0150032043457,631900
2018-09-26,49.11000061035156,49.209999084472656,48.619998931884766,48.72999954223633,44.81268310546875,566400
2018-09-27,48.88999938964844,49.04999923706055,48.11000061035156,48.2400016784668,44.36207962036133,353700
2018-09-28,48.150001525878906,48.20000076293945,47.34000015258789,47.38999938964844,43.580406188964844,432900
2018-10-01,47.81999969482422,48.58000183105469,47.369998931884766,47.77000045776367,43.92985916137695,410500
2018-10-02,47.59000015258789,47.86000061035156,47.16999816894531,47.40999984741211,43.59879684448242,479000
2018-10-03,47.66999816894531,47.70000076293945,46.709999084472656,46.900001525878906,43.129798889160156,511700
2018-10-04,46.65999984741211,46.900001525878906,45.81999969482422,46.15999984741211,42.449283599853516,463900
2018-10-05,46.130001068115234,46.65999984741211,45.13999938964844,45.5099983215332,41.851539611816406,323000
2018-10-08,45.380001068115234,45.959999084472656,45.119998931884766,45.83000183105469,42.145809173583984,338400
2018-10-09,45.72999954223633,45.93000030517578,45.36000061035156,45.540000915527344,41.87912368774414,395900
2018-10-10,45.47999954223633,45.7400016784668,44.52000045776367,44.560001373291016,40.977909088134766,335700
2018-10-11,44.560001373291016,45.18000030517578,43.84000015258789,43.97999954223633,40.44453430175781,491600
2018-10-12,44.65999984741211,44.75,42.599998474121094,43.810001373291016,40.28820037841797,689800
2018-10-15,43.86000061035156,44.31999969482422,43.66999816894531,43.90999984741211,40.380157470703125,371000
2018-10-16,44.310001373291016,45.04999923706055,43.54999923706055,44.970001220703125,41.35495376586914,313200
2018-10-17,44.779998779296875,44.880001068115234,43.5099983215332,44.08000183105469,40.53649139404297,551600
2018-10-18,43.9900016784668,44.18000030517578,42.630001068115234,42.709999084472656,39.2766227722168,430100
2018-10-19,42.720001220703125,43.22999954223633,42.5,43.09000015258789,39.62607955932617,397000
2018-10-22,43.220001220703125,44.0,43.099998474121094,43.61000061035156,40.104270935058594,442800
2018-10-23,42.939998626708984,45.959999084472656,42.939998626708984,45.599998474121094,41.93429946899414,1025800
2018-10-24,45.59000015258789,46.959999084472656,45.59000015258789,46.13999938964844,42.43090057373047,1147100
2018-10-25,45.2599983215332,47.880001068115234,44.40999984741211,45.97999954223633,42.283756256103516,1040400
2018-10-26,45.31999969482422,46.41999816894531,44.880001068115234,45.7599983215332,42.081443786621094,610100
2018-10-29,46.529998779296875,47.06999969482422,44.650001525878906,45.16999816894531,41.53886795043945,674500
2018-10-30,45.189998626708984,45.75,44.83000183105469,45.20000076293945,41.56645202636719,668900
2018-10-31,45.720001220703125,46.0,44.130001068115234,44.380001068115234,40.812381744384766,570600
2018-11-01,44.61000061035156,45.75,44.369998931884766,45.5099983215332,41.851539611816406,382900
2018-11-02,45.939998626708984,46.220001220703125,44.93000030517578,45.16999816894531,41.53886795043945,360900
2018-11-05,45.16999816894531,45.29999923706055,44.119998931884766,44.5099983215332,40.931922912597656,374400
2018-11-06,44.459999084472656,44.900001525878906,44.209999084472656,44.88999938964844,41.281375885009766,304400
2018-11-07,45.08000183105469,45.54999923706055,44.060001373291016,45.06999969482422,41.44690704345703,356500
2018-11-08,44.5099983215332,45.25,44.40999984741211,44.970001220703125,41.697265625,198400
2018-11-09,44.779998779296875,45.11000061035156,43.720001220703125,44.119998931884766,40.90911865234375,244200
2018-11-12,44.130001068115234,44.72999954223633,43.880001068115234,43.9900016784668,40.788578033447266,300200
2018-11-13,44.11000061035156,44.7400016784668,43.689998626708984,43.72999954223633,40.547508239746094,232100
2018-11-14,44.060001373291016,44.70000076293945,43.93000030517578,44.06999969482422,40.862754821777344,392300
2018-11-15,43.68000030517578,43.779998779296875,42.5,43.599998474121094,40.42695999145508,552100
2018-11-16,43.25,43.25,42.52000045776367,42.95000076293945,39.82427215576172,383000
2018-11-19,43.04999923706055,43.7400016784668,42.93000030517578,43.040000915527344,39.907718658447266,355500
2018-11-20,42.619998931884766,43.630001068115234,42.20000076293945,42.310001373291016,39.2308464050293,486400
2018-11-21,42.47999954223633,43.86000061035156,42.47999954223633,43.220001220703125,40.074615478515625,499300
2018-11-23,43.02000045776367,44.529998779296875,43.02000045776367,44.16999816894531,40.955482482910156,181900
2018-11-26,44.5099983215332,45.150001525878906,44.02000045776367,44.650001525878906,41.400543212890625,369900
2018-11-27,44.400001525878906,44.9900016784668,44.04999923706055,44.27000045776367,41.0482063293457,284000
2018-11-28,44.220001220703125,44.75,43.150001525878906,44.709999084472656,41.45618438720703,397600
2018-11-29,44.56999969482422,44.650001525878906,43.349998474121094,43.380001068115234,40.22298049926758,317100
2018-11-30,43.279998779296875,43.689998626708984,43.13999938964844,43.599998474121094,40.42695999145508,310800
2018-12-03,44.09000015258789,44.38999938964844,43.66999816894531,43.79999923706055,40.612403869628906,397100
2018-12-04,43.7400016784668,44.02000045776367,41.52000045776367,42.099998474121094,39.03612518310547,489200
2018-12-06,41.650001525878906,42.029998779296875,40.81999969482422,41.91999816894531,38.86922073364258,506900
2018-12-07,41.849998474121094,42.33000183105469,40.13999938964844,40.369998931884766,37.43202209472656,357800
2018-12-10,40.18000030517578,40.369998931884766,38.68000030517578,39.41999816894531,36.55116271972656,554300
2018-12-11,39.95000076293945,40.54999923706055,38.93000030517578,39.220001220703125,36.365718841552734,426900
2018-12-12,39.470001220703125,40.439998626708984,39.470001220703125,39.54999923706055,36.67170715332031,440500
2018-12-13,39.470001220703125,39.88999938964844,38.7599983215332,38.77000045776367,35.94847869873047,377700
2018-12-14,38.689998626708984,39.58000183105469,38.4900016784668,38.86000061035156,36.03192138671875,281000
2018-12-17,38.630001068115234,40.15999984741211,38.560001373291016,39.630001068115234,36.745887756347656,546800
2018-12-18,40.0,40.65999984741211,39.380001068115234,39.54999923706055,36.67170715332031,332200
2018-12-19,39.54999923706055,40.38999938964844,38.79999923706055,38.83000183105469,36.004112243652344,366900
2018-12-20,38.720001220703125,39.619998931884766,38.59000015258789,39.459999084472656,36.588253021240234,593000
2018-12-21,39.560001373291016,40.720001220703125,39.029998779296875,39.06999969482422,36.22663879394531,683700
2018-12-24,38.900001525878906,39.529998779296875,38.529998779296875,38.970001220703125,36.13391876220703,227900
2018-12-26,39.060001373291016,40.0,38.54999923706055,39.97999954223633,37.070411682128906,334300
2018-12-27,39.599998474121094,40.04999923706055,38.95000076293945,40.04999923706055,37.13531494140625,337400
2018-12-28,40.13999938964844,40.720001220703125,39.540000915527344,39.970001220703125,37.0611457824707,308300
2018-12-31,39.90999984741211,40.40999984741211,39.45000076293945,40.31999969482422,37.38566589355469,351500
2019-01-02,39.95000076293945,41.16999816894531,39.93000030517578,41.029998779296875,38.04399871826172,528700
2019-01-03,40.849998474121094,41.619998931884766,40.61000061035156,41.45000076293945,38.43342971801758,474300
2019-01-04,41.880001068115234,43.0,41.56999969482422,42.81999969482422,39.70372772216797,633000
2019-01-07,43.13999938964844,44.2599983215332,42.810001373291016,43.93000030517578,40.73295211791992,509300
2019-01-08,44.72999954223633,45.0,44.130001068115234,44.77000045776367,41.511817932128906,541000
2019-01-09,45.13999938964844,45.7599983215332,44.900001525878906,45.41999816894531,42.1145133972168,570900
2019-01-10,45.13999938964844,45.380001068115234,44.130001068115234,45.119998931884766,41.836341857910156,287600
2019-01-11,45.16999816894531,45.939998626708984,44.970001220703125,45.61000061035156,42.290687561035156,401900
2019-01-14,45.220001220703125,46.06999969482422,45.150001525878906,45.560001373291016,42.244327545166016,481400
2019-01-15,45.470001220703125,45.5099983215332,44.630001068115234,45.29999923706055,42.00324249267578,296000
2019-01-16,45.06999969482422,46.310001373291016,44.86000061035156,45.869998931884766,42.531761169433594,315300
2019-01-17,45.7400016784668,46.90999984741211,45.52000045776367,46.54999923706055,43.16227340698242,390500
2019-01-18,46.779998779296875,47.56999969482422,46.619998931884766,47.529998779296875,44.070953369140625,387000
2019-01-22,47.22999954223633,47.47999954223633,46.04999923706055,46.65999984741211,43.2642707824707,499800
2019-01-23,46.79999923706055,47.11000061035156,45.61000061035156,45.83000183105469,42.494667053222656,434000
2019-01-24,45.88999938964844,46.209999084472656,45.56999969482422,45.9900016784668,42.64303207397461,269600
2019-01-25,46.380001068115234,46.630001068115234,45.9900016784668,46.58000183105469,43.190093994140625,396800
2019-01-28,46.20000076293945,46.599998474121094,45.68000030517578,46.4900016784668,43.10664749145508,344200
2019-01-29,46.47999954223633,46.77000045776367,46.08000183105469,46.18000030517578,42.8192024230957,207600
2019-01-30,46.279998779296875,46.70000076293945,45.849998474121094,46.59000015258789,43.19935989379883,303200
2019-01-31,46.45000076293945,47.060001373291016,46.0099983215332,46.880001068115234,43.468257904052734,351000
2019-02-01,46.959999084472656,47.560001373291016,46.900001525878906,47.439998626708984,43.98749923706055,627200
2019-02-04,47.470001220703125,47.79999923706055,46.91999816894531,47.63999938964844,44.172943115234375,422300
2019-02-05,47.599998474121094,48.15999984741211,47.41999816894531,48.130001068115234,44.62729263305664,530800
2019-02-06,48.130001068115234,48.54999923706055,47.540000915527344,47.63999938964844,44.172943115234375,479500
2019-02-07,47.20000076293945,47.4900016784668,43.09000015258789,43.869998931884766,40.677310943603516,1117200
2019-02-08,43.20000076293945,44.189998626708984,41.88999938964844,42.04999923706055,39.3304443359375,976700
2019-02-11,41.900001525878906,42.560001373291016,41.72999954223633,41.970001220703125,39.25562286376953,738300
2019-02-12,42.06999969482422,43.59000015258789,42.06999969482422,43.54999923706055,40.73343276977539,531000
2019-02-13,44.06999969482422,44.5099983215332,42.88999938964844,43.189998626708984,40.3967170715332,679700
2019-02-14,42.93000030517578,43.599998474121094,42.5099983215332,43.27000045776367,40.47154998779297,515800
2019-02-15,43.52000045776367,44.45000076293945,43.38999938964844,44.150001525878906,41.29462814331055,644600
2019-02-19,43.619998931884766,44.11000061035156,43.22999954223633,43.81999969482422,40.9859733581543,414600
2019-02-20,43.7400016784668,44.84000015258789,43.7400016784668,44.61000061035156,41.72488021850586,590300
2019-02-21,44.689998626708984,44.75,43.66999816894531,43.72999954223633,40.90179443359375,269300
2019-02-22,43.72999954223633,44.09000015258789,43.52000045776367,43.7400016784668,40.91115188598633,263600
2019-02-25,43.880001068115234,44.20000076293945,43.47999954223633,43.52000045776367,40.70537567138672,447500
2019-02-26,43.65999984741211,44.40999984741211,43.15999984741211,44.09000015258789,41.2385139465332,620800
2019-02-27,44.16999816894531,44.689998626708984,43.970001220703125,44.18000030517578,41.32268524169922,559800
2019-02-28,44.150001525878906,44.630001068115234,43.720001220703125,44.439998626708984,41.56587219238281,508200
2019-03-01,44.720001220703125,45.380001068115234,43.650001525878906,44.189998626708984,41.3320426940918,593000
2019-03-04,44.209999084472656,44.27000045776367,43.220001220703125,43.349998474121094,40.546363830566406,395900
2019-03-05,43.33000183105469,44.15999984741211,42.75,43.779998779296875,40.94855880737305,459000
2019-03-06,43.81999969482422,44.18000030517578,42.95000076293945,43.279998779296875,40.480892181396484,661700
2019-03-07,43.119998931884766,43.119998931884766,41.9900016784668,42.25,39.51751708984375,657900
2019-03-08,41.900001525878906,42.220001220703125,41.630001068115234,42.04999923706055,39.3304443359375,442800
2019-03-11,42.2400016784668,42.5099983215332,41.59000015258789,42.2400016784668,39.50815963745117,610700
2019-03-12,42.33000183105469,42.61000061035156,42.060001373291016,42.380001068115234,39.63910675048828,398200
2019-03-13,42.470001220703125,42.97999954223633,42.369998931884766,42.38999938964844,39.64845275878906,420400
2019-03-14,42.220001220703125,42.77000045776367,42.16999816894531,42.630001068115234,39.87293243408203,467500
2019-03-15,42.630001068115234,43.20000076293945,42.5,42.869998931884766,40.097415924072266,1362300
2019-03-18,43.04999923706055,43.43000030517578,42.66999816894531,43.349998474121094,40.546363830566406,386500
2019-03-19,43.599998474121094,43.72999954223633,42.88999938964844,43.0099983215332,40.22836685180664,444800
2019-03-20,42.939998626708984,43.13999938964844,42.25,42.619998931884766,39.86357879638672,294800
2019-03-21,42.52000045776367,43.61000061035156,42.290000915527344,43.599998474121094,40.78019714355469,328600
2019-03-22,43.540000915527344,43.540000915527344,42.54999923706055,42.59000015258789,39.83551788330078,433700
2019-03-25,42.59000015258789,43.150001525878906,42.119998931884766,42.630001068115234,39.87293243408203,453500
2019-03-26,42.81999969482422,43.41999816894531,42.5099983215332,43.2599983215332,40.462196350097656,465500
2019-03-27,43.25,44.060001373291016,43.11000061035156,43.95000076293945,41.10756301879883,322700
2019-03-28,44.130001068115234,44.869998931884766,43.779998779296875,44.18000030517578,41.32268524169922,540000
2019-03-29,44.540000915527344,44.939998626708984,44.220001220703125,44.650001525878906,41.762290954589844,471600
2019-04-01,45.0,45.290000915527344,44.540000915527344,44.72999954223633,41.83711242675781,538600
2019-04-02,44.810001373291016,45.290000915527344,44.599998474121094,45.060001373291016,42.145782470703125,424400
2019-04-03,45.290000915527344,45.91999816894531,45.0099983215332,45.38999938964844,42.45443344116211,633300
2019-04-04,45.33000183105469,45.970001220703125,45.29999923706055,45.7400016784668,42.781795501708984,373900
2019-04-05,45.61000061035156,45.7599983215332,44.29999923706055,44.41999816894531,41.54716491699219,627500
2019-04-08,44.31999969482422,45.40999984741211,44.189998626708984,45.119998931884766,42.2018928527832,338000
2019-04-09,44.939998626708984,45.040000915527344,44.54999923706055,44.70000076293945,41.809059143066406,290000
2019-04-10,44.70000076293945,45.560001373291016,44.189998626708984,45.5,42.557315826416016,281000
2019-04-11,45.61000061035156,45.65999984741211,44.939998626708984,45.20000076293945,42.27671813964844,393700
2019-04-12,45.5099983215332,46.20000076293945,45.4900016784668,45.9900016784668,43.01563262939453,462200
2019-04-15,45.90999984741211,45.97999954223633,45.400001525878906,45.65999984741211,42.706974029541016,419100
2019-04-16,45.630001068115234,46.619998931884766,45.4900016784668,46.599998474121094,43.58617401123047,348900
2019-04-17,46.619998931884766,46.880001068115234,45.63999938964844,45.7400016784668,42.781795501708984,429300
2019-04-18,45.79999923706055,45.97999954223633,45.209999084472656,45.88999938964844,42.922096252441406,309900
2019-04-22,45.900001525878906,46.119998931884766,44.5099983215332,44.61000061035156,41.72488021850586,323800
2019-04-23,44.650001525878906,45.72999954223633,44.439998626708984,45.4900016784668,42.5479621887207,372700
2019-04-24,45.58000183105469,46.849998474121094,45.22999954223633,46.08000183105469,43.09980773925781,663900
2019-04-25,44.79999923706055,46.58000183105469,44.02000045776367,46.16999816894531,43.183982849121094,852200
2019-04-26,46.06999969482422,46.939998626708984,45.810001373291016,46.630001068115234,43.61423110961914,539300
2019-04-29,46.4900016784668,46.849998474121094,46.04999923706055,46.220001220703125,43.23075485229492,456900
2019-04-30,46.38999938964844,46.4900016784668,45.779998779296875,45.91999816894531,42.95015335083008,342700
2019-05-01,46.060001373291016,46.06999969482422,45.36000061035156,45.36000061035156,42.4263801574707,424300
2019-05-02,45.20000076293945,45.779998779296875,44.86000061035156,45.529998779296875,42.58538055419922,557500
2019-05-03,45.720001220703125,46.150001525878906,45.560001373291016,46.130001068115234,43.14657211303711,429300
2019-05-06,45.70000076293945,46.630001068115234,45.5,46.34000015258789,43.342994689941406,309700
2019-05-07,46.0,46.2400016784668,45.59000015258789,46.08000183105469,43.09980773925781,352200
2019-05-08,46.02000045776367,46.290000915527344,45.63999938964844,45.77000045776367,42.809852600097656,350200
2019-05-09,45.43000030517578,46.2400016784668,45.02000045776367,46.06999969482422,43.0904541015625,366900
2019-05-10,45.88999938964844,46.18000030517578,45.47999954223633,45.970001220703125,42.996925354003906,423700
2019-05-13,45.16999816894531,45.25,44.56999969482422,44.790000915527344,41.89324188232422,470000
2019-05-14,45.0099983215332,45.0099983215332,44.540000915527344,44.790000915527344,41.89324188232422,273900
2019-05-15,44.45000076293945,44.91999816894531,44.099998474121094,44.83000183105469,41.9306526184082,306400
2019-05-16,45.0,45.40999984741211,44.86000061035156,45.20000076293945,42.27671813964844,242200
2019-05-17,44.599998474121094,44.849998474121094,44.08000183105469,44.150001525878906,41.654029846191406,325500
2019-05-20,43.849998474121094,44.630001068115234,43.77000045776367,43.939998626708984,41.455902099609375,282800
2019-05-21,44.04999923706055,44.59000015258789,43.810001373291016,44.439998626708984,41.92763900756836,228600
2019-05-22,44.380001068115234,44.380001068115234,43.540000915527344,43.900001525878906,41.41817092895508,418400
2019-05-23,43.59000015258789,43.810001373291016,43.119998931884766,43.7599983215332,41.28607940673828,552700
2019-05-24,43.95000076293945,44.52000045776367,43.75,44.16999816894531,41.67290115356445,370600
2019-05-28,44.25,44.5,43.59000015258789,43.779998779296875,41.30494689941406,274600
2019-05-29,43.40999984741211,43.849998474121094,42.59000015258789,43.7599983215332,41.28607940673828,417700
2019-05-30,43.86000061035156,44.38999938964844,43.75,44.18000030517578,41.682334899902344,307600
2019-05-31,43.630001068115234,43.630001068115234,42.540000915527344,42.720001220703125,40.30487823486328,478700
2019-06-03,42.7599983215332,44.56999969482422,42.7599983215332,44.400001525878906,41.8899040222168,296800
2019-06-04,44.849998474121094,46.31999969482422,44.849998474121094,45.970001220703125,43.37114334106445,368400
2019-06-05,46.04999923706055,46.04999923706055,44.45000076293945,44.70000076293945,42.17293930053711,277700
2019-06-06,44.560001373291016,44.70000076293945,43.77000045776367,44.400001525878906,41.8899040222168,281700
2019-06-07,44.560001373291016,44.970001220703125,44.40999984741211,44.65999984741211,42.13520431518555,159900
2019-06-10,44.90999984741211,45.45000076293945,44.56999969482422,44.91999816894531,42.38050079345703,157700
2019-06-11,45.220001220703125,45.849998474121094,45.13999938964844,45.2400016784668,42.68241882324219,317000
2019-06-12,45.13999938964844,45.189998626708984,43.599998474121094,44.58000183105469,42.05972671508789,355200
2019-06-13,44.650001525878906,45.68000030517578,44.599998474121094,45.63999938964844,43.0598030090332,202500
2019-06-14,45.66999816894531,45.90999984741211,45.20000076293945,45.790000915527344,43.20132064819336,206400
2019-06-17,45.72999954223633,46.369998931884766,45.400001525878906,46.029998779296875,43.42774963378906,206100
2019-06-18,46.06999969482422,46.970001220703125,45.97999954223633,46.84000015258789,44.19195556640625,318700
2019-06-19,46.79999923706055,46.79999923706055,45.88999938964844,45.93000030517578,43.333404541015625,228500
2019-06-20,46.369998931884766,46.779998779296875,46.029998779296875,46.720001220703125,44.078739166259766,210200
2019-06-21,47.22999954223633,47.86000061035156,46.439998626708984,47.130001068115234,44.4655647277832,481400
2019-06-24,47.0,47.09000015258789,46.11000061035156,46.15999984741211,43.55040740966797,223600
2019-06-25,46.2599983215332,46.380001068115234,45.849998474121094,45.9900016784668,43.390010833740234,184300
2019-06-26,45.9900016784668,46.540000915527344,45.97999954223633,46.369998931884766,43.748531341552734,337700
2019-06-27,46.61000061035156,47.720001220703125,46.5,47.619998931884766,44.9278564453125,222500
2019-06-28,47.720001220703125,48.279998779296875,47.29999923706055,47.29999923706055,44.62594985961914,391700
2019-07-01,47.900001525878906,48.45000076293945,47.470001220703125,48.0,45.286376953125,335500
2019-07-02,47.95000076293945,47.95000076293945,47.36000061035156,47.75,45.050514221191406,230700
2019-07-03,47.84000015258789,48.310001373291016,47.36000061035156,48.189998626708984,45.465633392333984,156000
2019-07-05,47.970001220703125,48.5,47.77000045776367,47.93000030517578,45.22032928466797,161900
2019-07-08,47.900001525878906,48.11000061035156,47.0,47.0099983215332,44.35234451293945,300900
2019-07-09,47.06999969482422,47.33000183105469,46.619998931884766,46.83000183105469,44.18252182006836,238300
2019-07-10,46.77000045776367,46.90999984741211,46.2599983215332,46.34000015258789,43.7202262878418,309900
2019-07-11,46.400001525878906,46.7599983215332,46.209999084472656,46.58000183105469,43.94666290283203,164400
2019-07-12,46.66999816894531,47.11000061035156,45.68000030517578,45.88999938964844,43.29566192626953,396500
2019-07-15,45.869998931884766,46.060001373291016,45.099998474121094,45.47999954223633,42.908843994140625,231100
2019-07-16,45.150001525878906,45.63999938964844,44.4900016784668,45.029998779296875,42.484283447265625,411200
2019-07-17,45.029998779296875,45.150001525878906,44.5099983215332,44.75,42.22011184692383,339300
2019-07-18,44.66999816894531,44.970001220703125,44.16999816894531,44.279998779296875,41.77668380737305,376400
2019-07-19,44.4900016784668,44.86000061035156,44.099998474121094,44.11000061035156,41.616294860839844,251000
2019-07-22,44.189998626708984,45.09000015258789,44.099998474121094,44.5,41.984249114990234,478400
2019-07-23,45.04999923706055,47.130001068115234,45.0,46.54999923706055,43.91835403442383,520500
2019-07-24,46.5099983215332,48.279998779296875,46.5099983215332,48.13999938964844,45.41846466064453,389000
2019-07-25,47.959999084472656,48.41999816894531,46.66999816894531,46.72999954223633,44.088172912597656,407100
2019-07-26,46.650001525878906,46.91999816894531,45.77000045776367,46.5,43.87118148803711,451100
2019-07-29,46.529998779296875,47.060001373291016,46.18000030517578,46.86000061035156,44.21083450317383,372100
2019-07-30,44.869998931884766,46.5099983215332,44.380001068115234,45.119998931884766,42.569190979003906,744900
2019-07-31,45.189998626708984,46.63999938964844,45.189998626708984,45.970001220703125,43.37114334106445,412600
2019-08-01,45.70000076293945,46.349998474121094,44.25,44.81999969482422,42.28615951538086,407900
2019-08-02,44.88999938964844,45.59000015258789,44.72999954223633,45.369998931884766,42.80506134033203,328000
2019-08-05,44.220001220703125,44.93000030517578,43.83000183105469,44.59000015258789,42.06916427612305,384400
2019-08-06,44.900001525878906,45.150001525878906,44.2599983215332,44.869998931884766,42.33332443237305,284900
2019-08-07,44.33000183105469,44.52000045776367,43.70000076293945,44.150001525878906,41.654029846191406,281800
2019-08-08,44.08000183105469,44.869998931884766,43.97999954223633,44.70000076293945,42.55852127075195,244600
2019-08-09,44.560001373291016,44.66999816894531,44.040000915527344,44.119998931884766,42.00629806518555,261000
2019-08-12,44.29999923706055,44.689998626708984,43.31999969482422,43.58000183105469,41.49217987060547,529800
2019-08-13,43.29999923706055,44.90999984741211,42.81999969482422,44.189998626708984,42.07295608520508,339900
2019-08-14,43.47999954223633,43.560001373291016,42.720001220703125,42.7599983215332,40.71146011352539,455300
2019-08-15,42.83000183105469,42.83000183105469,41.2599983215332,41.75,39.749847412109375,580200
2019-08-16,42.0,43.220001220703125,42.0,42.869998931884766,40.816192626953125,264600
2019-08-19,43.34000015258789,43.599998474121094,42.66999816894531,42.779998779296875,40.730506896972656,276900
2019-08-20,42.63999938964844,43.029998779296875,42.33000183105469,42.630001068115234,40.58768844604492,286300
2019-08-21,43.029998779296875,43.09000015258789,42.41999816894531,42.72999954223633,40.682899475097656,280700
2019-08-22,42.88999938964844,43.13999938964844,42.709999084472656,42.84000015258789,40.78763198852539,319200
2019-08-23,42.529998779296875,43.09000015258789,41.66999816894531,41.81999969482422,39.816497802734375,395300
2019-08-26,42.09000015258789,42.83000183105469,41.81999969482422,42.38999938964844,40.35919189453125,322700
2019-08-27,42.810001373291016,42.97999954223633,41.849998474121094,41.93000030517578,39.92123031616211,355800
2019-08-28,41.720001220703125,42.7599983215332,41.720001220703125,42.650001525878906,40.60673522949219,441500
2019-08-29,42.9900016784668,43.41999816894531,42.59000015258789,42.90999984741211,40.854278564453125,366000
2019-08-30,43.09000015258789,43.279998779296875,42.529998779296875,42.779998779296875,40.730506896972656,203100
2019-09-03,42.380001068115234,42.380001068115234,41.59000015258789,41.84000015258789,39.83553695678711,335800
2019-09-04,42.34000015258789,42.54999923706055,41.81999969482422,42.54999923706055,40.51152420043945,238900
2019-09-05,43.189998626708984,44.75,43.04999923706055,44.5,42.368106842041016,296700
2019-09-06,44.61000061035156,44.880001068115234,44.209999084472656,44.2400016784668,42.12056350708008,250800
2019-09-09,44.56999969482422,46.52000045776367,44.56999969482422,46.5,44.27228927612305,446100
2019-09-10,46.369998931884766,48.75,46.13999938964844,48.72999954223633,46.395450592041016,622900
2019-09-11,48.63999938964844,49.279998779296875,47.599998474121094,48.43000030517578,46.10982131958008,385600
2019-09-12,48.540000915527344,48.720001220703125,47.40999984741211,47.689998626708984,45.405269622802734,358500
2019-09-13,47.84000015258789,48.54999923706055,47.630001068115234,47.959999084472656,45.66233825683594,366700
2019-09-16,47.959999084472656,48.130001068115234,46.77000045776367,46.849998474121094,44.60551452636719,371800
2019-09-17,46.439998626708984,46.869998931884766,46.0099983215332,46.599998474121094,44.36749267578125,254600
2019-09-18,46.599998474121094,46.66999816894531,45.5,46.0,43.796241760253906,278600
2019-09-19,46.06999969482422,46.25,45.689998626708984,45.91999816894531,43.72006607055664,329600
2019-09-20,46.029998779296875,46.650001525878906,45.7400016784668,45.79999923706055,43.60581588745117,481000
2019-09-23,45.61000061035156,46.880001068115234,45.599998474121094,46.65999984741211,44.424625396728516,243500
2019-09-24,47.2599983215332,47.77000045776367,45.970001220703125,46.45000076293945,44.22467803955078,233400
2019-09-25,46.52000045776367,47.06999969482422,46.2599983215332,46.65999984741211,44.424625396728516,149500
2019-09-26,46.54999923706055,46.689998626708984,45.38999938964844,46.099998474121094,43.891441345214844,248000
2019-09-27,46.08000183105469,46.7400016784668,45.88999938964844,46.27000045776367,44.05330276489258,299600
2019-09-30,46.41999816894531,47.43000030517578,46.38999938964844,47.279998779296875,45.014915466308594,246600
2019-10-01,47.279998779296875,47.95000076293945,45.68000030517578,45.849998474121094,43.65342712402344,245700
2019-10-02,45.47999954223633,45.70000076293945,44.540000915527344,44.619998931884766,42.48234939575195,265000
2019-10-03,44.619998931884766,44.709999084472656,43.63999938964844,44.43000030517578,42.30146026611328,226500
2019-10-04,44.25,44.27000045776367,43.470001220703125,44.099998474121094,41.98726272583008,200800
2019-10-07,43.90999984741211,44.369998931884766,43.5099983215332,43.59000015258789,41.50170135498047,222200
2019-10-08,43.189998626708984,43.189998626708984,42.40999984741211,42.630001068115234,40.58768844604492,281000
2019-10-09,42.970001220703125,42.970001220703125,42.470001220703125,42.7599983215332,40.71146011352539,291300
2019-10-10,42.91999816894531,43.61000061035156,42.61000061035156,43.22999954223633,41.1589469909668,272100
2019-10-11,43.939998626708984,45.13999938964844,43.709999084472656,44.08000183105469,41.96822738647461,428200
2019-10-14,44.0,44.029998779296875,43.29999923706055,43.65999984741211,41.56834411621094,143700
2019-10-15,43.9900016784668,45.619998931884766,43.849998474121094,45.08000183105469,42.92031478881836,671200
2019-10-16,45.45000076293945,47.0099983215332,45.33000183105469,46.61000061035156,44.37702560424805,342100
2019-10-17,46.970001220703125,47.2599983215332,46.060001373291016,46.880001068115234,44.63407897949219,223500
2019-10-18,46.58000183105469,47.349998474121094,46.43000030517578,47.29999923706055,45.033958435058594,222600
2019-10-21,47.77000045776367,48.0099983215332,46.849998474121094,47.779998779296875,45.490962982177734,251700
2019-10-22,47.560001373291016,47.599998474121094,46.72999954223633,47.209999084472656,44.94826889038086,273400
2019-10-23,47.2400016784668,48.720001220703125,47.040000915527344,48.630001068115234,46.30024337768555,240400
2019-10-24,48.75,49.52000045776367,48.33000183105469,48.630001068115234,46.30024337768555,442400
2019-10-25,48.33000183105469,48.970001220703125,48.06999969482422,48.66999816894531,46.33832931518555,282900
2019-10-28,48.959999084472656,50.38999938964844,48.959999084472656,50.15999984741211,47.75694274902344,442700
2019-10-29,50.20000076293945,51.0,48.4900016784668,48.790000915527344,46.45258331298828,495800
2019-10-30,48.939998626708984,49.38999938964844,48.25,49.13999938964844,46.78581237792969,293400
2019-10-31,49.09000015258789,49.2599983215332,48.36000061035156,48.720001220703125,46.38593292236328,198100
2019-11-01,49.13999938964844,50.70000076293945,49.13999938964844,50.689998626708984,48.26155090332031,367100
2019-11-04,51.27000045776367,52.45000076293945,50.84000015258789,52.150001525878906,49.651607513427734,516700
2019-11-05,52.439998626708984,53.130001068115234,52.09000015258789,52.5099983215332,49.994361877441406,317100
2019-11-06,52.47999954223633,52.56999969482422,51.45000076293945,51.83000183105469,49.34693908691406,440500
2019-11-07,52.18000030517578,52.63999938964844,50.91999816894531,50.91999816894531,48.867095947265625,466200
2019-11-08,50.959999084472656,51.290000915527344,50.63999938964844,51.040000915527344,48.982261657714844,263800
2019-11-11,50.619998931884766,51.439998626708984,50.40999984741211,51.2400016784668,49.174198150634766,180100
2019-11-12,51.15999984741211,51.779998779296875,51.15999984741211,51.36000061035156,49.28936004638672,151200
2019-11-13,50.880001068115234,51.77000045776367,50.689998626708984,51.31999969482422,49.25096893310547,389400
2019-11-14,51.279998779296875,52.029998779296875,51.02000045776367,51.36000061035156,49.28936004638672,233800
2019-11-15,51.7400016784668,52.0099983215332,51.09000015258789,51.7599983215332,49.67323684692383,257600
2019-11-18,51.56999969482422,51.56999969482422,50.75,51.130001068115234,49.06863021850586,304800
2019-11-19,51.150001525878906,51.77000045776367,50.68000030517578,51.220001220703125,49.155006408691406,259500
2019-11-20,51.040000915527344,51.2599983215332,50.29999923706055,50.75,48.703948974609375,401000
2019-11-21,51.060001373291016,51.060001373291016,50.08000183105469,50.66999816894531,48.627174377441406,356200
2019-11-22,50.7599983215332,51.2599983215332,50.63999938964844,51.09000015258789,49.030242919921875,262400
2019-11-25,51.20000076293945,51.720001220703125,50.88999938964844,51.599998474121094,49.519676208496094,283100
2019-11-26,51.63999938964844,51.66999816894531,50.31999969482422,50.63999938964844,48.598384857177734,318000
2019-11-27,50.65999984741211,51.41999816894531,50.540000915527344,51.400001525878906,49.3277473449707,174100
2019-11-29,51.150001525878906,51.15999984741211,50.47999954223633,50.4900016784668,48.45444107055664,96600
2019-12-02,50.619998931884766,50.95000076293945,50.380001068115234,50.61000061035156,48.56959533691406,270700
2019-12-03,50.060001373291016,50.29999923706055,49.36000061035156,50.2599983215332,48.233707427978516,314500
2019-12-04,50.43000030517578,51.04999923706055,50.20000076293945,50.2599983215332,48.233707427978516,167900
2019-12-05,50.400001525878906,50.7599983215332,50.31999969482422,50.5,48.46403121948242,173600
2019-12-06,51.040000915527344,51.5,50.869998931884766,51.099998474121094,49.03983688354492,152300
2019-12-09,51.08000183105469,51.27000045776367,50.810001373291016,50.93000030517578,48.8766975402832,200300
2019-12-10,50.83000183105469,51.5,50.5099983215332,51.45000076293945,49.375732421875,251300
2019-12-11,51.599998474121094,52.29999923706055,51.599998474121094,52.220001220703125,50.11468505859375,194200
2019-12-12,52.060001373291016,53.810001373291016,51.97999954223633,53.70000076293945,51.53501510620117,276200
2019-12-13,53.439998626708984,53.66999816894531,51.869998931884766,51.959999084472656,49.86517333984375,598500
2019-12-16,52.47999954223633,52.56999969482422,51.7400016784668,51.93000030517578,49.83637619018555,568400
2019-12-17,51.93000030517578,52.529998779296875,51.720001220703125,52.20000076293945,50.095497131347656,351800
2019-12-18,52.290000915527344,52.689998626708984,51.81999969482422,52.04999923706055,49.951541900634766,903200
2019-12-19,52.220001220703125,52.470001220703125,51.83000183105469,52.34000015258789,50.2298469543457,344800
2019-12-20,52.279998779296875,52.5,51.970001220703125,52.209999084472656,50.10508728027344,527800
2019-12-23,51.689998626708984,51.810001373291016,50.59000015258789,50.68000030517578,48.636775970458984,254100
2019-12-24,50.61000061035156,50.72999954223633,50.40999984741211,50.68000030517578,48.636775970458984,139000
2019-12-26,50.779998779296875,50.779998779296875,49.849998474121094,50.29999923706055,48.272090911865234,210700
2019-12-27,50.439998626708984,50.65999984741211,50.060001373291016,50.65999984741211,48.61758041381836,470800
2019-12-30,50.61000061035156,50.75,50.040000915527344,50.27000045776367,48.24330139160156,183600
2019-12-31,50.15999984741211,50.58000183105469,50.099998474121094,50.220001220703125,48.19532012939453,238600
2020-01-02,50.58000183105469,50.61000061035156,49.709999084472656,50.130001068115234,48.10894012451172,341200
2020-01-03,49.380001068115234,49.9900016784668,49.040000915527344,49.75,47.74427032470703,269100
2020-01-06,49.189998626708984,49.52000045776367,48.91999816894531,49.18000030517578,47.19724655151367,264900
2020-01-07,49.380001068115234,49.380001068115234,48.439998626708984,48.650001525878906,46.68861770629883,445900
2020-01-08,48.70000076293945,48.79999923706055,48.09000015258789,48.31999969482422,46.371925354003906,298100
2020-01-09,48.2599983215332,48.2599983215332,47.599998474121094,47.630001068115234,45.70973587036133,309800
2020-01-10,47.88999938964844,48.13999938964844,47.29999923706055,47.810001373291016,45.882484436035156,226600
2020-01-13,47.79999923706055,48.11000061035156,47.560001373291016,48.0,46.064815521240234,294100
2020-01-14,47.83000183105469,48.650001525878906,47.83000183105469,48.25,46.30474090576172,464300
2020-01-15,48.22999954223633,48.650001525878906,47.93000030517578,48.0099983215332,46.07441711425781,308800
2020-01-16,48.29999923706055,48.720001220703125,48.099998474121094,48.540000915527344,46.58305358886719,290000
2020-01-17,48.65999984741211,48.70000076293945,48.099998474121094,48.209999084472656,46.266357421875,240900
2020-01-21,48.040000915527344,48.150001525878906,47.400001525878906,47.91999816894531,45.9880485534668,141000
2020-01-22,48.06999969482422,48.58000183105469,47.97999954223633,48.119998931884766,46.17998123168945,223200
2020-01-23,47.9900016784668,49.18000030517578,47.650001525878906,49.08000183105469,47.101280212402344,378000
2020-01-24,49.2400016784668,49.2400016784668,47.91999816894531,48.31999969482422,46.371925354003906,248900
2020-01-27,47.5,48.540000915527344,47.5,48.20000076293945,46.25675582885742,264800
2020-01-28,48.40999984741211,48.689998626708984,48.11000061035156,48.290000915527344,46.3431282043457,164300
2020-01-29,48.43000030517578,48.97999954223633,48.43000030517578,48.58000183105469,46.621437072753906,171200
2020-01-30,48.11000061035156,48.36000061035156,47.540000915527344,48.150001525878906,46.20877456665039,158500
2020-01-31,48.13999938964844,48.22999954223633,46.93000030517578,46.970001220703125,45.07634735107422,169100
2020-02-03,47.04999923706055,47.970001220703125,47.04999923706055,47.31999969482422,45.412235260009766,277400
2020-02-04,47.939998626708984,48.5,47.099998474121094,47.20000076293945,45.29707336425781,305500
2020-02-05,49.529998779296875,52.79999923706055,48.560001373291016,51.790000915527344,49.7020263671875,600200
2020-02-06,51.77000045776367,51.77000045776367,49.16999816894531,50.119998931884766,48.0993537902832,463700
2020-02-07,50.02000045776367,50.560001373291016,49.369998931884766,50.29999923706055,48.272090911865234,354100
2020-02-10,50.40999984741211,50.7400016784668,49.720001220703125,50.47999954223633,48.44483184814453,286200
2020-02-11,50.9900016784668,51.86000061035156,50.560001373291016,51.630001068115234,49.5484733581543,243300
2020-02-12,51.9900016784668,52.7599983215332,51.779998779296875,52.16999816894531,50.06669998168945,299200
2020-02-13,52.040000915527344,52.470001220703125,51.630001068115234,52.099998474121094,49.99952697753906,309300
2020-02-14,52.33000183105469,52.38999938964844,51.619998931884766,51.810001373291016,49.72121810913086,232000
2020-02-18,51.81999969482422,52.33000183105469,51.7599983215332,51.849998474121094,49.75960159301758,283100
2020-02-19,51.959999084472656,52.59000015258789,51.63999938964844,52.5099983215332,50.39299392700195,193200
2020-02-20,52.29999923706055,53.380001068115234,52.29999923706055,52.970001220703125,50.834449768066406,167400
2020-02-21,52.34000015258789,52.97999954223633,52.29999923706055,52.81999969482422,51.09563446044922,207600
2020-02-24,51.33000183105469,51.540000915527344,50.7400016784668,50.779998779296875,49.122230529785156,290700
2020-02-25,50.959999084472656,51.029998779296875,48.31999969482422,48.540000915527344,46.955360412597656,304500
2020-02-26,48.65999984741211,49.349998474121094,47.40999984741211,47.40999984741211,45.862247467041016,188500
2020-02-27,46.470001220703125,47.34000015258789,45.119998931884766,45.13999938964844,43.666358947753906,337100
2020-02-28,43.93000030517578,46.06999969482422,43.5,46.02000045776367,44.51762771606445,448200
2020-03-02,46.27000045776367,46.79999923706055,44.540000915527344,46.790000915527344,45.26249694824219,309500
2020-03-03,46.790000915527344,47.869998931884766,44.4900016784668,45.0,43.530921936035156,353200
2020-03-04,45.7599983215332,45.90999984741211,44.90999984741211,45.880001068115234,44.3822021484375,234400
2020-03-05,44.70000076293945,44.709999084472656,42.93000030517578,43.68000030517578,42.25402069091797,273300
2020-03-06,42.290000915527344,44.439998626708984,42.25,44.2599983215332,42.815086364746094,377000
2020-03-09,40.779998779296875,41.86000061035156,40.7599983215332,41.0099983215332,39.67118453979492,496500
2020-03-10,42.15999984741211,43.029998779296875,40.630001068115234,42.25,40.87070846557617,420200
2020-03-11,41.11000061035156,41.65999984741211,39.939998626708984,40.029998779296875,38.72317886352539,471400
2020-03-12,36.099998474121094,38.279998779296875,34.189998626708984,34.439998626708984,33.315670013427734,536000
2020-03-13,36.40999984741211,36.66999816894531,33.77000045776367,36.13999938964844,34.96017074584961,561400
2020-03-16,28.110000610351562,32.959999084472656,28.110000610351562,28.690000534057617,27.753385543823242,667800
2020-03-17,29.200000762939453,29.559999465942383,25.729999542236328,26.56999969482422,25.702594757080078,695600
2020-03-18,24.549999237060547,24.770000457763672,20.040000915527344,21.719999313354492,21.010927200317383,953000
2020-03-19,21.290000915527344,24.100000381469727,19.989999771118164,23.31999969482422,22.55869483947754,993300
2020-03-20,23.270000457763672,24.959999084472656,21.6299991607666,22.09000015258789,21.368850708007812,894400
2020-03-23,21.93000030517578,22.18000030517578,20.309999465942383,21.31999969482422,20.623985290527344,575900
2020-03-24,22.850000381469727,24.780000686645508,21.959999084472656,24.709999084472656,23.903316497802734,803700
2020-03-25,25.190000534057617,29.889999389648438,24.690000534057617,28.43000030517578,27.501873016357422,570700
2020-03-26,29.020000457763672,29.610000610351562,27.940000534057617,28.40999984741211,27.482524871826172,444600
2020-03-27,27.399999618530273,27.809999465942383,26.389999389648438,27.6299991607666,26.727989196777344,398300
2020-03-30,27.59000015258789,28.489999771118164,26.110000610351562,28.43000030517578,27.501873016357422,700300
2020-03-31,28.25,28.889999389648438,27.389999389648438,28.0,27.085908889770508,368700
2020-04-01,26.75,27.06999969482422,25.170000076293945,26.149999618530273,25.296302795410156,510800
2020-04-02,25.59000015258789,26.219999313354492,24.049999237060547,24.540000915527344,23.73886489868164,480000
2020-04-03,24.399999618530273,24.81999969482422,22.469999313354492,23.030000686645508,22.27816390991211,415300
2020-04-06,24.350000381469727,26.860000610351562,24.329999923706055,26.350000381469727,25.489778518676758,481300
2020-04-07,28.149999618530273,30.15999984741211,27.700000762939453,28.639999389648438,27.705015182495117,863600
2020-04-08,29.299999237060547,32.93000030517578,28.809999465942383,31.739999771118164,30.703811645507812,725300
2020-04-09,32.5,35.95000076293945,32.5,33.540000915527344,32.44504928588867,620900
2020-04-13,33.790000915527344,33.790000915527344,31.25,31.940000534057617,30.89728546142578,381800
2020-04-14,32.959999084472656,33.54999923706055,31.690000534057617,31.940000534057617,30.89728546142578,538700
2020-04-15,30.280000686645508,31.06999969482422,29.260000228881836,30.34000015258789,29.349517822265625,387600
2020-04-16,30.6200008392334,30.68000030517578,29.690000534057617,29.950000762939453,28.972251892089844,466900
2020-04-17,31.309999465942383,32.619998931884766,31.309999465942383,32.40999984741211,31.35194206237793,433000
2020-04-20,31.579999923706055,31.770000457763672,29.860000610351562,30.15999984741211,29.17539405822754,372900
2020-04-21,29.049999237060547,29.969999313354492,29.010000228881836,29.389999389648438,28.430532455444336,246300
2020-04-22,30.059999465942383,30.059999465942383,28.56999969482422,28.959999084472656,28.014568328857422,298800
2020-04-23,29.079999923706055,30.8799991607666,29.0,29.899999618530273,28.92388153076172,231300
2020-04-24,30.639999389648438,31.6299991607666,30.34000015258789,31.270000457763672,30.249160766601562,248900
2020-04-27,32.45000076293945,33.5,31.799999237060547,32.93000030517578,31.854969024658203,297200
2020-04-28,33.70000076293945,34.95000076293945,33.54999923706055,34.45000076293945,33.325340270996094,260800
2020-04-29,35.91999816894531,37.619998931884766,35.619998931884766,37.22999954223633,36.014583587646484,307000
2020-04-30,36.88999938964844,36.88999938964844,35.4900016784668,35.97999954223633,34.805397033691406,287300
2020-05-01,35.0,35.599998474121094,33.27000045776367,34.13999938964844,33.02545928955078,250200
2020-05-04,33.13999938964844,34.349998474121094,32.31999969482422,34.2400016784668,33.12220001220703,194000
2020-05-05,34.7400016784668,35.779998779296875,33.84000015258789,33.880001068115234,32.773948669433594,238700
2020-05-06,34.34000015258789,34.93000030517578,32.5099983215332,33.11000061035156,32.02908706665039,350900
2020-05-07,33.84000015258789,35.65999984741211,33.84000015258789,34.70000076293945,33.56718444824219,420400
2020-05-08,35.75,36.40999984741211,35.0099983215332,36.0,34.82474136352539,377500
2020-05-11,36.0,36.150001525878906,35.06999969482422,35.5,34.341064453125,496500
2020-05-12,35.709999084472656,36.119998931884766,33.369998931884766,33.41999816894531,32.32896423339844,267300
2020-05-13,33.0,33.38999938964844,31.579999923706055,31.829999923706055,30.790874481201172,413200
2020-05-14,30.8799991607666,31.479999542236328,29.649999618530273,31.010000228881836,29.997648239135742,466100
2020-05-15,30.479999542236328,31.3799991607666,30.079999923706055,30.610000610351562,29.61070442199707,507000
2020-05-18,32.529998779296875,34.06999969482422,32.529998779296875,33.650001525878906,32.55146026611328,674700
2020-05-19,34.95000076293945,36.0,33.380001068115234,34.41999816894531,33.29631805419922,577600
2020-05-20,35.13999938964844,35.59000015258789,34.15999984741211,34.43000030517578,33.305999755859375,375600
2020-05-21,34.54999923706055,35.16999816894531,34.45000076293945,34.79999923706055,33.663917541503906,301400
2020-05-22,34.630001068115234,34.79999923706055,33.15999984741211,34.09000015258789,32.97709274291992,398600
2020-05-26,35.619998931884766,37.22999954223633,35.4900016784668,35.75,34.58290100097656,676300
2020-05-27,36.7599983215332,38.41999816894531,36.7599983215332,38.0099983215332,36.76912307739258,1178100
2020-05-28,38.41999816894531,38.41999816894531,36.72999954223633,36.869998931884766,35.66633987426758,589300
2020-05-29,36.33000183105469,36.7599983215332,35.47999954223633,35.7599983215332,34.59257125854492,504100
2020-06-01,35.7599983215332,36.77000045776367,35.34000015258789,35.9900016784668,34.81507110595703,351500
2020-06-02,36.5,37.75,36.5,37.150001525878906,35.937198638916016,335300
2020-06-03,38.130001068115234,39.7400016784668,37.75,39.43000030517578,38.14276885986328,464800
2020-06-04,39.029998779296875,39.95000076293945,38.650001525878906,39.720001220703125,38.42329788208008,504300
2020-06-05,42.0,43.970001220703125,41.72999954223633,43.619998931884766,42.195980072021484,667200
2020-06-08,44.470001220703125,45.849998474121094,43.849998474121094,44.290000915527344,42.84410858154297,455900
2020-06-09,43.5,43.70000076293945,41.630001068115234,43.34000015258789,41.92512130737305,453700
2020-06-10,43.86000061035156,43.86000061035156,41.119998931884766,41.209999084472656,39.864654541015625,463900
2020-06-11,38.959999084472656,39.849998474121094,37.779998779296875,38.09000015258789,36.84651184082031,381400
2020-06-12,39.939998626708984,40.540000915527344,38.58000183105469,39.720001220703125,38.42329788208008,413800
2020-06-15,37.79999923706055,40.810001373291016,37.79999923706055,40.41999816894531,39.10043716430664,466700
2020-06-16,42.77000045776367,42.90999984741211,40.119998931884766,40.86000061035156,39.526084899902344,479100
2020-06-17,40.93000030517578,41.310001373291016,39.439998626708984,39.68000030517578,38.384605407714844,286000
2020-06-18,39.0099983215332,40.90999984741211,38.84000015258789,40.29999923706055,38.9843635559082,417300
2020-06-19,41.04999923706055,41.150001525878906,38.08000183105469,38.209999084472656,36.96259307861328,739700
2020-06-22,38.02000045776367,39.27000045776367,37.34000015258789,39.060001373291016,37.78485107421875,350100
2020-06-23,40.93000030517578,40.93000030517578,39.5099983215332,40.47999954223633,39.15849304199219,340800
2020-06-24,39.7599983215332,39.93000030517578,37.33000183105469,37.689998626708984,36.45956802368164,372600
2020-06-25,37.310001373291016,37.470001220703125,36.43000030517578,37.189998626708984,35.97589111328125,581100
2020-06-26,37.13999938964844,37.290000915527344,36.31999969482422,36.45000076293945,35.260047912597656,602500
2020-06-29,37.08000183105469,38.88999938964844,36.310001373291016,38.540000915527344,37.28181838989258,319500
2020-06-30,38.22999954223633,39.2599983215332,38.08000183105469,38.709999084472656,37.44627380371094,440400
2020-07-01,39.16999816894531,40.040000915527344,38.779998779296875,39.09000015258789,37.813865661621094,702200
2020-07-02,40.18000030517578,41.16999816894531,39.150001525878906,39.279998779296875,37.99766540527344,305500
2020-07-06,40.0,40.91999816894531,39.540000915527344,40.439998626708984,39.11979293823242,396500
2020-07-07,39.93000030517578,40.529998779296875,39.529998779296875,40.0099983215332,38.703834533691406,321300
2020-07-08,40.11000061035156,41.279998779296875,39.959999084472656,41.06999969482422,39.729225158691406,375200
2020-07-09,41.31999969482422,41.529998779296875,39.150001525878906,39.40999984741211,38.123416900634766,351900
2020-07-10,39.79999923706055,40.95000076293945,39.209999084472656,40.88999938964844,39.55510330200195,297200
2020-07-13,41.310001373291016,41.900001525878906,40.400001525878906,40.470001220703125,39.14881134033203,275000
2020-07-14,40.369998931884766,42.38999938964844,40.2400016784668,42.38999938964844,41.006134033203125,353800
2020-07-15,42.88999938964844,44.939998626708984,42.88999938964844,44.709999084472656,43.250396728515625,398400
2020-07-16,45.65999984741211,47.0,44.83000183105469,46.41999816894531,44.904571533203125,660400
2020-07-17,45.810001373291016,46.380001068115234,45.29999923706055,46.02000045776367,44.51762771606445,467100
2020-07-20,46.08000183105469,46.08000183105469,44.7599983215332,45.099998474121094,43.627655029296875,273100
2020-07-21,45.4900016784668,46.29999923706055,45.09000015258789,46.08000183105469,44.57566452026367,275300
2020-07-22,46.310001373291016,47.7400016784668,45.84000015258789,47.25,45.70746994018555,479000
2020-07-23,47.9900016784668,48.41999816894531,46.36000061035156,47.15999984741211,45.62041473388672,620100
2020-07-24,46.689998626708984,47.36000061035156,46.630001068115234,46.77000045776367,45.243141174316406,298800
2020-07-27,46.790000915527344,47.2599983215332,46.13999938964844,47.130001068115234,45.59138870239258,395200
2020-07-28,46.81999969482422,47.5,46.400001525878906,46.52000045776367,45.00130081176758,281700
2020-07-29,46.9900016784668,47.84000015258789,45.45000076293945,47.7599983215332,46.20082473754883,463800
2020-07-30,47.560001373291016,47.68000030517578,46.22999954223633,46.439998626708984,44.92391586303711,309500
2020-07-31,47.560001373291016,47.560001373291016,44.40999984741211,44.81999969482422,43.3568000793457,375000
2020-08-03,45.08000183105469,45.72999954223633,44.38999938964844,44.7599983215332,43.298763275146484,503400
2020-08-04,44.63999938964844,45.689998626708984,44.61000061035156,44.86000061035156,43.395503997802734,391400
2020-08-05,45.369998931884766,46.380001068115234,44.77000045776367,46.310001373291016,44.798160552978516,306700
2020-08-06,46.0099983215332,46.72999954223633,45.75,45.81999969482422,44.32415771484375,188900
2020-08-07,45.63999938964844,45.959999084472656,45.0,45.630001068115234,44.14036178588867,200200
2020-08-10,45.650001525878906,46.849998474121094,45.650001525878906,46.459999084472656,44.94326400756836,217100
2020-08-11,47.189998626708984,48.16999816894531,47.189998626708984,47.529998779296875,45.978328704833984,307500
2020-08-12,48.060001373291016,48.52000045776367,47.45000076293945,48.189998626708984,46.616783142089844,285100
2020-08-13,47.7400016784668,48.29999923706055,47.060001373291016,47.22999954223633,45.68812561035156,171800
2020-08-14,47.290000915527344,47.97999954223633,47.290000915527344,47.72999954223633,46.17179870605469,188100
2020-08-17,47.56999969482422,48.599998474121094,47.56999969482422,48.40999984741211,46.82960891723633,279700
2020-08-18,48.279998779296875,49.15999984741211,47.72999954223633,48.95000076293945,47.35197448730469,483900
2020-08-19,48.939998626708984,48.939998626708984,47.68000030517578,48.02000045776367,46.45233917236328,280700
2020-08-20,47.59000015258789,48.06999969482422,47.4900016784668,47.599998474121094,46.046043395996094,232100
2020-08-21,47.41999816894531,48.470001220703125,47.11000061035156,48.029998779296875,46.46200942993164,362600
2020-08-24,48.36000061035156,48.959999084472656,47.9900016784668,48.630001068115234,47.042423248291016,250900
2020-08-25,48.95000076293945,49.09000015258789,48.150001525878906,48.68000030517578,47.090789794921875,374400
2020-08-26,48.68000030517578,48.68000030517578,47.29999923706055,47.959999084472656,46.39429473876953,377500
2020-08-27,48.58000183105469,49.2400016784668,48.349998474121094,48.84000015258789,47.24557113647461,323200
2020-08-28,49.150001525878906,50.130001068115234,48.939998626708984,48.95000076293945,47.35197448730469,202400
2020-08-31,48.880001068115234,48.95000076293945,47.0,47.16999816894531,45.630088806152344,321900
2020-09-01,47.08000183105469,49.11000061035156,46.75,48.90999984741211,47.31328201293945,305900
2020-09-02,48.869998931884766,49.349998474121094,48.0099983215332,49.2599983215332,47.651859283447266,247400
2020-09-03,49.2400016784668,49.689998626708984,48.310001373291016,48.59000015258789,47.00373077392578,300500
2020-09-04,49.310001373291016,49.5,47.529998779296875,48.25,46.67483139038086,374300
2020-09-08,47.45000076293945,48.93000030517578,47.290000915527344,48.2599983215332,46.68450164794922,356700
2020-09-09,48.400001525878906,49.7400016784668,48.220001220703125,49.599998474121094,47.98075485229492,276400
2020-09-10,50.209999084472656,50.59000015258789,47.880001068115234,48.09000015258789,46.52005386352539,311100
2020-09-11,48.31999969482422,48.43000030517578,47.63999938964844,47.95000076293945,46.384620666503906,212100
2020-09-14,48.45000076293945,49.2599983215332,48.40999984741211,49.040000915527344,47.43904113769531,264600
2020-09-15,49.5099983215332,50.290000915527344,48.41999816894531,49.720001220703125,48.096839904785156,291800
2020-09-16,50.13999938964844,50.310001373291016,48.939998626708984,49.380001068115234,47.767940521240234,267100
2020-09-17,48.599998474121094,49.08000183105469,48.130001068115234,48.970001220703125,47.37132263183594,328100
2020-09-18,48.93000030517578,49.349998474121094,47.849998474121094,48.0,46.43299102783203,450700
2020-09-21,47.02000045776367,47.02000045776367,45.689998626708984,46.650001525878906,45.12705993652344,278200
2020-09-22,47.130001068115234,47.95000076293945,46.93000030517578,47.2599983215332,45.71714782714844,173600
2020-09-23,47.83000183105469,48.529998779296875,46.91999816894531,46.959999084472656,45.426944732666016,281600
2020-09-24,46.47999954223633,46.90999984741211,45.599998474121094,46.22999954223633,44.72077178955078,307500
2020-09-25,45.95000076293945,46.63999938964844,45.58000183105469,46.310001373291016,44.798160552978516,252000
2020-09-28,47.18000030517578,48.33000183105469,47.15999984741211,48.18000030517578,46.607112884521484,340600
2020-09-29,48.2599983215332,48.380001068115234,47.349998474121094,47.630001068115234,46.075069427490234,240200
2020-09-30,47.83000183105469,48.4900016784668,47.279998779296875,47.65999984741211,46.104087829589844,380000
2020-10-01,48.06999969482422,48.52000045776367,46.970001220703125,47.970001220703125,46.403968811035156,541100
2020-10-02,46.9900016784668,49.939998626708984,46.9900016784668,49.66999816894531,48.04846954345703,286500
2020-10-05,49.88999938964844,52.34000015258789,49.88999938964844,51.9900016784668,50.29273223876953,449800
2020-10-06,53.13999938964844,54.86000061035156,52.849998474121094,53.54999923706055,51.80180740356445,514300
2020-10-07,54.4900016784668,55.7400016784668,54.4900016784668,54.75,52.96262741088867,586400
2020-10-08,55.13999938964844,55.70000076293945,54.33000183105469,55.619998931884766,53.80422592163086,381300
2020-10-09,55.939998626708984,56.060001373291016,55.16999816894531,55.40999984741211,53.6010856628418,308800
2020-10-12,55.58000183105469,56.11000061035156,54.7599983215332,54.83000183105469,53.040016174316406,250300
2020-10-13,54.29999923706055,54.529998779296875,53.209999084472656,53.2400016784668,51.501930236816406,260700
2020-10-14,53.52000045776367,54.47999954223633,52.40999984741211,52.619998931884766,50.902156829833984,232400
2020-10-15,52.0,55.099998474121094,51.88999938964844,54.91999816894531,53.127079010009766,196000
2020-10-16,54.959999084472656,55.619998931884766,54.2599983215332,55.130001068115234,53.33022689819336,193800
2020-10-19,56.0,56.880001068115234,55.68000030517578,55.9900016784668,54.16215133666992,404800
2020-10-20,56.599998474121094,56.93000030517578,55.720001220703125,56.099998474121094,54.2685546875,333700
2020-10-21,56.720001220703125,58.119998931884766,56.130001068115234,56.31999969482422,54.48137283325195,524400
2020-10-22,56.630001068115234,57.70000076293945,54.86000061035156,55.310001373291016,53.50434875488281,557500
2020-10-23,55.630001068115234,56.06999969482422,53.84000015258789,55.130001068115234,53.33022689819336,382600
2020-10-26,54.189998626708984,54.41999816894531,52.31999969482422,54.099998474121094,52.33384704589844,589500
2020-10-27,53.810001373291016,53.810001373291016,52.11000061035156,53.0,51.26975631713867,378000
2020-10-28,51.58000183105469,52.869998931884766,51.0099983215332,51.529998779296875,49.847747802734375,339700
2020-10-29,51.349998474121094,52.86000061035156,50.869998931884766,52.04999923706055,50.35076904296875,288900
2020-10-30,51.68000030517578,51.939998626708984,50.45000076293945,51.15999984741211,49.48982620239258,216900
2020-11-02,51.810001373291016,52.61000061035156,51.630001068115234,52.56999969482422,50.85379409790039,210300
2020-11-03,53.61000061035156,54.70000076293945,53.209999084472656,54.290000915527344,52.517642974853516,225100
2020-11-04,53.529998779296875,54.470001220703125,52.560001373291016,54.290000915527344,52.517642974853516,231800
2020-11-05,54.779998779296875,56.880001068115234,54.779998779296875,55.97999954223633,54.15247344970703,311200
2020-11-06,55.91999816894531,56.29999923706055,54.689998626708984,55.08000183105469,53.281856536865234,290300
2020-11-09,57.59000015258789,60.08000183105469,57.59000015258789,58.06999969482422,56.60588073730469,467200
2020-11-10,58.529998779296875,60.72999954223633,58.209999084472656,59.869998931884766,58.360496520996094,376100
2020-11-11,59.79999923706055,60.0,58.29999923706055,59.63999938964844,58.136295318603516,231200
2020-11-12,59.09000015258789,59.52000045776367,56.959999084472656,57.83000183105469,56.37192916870117,314300
2020-11-13,58.47999954223633,59.7400016784668,58.33000183105469,59.529998779296875,58.02906799316406,189200
2020-11-16,60.779998779296875,61.72999954223633,59.63999938964844,61.36000061035156,59.812931060791016,297500
2020-11-17,60.970001220703125,61.349998474121094,59.97999954223633,61.16999816894531,59.627716064453125,184200
2020-11-18,61.349998474121094,62.709999084472656,59.540000915527344,59.63999938964844,58.136295318603516,355200
2020-11-19,59.56999969482422,60.09000015258789,57.34000015258789,58.04999923706055,56.58638000488281,487400
2020-11-20,58.0099983215332,58.0099983215332,56.209999084472656,56.83000183105469,55.39714431762695,540700
2020-11-23,57.38999938964844,59.220001220703125,57.279998779296875,58.91999816894531,57.434444427490234,223300
2020-11-24,59.79999923706055,61.52000045776367,59.349998474121094,60.470001220703125,58.945369720458984,200100
2020-11-25,59.9900016784668,59.9900016784668,57.959999084472656,58.9900016784668,57.502689361572266,213900
2020-11-27,59.0,59.310001373291016,57.79999923706055,57.939998626708984,56.479156494140625,146200
2020-11-30,57.7599983215332,58.09000015258789,55.029998779296875,55.06999969482422,53.6815185546875,634400
2020-12-01,55.900001525878906,58.220001220703125,55.290000915527344,57.439998626708984,55.991764068603516,614100
2020-12-02,57.0099983215332,57.90999984741211,55.790000915527344,57.54999923706055,56.0989875793457,330300
2020-12-03,57.81999969482422,59.52000045776367,57.65999984741211,58.040000915527344,56.576637268066406,385400
2020-12-04,58.310001373291016,59.08000183105469,57.31999969482422,58.529998779296875,57.05427932739258,173200
2020-12-07,58.709999084472656,59.31999969482422,56.650001525878906,56.97999954223633,55.543357849121094,330300
2020-12-08,56.459999084472656,57.060001373291016,55.95000076293945,56.040000915527344,54.6270637512207,311900
2020-12-09,56.650001525878906,58.90999984741211,56.43000030517578,58.83000183105469,57.34672164916992,378200
2020-12-10,58.43000030517578,58.52000045776367,56.439998626708984,56.90999984741211,55.475128173828125,549700
2020-12-11,56.040000915527344,58.369998931884766,56.040000915527344,57.95000076293945,56.48890686035156,277500
2020-12-14,58.9900016784668,59.119998931884766,56.66999816894531,56.70000076293945,55.27042007446289,368400
2020-12-15,57.150001525878906,58.25,56.849998474121094,58.119998931884766,56.65462112426758,240000
2020-12-16,58.540000915527344,58.630001068115234,57.529998779296875,58.31999969482422,56.84957504272461,219900
2020-12-17,58.540000915527344,59.0,57.959999084472656,58.720001220703125,57.2394905090332,200400
2020-12-18,58.720001220703125,59.04999923706055,56.720001220703125,57.16999816894531,55.72856903076172,1160600
2020-12-21,55.86000061035156,57.2400016784668,55.63999938964844,56.689998626708984,55.26067352294922,297100
2020-12-22,56.689998626708984,57.130001068115234,55.95000076293945,56.0099983215332,54.597816467285156,358500
2020-12-23,56.529998779296875,58.27000045776367,56.470001220703125,58.130001068115234,56.66436767578125,340800
2020-12-24,58.5,58.5,57.29999923706055,57.689998626708984,56.2354621887207,90700
2020-12-28,58.15999984741211,58.459999084472656,57.47999954223633,57.9900016784668,56.527896881103516,195700
2020-12-29,58.279998779296875,58.369998931884766,56.7400016784668,57.91999816894531,56.459659576416016,229200
2020-12-30,58.02000045776367,59.630001068115234,58.02000045776367,58.849998474121094,57.3662109375,224800
2020-12-31,59.09000015258789,59.599998474121094,58.119998931884766,59.38999938964844,57.89259719848633,172900
2021-01-04,59.619998931884766,60.09000015258789,56.25,57.470001220703125,56.0210075378418,412700
2021-01-05,57.59000015258789,59.11000061035156,57.099998474121094,58.880001068115234,57.39545822143555,266400
2021-01-06,59.619998931884766,62.220001220703125,59.619998931884766,61.279998779296875,59.73494338989258,832400
2021-01-07,61.720001220703125,63.5099983215332,61.720001220703125,62.9900016784668,61.401832580566406,673300
2021-01-08,63.34000015258789,63.72999954223633,61.90999984741211,62.400001525878906,60.82670974731445,482800
2021-01-11,61.7400016784668,63.25,60.959999084472656,63.0,61.41157913208008,543700
2021-01-12,63.400001525878906,64.98999786376953,62.7599983215332,64.93000030517578,63.29291534423828,286500
2021-01-13,64.88999938964844,65.37000274658203,62.779998779296875,62.900001525878906,61.31410217285156,234100
2021-01-14,63.209999084472656,65.23999786376953,62.880001068115234,64.76000213623047,63.1272087097168,345100
2021-01-15,64.51000213623047,64.91000366210938,63.22999954223633,64.41000366210938,62.78603744506836,192600
2021-01-19,65.01000213623047,65.20999908447266,63.880001068115234,64.11000061035156,62.493595123291016,228100
2021-01-20,64.80000305175781,66.51000213623047,63.68000030517578,65.80999755859375,64.1507339477539,286800
2021-01-21,65.93000030517578,66.83999633789062,65.68000030517578,66.08999633789062,64.42366027832031,260100
2021-01-22,65.11000061035156,65.48999786376953,63.93000030517578,65.31999969482422,63.673091888427734,247400
2021-01-25,65.1500015258789,65.63999938964844,62.720001220703125,64.16000366210938,62.542335510253906,175700
2021-01-26,64.6500015258789,65.47000122070312,64.23999786376953,65.43000030517578,63.780311584472656,232200
2021-01-27,64.33999633789062,64.62999725341797,59.45000076293945,60.56999969482422,59.0428466796875,403500
2021-01-28,61.040000915527344,62.65999984741211,59.88999938964844,61.88999938964844,60.329566955566406,405800
2021-01-29,61.7400016784668,62.38999938964844,59.65999984741211,59.84000015258789,58.33125686645508,321100
2021-02-01,60.380001068115234,61.68000030517578,60.060001373291016,61.29999923706055,59.75444030761719,401800
2021-02-02,62.31999969482422,62.90999984741211,60.779998779296875,61.459999084472656,59.910404205322266,185400
2021-02-03,61.689998626708984,63.349998474121094,60.369998931884766,63.189998626708984,61.5967903137207,248900
2021-02-04,63.189998626708984,64.66999816894531,63.02000045776367,64.54000091552734,62.912750244140625,243700
2021-02-05,64.9000015258789,65.48999786376953,64.2300033569336,65.30000305175781,63.653587341308594,194300
2021-02-08,65.55999755859375,67.45999908447266,65.54000091552734,66.80000305175781,65.11577606201172,282300
2021-02-09,66.4000015258789,66.58999633789062,65.4000015258789,65.5999984741211,64.36031341552734,170500
2021-02-10,66.1500015258789,66.9800033569336,64.44999694824219,65.94000244140625,64.69389343261719,424800
2021-02-11,66.58999633789062,67.16999816894531,64.56999969482422,65.37000274658203,64.13467407226562,215800
2021-02-12,65.2699966430664,66.25,64.91999816894531,66.13999938964844,64.89010620117188,147300
2021-02-16,66.93000030517578,67.69000244140625,65.4800033569336,65.7699966430664,64.527099609375,233800
2021-02-17,64.97000122070312,66.33999633789062,64.52999877929688,64.7699966430664,63.54600524902344,259000
2021-02-18,64.26000213623047,65.1500015258789,63.599998474121094,63.599998474121094,62.39811706542969,351000
2021-02-19,63.97999954223633,66.19000244140625,63.97999954223633,65.97000122070312,64.72332763671875,227800
2021-02-22,66.08000183105469,67.41000366210938,65.79000091552734,66.37999725341797,65.12557983398438,245000
2021-02-23,66.30000305175781,66.47000122070312,64.33999633789062,66.29000091552734,65.03727722167969,363800
2021-02-24,66.83000183105469,69.62999725341797,66.36000061035156,69.44999694824219,68.13755798339844,263000
2021-02-25,69.70999908447266,69.95999908447266,67.04000091552734,67.05999755859375,65.79273223876953,206800
2021-02-26,67.19999694824219,69.41000366210938,66.81999969482422,67.9800033569336,66.69535064697266,212200
2021-03-01,69.68000030517578,70.9800033569336,69.30000305175781,69.56999969482422,68.25529479980469,288000
2021-03-02,69.41999816894531,70.4000015258789,68.81999969482422,69.69999694824219,68.38284301757812,137000
2021-03-03,70.5,72.45999908447266,70.37000274658203,70.95999908447266,69.61903381347656,172900
2021-03-04,70.6500015258789,72.33999633789062,69.79000091552734,71.43000030517578,70.08015441894531,299600
2021-03-05,72.9800033569336,77.98999786376953,72.48999786376953,77.7300033569336,76.26109313964844,544000
2021-03-08,77.94999694824219,81.9000015258789,77.7699966430664,80.05999755859375,78.54706573486328,440300
2021-03-09,80.0999984741211,80.38999938964844,78.30000305175781,79.55999755859375,78.05651092529297,198800
2021-03-10,80.56999969482422,84.01000213623047,80.02999877929688,83.43000030517578,81.85337829589844,321200
2021-03-11,83.29000091552734,84.91999816894531,82.30999755859375,84.25,82.65788269042969,298500
2021-03-12,84.73999786376953,85.5199966430664,83.08999633789062,84.80999755859375,83.2072982788086,182300
2021-03-15,84.88999938964844,85.16999816894531,83.37000274658203,85.02999877929688,83.42314147949219,203400
2021-03-16,84.37000274658203,85.26000213623047,83.43000030517578,84.80000305175781,83.1974868774414,197000
2021-03-17,84.83999633789062,85.55999755859375,84.12000274658203,85.02999877929688,83.42314147949219,235500
2021-03-18,84.72000122070312,85.33000183105469,82.0199966430664,82.44000244140625,80.88208770751953,542100
2021-03-19,81.81999969482422,83.33999633789062,80.69000244140625,81.5,79.95984649658203,508500
2021-03-22,80.93000030517578,81.05999755859375,77.98999786376953,80.12999725341797,78.61573791503906,320700
2021-03-23,79.02999877929688,79.66999816894531,76.88999938964844,77.62000274658203,76.1531753540039,252700
2021-03-24,78.72000122070312,79.70999908447266,75.98999786376953,76.37000274658203,74.92680358886719,269700
2021-03-25,75.37000274658203,79.51000213623047,74.75,79.33999633789062,77.84066009521484,169300
2021-03-26,80.08999633789062,81.95999908447266,79.44000244140625,81.58000183105469,80.03833770751953,131800
2021-03-29,81.66999816894531,82.9000015258789,79.5199966430664,79.54000091552734,78.0368881225586,181900
2021-03-30,79.88999938964844,82.83999633789062,79.12999725341797,82.08000183105469,80.52889251708984,218800
2021-03-31,82.27999877929688,82.37999725341797,80.19000244140625,80.23999786376953,78.72366333007812,225200
2021-04-01,80.76000213623047,81.25,79.33999633789062,80.87000274658203,79.34175109863281,193700
2021-04-05,82.06999969482422,82.13999938964844,80.0,82.08000183105469,80.52889251708984,257400
2021-04-06,81.08000183105469,82.68000030517578,80.69000244140625,81.4800033569336,79.94023132324219,347900
2021-04-07,81.30000305175781,82.48999786376953,80.11000061035156,80.75,79.22401428222656,178200
2021-04-08,80.43000030517578,81.19000244140625,78.87000274658203,81.11000061035156,79.57722473144531,161300
2021-04-09,81.30999755859375,83.63999938964844,81.30999755859375,83.47000122070312,81.89262390136719,221300
2021-04-12,83.56999969482422,85.33000183105469,83.56999969482422,84.8499984741211,83.24652862548828,259000
2021-04-13,84.81999969482422,85.02999877929688,82.68000030517578,83.66999816894531,82.0888442993164,252900
2021-04-14,83.94000244140625,87.27999877929688,83.94000244140625,86.01000213623047,84.3846206665039,390300
2021-04-15,86.16999816894531,87.30999755859375,84.55999755859375,86.5,84.86536407470703,234300
2021-04-16,87.0,87.68000030517578,86.43000030517578,87.0,85.35590362548828,367000
2021-04-19,86.70999908447266,86.79000091552734,84.91999816894531,86.47000122070312,84.8359375,237500
2021-04-20,86.88999938964844,87.45999908447266,84.12999725341797,85.12000274658203,83.51144409179688,328900
2021-04-21,85.04000091552734,87.6500015258789,84.91000366210938,87.29000091552734,85.64043426513672,196300
2021-04-22,87.43000030517578,87.54000091552734,85.20999908447266,85.44999694824219,83.83519744873047,201600
2021-04-23,86.3499984741211,88.87000274658203,85.05999755859375,88.5999984741211,86.92567443847656,195600
2021-04-26,89.37999725341797,90.56999969482422,87.83000183105469,88.58999633789062,86.91585540771484,247900
2021-04-27,88.33999633789062,89.5,88.12999725341797,88.44999694824219,86.77851104736328,246700
2021-04-28,88.18000030517578,90.19000244140625,86.61000061035156,88.75,87.07284545898438,262600
2021-04-29,90.54000091552734,91.12000274658203,88.19999694824219,88.79000091552734,87.1120834350586,302300
2021-04-30,88.93000030517578,89.44999694824219,87.25,87.69000244140625,86.03288269042969,316000
2021-05-03,88.7300033569336,91.43000030517578,88.7300033569336,90.27999877929688,88.57392883300781,305200
2021-05-04,90.08999633789062,91.45999908447266,88.76000213623047,90.51000213623047,88.7995834350586,394700
2021-05-05,91.18000030517578,91.87999725341797,89.72000122070312,90.54000091552734,88.82901000976562,240800
2021-05-06,90.98999786376953,92.45999908447266,89.4800033569336,92.37000274658203,90.62442779541016,231400
2021-05-07,91.87999725341797,92.48999786376953,91.06999969482422,92.12999725341797,90.38896179199219,172500
2021-05-10,92.19999694824219,93.44999694824219,91.72000122070312,91.83999633789062,90.10444641113281,258200
2021-05-11,90.0,91.0,87.72000122070312,89.41999816894531,87.73018646240234,186300
2021-05-12,88.97000122070312,89.16999816894531,86.20999908447266,86.61000061035156,84.9732894897461,197400
2021-05-13,87.16999816894531,89.62000274658203,87.16999816894531,88.80999755859375,87.13170623779297,185000
2021-05-14,89.9800033569336,92.37000274658203,89.36000061035156,92.06999969482422,90.33010864257812,194400
2021-05-17,91.91999816894531,92.55000305175781,90.76000213623047,92.51000213623047,90.76178741455078,154800
2021-05-18,92.37000274658203,92.8499984741211,89.98999786376953,90.0,88.29920959472656,193700
2021-05-19,87.94000244140625,87.94000244140625,82.72000122070312,85.02999877929688,83.42314147949219,447000
2021-05-20,85.37000274658203,86.0,84.36000061035156,84.80999755859375,83.2072982788086,248600
2021-05-21,85.7300033569336,86.5199966430664,85.25,85.80000305175781,84.61759185791016,229400
2021-05-24,86.45999908447266,86.5,85.36000061035156,85.41999816894531,84.24282836914062,140600
2021-05-25,85.55000305175781,86.16000366210938,83.73999786376953,83.93000030517578,82.77336120605469,301500
2021-05-26,84.80000305175781,85.25,83.86000061035156,85.20999908447266,84.03572082519531,314300
2021-05-27,86.43000030517578,87.45999908447266,85.5199966430664,85.66000366210938,84.47952270507812,216600
2021-05-28,86.27999877929688,86.27999877929688,84.5,85.58999633789062,84.41048431396484,161800
2021-06-01,86.77999877929688,87.18000030517578,85.5,86.95999908447266,85.76160430908203,182800
2021-06-02,87.19000244140625,87.52999877929688,83.37999725341797,83.61000061035156,82.45777130126953,317700
2021-06-03,83.19000244140625,83.58999633789062,82.12999725341797,83.06999969482422,81.92520904541016,179600
2021-06-04,82.94000244140625,82.94000244140625,80.12000274658203,81.04000091552734,79.92318725585938,479100
2021-06-07,81.0,81.08999633789062,78.9800033569336,79.47000122070312,78.37483215332031,466000
2021-06-08,79.5999984741211,81.33999633789062,79.36000061035156,80.66000366210938,79.54842376708984,320600
2021-06-09,80.44000244140625,80.44000244140625,78.68000030517578,79.0199966430664,77.93102264404297,330800
2021-06-10,79.94999694824219,80.23999786376953,78.87999725341797,79.2699966430664,78.17757415771484,338800
2021-06-11,79.5,80.73999786376953,79.5,80.13999938964844,79.03559112548828,172700
2021-06-14,80.13999938964844,80.7300033569336,77.5999984741211,77.91999816894531,76.84618377685547,205800
2021-06-15,78.11000061035156,78.81999969482422,76.69999694824219,78.55999755859375,77.47736358642578,260500
2021-06-16,78.26000213623047,78.27999877929688,76.62999725341797,78.01000213623047,76.93495178222656,196500
2021-06-17,78.27999877929688,78.27999877929688,73.22000122070312,74.44000244140625,73.41413879394531,327400
2021-06-18,73.19000244140625,73.56999969482422,72.3499984741211,72.58000183105469,71.57978057861328,346300
2021-06-21,73.63999938964844,75.3499984741211,73.63999938964844,74.41999816894531,73.39441680908203,200200
2021-06-22,74.41000366210938,74.93000030517578,72.87000274658203,74.4000015258789,73.37469482421875,240600
2021-06-23,74.68000030517578,75.05000305175781,73.43000030517578,74.31999969482422,73.2957992553711,159800
2021-06-24,74.75,75.05000305175781,73.61000061035156,74.01000213623047,72.99007415771484,340800
2021-06-25,74.87000274658203,75.91999816894531,74.56999969482422,74.94999694824219,73.91710662841797,765800
2021-06-28,75.0,75.1500015258789,73.76000213623047,74.26000213623047,73.23662567138672,310100
2021-06-29,74.55999755859375,75.16999816894531,74.20999908447266,74.30000305175781,73.27606964111328,170000
2021-06-30,74.44000244140625,75.62999725341797,74.16999816894531,75.48999786376953,74.44967651367188,300100
2021-07-01,76.30999755859375,78.19000244140625,75.8499984741211,77.97000122070312,76.89550018310547,263700
2021-07-02,77.68000030517578,78.72000122070312,77.47000122070312,77.91999816894531,76.84618377685547,247100
2021-07-06,77.8499984741211,77.8499984741211,75.06999969482422,75.69000244140625,74.64691925048828,171100
2021-07-07,75.06999969482422,76.86000061035156,74.88999938964844,76.33999633789062,75.28795623779297,197100
2021-07-08,74.5199966430664,77.31999969482422,73.11000061035156,75.52999877929688,74.48912048339844,396600
2021-07-09,77.31999969482422,78.87999725341797,76.94000244140625,78.62000274658203,77.53654479980469,202000
2021-07-12,77.58000183105469,80.13999938964844,77.58000183105469,80.04000091552734,78.93696594238281,354800
2021-07-13,79.5,79.8499984741211,78.27999877929688,78.75,77.66474914550781,171900
2021-07-14,79.04000091552734,80.66999816894531,78.87000274658203,78.98999786376953,77.90144348144531,182000
2021-07-15,79.33000183105469,81.62999725341797,78.66000366210938,78.75,77.66474914550781,526500
2021-07-16,79.62999725341797,80.0,77.58000183105469,77.58999633789062,76.5207290649414,270300
2021-07-19,76.93000030517578,77.36000061035156,74.87000274658203,75.91000366210938,74.86388397216797,381000
2021-07-20,76.44000244140625,80.48999786376953,76.44000244140625,79.95999908447266,78.85807800292969,435200
2021-07-21,81.55999755859375,84.6500015258789,81.54000091552734,82.55000305175781,81.41238403320312,298200
2021-07-22,82.9000015258789,83.41999816894531,81.26000213623047,81.94000244140625,80.810791015625,297900
2021-07-23,82.4800033569336,82.6500015258789,81.19999694824219,81.44999694824219,80.32752990722656,283700
2021-07-26,80.30000305175781,81.22000122070312,79.62000274658203,80.51000213623047,79.40049743652344,298800
2021-07-27,80.54000091552734,81.11000061035156,79.47000122070312,80.87000274658203,79.75553131103516,294700
2021-07-28,81.55000305175781,82.5,78.5999984741211,81.06999969482422,79.9527816772461,426900
2021-07-29,83.16000366210938,88.2699966430664,82.4000015258789,87.08999633789062,85.88980865478516,471700
2021-07-30,86.52999877929688,88.97000122070312,86.08000183105469,88.5999984741211,87.37899780273438,409500
2021-08-02,89.81999969482422,91.95999908447266,89.5,89.83000183105469,88.59205627441406,410600
2021-08-03,90.45999908447266,91.02999877929688,89.0199966430664,89.98999786376953,88.74984741210938,372700
2021-08-04,88.6500015258789,89.19999694824219,85.79000091552734,85.93000030517578,84.74580383300781,444800
2021-08-05,86.66999816894531,88.41999816894531,86.02999877929688,87.7300033569336,86.52099609375,276700
2021-08-06,88.94999694824219,89.79000091552734,87.37999725341797,87.76000213623047,86.55057525634766,278600
2021-08-09,87.08999633789062,87.48999786376953,84.22000122070312,86.81999969482422,86.0648422241211,300400
2021-08-10,86.27999877929688,89.19999694824219,85.87000274658203,89.0,88.22588348388672,203300
2021-08-11,88.88999938964844,90.19999694824219,88.12999725341797,89.94999694824219,89.16761779785156,330900
2021-08-12,90.0,90.5,89.12999725341797,89.98999786376953,89.20726776123047,361300
2021-08-13,89.4000015258789,90.37000274658203,89.2699966430664,89.68000030517578,88.89996337890625,404300
2021-08-16,88.95999908447266,90.94000244140625,87.87000274658203,90.44000244140625,89.65335845947266,422700
2021-08-17,89.16000366210938,89.2699966430664,84.80000305175781,86.16000366210938,85.41059112548828,348200
2021-08-18,85.33999633789062,87.37000274658203,85.33999633789062,85.5999984741211,84.85545349121094,328500
2021-08-19,84.4000015258789,85.4000015258789,83.4800033569336,84.93000030517578,84.1912841796875,322800
2021-08-20,84.66000366210938,85.4000015258789,84.08999633789062,85.4000015258789,84.65718841552734,189500
2021-08-23,86.01000213623047,86.51000213623047,83.61000061035156,85.61000061035156,84.86536407470703,255300
2021-08-24,86.33999633789062,88.37999725341797,86.2699966430664,86.9800033569336,86.22344970703125,275100
2021-08-25,87.3499984741211,88.51000213623047,86.91999816894531,87.69000244140625,86.9272689819336,275800
2021-08-26,87.5,87.97000122070312,86.47000122070312,86.83999633789062,86.08466339111328,277400
2021-08-27,86.8499984741211,90.27999877929688,86.8499984741211,89.61000061035156,88.83056640625,298900
2021-08-30,89.91999816894531,90.19999694824219,88.5199966430664,88.83999633789062,88.06726837158203,262000
2021-08-31,88.66999816894531,90.06999969482422,88.61000061035156,89.93000030517578,89.14778900146484,442800
2021-09-01,90.4800033569336,91.27999877929688,89.0199966430664,89.69000244140625,88.90988159179688,597900
2021-09-02,89.88999938964844,90.58999633789062,88.69999694824219,88.81999969482422,88.04744720458984,278500
2021-09-03,88.58999633789062,88.58999633789062,86.5,87.79000091552734,87.02640533447266,308700
2021-09-07,87.79000091552734,88.62999725341797,86.25,86.4800033569336,85.7278060913086,407400
2021-09-08,85.97000122070312,87.73999786376953,85.27999877929688,87.6500015258789,86.88761901855469,308200
2021-09-09,87.41999816894531,90.05000305175781,87.41999816894531,89.4800033569336,88.70170593261719,267800
2021-09-10,90.0,90.58999633789062,89.29000091552734,89.44999694824219,88.67195892333984,297800
2021-09-13,90.58999633789062,90.66999816894531,88.51000213623047,89.80999755859375,89.0288314819336,194800
2021-09-14,89.9800033569336,90.7300033569336,89.05999755859375,89.91999816894531,89.13787078857422,333300
2021-09-15,90.23999786376953,91.95999908447266,89.66000366210938,91.79000091552734,90.99160766601562,660100
2021-09-16,92.80999755859375,95.69000244140625,92.77999877929688,94.83999633789062,94.01507568359375,581500
2021-09-17,95.11000061035156,98.0999984741211,95.0999984741211,96.70999908447266,95.86882019042969,838400
2021-09-20,94.22000122070312,95.20999908447266,92.33999633789062,94.81999969482422,93.99525451660156,313500
2021-09-21,96.87999725341797,97.58000183105469,94.79000091552734,96.41999816894531,95.58133697509766,353800
2021-09-22,98.0,101.20999908447266,97.91000366210938,100.54000091552734,99.6655044555664,601300
2021-09-23,101.44000244140625,106.37000274658203,101.44000244140625,104.30999755859375,103.4027099609375,823500
2021-09-24,104.33999633789062,107.52999877929688,103.80000305175781,107.0199966430664,106.08914184570312,481700
2021-09-27,107.86000061035156,109.44000244140625,106.01000213623047,106.30999755859375,105.38531494140625,642400
2021-09-28,106.18000030517578,107.11000061035156,103.55999755859375,104.83000183105469,103.91819763183594,362300
2021-09-29,105.54000091552734,108.68000030517578,104.69999694824219,108.38999938964844,107.44722747802734,417300
2021-09-30,106.05999755859375,106.72000122070312,100.48999786376953,100.5999984741211,99.7249755859375,524300
2021-10-01,100.9000015258789,102.94999694824219,98.23999786376953,102.08999633789062,101.20201873779297,515100
2021-10-04,101.54000091552734,103.25,100.88999938964844,102.06999969482422,101.18219757080078,325700
2021-10-05,102.75,102.9800033569336,100.62999725341797,102.08999633789062,101.20201873779297,451900
2021-10-06,101.05000305175781,102.13999938964844,100.2699966430664,101.30999755859375,100.4288101196289,304700
2021-10-07,103.16999816894531,104.38999938964844,102.5999984741211,103.18000030517578,102.28253936767578,294800
2021-10-08,103.1500015258789,105.55999755859375,102.83000183105469,104.23999786376953,103.33332061767578,187100
2021-10-11,103.9800033569336,105.31999969482422,102.41999816894531,102.5,101.60845184326172,265200
2021-10-12,103.05999755859375,103.38999938964844,101.41999816894531,102.41999816894531,101.5291519165039,203900
2021-10-13,102.41999816894531,102.47000122070312,100.62000274658203,101.0199966430664,100.14132690429688,174600
2021-10-14,101.9800033569336,102.08999633789062,100.69999694824219,101.83999633789062,100.95419311523438,178200
2021-10-15,103.2300033569336,104.9000015258789,103.20999908447266,103.37999725341797,102.48079681396484,252000
2021-10-18,103.37999725341797,105.1500015258789,103.30999755859375,105.0,104.08670806884766,209500
2021-10-19,105.38999938964844,106.27999877929688,102.58999633789062,103.06999969482422,102.17350006103516,277600
2021-10-20,103.76000213623047,106.80000305175781,103.16000366210938,103.7300033569336,102.8277587890625,328900
2021-10-21,105.0,110.38999938964844,103.80999755859375,110.30000305175781,109.34061431884766,402500
2021-10-22,110.5199966430664,113.4800033569336,110.5199966430664,111.93000030517578,110.95643615722656,533900
2021-10-25,112.41999816894531,114.2300033569336,112.01000213623047,113.61000061035156,112.62181854248047,352000
2021-10-26,113.91000366210938,114.33999633789062,110.13999938964844,110.73999786376953,109.77677917480469,458400
2021-10-27,111.41000366210938,113.0199966430664,102.86000061035156,103.41999816894531,102.52045440673828,502200
2021-10-28,104.94000244140625,106.45999908447266,104.31999969482422,105.80000305175781,104.8797607421875,324400
2021-10-29,105.37000274658203,107.9000015258789,105.37000274658203,106.05000305175781,105.12757873535156,389700
2021-11-01,107.41999816894531,110.13999938964844,107.20999908447266,108.1500015258789,107.20931243896484,404900
2021-11-02,107.4800033569336,109.1500015258789,106.76000213623047,107.30000305175781,106.36670684814453,262000
2021-11-03,107.12999725341797,110.5999984741211,107.12999725341797,109.69999694824219,108.7458267211914,213700
2021-11-04,110.0,110.98999786376953,108.55000305175781,110.62999725341797,109.66773986816406,383900
2021-11-05,111.36000061035156,114.0199966430664,110.88999938964844,111.86000061035156,110.88704681396484,276300
2021-11-08,112.72000122070312,113.80999755859375,110.33000183105469,110.98999786376953,110.02460479736328,268600
2021-11-09,110.95999908447266,111.8499984741211,110.77999877929688,110.91000366210938,110.40287017822266,187900
2021-11-10,110.69999694824219,112.22000122070312,109.44999694824219,110.73999786376953,110.233642578125,216200
2021-11-11,110.95999908447266,112.16999816894531,110.23999786376953,111.01000213623047,110.50241088867188,142600
2021-11-12,111.12999725341797,112.5999984741211,110.12000274658203,112.16000366210938,111.64715576171875,224200
2021-11-15,112.52999877929688,112.9000015258789,111.16000366210938,111.48999786376953,110.98021697998047,163200
2021-11-16,111.73999786376953,112.4000015258789,111.1500015258789,111.58000183105469,111.06980895996094,218400
2021-11-17,105.54000091552734,107.0199966430664,97.66999816894531,98.43000030517578,97.97993469238281,996700
2021-11-18,99.48999786376953,100.36000061035156,97.25,99.5,99.0450439453125,559600
2021-11-19,98.58999633789062,99.11000061035156,95.86000061035156,95.87000274658203,95.431640625,624800
2021-11-22,97.48999786376953,102.22000122070312,97.08999633789062,101.31999969482422,100.85671997070312,749800
2021-11-23,101.31999969482422,103.7300033569336,100.70999908447266,103.01000213623047,102.53899383544922,321300
2021-11-24,101.66000366210938,102.91000366210938,101.44000244140625,102.80999755859375,102.33990478515625,156700
2021-11-26,98.0,102.80999755859375,98.0,102.04000091552734,101.57342529296875,209400
2021-11-29,103.48999786376953,103.7300033569336,101.47000122070312,101.79000091552734,101.32456970214844,259900
2021-11-30,101.0199966430664,102.68000030517578,98.7300033569336,99.62000274658203,99.16449737548828,539900
2021-12-01,101.94000244140625,103.29000091552734,99.44999694824219,99.5999984741211,99.14458465576172,403600
2021-12-02,99.54000091552734,104.91999816894531,99.02999877929688,104.33000183105469,103.85295867919922,317700
2021-12-03,104.19999694824219,104.7300033569336,101.58999633789062,102.5999984741211,102.13086700439453,291500
2021-12-06,103.70999908447266,105.75,102.01000213623047,103.6500015258789,103.17606353759766,369600
2021-12-07,105.27999877929688,105.33000183105469,103.13999938964844,103.62000274658203,103.14620208740234,245400
2021-12-08,103.6500015258789,105.31999969482422,102.16999816894531,103.01000213623047,102.53899383544922,252800
2021-12-09,103.0999984741211,105.66999816894531,102.7300033569336,103.6500015258789,103.17606353759766,274100
2021-12-10,103.91999816894531,105.81999969482422,102.51000213623047,105.68000030517578,105.19678497314453,238100
2021-12-13,105.54000091552734,105.54000091552734,99.66000366210938,99.94000244140625,99.4830322265625,270700
2021-12-14,100.26000213623047,103.5999984741211,99.66999816894531,101.08999633789062,100.62776947021484,444300
2021-12-15,101.48999786376953,102.18000030517578,99.33999633789062,102.08000183105469,101.61324310302734,389300
2021-12-16,103.93000030517578,104.6500015258789,100.91000366210938,100.91999816894531,100.45854949951172,359100
2021-12-17,100.0,102.4800033569336,99.55999755859375,101.7300033569336,101.26484680175781,712100
2021-12-20,100.93000030517578,100.93000030517578,96.33999633789062,97.81999969482422,97.37271881103516,476900
2021-12-21,98.5199966430664,101.08999633789062,98.48999786376953,100.47000122070312,100.01060485839844,739000
2021-12-22,101.31999969482422,102.5999984741211,100.98999786376953,101.94000244140625,101.47388458251953,251700
2021-12-23,102.5,103.19999694824219,101.29000091552734,102.8499984741211,102.37972259521484,178600
2021-12-27,103.0,105.41000366210938,102.05000305175781,105.19000244140625,104.70902252197266,150200
2021-12-28,105.0199966430664,105.9800033569336,104.80999755859375,105.18000030517578,104.69906616210938,107000
2021-12-29,105.0,106.08000183105469,104.69999694824219,105.5999984741211,105.11714935302734,132100
2021-12-30,105.97000122070312,106.87999725341797,105.66000366210938,106.01000213623047,105.52527618408203,131300
2021-12-31,105.86000061035156,108.05000305175781,105.68000030517578,107.22000122070312,106.72974395751953,111700
2022-01-03,108.0,108.80999755859375,104.0999984741211,104.91000366210938,104.43030548095703,231300
2022-01-04,106.06999969482422,109.44000244140625,105.76000213623047,107.54000091552734,107.04827880859375,288500
2022-01-05,107.66000366210938,109.13999938964844,105.80000305175781,106.18000030517578,105.69449615478516,227300
2022-01-06,107.66000366210938,108.0,105.0,107.08000183105469,106.59038543701172,234300
2022-01-07,107.0199966430664,108.41000366210938,106.0999984741211,107.05000305175781,106.5605239868164,201400
2022-01-10,106.63999938964844,107.01000213623047,104.51000213623047,106.83999633789062,106.35147857666016,351300
2022-01-11,106.93000030517578,106.93000030517578,104.91000366210938,105.9000015258789,105.41577911376953,213400
2022-01-12,106.44999694824219,107.31999969482422,103.45999908447266,103.9800033569336,103.50456237792969,256600
2022-01-13,104.27999877929688,107.11000061035156,104.16999816894531,105.61000061035156,105.12710571289062,164000
2022-01-14,104.5199966430664,105.5199966430664,101.56999969482422,104.4000015258789,103.92263793945312,283400
2022-01-18,104.3499984741211,105.62000274658203,102.30999755859375,103.45999908447266,102.98693084716797,240300
2022-01-19,103.30000305175781,103.70999908447266,100.8499984741211,100.94999694824219,100.48841094970703,241800
2022-01-20,100.9800033569336,103.0,98.23999786376953,98.5,98.04961395263672,266400
2022-01-21,97.5999984741211,100.55999755859375,97.01000213623047,98.83000183105469,98.37810516357422,302500
2022-01-24,97.30999755859375,102.47000122070312,96.08999633789062,102.19000244140625,101.72274017333984,382900
2022-01-25,101.04000091552734,103.54000091552734,99.18000030517578,101.95999908447266,101.49378967285156,271600
2022-01-26,103.6500015258789,103.6500015258789,99.56999969482422,100.04000091552734,99.58257293701172,350200
2022-01-27,101.19000244140625,102.87000274658203,99.18000030517578,99.33999633789062,98.88577270507812,423300
2022-01-28,99.37000274658203,100.44999694824219,98.22000122070312,100.25,99.79161071777344,311600
2022-01-31,99.66000366210938,101.80000305175781,99.66000366210938,101.62999725341797,101.16529846191406,353900
2022-02-01,101.63999938964844,103.80000305175781,100.75,103.68000030517578,103.20592498779297,267500
2022-02-02,103.68000030517578,104.11000061035156,100.51000213623047,103.0,102.52903747558594,400900
2022-02-03,102.79000091552734,104.0,100.2300033569336,100.80000305175781,100.33910369873047,320400
2022-02-04,100.0,100.58999633789062,97.36000061035156,99.38999938964844,98.935546875,332400
2022-02-07,100.08999633789062,102.0199966430664,99.0,100.98999786376953,100.52822875976562,382600
2022-02-08,100.16000366210938,104.19000244140625,100.16000366210938,102.79000091552734,102.31999969482422,347900
2022-02-09,105.08000183105469,105.9800033569336,102.41000366210938,102.75,102.75,506900
2022-02-10,101.37000274658203,101.94000244140625,97.37000274658203,97.83000183105469,97.83000183105469,442200
2022-02-11,98.12000274658203,98.91000366210938,95.70999908447266,96.3499984741211,96.3499984741211,467000
2022-02-14,96.5999984741211,98.05000305175781,95.6500015258789,96.54000091552734,96.54000091552734,401200
2022-02-15,98.37999725341797,100.63999938964844,97.69999694824219,100.4800033569336,100.4800033569336,419100
2022-02-16,100.04000091552734,102.8499984741211,100.04000091552734,102.70999908447266,102.70999908447266,268800
2022-02-17,102.56999969482422,103.12999725341797,99.45999908447266,99.83999633789062,99.83999633789062,284700
2022-02-18,99.69999694824219,102.48999786376953,99.63999938964844,100.1500015258789,100.1500015258789,273700
2022-02-22,98.95999908447266,99.4800033569336,93.36000061035156,93.72000122070312,93.72000122070312,481600
2022-02-23,94.0199966430664,95.26000213623047,91.69999694824219,91.88999938964844,91.88999938964844,587700
2022-02-24,89.58999633789062,95.87000274658203,88.58000183105469,95.37999725341797,95.37999725341797,588600
2022-02-25,94.55000305175781,98.94999694824219,94.02999877929688,98.47000122070312,98.47000122070312,309600
2022-02-28,96.54000091552734,98.68000030517578,96.45999908447266,98.29000091552734,98.29000091552734,381400
2022-03-01,98.23999786376953,98.75,94.52999877929688,95.58999633789062,95.58999633789062,312300
2022-03-02,96.9000015258789,103.31999969482422,96.73999786376953,103.22000122070312,103.22000122070312,405000
2022-03-03,103.44999694824219,103.5,99.43000030517578,100.1500015258789,100.1500015258789,295700
2022-03-04,98.7699966430664,101.05999755859375,97.68000030517578,98.0199966430664,98.0199966430664,465900
2022-03-07,97.76000213623047,99.94999694824219,96.08999633789062,96.19999694824219,96.19999694824219,429900
2022-03-08,97.02999877929688,102.48999786376953,96.2300033569336,99.75,99.75,382200
2022-03-09,102.23999786376953,102.23999786376953,99.18000030517578,99.98999786376953,99.98999786376953,459800
2022-03-10,98.87999725341797,100.93000030517578,98.05000305175781,100.83999633789062,100.83999633789062,251100
2022-03-11,102.06999969482422,102.06999969482422,100.19999694824219,101.1500015258789,101.1500015258789,297900
2022-03-14,101.63999938964844,102.29000091552734,99.81999969482422,100.95999908447266,100.95999908447266,229500
2022-03-15,100.98999786376953,102.19999694824219,99.75,101.16999816894531,101.16999816894531,297800
2022-03-16,102.18000030517578,106.0,102.18000030517578,105.31999969482422,105.31999969482422,303400
2022-03-17,103.94000244140625,105.0199966430664,102.43000030517578,104.88999938964844,104.88999938964844,188300
2022-03-18,103.69999694824219,104.72000122070312,101.0199966430664,104.61000061035156,104.61000061035156,393200
2022-03-21,104.91999816894531,105.6500015258789,103.16000366210938,103.8499984741211,103.8499984741211,242400
2022-03-22,104.41000366210938,105.2699966430664,103.29000091552734,104.52999877929688,104.52999877929688,168300
2022-03-23,104.13999938964844,104.13999938964844,101.55000305175781,101.61000061035156,101.61000061035156,155200
2022-03-24,102.33000183105469,103.08000183105469,101.70999908447266,102.0199966430664,102.0199966430664,140500
2022-03-25,102.62000274658203,102.81999969482422,101.41999816894531,102.18000030517578,102.18000030517578,286900
2022-03-28,102.33999633789062,102.9800033569336,98.2300033569336,99.4000015258789,99.4000015258789,355400
2022-03-29,100.16999816894531,104.18000030517578,100.16999816894531,103.37000274658203,103.37000274658203,216800
2022-03-30,102.73999786376953,103.38999938964844,100.08000183105469,100.2300033569336,100.2300033569336,265000
2022-03-31,99.68000030517578,100.0,93.45999908447266,93.72000122070312,93.72000122070312,662500
2022-04-01,94.16000366210938,95.77999877929688,93.18000030517578,94.25,94.25,468400
2022-04-04,94.68000030517578,95.94000244140625,93.13999938964844,93.38999938964844,93.38999938964844,361000
2022-04-05,92.79000091552734,93.98999786376953,92.01000213623047,92.52999877929688,92.52999877929688,400800
2022-04-06,91.93000030517578,94.7699966430664,91.76000213623047,93.19000244140625,93.19000244140625,538000
2022-04-07,91.94999694824219,93.26000213623047,90.2300033569336,92.19999694824219,92.19999694824219,350100
2022-04-08,92.69000244140625,95.9000015258789,91.5199966430664,93.98999786376953,93.98999786376953,339500
2022-04-11,93.81999969482422,98.0,93.38999938964844,94.88999938964844,94.88999938964844,281500
2022-04-12,95.58000183105469,98.80000305175781,93.69999694824219,94.0,94.0,396400
2022-04-13,93.61000061035156,95.55000305175781,92.83000183105469,95.3499984741211,95.3499984741211,358500
2022-04-14,95.87000274658203,97.80000305175781,95.45999908447266,96.55000305175781,96.55000305175781,285800
2022-04-18,95.66000366210938,98.41000366210938,95.66000366210938,97.20999908447266,97.20999908447266,340000
2022-04-19,97.55000305175781,101.69999694824219,97.55000305175781,100.95999908447266,100.95999908447266,329400
2022-04-20,102.16999816894531,104.91999816894531,100.93000030517578,101.5,101.5,356100
2022-04-21,102.12000274658203,102.76000213623047,97.18000030517578,97.69000244140625,97.69000244140625,338500
2022-04-22,96.33999633789062,100.5,95.55000305175781,96.83999633789062,96.83999633789062,426100
2022-04-25,95.8499984741211,100.69000244140625,95.58000183105469,100.4800033569336,100.4800033569336,296100
2022-04-26,99.36000061035156,101.19999694824219,98.94000244140625,99.22000122070312,99.22000122070312,452000
2022-04-27,99.41000366210938,101.5,95.91000366210938,98.94000244140625,98.94000244140625,425200
2022-04-28,101.5,107.61000061035156,101.02999877929688,106.91999816894531,106.91999816894531,455900
2022-04-29,106.0999984741211,107.88999938964844,104.44000244140625,104.81999969482422,104.81999969482422,505600
2022-05-02,106.11000061035156,108.27999877929688,104.72000122070312,108.12999725341797,108.12999725341797,268900
2022-05-03,108.48999786376953,112.12000274658203,107.08999633789062,111.79000091552734,111.79000091552734,280900
2022-05-04,111.48999786376953,114.56999969482422,110.0199966430664,114.52999877929688,114.52999877929688,291900
2022-05-05,113.08999633789062,113.87000274658203,110.38999938964844,111.83999633789062,111.83999633789062,217300
2022-05-06,111.83000183105469,112.41000366210938,108.41999816894531,111.77999877929688,111.77999877929688,216500
2022-05-09,110.37999725341797,110.5999984741211,107.86000061035156,109.1500015258789,109.1500015258789,366800
2022-05-10,110.26000213623047,110.94999694824219,104.76000213623047,107.87000274658203,107.87000274658203,329200
2022-05-11,108.30999755859375,111.76000213623047,106.68000030517578,107.27999877929688,107.27999877929688,416300
2022-05-12,106.93000030517578,111.7699966430664,106.29000091552734,109.0199966430664,109.0199966430664,377200
2022-05-13,111.62000274658203,116.72000122070312,111.08999633789062,115.94000244140625,115.94000244140625,642200
2022-05-16,116.02999877929688,116.58000183105469,113.12999725341797,115.54000091552734,115.54000091552734,283100
2022-05-17,116.93000030517578,119.47000122070312,115.69999694824219,117.97000122070312,117.97000122070312,299600
2022-05-18,115.62999725341797,115.62999725341797,108.05000305175781,108.79000091552734,108.79000091552734,396300
2022-05-19,108.72000122070312,110.79000091552734,106.69000244140625,108.9000015258789,108.9000015258789,375200
2022-05-20,109.44000244140625,109.52999877929688,104.22000122070312,108.01000213623047,108.01000213623047,364400
2022-05-23,108.29000091552734,108.61000061035156,106.22000122070312,108.31999969482422,108.31999969482422,273100
2022-05-24,107.68000030517578,108.91000366210938,106.36000061035156,108.87000274658203,108.87000274658203,350900
2022-05-25,107.20999908447266,113.30000305175781,107.20999908447266,112.30999755859375,112.30999755859375,314800
2022-05-26,113.9000015258789,117.43000030517578,112.31999969482422,115.19999694824219,115.19999694824219,271400
2022-05-27,115.7699966430664,116.80000305175781,114.55000305175781,116.5999984741211,116.5999984741211,353100
2022-05-31,116.1500015258789,117.11000061035156,113.9800033569336,115.13999938964844,115.13999938964844,272800
2022-06-01,115.63999938964844,117.08000183105469,114.0,116.2300033569336,116.2300033569336,377500
2022-06-02,116.87999725341797,117.2300033569336,114.79000091552734,116.91000366210938,116.91000366210938,273100
2022-06-03,115.91999816894531,117.30999755859375,112.58999633789062,117.19999694824219,117.19999694824219,301200
2022-06-06,117.30999755859375,121.18000030517578,116.05000305175781,120.1500015258789,120.1500015258789,407800
2022-06-07,118.77999877929688,121.19000244140625,117.27999877929688,120.87000274658203,120.87000274658203,310700
2022-06-08,120.44000244140625,122.12000274658203,119.51000213623047,120.22000122070312,120.22000122070312,407300
2022-06-09,120.44999694824219,123.5999984741211,119.01000213623047,121.25,121.25,454600
2022-06-10,118.83000183105469,121.11000061035156,114.38999938964844,115.5199966430664,115.5199966430664,379600
2022-06-13,112.16000366210938,113.51000213623047,109.77999877929688,110.1500015258789,110.1500015258789,321400
2022-06-14,111.02999877929688,115.41000366210938,110.81999969482422,113.05999755859375,113.05999755859375,362800
2022-06-15,114.08000183105469,117.36000061035156,112.19999694824219,114.04000091552734,114.04000091552734,434800
2022-06-16,111.19000244140625,111.51000213623047,101.79000091552734,102.4800033569336,102.4800033569336,453600
2022-06-17,103.12000274658203,106.36000061035156,102.62999725341797,106.05999755859375,106.05999755859375,742800
2022-06-21,108.5999984741211,109.83000183105469,104.73999786376953,105.25,105.25,508200
2022-06-22,103.29000091552734,107.04000091552734,102.61000061035156,106.0,106.0,359400
2022-06-23,105.51000213623047,107.66999816894531,103.37999725341797,105.94000244140625,105.94000244140625,433600
2022-06-24,106.0999984741211,111.30000305175781,106.0999984741211,111.16999816894531,111.16999816894531,619800
2022-06-27,112.2300033569336,113.0199966430664,110.52999877929688,111.20999908447266,111.20999908447266,306700
2022-06-28,112.5,114.47000122070312,110.69000244140625,110.76000213623047,110.76000213623047,300900
2022-06-29,110.5199966430664,111.52999877929688,108.70999908447266,110.05000305175781,110.05000305175781,319300
2022-06-30,107.8499984741211,108.05000305175781,102.55999755859375,104.69000244140625,104.69000244140625,549800
2022-07-01,104.30000305175781,107.22000122070312,103.2300033569336,106.77999877929688,106.77999877929688,350200
2022-07-05,104.18000030517578,107.87000274658203,103.06999969482422,107.37999725341797,107.37999725341797,361600
2022-07-06,106.6500015258789,108.22000122070312,103.43000030517578,104.33999633789062,104.33999633789062,466600
2022-07-07,105.61000061035156,109.97000122070312,105.61000061035156,109.51000213623047,109.51000213623047,345300
2022-07-08,109.95999908447266,110.8499984741211,108.16000366210938,108.91000366210938,108.91000366210938,276100
2022-07-11,108.01000213623047,109.79000091552734,106.43000030517578,106.52999877929688,106.52999877929688,267100
2022-07-12,106.66000366210938,110.83000183105469,106.55999755859375,108.70999908447266,108.70999908447266,273400
2022-07-13,107.44000244140625,108.52999877929688,105.80999755859375,107.4000015258789,107.4000015258789,336300
2022-07-14,104.20999908447266,104.95999908447266,101.1500015258789,103.33000183105469,103.33000183105469,435900
2022-07-15,104.41000366210938,107.19000244140625,103.38999938964844,105.5,105.5,370100
2022-07-18,107.08000183105469,110.5199966430664,105.91999816894531,107.66999816894531,107.66999816894531,397000
2022-07-19,109.4000015258789,112.66000366210938,108.44999694824219,112.43000030517578,112.43000030517578,396000
2022-07-20,111.20999908447266,112.12000274658203,108.0,111.16000366210938,111.16000366210938,579300
2022-07-21,110.41000366210938,110.41000366210938,106.7300033569336,108.94999694824219,108.94999694824219,530300
2022-07-22,110.0999984741211,112.66000366210938,109.55999755859375,110.05999755859375,110.05999755859375,385900
2022-07-25,111.38999938964844,112.29000091552734,109.12999725341797,110.22000122070312,110.22000122070312,352400
2022-07-26,109.73999786376953,110.37999725341797,107.63999938964844,108.3499984741211,108.3499984741211,475300
2022-07-27,110.80000305175781,110.80000305175781,106.25,109.97000122070312,109.97000122070312,587500
2022-07-28,109.70999908447266,113.54000091552734,107.44999694824219,113.1500015258789,113.1500015258789,555200
2022-07-29,113.58999633789062,115.48999786376953,110.88999938964844,114.48999786376953,114.48999786376953,370300
2022-08-01,114.05999755859375,121.44999694824219,114.05999755859375,119.63999938964844,119.63999938964844,471800
2022-08-02,118.55999755859375,118.93000030517578,115.06999969482422,116.12999725341797,116.12999725341797,493000
2022-08-03,116.91999816894531,118.91999816894531,116.16000366210938,117.2300033569336,117.2300033569336,287700
2022-08-04,116.25,117.94000244140625,116.18000030517578,116.3499984741211,116.3499984741211,290000
2022-08-05,116.0,118.29000091552734,115.16000366210938,115.72000122070312,115.72000122070312,435000
2022-08-08,116.12000274658203,119.7699966430664,115.33999633789062,116.97000122070312,116.97000122070312,507800
2022-08-09,116.0,116.0,113.08999633789062,114.66000366210938,114.66000366210938,302400
2022-08-10,117.33999633789062,119.58000183105469,116.54000091552734,117.33000183105469,117.33000183105469,276900
2022-08-11,119.16000366210938,119.83000183105469,117.7699966430664,118.27999877929688,118.27999877929688,254500
2022-08-12,117.98999786376953,118.62999725341797,116.95999908447266,117.94000244140625,117.94000244140625,169200
2022-08-15,117.0,117.73999786376953,116.20999908447266,117.55999755859375,117.55999755859375,221900
2022-08-16,119.18000030517578,126.93000030517578,119.18000030517578,124.16000366210938,124.16000366210938,496400
2022-08-17,123.05000305175781,123.80999755859375,120.62999725341797,121.12999725341797,121.12999725341797,231400
2022-08-18,121.25,122.44999694824219,119.69000244140625,121.7300033569336,121.7300033569336,200000
2022-08-19,120.63999938964844,120.95999908447266,118.05000305175781,119.61000061035156,119.61000061035156,310600
2022-08-22,118.0199966430664,119.23999786376953,117.0199966430664,117.68000030517578,117.68000030517578,287500
2022-08-23,117.75,120.77999877929688,117.66000366210938,118.77999877929688,118.77999877929688,230500
2022-08-24,117.87999725341797,120.33999633789062,116.95999908447266,120.22000122070312,120.22000122070312,227200
2022-08-25,120.63999938964844,125.08000183105469,120.19999694824219,123.72000122070312,123.72000122070312,330600
2022-08-26,123.87999725341797,124.38999938964844,120.75,121.30000305175781,121.30000305175781,270300
2022-08-29,120.19999694824219,122.94999694824219,119.33999633789062,121.66999816894531,121.66999816894531,216500
2022-08-30,122.58999633789062,122.80000305175781,119.79000091552734,120.18000030517578,120.18000030517578,380400
2022-08-31,119.55000305175781,119.80000305175781,117.01000213623047,117.91000366210938,117.91000366210938,318600
2022-09-01,116.73999786376953,117.75,115.43000030517578,116.72000122070312,116.72000122070312,312100
2022-09-02,117.7699966430664,118.22000122070312,114.08999633789062,114.62000274658203,114.62000274658203,389900
2022-09-06,114.4800033569336,114.9800033569336,109.11000061035156,109.87999725341797,109.87999725341797,527800
2022-09-07,109.94999694824219,113.77999877929688,109.41000366210938,113.16000366210938,113.16000366210938,322900
2022-09-08,111.7699966430664,112.43000030517578,109.4000015258789,110.16999816894531,110.16999816894531,640300
2022-09-09,109.19000244140625,112.13999938964844,109.02999877929688,110.79000091552734,110.79000091552734,475900
2022-09-12,111.54000091552734,113.62999725341797,111.4000015258789,112.12999725341797,112.12999725341797,380400
2022-09-13,108.58999633789062,108.77999877929688,105.63999938964844,106.43000030517578,106.43000030517578,480800
2022-09-14,106.93000030517578,106.93000030517578,103.62000274658203,105.55000305175781,105.55000305175781,528900
2022-09-15,105.62999725341797,107.83999633789062,105.16999816894531,106.19999694824219,106.19999694824219,461700
2022-09-16,103.9800033569336,105.86000061035156,103.01000213623047,104.63999938964844,104.63999938964844,1523900
2022-09-19,104.23999786376953,107.54000091552734,104.23999786376953,106.94000244140625,106.94000244140625,347400
2022-09-20,105.5199966430664,105.5199966430664,102.6500015258789,103.55000305175781,103.55000305175781,430000
2022-09-21,104.5199966430664,106.01000213623047,103.08999633789062,103.7300033569336,103.7300033569336,445400
2022-09-22,104.05000305175781,104.6500015258789,102.41999816894531,103.52999877929688,103.52999877929688,375500
2022-09-23,101.69999694824219,102.37000274658203,99.29000091552734,100.37000274658203,100.37000274658203,748800
2022-09-26,99.58000183105469,100.87000274658203,96.33000183105469,96.54000091552734,96.54000091552734,944800
2022-09-27,97.58999633789062,101.44000244140625,97.2699966430664,100.83999633789062,100.83999633789062,717900
2022-09-28,100.91000366210938,107.5,100.91000366210938,107.01000213623047,107.01000213623047,809800
2022-09-29,100.1500015258789,100.56999969482422,94.48999786376953,97.20999908447266,97.20999908447266,1186900
2022-09-30,96.45999908447266,101.25,95.44000244140625,98.43000030517578,98.43000030517578,783400
2022-10-03,100.08999633789062,103.7300033569336,99.76000213623047,101.30999755859375,101.30999755859375,601700
2022-10-04,103.08999633789062,104.54000091552734,101.68000030517578,103.16000366210938,103.16000366210938,556700
2022-10-05,101.83000183105469,102.55000305175781,99.26000213623047,101.97000122070312,101.97000122070312,411600
2022-10-06,100.19000244140625,103.05999755859375,99.66000366210938,100.91999816894531,100.91999816894531,382100
2022-10-07,100.04000091552734,101.08999633789062,99.41000366210938,99.88999938964844,99.88999938964844,619800
2022-10-10,99.5,101.69000244140625,98.4000015258789,99.58000183105469,99.58000183105469,578300
2022-10-11,99.54000091552734,102.79000091552734,99.0199966430664,100.80999755859375,100.80999755859375,642100
2022-10-12,101.12999725341797,102.7699966430664,100.55999755859375,101.38999938964844,101.38999938964844,332800
2022-10-13,99.79000091552734,104.08000183105469,98.48999786376953,103.04000091552734,103.04000091552734,275100
2022-10-14,104.02999877929688,104.63999938964844,100.30999755859375,100.44999694824219,100.44999694824219,254700
2022-10-17,102.41000366210938,104.0,100.88999938964844,101.4000015258789,101.4000015258789,245200
2022-10-18,103.68000030517578,104.37000274658203,102.47000122070312,102.9800033569336,102.9800033569336,301900
2022-10-19,101.37999725341797,102.4800033569336,96.41000366210938,98.16999816894531,98.16999816894531,496000
2022-10-20,99.20999908447266,99.26000213623047,94.83000183105469,96.06999969482422,96.06999969482422,612200
2022-10-21,96.33000183105469,98.62999725341797,95.68000030517578,97.44999694824219,97.44999694824219,405800
2022-10-24,98.94000244140625,101.0,98.79000091552734,100.80000305175781,100.80000305175781,619500
2022-10-25,100.56999969482422,103.94999694824219,100.56999969482422,103.80999755859375,103.80999755859375,447800
2022-10-26,106.0,107.79000091552734,102.87000274658203,103.69999694824219,103.69999694824219,501800
2022-10-27,104.08999633789062,111.41999816894531,104.08999633789062,108.01000213623047,108.01000213623047,674400
2022-10-28,108.41999816894531,111.55000305175781,107.76000213623047,110.66000366210938,110.66000366210938,627900
2022-10-31,110.29000091552734,112.79000091552734,109.55999755859375,111.62000274658203,111.62000274658203,481600
2022-11-01,113.3499984741211,115.77999877929688,112.16999816894531,114.62999725341797,114.62999725341797,484000
2022-11-02,113.56999969482422,114.73999786376953,110.01000213623047,110.0999984741211,110.0999984741211,523400
2022-11-03,108.69999694824219,111.47000122070312,107.18000030517578,109.5199966430664,109.5199966430664,316000
2022-11-04,111.41000366210938,113.41000366210938,109.4000015258789,110.54000091552734,110.54000091552734,267800
2022-11-07,111.77999877929688,113.0999984741211,109.79000091552734,112.2300033569336,112.2300033569336,454800
2022-11-08,112.44999694824219,113.97000122070312,111.69000244140625,113.0999984741211,113.0999984741211,603500
2022-11-09,111.29000091552734,115.75,111.29000091552734,113.97000122070312,113.97000122070312,569500
2022-11-10,118.0,125.63999938964844,117.66000366210938,124.01000213623047,124.01000213623047,723100
2022-11-11,124.7699966430664,125.38999938964844,122.08999633789062,124.0199966430664,124.0199966430664,418300
2022-11-14,123.05000305175781,128.75,122.94000244140625,126.9800033569336,126.9800033569336,623400
2022-11-15,128.9199981689453,131.5500030517578,126.08999633789062,126.13999938964844,126.13999938964844,461400
2022-11-16,124.58000183105469,124.95999908447266,121.51000213623047,123.9800033569336,123.9800033569336,319000
2022-11-17,121.6500015258789,124.02999877929688,119.7300033569336,123.55999755859375,123.55999755859375,447300
2022-11-18,125.61000061035156,125.66999816894531,122.98999786376953,124.20999908447266,124.20999908447266,374600
2022-11-21,123.30999755859375,125.61000061035156,122.3499984741211,124.04000091552734,124.04000091552734,380400
2022-11-22,125.27999877929688,127.11000061035156,124.2699966430664,125.69000244140625,125.69000244140625,315300
2022-11-23,125.25,126.2300033569336,124.7699966430664,125.33000183105469,125.33000183105469,241400
2022-11-25,124.69999694824219,125.98999786376953,124.69999694824219,125.48999786376953,125.48999786376953,81200
2022-11-28,124.66000366210938,125.87999725341797,124.20999908447266,124.22000122070312,124.22000122070312,335500
2022-11-29,124.02999877929688,126.52999877929688,124.02999877929688,125.56999969482422,125.56999969482422,435800
2022-11-30,125.11000061035156,127.0999984741211,123.33000183105469,126.44999694824219,126.44999694824219,513800
2022-12-01,127.12000274658203,128.82000732421875,124.68000030517578,124.75,124.75,340400
2022-12-02,124.0199966430664,126.44999694824219,123.72000122070312,125.81999969482422,125.81999969482422,365600
2022-12-05,124.54000091552734,125.13999938964844,122.98999786376953,123.6500015258789,123.6500015258789,325900
2022-12-06,124.11000061035156,126.2699966430664,123.70999908447266,126.02999877929688,126.02999877929688,419400
2022-12-07,125.58999633789062,128.02999877929688,125.31999969482422,125.56999969482422,125.56999969482422,297900
2022-12-08,126.04000091552734,127.01000213623047,125.4800033569336,125.72000122070312,125.72000122070312,627400
2022-12-09,124.20999908447266,125.69999694824219,123.9000015258789,124.63999938964844,124.63999938964844,304300
2022-12-12,125.05000305175781,126.13999938964844,124.54000091552734,125.63999938964844,125.63999938964844,266400
2022-12-13,128.5800018310547,129.05999755859375,119.86000061035156,121.05000305175781,121.05000305175781,673200
2022-12-14,120.73999786376953,124.2699966430664,120.73999786376953,123.23999786376953,123.23999786376953,509200
2022-12-15,121.83000183105469,122.79000091552734,120.23999786376953,121.79000091552734,121.79000091552734,534300
2022-12-16,120.1500015258789,121.2699966430664,118.0199966430664,118.80000305175781,118.80000305175781,739000
2022-12-19,119.08999633789062,119.48999786376953,114.51000213623047,115.61000061035156,115.61000061035156,543100
2022-12-20,115.02999877929688,115.38999938964844,111.80999755859375,112.08999633789062,112.08999633789062,706300
2022-12-21,113.54000091552734,114.2300033569336,112.2699966430664,112.68000030517578,112.68000030517578,451800
2022-12-22,107.33999633789062,110.69999694824219,105.97000122070312,110.16999816894531,110.16999816894531,845900
2022-12-23,110.05000305175781,112.36000061035156,109.98999786376953,112.27999877929688,112.27999877929688,646300
2022-12-27,111.83999633789062,113.83000183105469,111.83999633789062,112.95999908447266,112.95999908447266,578700
2022-12-28,113.31999969482422,114.08999633789062,111.05000305175781,111.87000274658203,111.87000274658203,380500
2022-12-29,112.5999984741211,114.88999938964844,112.5999984741211,114.23999786376953,114.23999786376953,411100
2022-12-30,113.43000030517578,115.61000061035156,113.05999755859375,114.93000030517578,114.93000030517578,375800
2023-01-03,115.58999633789062,116.91000366210938,112.86000061035156,113.69999694824219,113.69999694824219,412900
2023-01-04,114.70999908447266,116.0,114.63999938964844,115.62000274658203,115.62000274658203,281300
2023-01-05,114.55000305175781,115.41999816894531,113.63999938964844,114.58000183105469,114.58000183105469,288400
2023-01-06,115.33999633789062,117.88999938964844,115.33999633789062,117.5,117.5,363600
2023-01-09,117.54000091552734,117.87999725341797,115.3499984741211,115.4000015258789,115.4000015258789,346000
2023-01-10,115.5199966430664,117.83999633789062,115.5199966430664,117.77999877929688,117.77999877929688,423700
2023-01-11,118.31999969482422,121.44999694824219,118.31999969482422,120.6500015258789,120.6500015258789,424900
2023-01-12,121.66000366210938,122.22000122070312,119.41000366210938,121.29000091552734,121.29000091552734,412000
2023-01-13,118.8499984741211,119.5,116.11000061035156,118.6500015258789,118.6500015258789,272200
2023-01-17,114.70999908447266,117.95999908447266,114.33999633789062,115.94000244140625,115.94000244140625,509100
2023-01-18,116.73999786376953,118.77999877929688,115.05000305175781,115.18000030517578,115.18000030517578,271900
2023-01-19,114.97000122070312,115.37000274658203,112.30999755859375,115.13999938964844,115.13999938964844,407000
2023-01-20,116.04000091552734,117.81999969482422,114.69000244140625,117.69000244140625,117.69000244140625,283000
2023-01-23,118.08000183105469,119.08999633789062,117.0999984741211,117.7300033569336,117.7300033569336,242400
2023-01-24,118.69999694824219,118.69999694824219,115.73999786376953,116.79000091552734,116.79000091552734,199100
2023-01-25,118.61000061035156,120.22000122070312,116.93000030517578,120.1500015258789,120.1500015258789,291200
2023-01-26,120.81999969482422,122.66999816894531,119.61000061035156,122.56999969482422,122.56999969482422,219500
2023-01-27,123.11000061035156,125.05999755859375,122.30999755859375,124.69000244140625,124.69000244140625,302300
2023-01-30,123.93000030517578,127.12000274658203,123.93000030517578,124.61000061035156,124.61000061035156,243000
2023-01-31,125.43000030517578,128.02999877929688,125.06999969482422,127.81999969482422,127.81999969482422,335800
2023-02-01,127.6500015258789,131.6699981689453,126.69999694824219,130.72000122070312,130.72000122070312,288500
2023-02-02,131.63999938964844,138.97000122070312,131.63999938964844,138.4600067138672,138.4600067138672,772500
2023-02-03,136.1699981689453,140.0399932861328,135.75999450683594,138.36000061035156,138.36000061035156,453000
2023-02-06,137.77999877929688,138.36000061035156,135.8000030517578,137.1199951171875,137.1199951171875,371800
2023-02-07,135.6300048828125,136.85000610351562,133.60000610351562,134.80999755859375,134.80999755859375,633200
2023-02-08,140.44000244140625,140.44000244140625,130.4600067138672,136.44000244140625,136.44000244140625,685400
2023-02-09,137.66000366210938,140.91000366210938,136.55999755859375,139.1999969482422,139.1999969482422,476500
2023-02-10,138.8000030517578,140.42999267578125,137.24000549316406,140.0800018310547,140.0800018310547,371600
2023-02-13,140.19000244140625,143.32000732421875,139.4600067138672,142.4600067138672,142.4600067138672,317000
2023-02-14,142.22999572753906,146.33999633789062,141.42999267578125,146.10000610351562,146.10000610351562,508200
2023-02-15,143.6199951171875,146.80999755859375,141.97000122070312,146.69000244140625,146.69000244140625,433600
2023-02-16,144.92999267578125,149.39999389648438,144.92999267578125,147.36000061035156,147.36000061035156,375300
2023-02-17,151.0,155.36000061035156,149.3800048828125,154.6699981689453,154.6699981689453,550300
2023-02-21,151.0,152.49000549316406,145.11000061035156,145.16000366210938,145.16000366210938,423700
2023-02-22,144.7100067138672,150.4499969482422,144.7100067138672,147.60000610351562,147.60000610351562,386900
2023-02-23,147.60000610351562,148.3000030517578,144.33999633789062,145.80999755859375,145.80999755859375,361200
2023-02-24,143.72000122070312,145.16000366210938,142.4499969482422,143.8300018310547,143.8300018310547,237700
2023-02-27,145.05999755859375,146.5,143.97999572753906,144.91000366210938,144.91000366210938,186000
2023-02-28,145.1199951171875,147.39999389648438,144.14999389648438,144.14999389648438,144.14999389648438,230300
2023-03-01,143.22999572753906,145.9499969482422,142.5800018310547,144.72000122070312,144.72000122070312,235500
2023-03-02,144.22000122070312,144.35000610351562,141.74000549316406,143.6300048828125,143.6300048828125,348100
2023-03-03,144.61000061035156,145.02999877929688,143.2100067138672,144.57000732421875,144.57000732421875,349000
2023-03-06,144.39999389648438,145.80999755859375,141.64999389648438,141.83999633789062,141.83999633789062,389600
2023-03-07,141.75,144.8000030517578,141.75,144.17999267578125,144.17999267578125,493900
2023-03-08,144.52999877929688,147.60000610351562,144.02000427246094,145.14999389648438,145.14999389648438,300700
2023-03-09,145.05999755859375,147.86000061035156,145.05999755859375,145.52000427246094,145.52000427246094,574900
2023-03-10,144.4499969482422,144.47999572753906,139.16000366210938,141.85000610351562,141.85000610351562,556600
2023-03-13,138.3800048828125,140.1699981689453,136.4600067138672,137.0500030517578,137.0500030517578,598100
2023-03-14,140.11000061035156,140.5500030517578,133.9499969482422,134.7899932861328,134.7899932861328,451500
2023-03-15,130.57000732421875,132.94000244140625,128.3699951171875,132.75999450683594,132.75999450683594,528500
2023-03-16,130.55999755859375,135.27999877929688,129.97999572753906,135.05999755859375,135.05999755859375,416100
2023-03-17,133.4600067138672,133.4600067138672,129.42999267578125,130.08999633789062,130.08999633789062,689900
2023-03-20,131.7899932861328,136.02000427246094,131.3800048828125,133.8699951171875,133.8699951171875,326200
2023-03-21,137.08999633789062,138.6999969482422,135.88999938964844,136.0500030517578,136.0500030517578,318000
2023-03-22,137.32000732421875,137.50999450683594,133.02999877929688,133.14999389648438,133.14999389648438,260900
2023-03-23,133.72999572753906,135.38999938964844,130.1300048828125,131.80999755859375,131.80999755859375,282000
2023-03-24,130.2899932861328,133.3699951171875,128.52999877929688,132.82000732421875,132.82000732421875,278500
2023-03-27,134.69000244140625,135.33999633789062,133.2100067138672,134.35000610351562,134.35000610351562,172600
2023-03-28,133.89999389648438,136.36000061035156,133.89999389648438,134.75,134.75,141000
2023-03-29,135.36000061035156,137.3000030517578,134.27999877929688,136.82000732421875,136.82000732421875,221900
2023-03-30,138.5800018310547,140.07000732421875,137.88999938964844,139.38999938964844,139.38999938964844,183200
2023-03-31,140.38999938964844,141.91000366210938,140.1999969482422,141.80999755859375,141.80999755859375,202300
2023-04-03,141.80999755859375,143.30999755859375,141.50999450683594,143.24000549316406,143.24000549316406,292900
2023-04-04,143.89999389648438,144.0,139.3800048828125,140.52999877929688,140.52999877929688,265400
2023-04-05,139.42999267578125,139.42999267578125,135.9499969482422,137.7100067138672,137.7100067138672,289500
2023-04-06,137.30999755859375,138.3000030517578,135.30999755859375,135.49000549316406,135.49000549316406,200500
2023-04-10,134.3699951171875,138.33999633789062,133.75,136.69000244140625,136.69000244140625,275100
2023-04-11,138.36000061035156,142.77000427246094,138.36000061035156,141.58999633789062,141.58999633789062,328600
2023-04-12,142.88999938964844,142.92999267578125,138.4499969482422,140.0,140.0,391600
2023-04-13,141.16000366210938,141.16000366210938,137.50999450683594,139.85000610351562,139.85000610351562,286200
2023-04-14,140.2899932861328,142.77000427246094,139.47999572753906,142.66000366210938,142.66000366210938,354200
2023-04-17,142.50999450683594,142.5500030517578,140.39999389648438,142.25999450683594,142.25999450683594,251900
2023-04-18,143.38999938964844,145.2899932861328,142.91000366210938,144.33999633789062,144.33999633789062,236800
2023-04-19,142.22999572753906,144.05999755859375,139.52999877929688,143.1199951171875,143.1199951171875,319300
2023-04-20,141.8300018310547,144.2899932861328,140.1699981689453,141.05999755859375,141.05999755859375,318600
2023-04-21,141.2100067138672,142.10000610351562,139.82000732421875,140.58999633789062,140.58999633789062,367500
2023-04-24,140.0,143.02999877929688,139.9600067138672,141.5,141.5,328500
2023-04-25,140.50999450683594,141.3000030517578,135.94000244140625,136.89999389648438,136.89999389648438,367100
2023-04-26,138.1300048828125,139.10000610351562,133.82000732421875,135.8800048828125,135.8800048828125,536000
2023-04-27,135.2899932861328,139.0,134.77000427246094,138.16000366210938,138.16000366210938,383900
2023-04-28,138.0,140.24000549316406,137.44000244140625,138.5800018310547,138.5800018310547,410800
2023-05-01,138.69000244140625,145.22999572753906,138.07000732421875,142.77999877929688,142.77999877929688,432800
2023-05-02,141.75,143.0399932861328,137.6699981689453,141.4600067138672,141.4600067138672,461100
2023-05-03,141.8300018310547,143.0800018310547,136.4199981689453,136.47999572753906,136.47999572753906,353600
2023-05-04,135.5,136.02000427246094,133.72000122070312,135.19000244140625,135.19000244140625,336100
2023-05-05,136.27999877929688,139.30999755859375,136.27999877929688,139.00999450683594,139.00999450683594,304600
2023-05-08,139.7899932861328,140.9600067138672,138.57000732421875,139.7100067138672,139.7100067138672,293600
2023-05-09,139.0800018310547,142.1199951171875,137.77000427246094,140.47999572753906,140.47999572753906,375800
2023-05-10,142.22999572753906,143.14999389648438,139.82000732421875,140.7899932861328,140.7899932861328,324000
2023-05-11,139.92999267578125,141.41000366210938,137.94000244140625,138.9499969482422,138.9499969482422,275400
2023-05-12,141.83999633789062,143.4199981689453,139.17999267578125,140.1300048828125,140.1300048828125,354400
2023-05-15,140.1300048828125,141.02000427246094,138.6999969482422,140.1699981689453,140.1699981689453,315600
2023-05-16,138.35000610351562,138.94000244140625,136.52999877929688,137.22000122070312,137.22000122070312,248700
2023-05-17,138.14999389648438,141.82000732421875,137.49000549316406,140.63999938964844,140.63999938964844,282200
2023-05-18,140.4199981689453,142.75999450683594,139.83999633789062,142.4499969482422,142.4499969482422,213600
2023-05-19,142.4499969482422,142.4499969482422,138.47999572753906,139.5500030517578,139.5500030517578,230800
2023-05-22,140.11000061035156,141.42999267578125,139.58999633789062,141.10000610351562,141.10000610351562,219700
2023-05-23,140.25999450683594,144.44000244140625,139.82000732421875,142.64999389648438,142.64999389648438,288300
2023-05-24,142.80999755859375,143.11000061035156,140.0,141.8300018310547,141.8300018310547,222700
2023-05-25,141.61000061035156,143.10000610351562,139.0500030517578,142.52999877929688,142.52999877929688,213400
2023-05-26,142.94000244140625,143.64999389648438,141.4600067138672,141.58999633789062,141.58999633789062,372900
2023-05-30,142.25999450683594,146.00999450683594,142.25999450683594,145.24000549316406,145.24000549316406,332800
2023-05-31,141.94000244140625,143.35000610351562,136.4499969482422,138.22000122070312,138.22000122070312,577700
2023-06-01,138.14999389648438,139.75,136.88999938964844,138.42999267578125,138.42999267578125,248700
2023-06-02,139.61000061035156,146.72000122070312,138.1999969482422,146.36000061035156,146.36000061035156,361700
2023-06-05,145.1300048828125,146.16000366210938,140.8000030517578,143.41000366210938,143.41000366210938,226200
2023-06-06,142.4600067138672,148.32000732421875,142.4600067138672,147.02999877929688,147.02999877929688,317700
2023-06-07,148.33999633789062,152.5399932861328,147.4600067138672,151.3800048828125,151.3800048828125,271300
2023-06-08,151.8000030517578,153.07000732421875,149.6999969482422,152.32000732421875,152.32000732421875,241700
2023-06-09,152.8300018310547,152.8300018310547,149.3300018310547,149.85000610351562,149.85000610351562,196800
2023-06-12,150.35000610351562,151.08999633789062,148.80999755859375,150.5800018310547,150.5800018310547,225700
2023-06-13,150.75999450683594,156.8699951171875,150.75999450683594,155.8699951171875,155.8699951171875,461800
2023-06-14,155.85000610351562,157.4600067138672,152.6199951171875,154.0,154.0,186900
2023-06-15,153.27999877929688,156.85000610351562,153.14999389648438,156.5399932861328,156.5399932861328,251500
2023-06-16,157.1199951171875,158.44000244140625,153.41000366210938,153.72000122070312,153.72000122070312,394700
2023-06-20,152.94000244140625,155.1699981689453,151.41000366210938,154.0,154.0,221900
2023-06-21,154.83999633789062,157.02999877929688,153.3000030517578,156.25,156.25,239200
2023-06-22,155.85000610351562,157.8699951171875,154.6300048828125,156.63999938964844,156.63999938964844,197500
2023-06-23,156.5,159.72000122070312,155.97000122070312,158.47999572753906,158.47999572753906,691500
2023-06-26,158.91000366210938,160.36000061035156,157.4600067138672,159.63999938964844,159.63999938964844,258300
2023-06-27,159.44000244140625,164.30999755859375,159.44000244140625,163.13999938964844,163.13999938964844,238200
2023-06-28,162.3800048828125,165.94000244140625,161.89999389648438,165.52999877929688,165.52999877929688,239900
2023-06-29,165.86000061035156,167.86000061035156,165.13999938964844,165.97000122070312,165.97000122070312,229200
2023-06-30,167.02000427246094,167.41000366210938,164.30999755859375,166.6300048828125,166.6300048828125,273200
2023-07-03,166.67999267578125,169.41000366210938,166.33999633789062,167.07000732421875,167.07000732421875,130300
2023-07-05,166.66000366210938,167.55999755859375,165.5800018310547,166.38999938964844,166.38999938964844,252500
2023-07-06,165.97999572753906,168.67999267578125,165.00999450683594,168.52000427246094,168.52000427246094,283500
2023-07-07,168.6199951171875,172.97000122070312,168.6199951171875,172.22000122070312,172.22000122070312,433500
2023-07-10,171.39999389648438,175.52999877929688,170.6199951171875,174.9199981689453,174.9199981689453,295300
2023-07-11,176.3699951171875,179.25999450683594,176.35000610351562,178.3699951171875,178.3699951171875,375500
2023-07-12,180.0500030517578,180.83999633789062,177.7899932861328,178.47999572753906,178.47999572753906,271100
2023-07-13,178.36000061035156,179.60000610351562,176.9600067138672,177.08999633789062,177.08999633789062,120900
2023-07-14,176.7100067138672,177.72000122070312,174.4499969482422,174.8699951171875,174.8699951171875,144000
2023-07-17,174.11000061035156,175.5500030517578,171.3800048828125,175.39999389648438,175.39999389648438,155200
2023-07-18,175.3000030517578,178.58999633789062,175.3000030517578,177.30999755859375,177.30999755859375,164100
2023-07-19,177.1300048828125,179.8699951171875,176.8000030517578,179.64999389648438,179.64999389648438,360100
2023-07-20,180.0399932861328,180.0399932861328,175.66000366210938,176.41000366210938,176.41000366210938,216300
2023-07-21,177.13999938964844,177.13999938964844,167.80999755859375,169.33999633789062,169.33999633789062,436500
2023-07-24,169.32000732421875,170.6999969482422,165.60000610351562,167.74000549316406,167.74000549316406,323900
2023-07-25,166.50999450683594,167.92999267578125,164.6300048828125,165.0500030517578,165.0500030517578,418500
2023-07-26,162.8000030517578,166.38999938964844,160.11000061035156,162.97999572753906,162.97999572753906,413600
2023-07-27,164.41000366210938,166.24000549316406,161.50999450683594,163.0800018310547,163.0800018310547,318300
2023-07-28,164.61000061035156,164.61000061035156,160.00999450683594,161.58999633789062,161.58999633789062,331600
2023-07-31,159.5399932861328,161.6199951171875,157.89999389648438,161.4199981689453,161.4199981689453,324800
2023-08-01,159.41000366210938,163.7899932861328,158.9600067138672,162.61000061035156,162.61000061035156,313100
2023-08-02,172.0,177.33999633789062,172.0,173.27000427246094,173.27000427246094,1551900
2023-08-03,173.39999389648438,174.6699981689453,171.52000427246094,172.74000549316406,172.74000549316406,4625500
2023-08-04,172.10000610351562,173.4499969482422,167.3300018310547,167.33999633789062,167.33999633789062,794300
2023-08-07,167.72999572753906,167.9600067138672,165.50999450683594,167.80999755859375,167.80999755859375,396100
2023-08-08,166.08999633789062,167.24000549316406,164.3800048828125,165.60000610351562,165.60000610351562,326100
2023-08-09,165.5399932861328,166.9499969482422,162.47000122070312,166.52999877929688,166.52999877929688,260300
2023-08-10,167.0800018310547,167.92999267578125,164.16000366210938,165.60000610351562,165.60000610351562,320000
2023-08-11,165.6199951171875,174.6199951171875,164.5800018310547,173.61000061035156,173.61000061035156,420300
2023-08-14,172.8000030517578,175.07000732421875,171.8800048828125,174.92999267578125,174.92999267578125,434000
2023-08-15,174.4199981689453,175.08999633789062,172.05999755859375,172.7899932861328,172.7899932861328,333300
2023-08-16,172.72999572753906,173.8300018310547,170.7100067138672,171.64999389648438,171.64999389648438,285600
2023-08-17,171.72000122070312,173.58999633789062,167.74000549316406,167.7899932861328,167.7899932861328,290000
2023-08-18,167.07000732421875,170.07000732421875,167.07000732421875,169.92999267578125,169.92999267578125,273500
2023-08-21,170.10000610351562,171.58999633789062,166.61000061035156,168.4499969482422,168.4499969482422,274100
2023-08-22,168.38999938964844,169.36000061035156,166.25999450683594,166.67999267578125,166.67999267578125,259700
2023-08-23,165.52000427246094,168.10000610351562,165.02000427246094,167.33999633789062,167.33999633789062,242400
2023-08-24,166.5,167.3300018310547,164.38999938964844,164.6699981689453,164.6699981689453,211000
2023-08-25,165.5500030517578,166.86000061035156,162.69000244140625,163.4499969482422,163.4499969482422,179800
2023-08-28,163.7899932861328,165.74000549316406,162.49000549316406,162.92999267578125,162.92999267578125,241100
2023-08-29,163.47000122070312,166.55999755859375,162.97000122070312,165.5,165.5,189400
2023-08-30,164.88999938964844,166.77000427246094,164.86000061035156,165.75,165.75,197400
2023-08-31,165.97000122070312,166.85000610351562,164.05999755859375,164.3000030517578,164.3000030517578,187000
2023-09-01,165.72000122070312,167.0,164.14999389648438,166.1699981689453,166.1699981689453,231300
2023-09-05,163.67999267578125,164.19000244140625,160.33999633789062,161.88999938964844,161.88999938964844,343600
2023-09-06,161.58999633789062,163.3800048828125,158.47999572753906,159.1999969482422,159.1999969482422,241400
2023-09-07,159.24000549316406,161.9199981689453,158.9499969482422,158.9499969482422,158.9499969482422,291600
2023-09-08,159.3300018310547,161.19000244140625,158.35000610351562,159.6199951171875,159.6199951171875,189200
2023-09-11,160.83999633789062,162.47999572753906,159.69000244140625,160.22000122070312,160.22000122070312,277600
2023-09-12,159.9199981689453,162.66000366210938,159.9199981689453,161.85000610351562,161.85000610351562,228800
2023-09-13,163.4499969482422,163.82000732421875,160.82000732421875,161.33999633789062,161.33999633789062,235100
2023-09-14,162.13999938964844,168.1699981689453,162.13999938964844,167.94000244140625,167.94000244140625,280600
2023-09-15,167.4499969482422,168.00999450683594,162.6300048828125,163.8699951171875,163.8699951171875,1386400
2023-09-18,164.6300048828125,166.99000549316406,164.44000244140625,165.08999633789062,165.08999633789062,226800
2023-09-19,164.97000122070312,166.4499969482422,164.50999450683594,165.0399932861328,165.0399932861328,238800
2023-09-20,165.61000061035156,166.47000122070312,162.22000122070312,162.55999755859375,162.55999755859375,180500
2023-09-21,161.00999450683594,162.17999267578125,158.75999450683594,160.42999267578125,160.42999267578125,206100
2023-09-22,161.2899932861328,162.13999938964844,159.02999877929688,159.52000427246094,159.52000427246094,209100
2023-09-25,159.47999572753906,163.4199981689453,159.47999572753906,162.11000061035156,162.11000061035156,188500
2023-09-26,161.24000549316406,162.27999877929688,159.8300018310547,161.27999877929688,161.27999877929688,233200
2023-09-27,162.2899932861328,166.66000366210938,161.42999267578125,166.36000061035156,166.36000061035156,167300
2023-09-28,161.9499969482422,169.41000366210938,161.7899932861328,168.0399932861328,168.0399932861328,304100
2023-09-29,169.0,170.0,166.75999450683594,167.05999755859375,167.05999755859375,307300
2023-10-02,166.7899932861328,167.86000061035156,162.08999633789062,163.1999969482422,163.1999969482422,274000
2023-10-03,162.50999450683594,163.35000610351562,158.00999450683594,158.80999755859375,158.80999755859375,268400
2023-10-04,158.69000244140625,159.6699981689453,156.08999633789062,158.44000244140625,158.44000244140625,270900
2023-10-05,158.24000549316406,158.67999267578125,150.8699951171875,151.89999389648438,151.89999389648438,394600
2023-10-06,151.22999572753906,156.11000061035156,150.16000366210938,153.0,153.0,287800
2023-10-09,150.9499969482422,155.94000244140625,150.44000244140625,155.8300018310547,155.8300018310547,165800
2023-10-10,155.92999267578125,159.0800018310547,155.60000610351562,158.25,158.25,247900
2023-10-11,158.6300048828125,159.05999755859375,154.63999938964844,156.3000030517578,156.3000030517578,159700
2023-10-12,154.72000122070312,154.72000122070312,148.6699981689453,150.25999450683594,150.25999450683594,335000
2023-10-13,150.57000732421875,151.3800048828125,146.32000732421875,146.57000732421875,146.57000732421875,344200
2023-10-16,148.55999755859375,152.0,147.75999450683594,151.14999389648438,151.14999389648438,217200
2023-10-17,150.3000030517578,154.6699981689453,150.2899932861328,151.72999572753906,151.72999572753906,235600
2023-10-18,151.11000061035156,153.17999267578125,149.52999877929688,152.3800048828125,152.3800048828125,241300
2023-10-19,151.9600067138672,151.9600067138672,147.13999938964844,147.97000122070312,147.97000122070312,215400
2023-10-20,148.75999450683594,149.11000061035156,146.7899932861328,147.36000061035156,147.36000061035156,186100
2023-10-23,146.14999389648438,147.89999389648438,143.75,144.17999267578125,144.17999267578125,311300
2023-10-24,144.00999450683594,146.4499969482422,141.5,143.55999755859375,143.55999755859375,397900
2023-10-25,141.14999389648438,143.6699981689453,137.9499969482422,142.35000610351562,142.35000610351562,525800
2023-10-26,143.00999450683594,146.89999389648438,141.4600067138672,145.52000427246094,145.52000427246094,295000
2023-10-27,146.02000427246094,147.11000061035156,143.5,144.75999450683594,144.75999450683594,290700
2023-10-30,145.6999969482422,146.88999938964844,141.72999572753906,142.94000244140625,142.94000244140625,234700
2023-10-31,143.63999938964844,145.22999572753906,142.66000366210938,143.0800018310547,143.0800018310547,215000
2023-11-01,142.4199981689453,147.89999389648438,140.6999969482422,147.74000549316406,147.74000549316406,259300
2023-11-02,149.85000610351562,151.32000732421875,148.5399932861328,150.7899932861328,150.7899932861328,253000
2023-11-03,152.47999572753906,157.00999450683594,152.47999572753906,156.1199951171875,156.1199951171875,249000
2023-11-06,155.38999938964844,155.38999938964844,151.7100067138672,153.00999450683594,153.00999450683594,188300
2023-11-07,152.8699951171875,153.58999633789062,150.58999633789062,152.11000061035156,152.11000061035156,196500
2023-11-08,152.25,153.0399932861328,151.4600067138672,151.88999938964844,151.88999938964844,295400
2023-11-09,152.4499969482422,152.7100067138672,147.85000610351562,147.97000122070312,147.97000122070312,172100
2023-11-10,148.9499969482422,149.58999633789062,147.42999267578125,149.1699981689453,149.1699981689453,118400
2023-11-13,146.7899932861328,149.77999877929688,146.47000122070312,149.55999755859375,149.55999755859375,161400
2023-11-14,153.02000427246094,159.5,153.02000427246094,157.16000366210938,157.16000366210938,199900
2023-11-15,157.3800048828125,161.10000610351562,157.3800048828125,159.5500030517578,159.5500030517578,224800
2023-11-16,158.77000427246094,158.85000610351562,149.27999877929688,151.92999267578125,151.92999267578125,308900
2023-11-17,154.22999572753906,155.89999389648438,152.36000061035156,153.86000061035156,153.86000061035156,238900
2023-11-20,153.61000061035156,154.39999389648438,151.3000030517578,153.49000549316406,153.49000549316406,133000
2023-11-21,152.11000061035156,153.3300018310547,151.02999877929688,152.4600067138672,152.4600067138672,139100
2023-11-22,152.99000549316406,154.3000030517578,151.69000244140625,152.1999969482422,152.1999969482422,145800
2023-11-24,152.27999877929688,154.25999450683594,151.86000061035156,154.25999450683594,154.25999450683594,97300
2023-11-27,153.77000427246094,155.0,150.86000061035156,150.92999267578125,150.92999267578125,130600
2023-11-28,151.61000061035156,153.8699951171875,150.74000549316406,151.02999877929688,151.02999877929688,142300
2023-11-29,152.2899932861328,153.52999877929688,147.50999450683594,148.47000122070312,148.47000122070312,335400
2023-11-30,148.63999938964844,150.25,146.63999938964844,149.3000030517578,149.3000030517578,283000
2023-12-01,149.52999877929688,154.3000030517578,148.91000366210938,154.27000427246094,154.27000427246094,270500
2023-12-04,154.0,155.63999938964844,152.4499969482422,154.49000549316406,154.49000549316406,197400
2023-12-05,152.5399932861328,152.5399932861328,150.0500030517578,150.77000427246094,150.77000427246094,194200
2023-12-06,152.47999572753906,153.16000366210938,149.22999572753906,149.25,149.25,222500
2023-12-07,150.25,150.5399932861328,148.94000244140625,150.3699951171875,150.3699951171875,207700
2023-12-08,150.0,151.52999877929688,149.25999450683594,150.25999450683594,150.25999450683594,199700
2023-12-11,150.5500030517578,152.4600067138672,148.91000366210938,151.39999389648438,151.39999389648438,132200
2023-12-12,151.07000732421875,151.07000732421875,149.00999450683594,149.1300048828125,149.1300048828125,138300
2023-12-13,148.99000549316406,157.2899932861328,148.77999877929688,155.8699951171875,155.8699951171875,428500
2023-12-14,157.94000244140625,163.47000122070312,157.05999755859375,163.30999755859375,163.30999755859375,355200
2023-12-15,163.99000549316406,163.99000549316406,160.10000610351562,161.55999755859375,161.55999755859375,315200
2023-12-18,162.41000366210938,162.5,158.3699951171875,160.0500030517578,160.0500030517578,176500
2023-12-19,160.5,162.9600067138672,160.25999450683594,162.30999755859375,162.30999755859375,191600
2023-12-20,161.8800048828125,163.52000427246094,159.16000366210938,159.33999633789062,159.33999633789062,188000
2023-12-21,163.00999450683594,164.69000244140625,161.8800048828125,163.3800048828125,163.3800048828125,159500
2023-12-22,162.5,164.13999938964844,162.1999969482422,162.66000366210938,162.66000366210938,136000
2023-12-26,162.66000366210938,164.19000244140625,161.25,164.0399932861328,164.0399932861328,118200
2023-12-27,164.1199951171875,164.2100067138672,161.89999389648438,162.74000549316406,162.74000549316406,166300
2023-12-28,162.1199951171875,162.50999450683594,160.75,161.74000549316406,161.74000549316406,177200
2023-12-29,160.9600067138672,161.66000366210938,159.63999938964844,160.50999450683594,160.50999450683594,271700
2024-01-02,159.57000732421875,161.6699981689453,158.83999633789062,160.5,160.5,146500
2024-01-03,158.3800048828125,158.3800048828125,153.0399932861328,153.30999755859375,153.30999755859375,235700
2024-01-04,152.36000061035156,152.5,150.64999389648438,150.82000732421875,150.82000732421875,282800
2024-01-05,150.08999633789062,152.86000061035156,149.30999755859375,150.5800018310547,150.5800018310547,219000
2024-01-08,150.75999450683594,152.6999969482422,149.92999267578125,152.27999877929688,152.27999877929688,143400
2024-01-09,150.92999267578125,151.58999633789062,150.30999755859375,151.14999389648438,151.14999389648438,125500
2024-01-10,150.8800048828125,151.9199981689453,149.8000030517578,151.83999633789062,151.83999633789062,159000
2024-01-11,151.10000610351562,151.74000549316406,148.8000030517578,151.5,151.5,175500
2024-01-12,152.39999389648438,152.83999633789062,148.25,149.1699981689453,149.1699981689453,175600
2024-01-16,148.5399932861328,150.32000732421875,146.86000061035156,150.0399932861328,150.0399932861328,173500
2024-01-17,149.10000610351562,150.47999572753906,148.97999572753906,150.27999877929688,150.27999877929688,172500
2024-01-18,151.10000610351562,152.27000427246094,150.1999969482422,151.3300018310547,151.3300018310547,138200
2024-01-19,151.2899932861328,153.08999633789062,149.41000366210938,151.4499969482422,151.4499969482422,123900
2024-01-22,152.32000732421875,155.39999389648438,152.32000732421875,154.02999877929688,154.02999877929688,123400
2024-01-23,155.77999877929688,155.77999877929688,152.3300018310547,152.38999938964844,152.38999938964844,143100
2024-01-24,154.42999267578125,155.0500030517578,149.89999389648438,150.8300018310547,150.8300018310547,135700
2024-01-25,152.25,152.88999938964844,150.80999755859375,152.77000427246094,152.77000427246094,151600
2024-01-26,153.77999877929688,154.1199951171875,152.5399932861328,153.32000732421875,153.32000732421875,78200
2024-01-29,153.50999450683594,156.1300048828125,152.52999877929688,155.97000122070312,155.97000122070312,117400
2024-01-30,154.77999877929688,157.82000732421875,154.77999877929688,156.0399932861328,156.0399932861328,141600
2024-01-31,151.57000732421875,153.6999969482422,145.74000549316406,148.3699951171875,148.3699951171875,421000
2024-02-01,149.1999969482422,152.92999267578125,148.8000030517578,152.82000732421875,152.82000732421875,232500
2024-02-02,150.72999572753906,152.7100067138672,150.0,152.16000366210938,152.16000366210938,236900
2024-02-05,150.25,150.63999938964844,148.60000610351562,149.61000061035156,149.61000061035156,223800
2024-02-06,149.1300048828125,150.94000244140625,148.05999755859375,149.74000549316406,149.74000549316406,220300
2024-02-07,148.00999450683594,153.39999389648438,146.60000610351562,148.25,148.25,510500
2024-02-08,147.50999450683594,148.97000122070312,147.0,148.02000427246094,148.02000427246094,225100
2024-02-09,148.13999938964844,152.8800048828125,147.1999969482422,152.66000366210938,152.66000366210938,195900
2024-02-12,153.13999938964844,156.69000244140625,153.13999938964844,154.83999633789062,154.83999633789062,214300
2024-02-13,151.17999267578125,152.42999267578125,149.0800018310547,150.35000610351562,150.35000610351562,231000
2024-02-14,150.55999755859375,151.05999755859375,147.6199951171875,150.44000244140625,150.44000244140625,211400
2024-02-15,151.1999969482422,151.8800048828125,149.8300018310547,151.49000549316406,151.49000549316406,162200
2024-02-16,150.4600067138672,151.5800018310547,148.75999450683594,149.19000244140625,149.19000244140625,173000
2024-02-20,146.58999633789062,147.41000366210938,144.72999572753906,145.16000366210938,145.16000366210938,336000
2024-02-21,144.33999633789062,147.58999633789062,143.75999450683594,146.57000732421875,146.57000732421875,247200
2024-02-22,147.77999877929688,150.74000549316406,147.1999969482422,150.72000122070312,150.72000122070312,324800
2024-02-23,151.25999450683594,151.72000122070312,149.97000122070312,150.99000549316406,150.99000549316406,207400
2024-02-26,150.3699951171875,151.72000122070312,149.8699951171875,150.6199951171875,150.6199951171875,170100
2024-02-27,151.86000061035156,153.2899932861328,151.1999969482422,151.75,151.75,184400
2024-02-28,150.89999389648438,152.52999877929688,150.72999572753906,151.33999633789062,151.33999633789062,227300
2024-02-29,153.33999633789062,153.83999633789062,151.49000549316406,153.5,153.5,170500
2024-03-01,153.58999633789062,154.6699981689453,152.10000610351562,154.63999938964844,154.63999938964844,183800
2024-03-04,154.1999969482422,155.75,152.8800048828125,153.2100067138672,153.2100067138672,255300
2024-03-05,152.0800018310547,154.92999267578125,151.9499969482422,153.14999389648438,153.14999389648438,224200
2024-03-06,155.0,155.0,151.3699951171875,152.50999450683594,152.50999450683594,170300
2024-03-07,153.2899932861328,154.91000366210938,152.08999633789062,152.74000549316406,152.74000549316406,183200
2024-03-08,153.30999755859375,156.60000610351562,152.0800018310547,152.22999572753906,152.22999572753906,165100
2024-03-11,151.82000732421875,152.63999938964844,150.72999572753906,152.3000030517578,152.3000030517578,148700
2024-03-12,153.02999877929688,153.85000610351562,151.6300048828125,153.72999572753906,153.72999572753906,126400
2024-03-13,153.5500030517578,155.4600067138672,153.5500030517578,154.25,154.25,148700
2024-03-14,153.4499969482422,153.6999969482422,150.61000061035156,151.72999572753906,151.72999572753906,143200
2024-03-15,151.14999389648438,153.83999633789062,151.14999389648438,153.3000030517578,153.3000030517578,334000
2024-03-18,153.66000366210938,155.97000122070312,152.60000610351562,152.9600067138672,152.9600067138672,336800
2024-03-19,152.8000030517578,155.72000122070312,152.3000030517578,153.08999633789062,153.08999633789062,170000
2024-03-20,153.30999755859375,157.97000122070312,152.49000549316406,157.58999633789062,157.58999633789062,181100
2024-03-21,158.0500030517578,161.58999633789062,158.0500030517578,160.32000732421875,160.32000732421875,135600
2024-03-22,160.02000427246094,160.85000610351562,158.1199951171875,158.4600067138672,158.4600067138672,123300
2024-03-25,159.22999572753906,159.8300018310547,157.6199951171875,158.13999938964844,158.13999938964844,114600
2024-03-26,158.9600067138672,159.6199951171875,157.97000122070312,158.0399932861328,158.0399932861328,136500
2024-03-27,159.47000122070312,162.44000244140625,159.1999969482422,162.10000610351562,162.10000610351562,144100
2024-03-28,162.8300018310547,163.22000122070312,161.9600067138672,161.99000549316406,161.99000549316406,190900
2024-04-01,161.72999572753906,161.7899932861328,159.75999450683594,160.72000122070312,160.72000122070312,146800
2024-04-02,158.80999755859375,159.86000061035156,155.4600067138672,155.7899932861328,155.7899932861328,180400
2024-04-03,154.88999938964844,156.75999450683594,154.85000610351562,155.44000244140625,155.44000244140625,167900
2024-04-04,156.6699981689453,157.33999633789062,152.0399932861328,152.41000366210938,152.41000366210938,180600
2024-04-05,152.67999267578125,154.11000061035156,152.0800018310547,153.3699951171875,153.3699951171875,140000
2024-04-08,154.4199981689453,155.4600067138672,152.8300018310547,152.89999389648438,152.89999389648438,93700
2024-04-09,153.5,154.9199981689453,152.92999267578125,154.4199981689453,154.4199981689453,106700
2024-04-10,150.92999267578125,151.77000427246094,149.66000366210938,150.13999938964844,150.13999938964844,280200
2024-04-11,148.88999938964844,150.60000610351562,147.0800018310547,150.41000366210938,150.41000366210938,315700
2024-04-12,149.2899932861328,150.3300018310547,149.19000244140625,150.00999450683594,150.00999450683594,298700
2024-04-15,152.0,152.47999572753906,148.67999267578125,149.38999938964844,149.38999938964844,365900
2024-04-16,148.4499969482422,151.2100067138672,148.05999755859375,150.49000549316406,150.49000549316406,216700
2024-04-17,151.86000061035156,152.25999450683594,148.85000610351562,149.02000427246094,149.02000427246094,322800
2024-04-18,150.17999267578125,150.5500030517578,147.4600067138672,147.47999572753906,147.47999572753906,187700
2024-04-19,147.44000244140625,149.55999755859375,145.5800018310547,147.94000244140625,147.94000244140625,187900
2024-04-22,148.5500030517578,150.0800018310547,147.22999572753906,149.02000427246094,149.02000427246094,187500
2024-04-23,149.82000732421875,152.60000610351562,149.82000732421875,152.1999969482422,152.1999969482422,168900
2024-04-24,151.32000732421875,154.36000061035156,151.32000732421875,153.17999267578125,153.17999267578125,206100
2024-04-25,151.85000610351562,153.72000122070312,149.13999938964844,153.4499969482422,153.4499969482422,176000
2024-04-26,153.4199981689453,157.72000122070312,153.4199981689453,155.6300048828125,155.6300048828125,220300
2024-04-29,155.58999633789062,157.3300018310547,154.05999755859375,155.3800048828125,155.3800048828125,299100
2024-04-30,150.63999938964844,155.07000732421875,149.39999389648438,152.91000366210938,152.91000366210938,402800
2024-05-01,152.35000610351562,154.6999969482422,150.30999755859375,151.97999572753906,151.97999572753906,216600
2024-05-02,153.25999450683594,153.25999450683594,151.5,152.5,152.5,160100
2024-05-03,154.22000122070312,155.9199981689453,152.97000122070312,153.44000244140625,153.44000244140625,203300
2024-05-06,155.0,155.61000061035156,153.3000030517578,153.92999267578125,153.92999267578125,169600
2024-05-07,154.44000244140625,155.9499969482422,153.2100067138672,153.22000122070312,153.22000122070312,186200
2024-05-08,151.97000122070312,153.52999877929688,151.97000122070312,152.8699951171875,152.8699951171875,137000
2024-05-09,153.4600067138672,156.27999877929688,153.16000366210938,156.0800018310547,156.0800018310547,159500
2024-05-10,156.47999572753906,156.97999572753906,154.27000427246094,155.38999938964844,155.38999938964844,185500
2024-05-13,156.75999450683594,162.47999572753906,156.75999450683594,160.2899932861328,160.2899932861328,269200
2024-05-14,163.19000244140625,164.55999755859375,160.42999267578125,161.6300048828125,161.6300048828125,218800
2024-05-15,162.5800018310547,162.5800018310547,157.97000122070312,160.02999877929688,160.02999877929688,153000
2024-05-16,160.0,160.9199981689453,158.75,159.74000549316406,159.74000549316406,109900
2024-05-17,158.22000122070312,158.22000122070312,155.25,156.25,156.25,211100
2024-05-20,156.1999969482422,156.5,154.74000549316406,155.36000061035156,155.36000061035156,179500
2024-05-21,155.7100067138672,155.7100067138672,154.27000427246094,154.9199981689453,154.9199981689453,188000
2024-05-22,154.47999572753906,154.7899932861328,152.27999877929688,152.69000244140625,152.69000244140625,157500
2024-05-23,152.66000366210938,152.66000366210938,149.94000244140625,151.32000732421875,151.32000732421875,164000
2024-05-24,152.55999755859375,153.0500030517578,151.30999755859375,152.69000244140625,152.69000244140625,97200
2024-05-28,153.5,153.52999877929688,151.33999633789062,151.44000244140625,151.44000244140625,133500
2024-05-29,149.5,150.0500030517578,145.6999969482422,146.86000061035156,146.86000061035156,192000
2024-05-30,147.80999755859375,150.75999450683594,147.80999755859375,150.4600067138672,150.4600067138672,174500
2024-05-31,151.16000366210938,152.89999389648438,150.5500030517578,152.10000610351562,152.10000610351562,192200
2024-06-03,152.97000122070312,153.91000366210938,152.25,153.4499969482422,153.4499969482422,194900
2024-06-04,151.99000549316406,152.8800048828125,149.6300048828125,151.00999450683594,151.00999450683594,146800
2024-06-05,151.1199951171875,151.9499969482422,149.08999633789062,151.58999633789062,151.58999633789062,105300
2024-06-06,151.22999572753906,151.58999633789062,149.63999938964844,150.3300018310547,150.3300018310547,128100
2024-06-07,149.32000732421875,149.77999877929688,147.69000244140625,148.9199981689453,148.9199981689453,157200
2024-06-10,147.42999267578125,148.4499969482422,146.85000610351562,147.4199981689453,147.4199981689453,224700
2024-06-11,146.7899932861328,147.2899932861328,145.55999755859375,146.86000061035156,146.86000061035156,156500
2024-06-12,150.1699981689453,151.91000366210938,148.1699981689453,148.8800048828125,148.8800048828125,180100
2024-06-13,148.6699981689453,148.6699981689453,147.0,147.6300048828125,147.6300048828125,126400
2024-06-14,146.0800018310547,146.0800018310547,142.32000732421875,144.77000427246094,144.77000427246094,198800
2024-06-17,144.17999267578125,147.64999389648438,142.52000427246094,147.50999450683594,147.50999450683594,177600
2024-06-18,146.9600067138672,147.4600067138672,145.75,147.0500030517578,147.0500030517578,156100
2024-06-20,145.9600067138672,151.83999633789062,145.72999572753906,150.27999877929688,150.27999877929688,434500
2024-06-21,150.69000244140625,151.27999877929688,149.0,151.17999267578125,151.17999267578125,341200
2024-06-24,151.42999267578125,153.8300018310547,150.02999877929688,150.72000122070312,150.72000122070312,146100
2024-06-25,149.94000244140625,149.94000244140625,147.14999389648438,148.69000244140625,148.69000244140625,238900
2024-06-26,147.9499969482422,148.88999938964844,147.74000549316406,148.1199951171875,148.1199951171875,171000
2024-06-27,148.3800048828125,148.97999572753906,146.99000549316406,148.1300048828125,148.1300048828125,153200
2024-06-28,148.49000549316406,149.97000122070312,147.64999389648438,149.02000427246094,149.02000427246094,275000
2024-07-01,149.14999389648438,149.64999389648438,147.11000061035156,147.1199951171875,147.1199951171875,211000
2024-07-02,147.75999450683594,148.0,146.49000549316406,146.6300048828125,146.6300048828125,201800
2024-07-03,147.0,147.5800018310547,145.8800048828125,146.07000732421875,146.07000732421875,93900
2024-07-05,145.57000732421875,145.88999938964844,143.14999389648438,143.74000549316406,143.74000549316406,262700
2024-07-08,144.97000122070312,146.63999938964844,144.80999755859375,146.0399932861328,146.0399932861328,150900
2024-07-09,145.27000427246094,145.5399932861328,144.11000061035156,144.1300048828125,144.1300048828125,174000
2024-07-10,144.72000122070312,146.07000732421875,143.6999969482422,145.61000061035156,145.61000061035156,133900
2024-07-11,148.0800018310547,153.08999633789062,146.89999389648438,152.72999572753906,152.72999572753906,191800
2024-07-12,153.82000732421875,156.7100067138672,153.8000030517578,155.14999389648438,155.14999389648438,176600
2024-07-15,154.5500030517578,158.16000366210938,153.89999389648438,155.3699951171875,155.3699951171875,216600
2024-07-16,157.0,162.3000030517578,157.0,161.97000122070312,161.97000122070312,192200
2024-07-17,159.72000122070312,162.39999389648438,158.9600067138672,160.99000549316406,160.99000549316406,164500
2024-07-18,160.36000061035156,162.5800018310547,158.6199951171875,158.72999572753906,158.72999572753906,135300
2024-07-19,158.10000610351562,158.27999877929688,154.99000549316406,155.39999389648438,155.39999389648438,128500
