Date,Open,High,Low,Close,Adj Close,Volume
2020-06-26,480.0,570.0,451.79998779296875,570.0,570.0,88890
2020-06-29,576.0,583.5,534.0,569.7000122070312,569.7000122070312,12237
2020-06-30,543.0,568.5,534.0,540.9000244140625,540.9000244140625,3583
2020-07-01,539.7000122070312,540.0,495.29998779296875,497.3999938964844,497.3999938964844,4507
2020-07-02,503.3999938964844,535.2000122070312,498.0,519.9000244140625,519.9000244140625,2390
2020-07-06,525.0,540.0,433.20001220703125,458.70001220703125,458.70001220703125,5537
2020-07-07,450.8999938964844,465.0,450.0,451.5,451.5,1970
2020-07-08,450.0,459.8699951171875,408.29998779296875,418.79998779296875,418.79998779296875,3500
2020-07-09,420.0,430.79998779296875,400.5,418.5,418.5,2710
2020-07-10,419.25,432.29998779296875,409.6499938964844,424.79998779296875,424.79998779296875,1243
2020-07-13,426.0,455.70001220703125,411.6000061035156,445.79998779296875,445.79998779296875,5513
2020-07-14,435.29998779296875,444.0,424.20001220703125,434.70001220703125,434.70001220703125,1550
2020-07-15,444.0,444.0,420.6000061035156,443.1000061035156,443.1000061035156,1343
2020-07-16,437.1000061035156,480.0,427.5,474.6000061035156,474.6000061035156,1707
2020-07-17,472.5,474.0,447.0,470.3999938964844,470.3999938964844,1097
2020-07-20,470.3999938964844,479.70001220703125,450.0,468.29998779296875,468.29998779296875,1603
2020-07-21,480.0,485.1000061035156,454.5,480.0,480.0,3000
2020-07-22,480.0,539.7000122070312,478.95001220703125,507.0,507.0,1423
2020-07-23,504.0,504.0,472.55999755859375,480.6000061035156,480.6000061035156,570
2020-07-24,475.20001220703125,484.79998779296875,472.5,484.20001220703125,484.20001220703125,443
2020-07-27,484.20001220703125,488.3999938964844,476.1000061035156,487.5,487.5,743
2020-07-28,480.6000061035156,480.6000061035156,453.0,477.29998779296875,477.29998779296875,503
2020-07-29,480.0,480.0,470.70001220703125,473.54998779296875,473.54998779296875,940
2020-07-30,466.5,466.95001220703125,436.79998779296875,450.0,450.0,1387
2020-07-31,443.3999938964844,448.6199951171875,417.0,419.3999938964844,419.3999938964844,1977
2020-08-03,457.5,457.5,419.70001220703125,420.0,420.0,570
2020-08-04,432.8999938964844,438.239990234375,417.0,417.0,417.0,773
2020-08-05,416.70001220703125,432.6000061035156,411.6000061035156,418.5,418.5,1873
2020-08-06,420.0,432.0,412.5,430.79998779296875,430.79998779296875,357
2020-08-07,425.3999938964844,441.0,423.0,426.29998779296875,426.29998779296875,210
2020-08-10,455.9100036621094,455.9100036621094,426.29998779296875,426.29998779296875,426.29998779296875,333
2020-08-11,427.79998779296875,443.70001220703125,405.29998779296875,413.1000061035156,413.1000061035156,310
2020-08-12,414.6000061035156,447.0,414.6000061035156,414.6000061035156,414.6000061035156,260
2020-08-13,412.20001220703125,441.5400085449219,405.0,420.0,420.0,503
2020-08-14,412.79998779296875,424.5,406.79998779296875,417.29998779296875,417.29998779296875,637
2020-08-17,411.0,431.94000244140625,396.8999938964844,426.8999938964844,426.8999938964844,977
2020-08-18,426.8999938964844,426.8999938964844,409.20001220703125,420.8999938964844,420.8999938964844,953
2020-08-19,416.70001220703125,426.17999267578125,414.0,415.79998779296875,415.79998779296875,567
2020-08-20,414.6000061035156,414.8999938964844,397.5,405.0,405.0,1783
2020-08-21,410.54998779296875,424.5,396.8999938964844,409.5,409.5,533
2020-08-24,414.75,414.75,381.29998779296875,398.1000061035156,398.1000061035156,767
2020-08-25,390.6000061035156,392.70001220703125,378.0,378.0,378.0,730
2020-08-26,382.20001220703125,390.0,376.5,376.5,376.5,470
2020-08-27,381.29998779296875,387.8999938964844,350.1000061035156,356.1000061035156,356.1000061035156,727
2020-08-28,359.70001220703125,375.0,359.70001220703125,361.79998779296875,361.79998779296875,1317
2020-08-31,375.0,375.0,350.1000061035156,360.6000061035156,360.6000061035156,1173
2020-09-01,365.3999938964844,368.25,354.0,354.0,354.0,2237
2020-09-02,354.29998779296875,402.17999267578125,354.29998779296875,384.0,384.0,790
2020-09-03,369.6000061035156,401.3999938964844,354.0,354.0,354.0,673
2020-09-04,354.29998779296875,354.29998779296875,322.6499938964844,335.70001220703125,335.70001220703125,1123
2020-09-08,341.70001220703125,389.70001220703125,339.6000061035156,339.8999938964844,339.8999938964844,347
2020-09-09,348.8999938964844,357.0,345.0,357.0,357.0,243
2020-09-10,367.5,402.6000061035156,367.5,389.3999938964844,389.3999938964844,340
2020-09-11,391.5,409.8599853515625,390.0,395.25,395.25,473
2020-09-14,400.79998779296875,409.04998779296875,390.6000061035156,400.79998779296875,400.79998779296875,273
2020-09-15,399.0,410.1000061035156,399.0,406.5,406.5,137
2020-09-16,403.79998779296875,410.25,387.29998779296875,404.3999938964844,404.3999938964844,407
2020-09-17,393.4200134277344,410.3999938964844,387.0,390.0,390.0,200
2020-09-18,397.20001220703125,406.5,387.0,406.5,406.5,300
2020-09-21,405.0,406.20001220703125,375.29998779296875,375.29998779296875,375.29998779296875,297
2020-09-22,383.1000061035156,390.0,375.6000061035156,376.5,376.5,113
2020-09-23,381.6000061035156,393.8999938964844,375.29998779296875,378.0,378.0,340
2020-09-24,375.29998779296875,385.5,372.0,372.0,372.0,130
2020-09-25,372.6000061035156,388.79998779296875,370.5,378.75,378.75,393
2020-09-28,376.20001220703125,384.0,326.1000061035156,330.0,330.0,1333
2020-09-29,356.1000061035156,360.0,327.6000061035156,350.1000061035156,350.1000061035156,1073
2020-09-30,356.70001220703125,356.70001220703125,326.3999938964844,330.29998779296875,330.29998779296875,643
2020-10-01,345.0,359.3999938964844,335.70001220703125,337.5,337.5,363
2020-10-02,334.5,334.79998779296875,324.0,333.05999755859375,333.05999755859375,280
2020-10-05,337.79998779296875,352.5,315.29998779296875,322.5,322.5,810
2020-10-06,329.70001220703125,336.8399963378906,324.0,327.0,327.0,403
2020-10-07,335.1000061035156,342.0,300.0,300.8999938964844,300.8999938964844,1130
2020-10-08,317.70001220703125,336.0,313.1400146484375,321.0,321.0,860
2020-10-09,321.29998779296875,330.0,312.0,312.0,312.0,693
2020-10-12,312.29998779296875,315.2699890136719,309.0,310.6499938964844,310.6499938964844,397
2020-10-13,309.29998779296875,322.5,301.79998779296875,301.79998779296875,301.79998779296875,407
2020-10-14,302.70001220703125,316.5,294.29998779296875,316.5,316.5,2877
2020-10-15,326.3999938964844,418.5,319.95001220703125,403.5,403.5,7550
2020-10-16,413.70001220703125,418.5,375.29998779296875,405.0,405.0,4173
2020-10-19,404.3999938964844,405.75,367.5,399.8999938964844,399.8999938964844,2187
2020-10-20,396.29998779296875,396.29998779296875,375.29998779296875,387.0,387.0,487
2020-10-21,383.70001220703125,385.1700134277344,339.80999755859375,353.3999938964844,353.3999938964844,867
2020-10-22,344.25,351.989990234375,333.0,342.0,342.0,403
2020-10-23,350.1000061035156,350.1000061035156,333.29998779296875,342.0,342.0,130
2020-10-26,325.79998779296875,342.0,325.5,336.0,336.0,600
2020-10-27,330.0,333.9599914550781,326.3999938964844,330.0,330.0,317
2020-10-28,328.79998779296875,332.489990234375,303.0,306.6000061035156,306.6000061035156,693
2020-10-29,310.5,312.29998779296875,303.0,306.0,306.0,863
2020-10-30,304.5,330.0299987792969,300.29998779296875,312.6000061035156,312.6000061035156,397
2020-11-02,309.0,311.1000061035156,303.0,307.79998779296875,307.79998779296875,363
2020-11-03,311.3999938964844,311.3999938964844,300.0,303.0,303.0,360
2020-11-04,305.70001220703125,305.70001220703125,300.0,301.5,301.5,383
2020-11-05,303.0,311.3999938964844,300.1499938964844,310.5,310.5,820
2020-11-06,305.1000061035156,310.5,297.0,299.3999938964844,299.3999938964844,1340
2020-11-09,305.70001220703125,324.6000061035156,300.29998779296875,305.70001220703125,305.70001220703125,1477
2020-11-10,301.5,304.5,286.5,293.1000061035156,293.1000061035156,1793
2020-11-11,298.20001220703125,320.07000732421875,285.29998779296875,285.29998779296875,285.29998779296875,1147
2020-11-12,290.70001220703125,309.75,290.70001220703125,309.29998779296875,309.29998779296875,1230
2020-11-13,302.70001220703125,309.45001220703125,286.79998779296875,290.3999938964844,290.3999938964844,1437
2020-11-16,292.5,298.79998779296875,286.5,289.95001220703125,289.95001220703125,657
2020-11-17,291.0,296.3999938964844,291.0,291.0,291.0,1127
2020-11-18,291.0,294.8999938964844,277.79998779296875,287.1000061035156,287.1000061035156,1213
2020-11-19,291.0,291.0,263.3999938964844,269.70001220703125,269.70001220703125,2083
2020-11-20,267.0,273.0,259.20001220703125,266.70001220703125,266.70001220703125,3080
2020-11-23,268.5,284.1000061035156,260.70001220703125,276.0,276.0,910
2020-11-24,312.8999938964844,329.70001220703125,300.0,318.8999938964844,318.8999938964844,3940
2020-11-25,325.20001220703125,334.5299987792969,307.5,333.0,333.0,1557
2020-11-27,333.0,345.29998779296875,330.0,337.79998779296875,337.79998779296875,943
2020-11-30,341.1000061035156,358.79998779296875,333.92999267578125,356.70001220703125,356.70001220703125,1337
2020-12-01,360.0,360.0,348.6000061035156,356.3999938964844,356.3999938964844,1137
2020-12-02,358.20001220703125,358.20001220703125,332.3999938964844,332.70001220703125,332.70001220703125,937
2020-12-03,336.0,346.5,306.3599853515625,315.0,315.0,1357
2020-12-04,312.8999938964844,315.05999755859375,287.9700012207031,296.3999938964844,296.3999938964844,2413
2020-12-07,291.0,304.5,282.7200012207031,302.70001220703125,302.70001220703125,3020
2020-12-08,302.70001220703125,316.32000732421875,294.8999938964844,300.6000061035156,300.6000061035156,2063
2020-12-09,301.20001220703125,304.6499938964844,290.3999938964844,300.8999938964844,300.8999938964844,1823
2020-12-10,291.29998779296875,341.70001220703125,291.29998779296875,327.0,327.0,1920
2020-12-11,329.70001220703125,334.5,315.0,322.79998779296875,322.79998779296875,540
2020-12-14,330.0,344.1000061035156,315.6000061035156,344.1000061035156,344.1000061035156,3350
2020-12-15,353.70001220703125,353.70001220703125,330.8999938964844,339.0,339.0,1500
2020-12-16,353.3999938964844,353.3999938964844,308.3999938964844,321.6000061035156,321.6000061035156,2840
2020-12-17,330.0,356.1000061035156,319.5,333.0,333.0,2657
2020-12-18,344.70001220703125,345.0,315.8999938964844,323.70001220703125,323.70001220703125,1740
2020-12-21,327.8999938964844,333.57000732421875,315.0,320.70001220703125,320.70001220703125,1360
2020-12-22,318.29998779296875,367.5,306.29998779296875,320.70001220703125,320.70001220703125,8197
2020-12-23,323.70001220703125,327.0,303.0,310.5,310.5,3223
2020-12-24,307.20001220703125,315.0,301.5,301.79998779296875,301.79998779296875,1783
2020-12-28,301.79998779296875,310.5,285.6000061035156,286.5,286.5,3067
2020-12-29,285.0,309.75,285.0,296.3999938964844,296.3999938964844,6567
2020-12-30,293.1000061035156,297.8999938964844,286.20001220703125,297.29998779296875,297.29998779296875,2587
2020-12-31,297.0,302.3999938964844,292.5,297.0,297.0,1393
2021-01-04,307.5,320.3999938964844,300.0,307.79998779296875,307.79998779296875,1053
2021-01-05,306.29998779296875,315.0,306.29998779296875,312.0,312.0,1680
2021-01-06,312.0,315.0,307.04998779296875,309.0,309.0,1440
2021-01-07,306.8999938964844,318.8999938964844,302.1000061035156,314.1000061035156,314.1000061035156,1357
2021-01-08,315.0,319.5,303.0,312.0,312.0,647
2021-01-11,312.0,318.0,307.6499938964844,317.3999938964844,317.3999938964844,967
2021-01-12,313.5,316.79998779296875,306.0,316.79998779296875,316.79998779296875,987
2021-01-13,318.0,326.70001220703125,309.0,318.8999938964844,318.8999938964844,1153
2021-01-14,320.70001220703125,324.0,315.3299865722656,324.0,324.0,1240
2021-01-15,324.0,324.0,312.0,312.0,312.0,1867
2021-01-19,313.79998779296875,317.3999938964844,295.5,310.5,310.5,2300
2021-01-20,312.0,324.0,309.0,314.3999938964844,314.3999938964844,3090
2021-01-21,319.79998779296875,324.0,300.0,312.29998779296875,312.29998779296875,3540
2021-01-22,309.29998779296875,318.0,296.1000061035156,299.1000061035156,299.1000061035156,2120
2021-01-25,304.5,311.1000061035156,295.5,308.3999938964844,308.3999938964844,2280
2021-01-26,306.0,313.5,283.5,297.0,297.0,6363
2021-01-27,297.0,300.0,285.8999938964844,298.5,298.5,1387
2021-01-28,293.19000244140625,299.70001220703125,273.29998779296875,276.0,276.0,2307
2021-01-29,280.20001220703125,282.6000061035156,269.70001220703125,281.70001220703125,281.70001220703125,2497
2021-02-01,285.0,285.0,272.1000061035156,280.79998779296875,280.79998779296875,1567
2021-02-02,280.5,300.0,280.5,290.70001220703125,290.70001220703125,2920
2021-02-03,295.20001220703125,305.82000732421875,270.0,275.3999938964844,275.3999938964844,13173
2021-02-04,275.70001220703125,293.3999938964844,273.92999267578125,290.70001220703125,290.70001220703125,2983
2021-02-05,290.1000061035156,297.29998779296875,285.6000061035156,297.29998779296875,297.29998779296875,2477
2021-02-08,302.1000061035156,341.70001220703125,300.0,333.29998779296875,333.29998779296875,6507
2021-02-09,330.29998779296875,385.5,324.8999938964844,382.5,382.5,8597
2021-02-10,390.0,424.20001220703125,384.29998779296875,412.20001220703125,412.20001220703125,12407
2021-02-11,457.5,495.0,424.79998779296875,465.0,465.0,21793
2021-02-12,474.29998779296875,478.5,451.79998779296875,454.5,454.5,3673
2021-02-16,450.0,459.8999938964844,435.0,445.79998779296875,445.79998779296875,9390
2021-02-17,435.8999938964844,465.0,424.5,429.6000061035156,429.6000061035156,2420
2021-02-18,425.1000061035156,425.1000061035156,398.1000061035156,407.3999938964844,407.3999938964844,2897
2021-02-19,419.70001220703125,420.29998779296875,414.6000061035156,420.0,420.0,1730
2021-02-22,422.3999938964844,437.19000244140625,409.79998779296875,416.70001220703125,416.70001220703125,1327
2021-02-23,390.0,395.70001220703125,357.0,371.3999938964844,371.3999938964844,3303
2021-02-24,372.0,381.45001220703125,362.1000061035156,364.5,364.5,1187
2021-02-25,360.0,360.0,324.29998779296875,325.5,325.5,3050
2021-02-26,323.70001220703125,356.70001220703125,322.5,334.79998779296875,334.79998779296875,3627
2021-03-01,322.20001220703125,360.8999938964844,322.20001220703125,338.3999938964844,338.3999938964844,2890
2021-03-02,340.20001220703125,357.45001220703125,339.29998779296875,352.79998779296875,352.79998779296875,243
2021-03-03,349.79998779296875,371.0400085449219,332.1000061035156,336.29998779296875,336.29998779296875,1713
2021-03-04,336.0,336.29998779296875,297.0,321.0,321.0,2927
2021-03-05,315.29998779296875,321.0299987792969,298.5,310.79998779296875,310.79998779296875,2090
2021-03-08,314.70001220703125,318.0,302.1000061035156,304.5,304.5,1187
2021-03-09,309.0,318.8999938964844,307.5,312.29998779296875,312.29998779296875,2953
2021-03-10,306.29998779296875,321.0,303.0,309.0,309.0,1260
2021-03-11,315.0,321.0,309.8999938964844,314.70001220703125,314.70001220703125,4057
2021-03-12,310.79998779296875,321.0,309.29998779296875,315.0,315.0,2780
2021-03-15,316.79998779296875,320.3999938964844,309.6000061035156,309.8999938964844,309.8999938964844,2277
2021-03-16,312.0,316.04998779296875,304.20001220703125,307.79998779296875,307.79998779296875,1870
2021-03-17,307.5,315.0,297.0,314.3999938964844,314.3999938964844,557
2021-03-18,308.70001220703125,314.3999938964844,302.1600036621094,310.20001220703125,310.20001220703125,427
2021-03-19,306.6000061035156,311.3999938964844,291.8999938964844,297.29998779296875,297.29998779296875,1900
2021-03-22,302.3999938964844,304.9200134277344,294.0,298.5,298.5,963
2021-03-23,303.29998779296875,303.45001220703125,294.0,297.0,297.0,727
2021-03-24,291.29998779296875,301.3500061035156,285.0,296.70001220703125,296.70001220703125,1450
2021-03-25,297.6000061035156,301.79998779296875,285.0,290.3999938964844,290.3999938964844,820
2021-03-26,285.6000061035156,292.8299865722656,277.5,283.5,283.5,2527
2021-03-29,285.0,288.8999938964844,268.5,272.3999938964844,272.3999938964844,2020
2021-03-30,273.0,273.0,258.0,267.6000061035156,267.6000061035156,1773
2021-03-31,276.0,276.29998779296875,262.5,274.79998779296875,274.79998779296875,820
2021-04-01,275.3999938964844,292.5,275.1000061035156,289.79998779296875,289.79998779296875,837
2021-04-05,291.8999938964844,294.0,282.0,282.0,282.0,497
2021-04-06,283.5,290.70001220703125,282.0,289.79998779296875,289.79998779296875,553
2021-04-07,287.3999938964844,287.3999938964844,278.3999938964844,280.20001220703125,280.20001220703125,290
2021-04-08,286.20001220703125,286.20001220703125,270.0,274.20001220703125,274.20001220703125,677
2021-04-09,270.8999938964844,281.70001220703125,270.45001220703125,279.8999938964844,279.8999938964844,397
2021-04-12,270.29998779296875,279.8999938964844,270.0,278.70001220703125,278.70001220703125,537
2021-04-13,278.1000061035156,288.8999938964844,270.0,287.1000061035156,287.1000061035156,590
2021-04-14,287.1000061035156,287.1000061035156,276.29998779296875,276.29998779296875,276.29998779296875,137
2021-04-15,282.29998779296875,302.1000061035156,282.29998779296875,297.0,297.0,2433
2021-04-16,300.0,303.0,290.70001220703125,299.70001220703125,299.70001220703125,773
2021-04-19,295.20001220703125,297.6000061035156,292.5,292.5,292.5,1230
2021-04-20,292.79998779296875,298.20001220703125,279.6300048828125,287.70001220703125,287.70001220703125,1113
2021-04-21,270.0,281.1000061035156,270.0,278.1000061035156,278.1000061035156,880
2021-04-22,280.5,282.0,275.70001220703125,281.70001220703125,281.70001220703125,883
2021-04-23,269.8500061035156,282.0,269.8500061035156,279.0,279.0,207
2021-04-26,282.0,284.3999938964844,273.0,276.0,276.0,1373
2021-04-27,274.79998779296875,285.0,274.79998779296875,277.5,277.5,427
2021-04-28,282.0,283.79998779296875,276.0,283.79998779296875,283.79998779296875,1270
2021-04-29,282.29998779296875,285.0,276.29998779296875,280.5,280.5,1263
2021-04-30,276.29998779296875,279.0,276.0,276.0,276.0,257
2021-05-03,285.0,288.510009765625,278.8500061035156,285.0,285.0,670
2021-05-04,282.0,282.0,273.0,273.6000061035156,273.6000061035156,400
2021-05-05,277.5,280.5,273.8999938964844,279.75,279.75,917
2021-05-06,276.29998779296875,280.7699890136719,265.5,265.5,265.5,1540
2021-05-07,264.0,276.8999938964844,262.79998779296875,263.3999938964844,263.3999938964844,1510
2021-05-10,275.3999938964844,275.3999938964844,264.0,271.5,271.5,783
2021-05-11,270.29998779296875,270.29998779296875,258.8999938964844,261.0,261.0,1147
2021-05-12,261.6000061035156,273.0,252.0,270.0,270.0,1397
2021-05-13,267.0,272.30999755859375,252.0,252.0,252.0,1413
2021-05-14,255.89999389648438,274.20001220703125,255.89999389648438,271.5,271.5,687
2021-05-17,273.0,274.20001220703125,271.5,274.20001220703125,274.20001220703125,410
2021-05-18,273.75,286.1700134277344,273.75,276.0,276.0,963
2021-05-19,285.0,288.0,270.0,286.20001220703125,286.20001220703125,3283
2021-05-20,277.5,285.0,277.5,281.1000061035156,281.1000061035156,1070
2021-05-21,284.3999938964844,286.5,279.75,285.0,285.0,1530
2021-05-24,285.0,285.29998779296875,279.8999938964844,285.0,285.0,2843
2021-05-25,285.0,285.0,279.29998779296875,280.20001220703125,280.20001220703125,1657
2021-05-26,280.20001220703125,285.0,277.79998779296875,281.70001220703125,281.70001220703125,633
2021-05-27,280.79998779296875,287.70001220703125,276.8999938964844,276.8999938964844,276.8999938964844,2953
2021-05-28,281.1000061035156,286.04998779296875,278.1000061035156,285.0,285.0,477
2021-06-01,285.0,285.0,276.0,281.1000061035156,281.1000061035156,893
2021-06-02,278.1000061035156,282.75,276.8999938964844,278.3999938964844,278.3999938964844,370
2021-06-03,277.79998779296875,284.25,277.5,282.0,282.0,503
2021-06-04,280.79998779296875,285.0,279.29998779296875,279.29998779296875,279.29998779296875,583
2021-06-07,279.510009765625,284.8800048828125,270.29998779296875,280.5,280.5,887
2021-06-08,276.8999938964844,285.0,276.0,278.70001220703125,278.70001220703125,377
2021-06-09,280.5,282.8999938964844,272.1000061035156,272.3999938964844,272.3999938964844,673
2021-06-10,277.20001220703125,279.0,267.0,278.70001220703125,278.70001220703125,1603
2021-06-11,270.8999938964844,281.3999938964844,270.8999938964844,278.3999938964844,278.3999938964844,973
2021-06-14,281.3999938964844,285.0,273.0,273.0,273.0,397
2021-06-15,274.79998779296875,280.5,266.3999938964844,266.70001220703125,266.70001220703125,713
2021-06-16,268.5,276.6000061035156,268.5,272.70001220703125,272.70001220703125,803
2021-06-17,272.70001220703125,278.1000061035156,272.3699951171875,276.0,276.0,260
2021-06-18,273.6000061035156,281.6700134277344,273.6000061035156,276.29998779296875,276.29998779296875,353
2021-06-21,274.20001220703125,274.20001220703125,270.0,272.3999938964844,272.3999938964844,570
2021-06-22,270.1199951171875,276.6000061035156,267.0,273.6000061035156,273.6000061035156,787
2021-06-23,279.0,279.0,267.0,268.20001220703125,268.20001220703125,290
2021-06-24,271.5,271.5,264.0,269.3999938964844,269.3999938964844,1140
2021-06-25,279.6000061035156,285.0,271.5,285.0,285.0,2507
2021-06-28,285.0,285.0,273.0,281.25,281.25,530
2021-06-29,272.9700012207031,278.1000061035156,270.29998779296875,270.6000061035156,270.6000061035156,737
2021-06-30,270.8999938964844,273.29998779296875,270.8999938964844,271.6499938964844,271.6499938964844,370
2021-07-01,274.5,277.1700134277344,265.5,271.5,271.5,500
2021-07-02,267.6000061035156,267.6000061035156,261.6000061035156,261.6000061035156,261.6000061035156,547
2021-07-06,260.70001220703125,269.70001220703125,255.60000610351562,267.6000061035156,267.6000061035156,1667
2021-07-07,268.5,276.6000061035156,264.0,273.0,273.0,610
2021-07-08,270.0,270.0,255.3000030517578,261.8999938964844,261.8999938964844,723
2021-07-09,262.5,265.6499938964844,255.3000030517578,255.3000030517578,255.3000030517578,1227
2021-07-12,266.3999938964844,266.3999938964844,252.89999389648438,254.39999389648438,254.39999389648438,537
2021-07-13,251.39999389648438,254.25,243.60000610351562,244.1999969482422,244.1999969482422,623
2021-07-14,242.6999969482422,254.5500030517578,240.3000030517578,240.60000610351562,240.60000610351562,1197
2021-07-15,240.3000030517578,243.3000030517578,220.5,223.5,223.5,4317
2021-07-16,245.6999969482422,246.89999389648438,226.0500030517578,236.10000610351562,236.10000610351562,893
2021-07-19,230.6999969482422,231.89999389648438,209.16000366210938,211.5,211.5,1940
2021-07-20,232.8000030517578,238.1999969482422,225.3000030517578,226.5,226.5,703
2021-07-21,229.5,233.3699951171875,226.5,230.6999969482422,230.6999969482422,730
2021-07-22,237.0,237.0,221.10000610351562,229.5,229.5,1227
2021-07-23,227.39999389648438,237.0,217.1999969482422,226.1999969482422,226.1999969482422,430
2021-07-26,226.1999969482422,226.8000030517578,218.6999969482422,222.89999389648438,222.89999389648438,137
2021-07-27,219.3000030517578,219.3000030517578,208.5,214.1999969482422,214.1999969482422,1563
2021-07-28,212.6999969482422,222.0,212.6999969482422,217.1999969482422,217.1999969482422,273
2021-07-29,215.6999969482422,218.39999389648438,212.6999969482422,216.89999389648438,216.89999389648438,630
2021-07-30,222.60000610351562,246.3000030517578,222.60000610351562,245.10000610351562,245.10000610351562,1583
2021-08-02,243.0,244.1999969482422,232.5,239.39999389648438,239.39999389648438,440
2021-08-03,237.0,240.80999755859375,232.5,237.60000610351562,237.60000610351562,210
2021-08-04,232.8000030517578,233.39999389648438,222.3000030517578,226.1999969482422,226.1999969482422,503
2021-08-05,220.5,240.0,220.5,239.6999969482422,239.6999969482422,1363
2021-08-06,235.1999969482422,239.6999969482422,225.0,237.89999389648438,237.89999389648438,640
2021-08-09,246.3000030517578,276.0,240.0,268.5,268.5,3790
2021-08-10,272.1000061035156,275.70001220703125,259.8900146484375,273.0,273.0,1117
2021-08-11,270.0,273.0,243.60000610351562,262.79998779296875,262.79998779296875,1087
2021-08-12,264.0,264.0,255.0,256.5,256.5,470
2021-08-13,256.79998779296875,257.1000061035156,247.6199951171875,255.3000030517578,255.3000030517578,430
2021-08-16,240.60000610351562,249.9600067138672,240.60000610351562,246.0,246.0,2693
2021-08-17,242.61000061035156,245.10000610351562,233.10000610351562,237.0,237.0,923
2021-08-18,237.0,242.7899932861328,237.0,239.10000610351562,239.10000610351562,587
2021-08-19,239.10000610351562,244.1999969482422,237.3000030517578,241.8000030517578,241.8000030517578,533
2021-08-20,243.89999389648438,245.6999969482422,235.8000030517578,240.89999389648438,240.89999389648438,1033
2021-08-23,240.0,255.0,240.0,255.0,255.0,183
2021-08-24,254.10000610351562,262.5,247.5,258.29998779296875,258.29998779296875,500
2021-08-25,255.60000610351562,262.5,246.3000030517578,252.60000610351562,252.60000610351562,473
2021-08-26,255.0,255.0,247.5,247.5,247.5,310
2021-08-27,253.25999450683594,264.0,252.89999389648438,259.79998779296875,259.79998779296875,273
2021-08-30,260.3999938964844,274.6499938964844,258.29998779296875,273.0,273.0,1540
2021-08-31,275.70001220703125,289.20001220703125,275.70001220703125,284.3999938964844,284.3999938964844,1100
2021-09-01,285.0,285.0,270.0,273.29998779296875,273.29998779296875,427
2021-09-02,270.29998779296875,272.3999938964844,257.1000061035156,257.1000061035156,257.1000061035156,820
2021-09-03,259.5,263.1000061035156,253.8000030517578,255.3000030517578,255.3000030517578,83
2021-09-07,247.5,249.80999755859375,242.39999389648438,246.3000030517578,246.3000030517578,413
2021-09-08,247.5,247.5,242.39999389648438,246.89999389648438,246.89999389648438,353
2021-09-09,246.89999389648438,246.89999389648438,242.39999389648438,242.6999969482422,242.6999969482422,587
2021-09-10,242.6999969482422,244.64999389648438,239.39999389648438,242.10000610351562,242.10000610351562,767
2021-09-13,242.10000610351562,242.10000610351562,216.0,223.1999969482422,223.1999969482422,3127
2021-09-14,225.3000030517578,232.5,222.0,222.0,222.0,1027
2021-09-15,226.1999969482422,234.0,223.5,231.0,231.0,1757
2021-09-16,231.0,231.75,224.10000610351562,228.3000030517578,228.3000030517578,2293
2021-09-17,230.39999389648438,234.0,226.8000030517578,233.39999389648438,233.39999389648438,363
2021-09-20,234.89999389648438,237.3000030517578,225.60000610351562,232.1999969482422,232.1999969482422,493
2021-09-21,230.10000610351562,247.8000030517578,223.86000061035156,240.0,240.0,580
2021-09-22,244.8000030517578,255.60000610351562,231.89999389648438,255.60000610351562,255.60000610351562,903
2021-09-23,253.5,255.60000610351562,243.0,246.89999389648438,246.89999389648438,143
2021-09-24,246.60000610351562,246.60000610351562,235.8000030517578,241.1999969482422,241.1999969482422,390
2021-09-27,241.5,241.5,229.5,233.39999389648438,233.39999389648438,603
2021-09-28,229.9199981689453,240.60000610351562,226.44000244140625,235.8000030517578,235.8000030517578,793
2021-09-29,237.0,240.0,235.8000030517578,236.6999969482422,236.6999969482422,457
2021-09-30,239.6999969482422,239.6999969482422,232.5,233.39999389648438,233.39999389648438,443
2021-10-01,234.89999389648438,234.89999389648438,229.64999389648438,230.5500030517578,230.5500030517578,203
2021-10-04,237.3000030517578,237.4499969482422,217.5,219.3000030517578,219.3000030517578,1867
2021-10-05,220.8000030517578,233.91000366210938,218.6999969482422,219.3000030517578,219.3000030517578,1033
2021-10-06,220.8000030517578,231.4499969482422,216.60000610351562,221.10000610351562,221.10000610351562,820
2021-10-07,224.6999969482422,234.0,220.5,227.39999389648438,227.39999389648438,1050
2021-10-08,233.39999389648438,233.39999389648438,220.6199951171875,227.00999450683594,227.00999450683594,960
2021-10-11,228.0,233.52000427246094,226.1999969482422,229.5,229.5,360
2021-10-12,237.3000030517578,237.3000030517578,227.6999969482422,237.0,237.0,527
2021-10-13,238.8000030517578,240.0,229.5,233.39999389648438,233.39999389648438,1480
2021-10-14,230.6999969482422,238.77000427246094,225.0,229.5,229.5,1270
2021-10-15,228.0,230.16000366210938,225.0,225.3000030517578,225.3000030517578,450
2021-10-18,228.60000610351562,229.8000030517578,220.5,222.0,222.0,850
2021-10-19,221.6999969482422,223.1999969482422,216.02999877929688,220.1999969482422,220.1999969482422,873
2021-10-20,221.6699981689453,228.3000030517578,218.00999450683594,226.5,226.5,1307
2021-10-21,228.6300048828125,229.5,221.39999389648438,229.1999969482422,229.1999969482422,1243
2021-10-22,224.39999389648438,230.10000610351562,222.0,224.39999389648438,224.39999389648438,407
2021-10-25,222.05999755859375,223.1999969482422,216.0,216.0,216.0,1017
2021-10-26,217.13999938964844,217.5,210.0,210.89999389648438,210.89999389648438,1213
2021-10-27,213.0,218.39999389648438,210.0,217.9499969482422,217.9499969482422,940
2021-10-28,218.6999969482422,218.97000122070312,211.5,211.5,211.5,1167
2021-10-29,212.39999389648438,216.75,210.3000030517578,213.3000030517578,213.3000030517578,770
2021-11-01,212.6999969482422,217.8000030517578,212.6999969482422,217.5,217.5,527
2021-11-02,218.6999969482422,219.0,210.3000030517578,210.89999389648438,210.89999389648438,1623
2021-11-03,208.8000030517578,257.1000061035156,208.8000030517578,252.60000610351562,252.60000610351562,3693
2021-11-04,230.10000610351562,256.8299865722656,230.10000610351562,248.6999969482422,248.6999969482422,1587
2021-11-05,247.5,255.3000030517578,240.0,252.0,252.0,2670
2021-11-08,249.0,254.39999389648438,242.10000610351562,246.60000610351562,246.60000610351562,1083
2021-11-09,244.1999969482422,251.6999969482422,237.0,248.10000610351562,248.10000610351562,1437
2021-11-10,254.6999969482422,254.6999969482422,220.1999969482422,229.5,229.5,1967
2021-11-11,227.6999969482422,233.39999389648438,217.97999572753906,231.89999389648438,231.89999389648438,1157
2021-11-12,232.1999969482422,235.1999969482422,228.3000030517578,230.39999389648438,230.39999389648438,1050
2021-11-15,229.5,230.6999969482422,225.3000030517578,229.5,229.5,400
2021-11-16,240.0,240.0,217.8000030517578,223.1999969482422,223.1999969482422,2997
2021-11-17,220.1999969482422,225.3000030517578,214.5,220.8000030517578,220.8000030517578,933
2021-11-18,224.39999389648438,224.39999389648438,216.0,219.0,219.0,490
2021-11-19,215.1300048828125,225.3000030517578,205.8000030517578,208.5,208.5,2220
2021-11-22,210.0,210.0,196.5,196.5,196.5,1840
2021-11-23,199.8000030517578,199.8000030517578,185.39999389648438,187.1999969482422,187.1999969482422,1927
2021-11-24,189.0,207.89999389648438,186.0,207.89999389648438,207.89999389648438,1783
2021-11-26,204.83999633789062,208.5,204.0,208.1999969482422,208.1999969482422,453
2021-11-29,205.8000030517578,212.10000610351562,198.3000030517578,209.10000610351562,209.10000610351562,2383
2021-11-30,207.0,207.0,201.60000610351562,204.0,204.0,193
2021-12-01,205.1999969482422,215.39999389648438,202.5,207.89999389648438,207.89999389648438,1107
2021-12-02,208.5,208.5,198.89999389648438,207.89999389648438,207.89999389648438,1700
2021-12-03,199.1999969482422,209.6999969482422,195.0,199.8000030517578,199.8000030517578,1757
2021-12-06,199.8000030517578,199.8000030517578,189.4199981689453,194.6999969482422,194.6999969482422,740
2021-12-07,196.5,213.89999389648438,196.5,208.8000030517578,208.8000030517578,577
2021-12-08,201.24000549316406,218.39999389648438,198.0,213.60000610351562,213.60000610351562,663
2021-12-09,232.5,232.5,211.5,215.39999389648438,215.39999389648438,1360
2021-12-10,214.1999969482422,220.1999969482422,199.1699981689453,207.0,207.0,367
2021-12-13,212.10000610351562,215.5500030517578,204.0,207.3000030517578,207.3000030517578,697
2021-12-14,210.0,215.10000610351562,192.3000030517578,197.6999969482422,197.6999969482422,1390
2021-12-15,197.6999969482422,197.6999969482422,174.3000030517578,175.5,175.5,3283
2021-12-16,178.5,191.42999267578125,168.3000030517578,170.6999969482422,170.6999969482422,1913
2021-12-17,174.0,186.0,174.0,178.5,178.5,1310
2021-12-20,180.0,185.6999969482422,169.1999969482422,171.60000610351562,171.60000610351562,850
2021-12-21,174.89999389648438,176.10000610351562,166.5,176.10000610351562,176.10000610351562,1430
2021-12-22,173.10000610351562,182.10000610351562,172.5,180.3000030517578,180.3000030517578,4310
2021-12-23,182.39999389648438,187.32000732421875,171.24000549316406,172.5,172.5,2000
2021-12-27,171.0,173.10000610351562,162.0,165.60000610351562,165.60000610351562,3967
2021-12-28,165.60000610351562,177.89999389648438,165.0,170.6999969482422,170.6999969482422,2723
2021-12-29,168.89999389648438,178.1999969482422,168.3000030517578,174.0,174.0,2973
2021-12-30,171.0,178.1999969482422,168.3000030517578,171.3000030517578,171.3000030517578,3090
2021-12-31,172.5,183.60000610351562,171.3000030517578,172.1999969482422,172.1999969482422,2427
2022-01-03,173.6999969482422,187.1999969482422,173.6999969482422,183.0,183.0,833
2022-01-04,181.8000030517578,191.10000610351562,180.3000030517578,181.5,181.5,2273
2022-01-05,183.3000030517578,183.3000030517578,170.10000610351562,172.8000030517578,172.8000030517578,1393
2022-01-06,174.0,180.60000610351562,171.60000610351562,180.60000610351562,180.60000610351562,1373
2022-01-07,179.6999969482422,186.60000610351562,174.60000610351562,186.60000610351562,186.60000610351562,640
2022-01-10,176.33999633789062,178.2899932861328,170.10000610351562,171.89999389648438,171.89999389648438,643
2022-01-11,175.5,181.8000030517578,171.3000030517578,176.6999969482422,176.6999969482422,950
2022-01-12,179.97000122070312,179.97000122070312,170.39999389648438,176.6999969482422,176.6999969482422,1167
2022-01-13,174.89999389648438,176.00999450683594,170.39999389648438,171.89999389648438,171.89999389648438,393
2022-01-14,178.1999969482422,180.60000610351562,165.0,167.6999969482422,167.6999969482422,620
2022-01-18,163.8000030517578,167.39999389648438,163.5,165.89999389648438,165.89999389648438,947
2022-01-19,162.3000030517578,167.6999969482422,146.6999969482422,151.5,151.5,3470
2022-01-20,152.39999389648438,161.6999969482422,139.5,146.10000610351562,146.10000610351562,7537
2022-01-21,143.10000610351562,152.5500030517578,143.10000610351562,145.5,145.5,2117
2022-01-24,141.89999389648438,148.97999572753906,137.10000610351562,144.89999389648438,144.89999389648438,2267
2022-01-25,143.39999389648438,153.89999389648438,138.0,142.8000030517578,142.8000030517578,4380
2022-01-26,142.5,142.8000030517578,135.0,135.0,135.0,990
2022-01-27,135.60000610351562,142.5,131.39999389648438,136.5,136.5,2283
2022-01-28,139.1999969482422,142.5,129.89999389648438,135.0,135.0,1637
2022-01-31,139.5,141.89999389648438,131.10000610351562,133.8000030517578,133.8000030517578,1187
2022-02-01,132.89999389648438,138.1199951171875,130.5,134.39999389648438,134.39999389648438,390
2022-02-02,136.5,138.69000244140625,130.8000030517578,131.10000610351562,131.10000610351562,1093
2022-02-03,130.5,131.10000610351562,126.9000015258789,128.10000610351562,128.10000610351562,1637
2022-02-04,127.19999694824219,129.38999938964844,120.30000305175781,122.69999694824219,122.69999694824219,1590
2022-02-07,121.80000305175781,132.60000610351562,121.80000305175781,127.5,127.5,843
2022-02-08,132.3000030517578,134.39999389648438,127.5,127.80000305175781,127.80000305175781,1170
2022-02-09,128.39999389648438,137.6999969482422,123.0,134.39999389648438,134.39999389648438,7293
2022-02-10,134.39999389648438,150.0,132.0,148.5,148.5,1737
2022-02-11,151.8000030517578,161.39999389648438,149.39999389648438,154.5,154.5,1360
2022-02-14,156.89999389648438,160.1999969482422,147.89999389648438,153.60000610351562,153.60000610351562,1027
2022-02-15,153.0,159.3000030517578,145.5,145.5,145.5,790
2022-02-16,143.39999389648438,148.5,141.89999389648438,142.5,142.5,1613
2022-02-17,141.3000030517578,149.1300048828125,132.60000610351562,136.1999969482422,136.1999969482422,620
2022-02-18,134.39999389648438,140.42999267578125,129.89999389648438,131.6999969482422,131.6999969482422,313
2022-02-22,129.89999389648438,131.25,128.39999389648438,129.75,129.75,333
2022-02-23,130.9499969482422,133.8000030517578,127.19999694824219,131.6999969482422,131.6999969482422,1113
2022-02-24,127.19999694824219,128.25,125.0999984741211,128.10000610351562,128.10000610351562,767
2022-02-25,129.3000030517578,130.5,117.5999984741211,117.5999984741211,117.5999984741211,2230
2022-02-28,118.80000305175781,123.95999908447266,117.5999984741211,121.19999694824219,121.19999694824219,860
2022-03-01,123.0,138.0,122.69999694824219,135.0,135.0,450
2022-03-02,138.50999450683594,155.6999969482422,136.5,153.0,153.0,1303
2022-03-03,156.3000030517578,161.10000610351562,153.4499969482422,154.5,154.5,2143
2022-03-04,157.5,160.1699981689453,144.3000030517578,149.10000610351562,149.10000610351562,590
2022-03-07,149.10000610351562,150.0,136.13999938964844,141.60000610351562,141.60000610351562,22223
2022-03-08,141.60000610351562,144.75,138.02999877929688,143.39999389648438,143.39999389648438,413
2022-03-09,142.5,146.39999389648438,141.0,146.39999389648438,146.39999389648438,343
2022-03-10,144.3000030517578,153.0,144.3000030517578,153.0,153.0,83
2022-03-11,155.39999389648438,157.5,138.3000030517578,138.60000610351562,138.60000610351562,273
2022-03-14,144.0,148.1999969482422,130.1999969482422,130.1999969482422,130.1999969482422,710
2022-03-15,138.0,138.60000610351562,134.39999389648438,136.1999969482422,136.1999969482422,197
2022-03-16,142.86000061035156,147.3000030517578,142.1999969482422,147.3000030517578,147.3000030517578,143
2022-03-17,148.8000030517578,173.6999969482422,148.8000030517578,168.60000610351562,168.60000610351562,1327
2022-03-18,166.5,168.60000610351562,160.5,167.6999969482422,167.6999969482422,1953
2022-03-21,164.39999389648438,180.0,164.39999389648438,179.39999389648438,179.39999389648438,1303
2022-03-22,179.39999389648438,203.39999389648438,179.39999389648438,187.5,187.5,3427
2022-03-23,183.3000030517578,189.0,183.3000030517578,184.5,184.5,1520
2022-03-24,186.60000610351562,189.3000030517578,184.5,186.89999389648438,186.89999389648438,897
2022-03-25,186.60000610351562,186.60000610351562,169.8000030517578,174.3000030517578,174.3000030517578,843
2022-03-28,171.0,175.1999969482422,168.0,168.3000030517578,168.3000030517578,447
2022-03-29,171.0,176.39999389648438,162.60000610351562,162.60000610351562,162.60000610351562,643
2022-03-30,159.0,171.60000610351562,159.0,166.5,166.5,377
2022-03-31,170.39999389648438,170.39999389648438,162.3000030517578,163.8000030517578,163.8000030517578,457
2022-04-01,168.4199981689453,170.39999389648438,167.5500030517578,169.1999969482422,169.1999969482422,227
2022-04-04,168.89999389648438,170.39999389648438,162.3300018310547,166.1999969482422,166.1999969482422,397
2022-04-05,163.1999969482422,165.3000030517578,161.6999969482422,163.8000030517578,163.8000030517578,600
2022-04-06,161.10000610351562,173.10000610351562,161.10000610351562,164.25,164.25,103
2022-04-07,162.0,172.8000030517578,162.0,172.8000030517578,172.8000030517578,453
2022-04-08,175.1999969482422,175.1999969482422,156.60000610351562,156.60000610351562,156.60000610351562,820
2022-04-11,160.8000030517578,162.0,148.1999969482422,148.1999969482422,148.1999969482422,240
2022-04-12,152.5800018310547,160.25999450683594,144.60000610351562,149.10000610351562,149.10000610351562,350
2022-04-13,150.60000610351562,153.05999755859375,145.5,150.3000030517578,150.3000030517578,310
2022-04-14,153.3000030517578,153.3000030517578,146.39999389648438,150.60000610351562,150.60000610351562,293
2022-04-18,149.6999969482422,159.89999389648438,147.4499969482422,147.4499969482422,147.4499969482422,757
2022-04-19,153.3000030517578,167.10000610351562,153.3000030517578,156.0,156.0,733
2022-04-20,159.3000030517578,161.39999389648438,159.3000030517578,160.1999969482422,160.1999969482422,253
2022-04-21,161.6999969482422,174.0,148.8000030517578,148.8000030517578,148.8000030517578,837
2022-04-22,150.3000030517578,160.02000427246094,145.8300018310547,158.30999755859375,158.30999755859375,230
2022-04-25,162.0,162.0,144.3000030517578,151.8000030517578,151.8000030517578,267
2022-04-26,152.6999969482422,155.39999389648438,147.24000549316406,151.5,151.5,373
2022-04-27,157.5,159.3000030517578,151.5,154.8000030517578,154.8000030517578,220
2022-04-28,152.85000610351562,152.85000610351562,135.14999389648438,148.8000030517578,148.8000030517578,720
2022-04-29,145.5,148.5,145.5,145.5,145.5,570
2022-05-02,147.0,152.39999389648438,147.0,151.44000244140625,151.44000244140625,957
2022-05-03,153.3000030517578,156.75,149.10000610351562,150.0,150.0,1197
2022-05-04,153.0,154.8000030517578,150.75,154.8000030517578,154.8000030517578,393
2022-05-05,156.89999389648438,158.6999969482422,152.39999389648438,154.1999969482422,154.1999969482422,653
2022-05-06,153.0,156.0,150.3000030517578,151.5,151.5,610
2022-05-09,150.3000030517578,151.5,138.3000030517578,140.39999389648438,140.39999389648438,1057
2022-05-10,145.5,146.75999450683594,139.5,141.0,141.0,320
2022-05-11,150.0,150.0,137.10000610351562,137.10000610351562,137.10000610351562,980
2022-05-12,128.10000610351562,150.0,127.5,143.10000610351562,143.10000610351562,2477
2022-05-13,146.39999389648438,156.89999389648438,146.39999389648438,156.89999389648438,156.89999389648438,313
2022-05-16,152.6999969482422,152.6999969482422,137.39999389648438,143.39999389648438,143.39999389648438,547
2022-05-17,148.5,152.6999969482422,148.5,152.6999969482422,152.6999969482422,807
2022-05-18,153.89999389648438,153.89999389648438,149.10000610351562,150.4499969482422,150.4499969482422,710
2022-05-19,147.3000030517578,157.1999969482422,147.3000030517578,157.1999969482422,157.1999969482422,723
2022-05-20,157.5,157.5,147.3000030517578,147.3000030517578,147.3000030517578,583
2022-05-23,157.1999969482422,164.6999969482422,146.39999389648438,152.10000610351562,152.10000610351562,1907
2022-05-24,146.10000610351562,150.0,145.1999969482422,146.6999969482422,146.6999969482422,420
2022-05-25,148.8000030517578,155.39999389648438,143.39999389648438,143.39999389648438,143.39999389648438,1427
2022-05-26,146.10000610351562,148.5,145.5,147.0,147.0,383
2022-05-27,150.60000610351562,150.60000610351562,149.10000610351562,150.0,150.0,660
2022-05-31,165.0,165.3000030517578,156.0,161.39999389648438,161.39999389648438,2630
2022-06-01,163.5,171.66000366210938,146.10000610351562,160.5,160.5,1360
2022-06-02,153.0,167.10000610351562,151.1999969482422,156.3000030517578,156.3000030517578,410
2022-06-03,156.0,160.5,155.39999389648438,159.3000030517578,159.3000030517578,63
2022-06-06,159.0,159.0,148.5,158.39999389648438,158.39999389648438,213
2022-06-07,157.5,161.39999389648438,153.60000610351562,161.39999389648438,161.39999389648438,320
2022-06-08,161.6999969482422,161.6999969482422,156.0,156.3000030517578,156.3000030517578,250
2022-06-09,156.0,156.0,150.89999389648438,153.0,153.0,190
2022-06-10,153.0,153.0,142.8000030517578,145.5,145.5,430
2022-06-13,138.60000610351562,139.64999389648438,135.0,135.0,135.0,1433
2022-06-14,136.1999969482422,136.1999969482422,129.0,130.5,130.5,730
2022-06-15,128.6999969482422,146.10000610351562,128.6999969482422,140.39999389648438,140.39999389648438,443
2022-06-16,137.6999969482422,137.6999969482422,131.10000610351562,136.1999969482422,136.1999969482422,43
2022-06-17,137.5500030517578,140.72999572753906,134.39999389648438,135.0,135.0,243
2022-06-21,138.60000610351562,148.1999969482422,134.39999389648438,134.39999389648438,134.39999389648438,243
2022-06-22,134.39999389648438,138.08999633789062,134.39999389648438,137.6999969482422,137.6999969482422,163
2022-06-23,135.0,147.3000030517578,134.39999389648438,137.39999389648438,137.39999389648438,183
2022-06-24,143.5500030517578,149.39999389648438,136.1999969482422,138.3000030517578,138.3000030517578,680
2022-06-27,135.0,144.89999389648438,135.0,139.8000030517578,139.8000030517578,453
2022-06-28,138.89999389648438,146.10000610351562,134.39999389648438,141.0,141.0,543
2022-06-29,139.1999969482422,142.5,134.39999389648438,136.5,136.5,620
2022-06-30,138.3000030517578,139.64999389648438,134.39999389648438,139.1999969482422,139.1999969482422,193
2022-07-01,135.89999389648438,139.64999389648438,134.39999389648438,136.1999969482422,136.1999969482422,343
2022-07-05,134.6999969482422,134.6999969482422,120.5999984741211,129.0,129.0,517
2022-07-06,129.3000030517578,134.6999969482422,129.3000030517578,134.6999969482422,134.6999969482422,37
2022-07-07,135.0,140.5500030517578,134.6999969482422,134.6999969482422,134.6999969482422,197
2022-07-08,136.5,141.0,134.10000610351562,140.39999389648438,140.39999389648438,190
2022-07-11,141.0,144.0,140.39999389648438,142.8000030517578,142.8000030517578,103
2022-07-12,140.6999969482422,144.0,140.39999389648438,144.0,144.0,47
2022-07-13,141.3000030517578,143.39999389648438,141.0,143.10000610351562,143.10000610351562,183
2022-07-14,140.6999969482422,143.6999969482422,134.6999969482422,138.89999389648438,138.89999389648438,113
2022-07-15,144.60000610351562,147.0,137.39999389648438,142.8000030517578,142.8000030517578,1067
2022-07-18,143.6999969482422,149.6999969482422,139.1999969482422,146.39999389648438,146.39999389648438,310
2022-07-19,148.1999969482422,155.6999969482422,148.1999969482422,153.60000610351562,153.60000610351562,933
2022-07-20,154.5,154.5,145.5,145.5,145.5,733
2022-07-21,144.0,145.1999969482422,138.05999755859375,142.8000030517578,142.8000030517578,980
2022-07-22,144.3000030517578,147.3000030517578,138.89999389648438,144.60000610351562,144.60000610351562,210
2022-07-25,154.5,161.39999389648438,150.0,156.3000030517578,156.3000030517578,1400
2022-07-26,147.0,156.0,143.39999389648438,145.8000030517578,145.8000030517578,563
2022-07-27,144.60000610351562,154.5,144.60000610351562,154.5,154.5,213
2022-07-28,153.0,161.6999969482422,150.0,155.6999969482422,155.6999969482422,257
2022-07-29,152.6999969482422,161.39999389648438,151.5,151.5,151.5,77
2022-08-01,151.5,160.5,147.60000610351562,153.0,153.0,557
2022-08-02,150.0,158.39999389648438,150.0,155.10000610351562,155.10000610351562,883
2022-08-03,161.39999389648438,179.10000610351562,153.0,167.25,167.25,3747
2022-08-04,179.6999969482422,186.3000030517578,162.60000610351562,162.60000610351562,162.60000610351562,3117
2022-08-05,164.10000610351562,181.25999450683594,164.10000610351562,179.39999389648438,179.39999389648438,1003
2022-08-08,181.64999389648438,184.5,171.75,172.5,172.5,1857
2022-08-09,171.60000610351562,179.85000610351562,170.10000610351562,177.3000030517578,177.3000030517578,650
2022-08-10,180.14999389648438,186.3000030517578,176.27999877929688,182.25,182.25,900
2022-08-11,184.1999969482422,190.8000030517578,177.89999389648438,180.0,180.0,2153
2022-08-12,178.8000030517578,187.1999969482422,178.8000030517578,181.1999969482422,181.1999969482422,433
2022-08-15,180.0,190.5,179.85000610351562,190.5,190.5,1380
2022-08-16,191.10000610351562,207.0,189.89999389648438,192.0,192.0,877
2022-08-17,199.1999969482422,204.8699951171875,179.10000610351562,187.55999755859375,187.55999755859375,1057
2022-08-18,199.5,199.5,182.6999969482422,189.3000030517578,189.3000030517578,530
2022-08-19,189.89999389648438,196.8000030517578,183.89999389648438,184.8000030517578,184.8000030517578,680
2022-08-22,193.8000030517578,193.8000030517578,178.5,186.0,186.0,750
2022-08-23,188.39999389648438,191.10000610351562,179.10000610351562,184.1999969482422,184.1999969482422,840
2022-08-24,189.14999389648438,195.60000610351562,184.5,189.0,189.0,1083
2022-08-25,192.0,198.0,186.0,187.5,187.5,447
2022-08-26,189.60000610351562,195.4199981689453,180.0,182.6999969482422,182.6999969482422,530
2022-08-29,189.8699951171875,190.47000122070312,184.8000030517578,187.8000030517578,187.8000030517578,1110
2022-08-30,191.6999969482422,193.77000427246094,186.0,191.39999389648438,191.39999389648438,1303
2022-08-31,186.89999389648438,187.5,180.60000610351562,180.60000610351562,180.60000610351562,980
2022-09-01,180.0,182.85000610351562,160.8000030517578,161.6999969482422,161.6999969482422,2363
2022-09-02,39.0,50.400001525878906,33.599998474121094,42.900001525878906,42.900001525878906,216690
2022-09-06,39.29999923706055,40.5,34.5,34.5,34.5,56300
2022-09-07,34.79999923706055,37.5,33.0,36.0,36.0,36583
2022-09-08,33.900001525878906,36.0,33.0,33.0,33.0,30480
2022-09-09,33.900001525878906,33.900001525878906,31.799999237060547,32.400001525878906,32.400001525878906,17153
2022-09-12,34.20000076293945,66.0,32.400001525878906,51.29999923706055,51.29999923706055,1339597
2022-09-13,44.099998474121094,46.20000076293945,39.900001525878906,41.70000076293945,41.70000076293945,61657
2022-09-14,38.400001525878906,42.810001373291016,35.400001525878906,36.29999923706055,36.29999923706055,33703
2022-09-15,37.79999923706055,40.20000076293945,36.33000183105469,38.099998474121094,38.099998474121094,17443
2022-09-16,36.29999923706055,38.939998626708984,36.29999923706055,37.20000076293945,37.20000076293945,10287
2022-09-19,36.29999923706055,39.75,34.5,38.400001525878906,38.400001525878906,32957
2022-09-20,38.400001525878906,38.400001525878906,33.900001525878906,34.79999923706055,34.79999923706055,16350
2022-09-21,35.099998474121094,36.0,34.20000076293945,34.650001525878906,34.650001525878906,10143
2022-09-22,35.099998474121094,35.099998474121094,33.29999923706055,33.29999923706055,33.29999923706055,9727
2022-09-23,33.29999923706055,34.5,30.899999618530273,31.799999237060547,31.799999237060547,9033
2022-09-26,31.200000762939453,33.0,31.200000762939453,32.099998474121094,32.099998474121094,5403
2022-09-27,32.400001525878906,33.29999923706055,31.799999237060547,32.70000076293945,32.70000076293945,5463
2022-09-28,32.70000076293945,34.5,32.70000076293945,33.900001525878906,33.900001525878906,13953
2022-09-29,33.29999923706055,41.400001525878906,33.029998779296875,36.900001525878906,36.900001525878906,21410
2022-09-30,34.79999923706055,40.20000076293945,34.5,35.099998474121094,35.099998474121094,5237
2022-10-03,35.099998474121094,36.599998474121094,33.29999923706055,34.79999923706055,34.79999923706055,5127
2022-10-04,36.0,40.20000076293945,35.400001525878906,38.70000076293945,38.70000076293945,8450
2022-10-05,37.5,37.95000076293945,35.400001525878906,36.900001525878906,36.900001525878906,2700
2022-10-06,36.0,38.099998474121094,34.79999923706055,36.29999923706055,36.29999923706055,2243
2022-10-07,35.099998474121094,36.599998474121094,34.5,35.70000076293945,35.70000076293945,1240
2022-10-10,34.5,34.95000076293945,33.599998474121094,34.20000076293945,34.20000076293945,1507
2022-10-11,34.11000061035156,34.22999954223633,33.0,33.599998474121094,33.599998474121094,2063
2022-10-12,33.2400016784668,33.900001525878906,31.5,32.099998474121094,32.099998474121094,1557
2022-10-13,31.5,33.599998474121094,31.5,32.400001525878906,32.400001525878906,1933
2022-10-14,33.599998474121094,33.599998474121094,31.200000762939453,32.70000076293945,32.70000076293945,5997
2022-10-17,31.5,34.5,30.299999237060547,31.5,31.5,6013
2022-10-18,33.599998474121094,33.75,30.510000228881836,32.099998474121094,32.099998474121094,2780
2022-10-19,30.899999618530273,32.400001525878906,30.899999618530273,30.899999618530273,30.899999618530273,2420
2022-10-20,31.799999237060547,32.099998474121094,30.299999237060547,30.299999237060547,30.299999237060547,3130
2022-10-21,30.899999618530273,30.899999618530273,30.0,30.0,30.0,4860
2022-10-24,30.299999237060547,30.479999542236328,26.459999084472656,29.100000381469727,29.100000381469727,5693
2022-10-25,29.100000381469727,30.0,28.799999237060547,29.100000381469727,29.100000381469727,2130
2022-10-26,28.200000762939453,29.700000762939453,27.6299991607666,28.350000381469727,28.350000381469727,2227
2022-10-27,28.350000381469727,29.610000610351562,27.899999618530273,28.3799991607666,28.3799991607666,1400
2022-10-28,28.200000762939453,28.799999237060547,27.030000686645508,27.899999618530273,27.899999618530273,3293
2022-10-31,28.59000015258789,28.59000015258789,27.030000686645508,27.600000381469727,27.600000381469727,1607
2022-11-01,27.899999618530273,27.899999618530273,25.6200008392334,25.950000762939453,25.950000762939453,16210
2022-11-02,26.700000762939453,27.0,26.100000381469727,26.399999618530273,26.399999618530273,2480
2022-11-03,26.399999618530273,27.0,25.5,25.799999237060547,25.799999237060547,5573
2022-11-04,25.799999237060547,27.0,24.0,24.299999237060547,24.299999237060547,6037
2022-11-07,24.899999618530273,25.5,24.299999237060547,24.299999237060547,24.299999237060547,777
2022-11-08,24.299999237060547,25.5,21.899999618530273,21.899999618530273,21.899999618530273,4130
2022-11-09,21.899999618530273,22.350000381469727,19.5,19.799999237060547,19.799999237060547,4303
2022-11-10,19.799999237060547,24.0,19.799999237060547,23.100000381469727,23.100000381469727,2593
2022-11-11,24.270000457763672,24.56999969482422,23.100000381469727,24.56999969482422,24.56999969482422,1407
2022-11-14,24.600000381469727,25.020000457763672,23.399999618530273,23.399999618530273,23.399999618530273,1840
2022-11-15,23.43000030517578,24.84000015258789,23.43000030517578,24.059999465942383,24.059999465942383,2153
2022-11-16,24.479999542236328,24.479999542236328,22.200000762939453,22.829999923706055,22.829999923706055,923
2022-11-17,24.1200008392334,24.1200008392334,22.440000534057617,22.5,22.5,953
2022-11-18,22.200000762939453,23.100000381469727,21.0,21.75,21.75,1940
2022-11-21,21.899999618530273,22.5,20.399999618530273,20.940000534057617,20.940000534057617,1203
2022-11-22,21.299999237060547,22.200000762939453,20.850000381469727,20.850000381469727,20.850000381469727,483
2022-11-23,21.600000381469727,22.469999313354492,21.0,21.989999771118164,21.989999771118164,917
2022-11-25,22.5,23.100000381469727,22.5,22.59000015258789,22.59000015258789,330
2022-11-28,22.799999237060547,24.0,21.0,22.799999237060547,22.799999237060547,1407
2022-11-29,22.799999237060547,24.299999237060547,22.799999237060547,23.309999465942383,23.309999465942383,570
2022-11-30,23.100000381469727,23.700000762939453,21.899999618530273,23.700000762939453,23.700000762939453,873
2022-12-01,24.0,25.5,24.0,24.600000381469727,24.600000381469727,553
2022-12-02,24.299999237060547,25.5,24.299999237060547,24.899999618530273,24.899999618530273,577
2022-12-05,25.5,25.5,22.559999465942383,24.0,24.0,1333
2022-12-06,22.559999465942383,24.0,22.559999465942383,24.0,24.0,360
2022-12-07,22.559999465942383,23.100000381469727,21.600000381469727,22.5,22.5,323
2022-12-08,22.799999237060547,24.600000381469727,21.899999618530273,23.3700008392334,23.3700008392334,1323
2022-12-09,24.0,24.0,21.899999618530273,21.93000030517578,21.93000030517578,527
2022-12-12,21.899999618530273,24.0,21.600000381469727,21.600000381469727,21.600000381469727,1573
2022-12-13,21.600000381469727,23.489999771118164,20.850000381469727,22.5,22.5,2017
2022-12-14,21.600000381469727,22.200000762939453,21.0,21.899999618530273,21.899999618530273,2457
2022-12-15,21.0,22.5,21.0,21.360000610351562,21.360000610351562,1173
2022-12-16,21.299999237060547,22.5,21.299999237060547,22.5,22.5,823
2022-12-19,22.5,23.639999389648438,20.100000381469727,22.200000762939453,22.200000762939453,3987
2022-12-20,22.5,23.06999969482422,22.5,22.5,22.5,1550
2022-12-21,22.649999618530273,22.649999618530273,20.639999389648438,21.299999237060547,21.299999237060547,543
2022-12-22,21.0,22.5,20.700000762939453,20.700000762939453,20.700000762939453,1053
2022-12-23,21.0,21.809999465942383,20.700000762939453,21.690000534057617,21.690000534057617,2100
2022-12-27,21.0,21.899999618530273,20.700000762939453,21.299999237060547,21.299999237060547,2583
2022-12-28,20.700000762939453,22.59000015258789,20.700000762939453,21.899999618530273,21.899999618530273,4513
2022-12-29,21.299999237060547,22.799999237060547,21.0,21.450000762939453,21.450000762939453,4830
2022-12-30,21.0,22.469999313354492,20.700000762939453,20.940000534057617,20.940000534057617,11707
2023-01-03,22.920000076293945,22.920000076293945,20.700000762939453,22.3799991607666,22.3799991607666,8587
2023-01-04,21.0,21.600000381469727,20.729999542236328,21.030000686645508,21.030000686645508,2597
2023-01-05,21.1200008392334,21.299999237060547,20.700000762939453,21.0,21.0,2863
2023-01-06,20.700000762939453,24.0,20.700000762939453,22.799999237060547,22.799999237060547,2607
2023-01-09,23.100000381469727,24.299999237060547,22.5,23.700000762939453,23.700000762939453,1000
2023-01-10,25.200000762939453,28.200000762939453,24.329999923706055,26.700000762939453,26.700000762939453,5723
2023-01-11,27.0,27.0,25.950000762939453,26.15999984741211,26.15999984741211,630
2023-01-12,26.100000381469727,27.0,21.600000381469727,25.709999084472656,25.709999084472656,2483
2023-01-13,24.959999084472656,26.399999618530273,24.209999084472656,26.100000381469727,26.100000381469727,927
2023-01-17,27.299999237060547,27.299999237060547,24.329999923706055,25.5,25.5,3357
2023-01-18,27.0,27.299999237060547,26.100000381469727,27.299999237060547,27.299999237060547,4430
2023-01-19,27.0,27.0,26.100000381469727,26.100000381469727,26.100000381469727,297
2023-01-20,27.0,29.969999313354492,26.700000762939453,28.5,28.5,16703
2023-01-23,29.100000381469727,30.899999618530273,27.0,29.399999618530273,29.399999618530273,8490
2023-01-24,37.20000076293945,38.70000076293945,28.739999771118164,32.400001525878906,32.400001525878906,521553
2023-01-25,26.670000076293945,28.799999237060547,24.0,27.0,27.0,47520
2023-01-26,25.799999237060547,27.299999237060547,24.600000381469727,26.8799991607666,26.8799991607666,9293
2023-01-27,26.399999618530273,29.100000381469727,24.6299991607666,24.93000030517578,24.93000030517578,13603
2023-01-30,26.399999618530273,26.399999618530273,23.280000686645508,23.489999771118164,23.489999771118164,11233
2023-01-31,23.280000686645508,24.600000381469727,22.709999084472656,23.040000915527344,23.040000915527344,3627
2023-02-01,22.770000457763672,23.969999313354492,22.200000762939453,23.34000015258789,23.34000015258789,5920
2023-02-02,22.799999237060547,24.899999618530273,22.799999237060547,24.600000381469727,24.600000381469727,4690
2023-02-03,24.600000381469727,25.200000762939453,23.399999618530273,23.700000762939453,23.700000762939453,3083
2023-02-06,23.700000762939453,25.170000076293945,23.700000762939453,24.510000228881836,24.510000228881836,3890
2023-02-07,25.049999237060547,25.68000030517578,24.0,25.469999313354492,25.469999313354492,4210
2023-02-08,24.0,25.200000762939453,21.0,22.200000762939453,22.200000762939453,25687
2023-02-09,23.219999313354492,23.700000762939453,22.200000762939453,22.950000762939453,22.950000762939453,4617
2023-02-10,22.799999237060547,23.940000534057617,21.030000686645508,22.799999237060547,22.799999237060547,3650
2023-02-13,22.350000381469727,23.520000457763672,22.200000762939453,23.040000915527344,23.040000915527344,1967
2023-02-14,23.06999969482422,23.399999618530273,22.739999771118164,23.399999618530273,23.399999618530273,1083
2023-02-15,22.5,24.600000381469727,22.5,23.729999542236328,23.729999542236328,2237
2023-02-16,22.079999923706055,24.0,22.079999923706055,23.790000915527344,23.790000915527344,3517
2023-02-17,22.5,23.700000762939453,21.299999237060547,21.899999618530273,21.899999618530273,4647
2023-02-21,22.799999237060547,22.799999237060547,21.0,21.479999542236328,21.479999542236328,1997
2023-02-22,22.799999237060547,22.799999237060547,20.90999984741211,21.0,21.0,1983
2023-02-23,21.540000915527344,22.110000610351562,21.09000015258789,21.149999618530273,21.149999618530273,1317
2023-02-24,21.18000030517578,21.18000030517578,20.010000228881836,20.010000228881836,20.010000228881836,2153
2023-02-27,21.0,21.0,19.5,19.829999923706055,19.829999923706055,2310
2023-02-28,21.299999237060547,21.299999237060547,19.5,20.100000381469727,20.100000381469727,1280
2023-03-01,20.100000381469727,20.25,18.030000686645508,19.799999237060547,19.799999237060547,1833
2023-03-02,19.799999237060547,22.200000762939453,18.719999313354492,20.700000762939453,20.700000762939453,2630
2023-03-03,20.100000381469727,20.700000762939453,19.110000610351562,19.770000457763672,19.770000457763672,1443
2023-03-06,18.989999771118164,20.34000015258789,18.989999771118164,19.649999618530273,19.649999618530273,140
2023-03-07,19.559999465942383,21.0,19.200000762939453,20.700000762939453,20.700000762939453,1323
2023-03-08,20.700000762939453,20.700000762939453,19.5,19.59000015258789,19.59000015258789,320
2023-03-09,20.700000762939453,20.700000762939453,18.6299991607666,18.780000686645508,18.780000686645508,1130
2023-03-10,17.940000534057617,17.940000534057617,16.530000686645508,17.399999618530273,17.399999618530273,3183
2023-03-13,18.0,18.0,16.5,16.559999465942383,16.559999465942383,2940
2023-03-14,17.010000228881836,17.100000381469727,16.5,17.100000381469727,17.100000381469727,483
2023-03-15,17.399999618530273,17.700000762939453,16.799999237060547,16.799999237060547,16.799999237060547,1487
2023-03-16,16.799999237060547,17.700000762939453,16.799999237060547,16.829999923706055,16.829999923706055,770
2023-03-17,17.100000381469727,17.100000381469727,15.149999618530273,16.799999237060547,16.799999237060547,1250
2023-03-20,16.5,17.25,15.0600004196167,16.020000457763672,16.020000457763672,1367
2023-03-21,15.0,15.65999984741211,14.970000267028809,14.970000267028809,14.970000267028809,2070
2023-03-22,14.699999809265137,15.600000381469727,14.399999618530273,14.729999542236328,14.729999542236328,1287
2023-03-23,14.399999618530273,14.699999809265137,12.300000190734863,12.899999618530273,12.899999618530273,5573
2023-03-24,12.600000381469727,14.699999809265137,12.600000381469727,14.100000381469727,14.100000381469727,1663
2023-03-27,13.319999694824219,14.399999618530273,13.199999809265137,13.649999618530273,13.649999618530273,653
2023-03-28,14.100000381469727,14.399999618530273,14.100000381469727,14.25,14.25,1920
2023-03-29,12.0,12.600000381469727,11.550000190734863,11.850000381469727,11.850000381469727,16890
2023-03-30,12.600000381469727,13.949999809265137,12.300000190734863,12.989999771118164,12.989999771118164,6720
2023-03-31,13.050000190734863,14.100000381469727,12.600000381469727,13.800000190734863,13.800000190734863,13400
2023-04-03,13.800000190734863,14.699999809265137,13.5,13.5,13.5,13120
2023-04-04,13.800000190734863,13.949999809265137,12.600000381469727,13.199999809265137,13.199999809265137,2833
2023-04-05,14.010000228881836,14.010000228881836,12.600000381469727,13.4399995803833,13.4399995803833,907
2023-04-06,13.050000190734863,13.649999618530273,12.600000381469727,12.899999618530273,12.899999618530273,2180
2023-04-10,13.5600004196167,13.5600004196167,12.75,12.75,12.75,210
2023-04-11,13.5,13.5,12.300000190734863,12.600000381469727,12.600000381469727,2767
2023-04-12,12.899999618530273,12.899999618530273,11.399999618530273,12.329999923706055,12.329999923706055,5540
2023-04-13,12.329999923706055,12.600000381469727,12.0,12.569999694824219,12.569999694824219,1303
2023-04-14,12.600000381469727,13.199999809265137,12.449999809265137,13.199999809265137,13.199999809265137,5560
2023-04-17,12.8100004196167,13.5,12.600000381469727,12.899999618530273,12.899999618530273,2380
2023-04-18,12.600000381469727,14.100000381469727,12.600000381469727,13.5,13.5,5673
2023-04-19,13.470000267028809,13.5,12.300000190734863,12.539999961853027,12.539999961853027,12800
2023-04-20,12.539999961853027,13.199999809265137,12.300000190734863,12.600000381469727,12.600000381469727,7120
2023-04-21,12.75,13.079999923706055,12.149999618530273,12.899999618530273,12.899999618530273,4210
2023-04-24,13.079999923706055,13.5,12.300000190734863,13.5,13.5,4583
2023-04-25,12.300000190734863,13.199999809265137,12.0,13.079999923706055,13.079999923706055,1627
2023-04-26,13.5,13.5,12.300000190734863,13.050000190734863,13.050000190734863,2820
2023-04-27,12.0,12.84000015258789,11.699999809265137,12.600000381469727,12.600000381469727,3503
2023-04-28,12.0,13.5,12.0,12.600000381469727,12.600000381469727,2327
2023-05-01,12.600000381469727,12.600000381469727,11.850000381469727,12.359999656677246,12.359999656677246,740
2023-05-02,11.90999984741211,13.470000267028809,11.90999984741211,12.210000038146973,12.210000038146973,583
2023-05-03,12.210000038146973,12.300000190734863,11.460000038146973,11.699999809265137,11.699999809265137,1213
2023-05-04,11.699999809265137,12.210000038146973,10.800000190734863,11.399999618530273,11.399999618530273,2370
2023-05-05,11.460000038146973,11.970000267028809,10.649999618530273,11.399999618530273,11.399999618530273,2287
2023-05-08,12.0,12.479999542236328,10.949999809265137,12.420000076293945,12.420000076293945,600
2023-05-09,12.270000457763672,13.140000343322754,11.850000381469727,12.600000381469727,12.600000381469727,720
2023-05-10,13.229999542236328,13.229999542236328,11.399999618530273,12.300000190734863,12.300000190734863,4963
2023-05-11,12.210000038146973,12.300000190734863,11.399999618530273,11.699999809265137,11.699999809265137,4327
2023-05-12,11.699999809265137,12.0,10.800000190734863,10.890000343322754,10.890000343322754,2870
2023-05-15,10.800000190734863,11.699999809265137,10.800000190734863,10.800000190734863,10.800000190734863,717
2023-05-16,11.670000076293945,11.670000076293945,9.8100004196167,10.199999809265137,10.199999809265137,5237
2023-05-17,10.5,10.859999656677246,9.8100004196167,10.5,10.5,1973
2023-05-18,10.5,11.399999618530273,10.5,11.399999618530273,11.399999618530273,880
2023-05-19,10.800000190734863,11.670000076293945,10.800000190734863,11.399999618530273,11.399999618530273,607
2023-05-22,12.0,12.75,10.5,10.710000038146973,10.710000038146973,17703
2023-05-23,11.100000381469727,11.670000076293945,10.109999656677246,10.5,10.5,3243
2023-05-24,10.5,11.699999809265137,10.5,11.010000228881836,11.010000228881836,3200
2023-05-25,10.829999923706055,11.670000076293945,10.5,11.279999732971191,11.279999732971191,3233
2023-05-26,11.279999732971191,11.279999732971191,10.260000228881836,10.5,10.5,727
2023-05-30,10.829999923706055,11.3100004196167,10.800000190734863,11.100000381469727,11.100000381469727,1473
2023-05-31,11.100000381469727,11.699999809265137,9.869999885559082,11.699999809265137,11.699999809265137,4057
2023-06-01,11.699999809265137,12.600000381469727,11.399999618530273,12.300000190734863,12.300000190734863,6843
2023-06-02,12.84000015258789,13.199999809265137,12.0,12.600000381469727,12.600000381469727,3820
2023-06-05,12.899999618530273,12.899999618530273,12.0,12.300000190734863,12.300000190734863,1207
2023-06-06,12.0,12.75,12.0,12.75,12.75,1723
2023-06-07,13.199999809265137,13.199999809265137,12.600000381469727,12.899999618530273,12.899999618530273,3383
2023-06-08,12.600000381469727,12.899999618530273,12.0,12.300000190734863,12.300000190734863,7240
2023-06-09,12.600000381469727,12.899999618530273,12.300000190734863,12.569999694824219,12.569999694824219,3267
2023-06-12,12.75,12.899999618530273,12.600000381469727,12.84000015258789,12.84000015258789,1643
2023-06-13,12.300000190734863,12.899999618530273,12.300000190734863,12.569999694824219,12.569999694824219,5250
2023-06-14,12.569999694824219,12.899999618530273,11.850000381469727,12.0,12.0,3913
2023-06-15,12.0,12.600000381469727,11.699999809265137,12.0,12.0,5477
2023-06-16,12.300000190734863,13.199999809265137,12.0,12.600000381469727,12.600000381469727,773
2023-06-20,12.600000381469727,12.600000381469727,11.460000038146973,11.789999961853027,11.789999961853027,3227
2023-06-21,12.600000381469727,12.600000381469727,10.5,11.069999694824219,11.069999694824219,1380
2023-06-22,12.0,12.0,11.069999694824219,11.100000381469727,11.100000381469727,1057
2023-06-23,11.850000381469727,11.850000381469727,10.5,10.800000190734863,10.800000190734863,1313
2023-06-26,11.460000038146973,11.880000114440918,11.34000015258789,11.34000015258789,11.34000015258789,420
2023-06-27,11.699999809265137,12.0,9.899999618530273,10.680000305175781,10.680000305175781,5183
2023-06-28,10.680000305175781,11.699999809265137,10.529999732971191,10.829999923706055,10.829999923706055,403
2023-06-29,11.100000381469727,11.369999885559082,10.529999732971191,10.829999923706055,10.829999923706055,980
2023-06-30,11.430000305175781,11.430000305175781,10.260000228881836,10.949999809265137,10.949999809265137,307
2023-07-03,11.399999618530273,11.399999618530273,10.4399995803833,11.34000015258789,11.34000015258789,1787
2023-07-05,11.399999618530273,12.0,11.100000381469727,11.729999542236328,11.729999542236328,1187
2023-07-06,11.699999809265137,12.149999618530273,10.680000305175781,12.119999885559082,12.119999885559082,4680
2023-07-07,11.25,12.300000190734863,11.25,12.239999771118164,12.239999771118164,620
2023-07-10,12.239999771118164,12.270000457763672,10.199999809265137,11.15999984741211,11.15999984741211,7253
2023-07-11,11.1899995803833,11.34000015258789,10.800000190734863,11.100000381469727,11.100000381469727,880
2023-07-12,11.15999984741211,11.399999618530273,11.100000381469727,11.100000381469727,11.100000381469727,1267
2023-07-13,11.670000076293945,11.670000076293945,11.100000381469727,11.399999618530273,11.399999618530273,833
2023-07-14,11.640000343322754,11.880000114440918,11.15999984741211,11.699999809265137,11.699999809265137,3837
2023-07-17,11.699999809265137,11.699999809265137,11.100000381469727,11.100000381469727,11.100000381469727,1247
2023-07-18,11.130000114440918,12.0,11.100000381469727,11.1899995803833,11.1899995803833,1267
2023-07-19,11.430000305175781,11.699999809265137,9.899999618530273,10.59000015258789,10.59000015258789,3670
2023-07-20,10.920000076293945,11.100000381469727,10.5,10.5,10.5,1933
2023-07-21,10.5,11.100000381469727,10.5,10.5,10.5,1687
2023-07-24,10.5,10.949999809265137,10.5,10.920000076293945,10.920000076293945,7013
2023-07-25,10.5,10.800000190734863,10.020000457763672,10.050000190734863,10.050000190734863,1200
2023-07-26,10.199999809265137,10.350000381469727,10.199999809265137,10.260000228881836,10.260000228881836,313
2023-07-27,10.5,11.100000381469727,10.079999923706055,10.5,10.5,177
2023-07-28,11.699999809265137,11.699999809265137,10.199999809265137,10.199999809265137,10.199999809265137,1670
2023-07-31,11.100000381469727,11.100000381469727,10.199999809265137,10.800000190734863,10.800000190734863,2317
2023-08-01,10.920000076293945,11.550000190734863,10.199999809265137,11.100000381469727,11.100000381469727,2337
2023-08-02,11.100000381469727,11.699999809265137,10.5600004196167,10.5600004196167,10.5600004196167,6667
2023-08-03,11.100000381469727,11.699999809265137,10.59000015258789,11.25,11.25,1243
2023-08-04,11.699999809265137,11.699999809265137,10.859999656677246,11.579999923706055,11.579999923706055,913
2023-08-07,11.100000381469727,11.640000343322754,10.5,10.5,10.5,990
2023-08-08,10.770000457763672,11.699999809265137,10.470000267028809,11.550000190734863,11.550000190734863,3940
2023-08-09,11.010000228881836,12.0,9.899999618530273,10.199999809265137,10.199999809265137,3103
2023-08-10,10.859999656677246,11.100000381469727,10.5,10.5,10.5,517
2023-08-11,10.529999732971191,10.649999618530273,9.329999923706055,10.5,10.5,6153
2023-08-14,10.5,10.800000190734863,9.65999984741211,9.8100004196167,9.8100004196167,3347
2023-08-15,9.899999618530273,11.100000381469727,9.899999618530273,10.710000038146973,10.710000038146973,427
2023-08-16,10.800000190734863,10.800000190734863,9.329999923706055,10.289999961853027,10.289999961853027,4123
2023-08-17,10.350000381469727,11.100000381469727,10.350000381469727,10.350000381469727,10.350000381469727,3373
2023-08-18,10.859999656677246,10.859999656677246,10.350000381469727,10.350000381469727,10.350000381469727,960
2023-08-21,10.619999885559082,10.890000343322754,9.600000381469727,10.289999961853027,10.289999961853027,1923
2023-08-22,10.5,10.770000457763672,9.600000381469727,9.600000381469727,9.600000381469727,1527
2023-08-23,9.600000381469727,10.470000267028809,9.329999923706055,9.600000381469727,9.600000381469727,1500
2023-08-24,9.899999618530273,9.930000305175781,9.329999923706055,9.329999923706055,9.329999923706055,3573
2023-08-25,9.510000228881836,9.899999618530273,9.329999923706055,9.600000381469727,9.600000381469727,500
2023-08-28,9.6899995803833,9.75,8.1899995803833,8.430000305175781,8.430000305175781,3780
2023-08-29,8.699999809265137,9.539999961853027,8.699999809265137,9.029999732971191,9.029999732971191,1310
2023-08-30,9.479999542236328,9.539999961853027,9.0,9.270000457763672,9.270000457763672,860
2023-08-31,9.420000076293945,9.420000076293945,9.0,9.0,9.0,3403
2023-09-01,9.0,9.539999961853027,9.0,9.0,9.0,747
2023-09-05,9.300000190734863,9.300000190734863,9.0,9.210000038146973,9.210000038146973,273
2023-09-06,9.0,9.210000038146973,9.0,9.0600004196167,9.0600004196167,1453
2023-09-07,9.0,9.239999771118164,8.699999809265137,9.0,9.0,1507
2023-09-08,9.0,9.300000190734863,8.399999618530273,9.0,9.0,1467
2023-09-11,8.699999809265137,9.300000190734863,8.550000190734863,8.729999542236328,8.729999542236328,1447
2023-09-12,9.0,9.0,8.399999618530273,9.0,9.0,90
2023-09-13,8.489999771118164,8.609999656677246,7.289999961853027,8.25,8.25,9723
2023-09-14,8.25,8.460000038146973,7.619999885559082,8.010000228881836,8.010000228881836,2293
2023-09-15,7.5,7.800000190734863,6.900000095367432,7.050000190734863,7.050000190734863,4680
2023-09-18,6.900000095367432,7.260000228881836,6.599999904632568,6.690000057220459,6.690000057220459,2120
2023-09-19,8.25,8.25,6.03000020980835,6.03000020980835,6.03000020980835,2493
2023-09-20,7.5,8.369999885559082,6.329999923706055,7.349999904632568,7.349999904632568,89030
2023-09-21,7.329999923706055,7.5,5.131999969482422,6.489999771118164,6.489999771118164,82300
2023-09-22,6.880000114440918,6.880000114440918,5.699999809265137,5.889999866485596,5.889999866485596,20500
2023-09-25,5.739999771118164,5.880000114440918,5.159999847412109,5.40500020980835,5.40500020980835,17700
2023-09-26,5.239999771118164,6.1620001792907715,5.159999847412109,5.300000190734863,5.300000190734863,12600
2023-09-27,4.670000076293945,5.269999980926514,4.459000110626221,4.75,4.75,13100
2023-09-28,4.630000114440918,4.739999771118164,4.310999870300293,4.650000095367432,4.650000095367432,6600
2023-09-29,4.739999771118164,4.739999771118164,4.5,4.510000228881836,4.510000228881836,11100
2023-10-02,4.510000228881836,4.510000228881836,4.510000228881836,4.510000228881836,4.510000228881836,900
2023-10-03,4.510000228881836,4.510000228881836,4.179999828338623,4.269999980926514,4.269999980926514,15400
2023-10-04,4.190000057220459,4.730000019073486,4.0,4.11299991607666,4.11299991607666,54500
2023-10-05,4.019999980926514,4.019999980926514,3.75,3.75,3.75,8600
2023-10-06,3.75,3.937999963760376,3.565999984741211,3.809999942779541,3.809999942779541,6000
2023-10-09,4.00600004196167,4.00600004196167,3.6700000762939453,3.700000047683716,3.700000047683716,3200
2023-10-10,3.700000047683716,4.044000148773193,3.700000047683716,3.890000104904175,3.890000104904175,1100
2023-10-11,3.799999952316284,4.010000228881836,3.799999952316284,4.0,4.0,3100
2023-10-12,4.0,4.079999923706055,3.859999895095825,3.859999895095825,3.859999895095825,3700
2023-10-13,3.9800000190734863,4.079999923706055,3.9200000762939453,3.940000057220459,3.940000057220459,6800
2023-10-16,3.890000104904175,3.9200000762939453,3.809999942779541,3.9100000858306885,3.9100000858306885,4200
2023-10-17,3.9000000953674316,3.9000000953674316,3.9000000953674316,3.9000000953674316,3.9000000953674316,2600
2023-10-18,3.759999990463257,3.9700000286102295,3.759999990463257,3.9159998893737793,3.9159998893737793,2300
2023-10-19,4.139999866485596,4.139999866485596,3.859999895095825,3.859999895095825,3.859999895095825,800
2023-10-20,3.7939999103546143,3.940000057220459,3.760999917984009,3.7660000324249268,3.7660000324249268,1800
2023-10-23,3.880000114440918,3.940000057220459,3.880000114440918,3.9100000858306885,3.9100000858306885,3200
2023-10-24,3.75,3.7899999618530273,3.75,3.7899999618530273,3.7899999618530273,1200
2023-10-25,3.7899999618530273,3.859999895095825,3.7899999618530273,3.859999895095825,3.859999895095825,1400
2023-10-26,3.7100000381469727,3.7100000381469727,3.7039999961853027,3.7039999961853027,3.7039999961853027,1200
2023-10-27,3.700000047683716,3.9800000190734863,3.700000047683716,3.7799999713897705,3.7799999713897705,700
2023-10-30,3.7799999713897705,3.7799999713897705,3.7799999713897705,3.7799999713897705,3.7799999713897705,400
2023-10-31,3.7200000286102295,4.139999866485596,3.7200000286102295,4.139999866485596,4.139999866485596,9000
2023-11-01,4.139999866485596,4.139999866485596,4.139999866485596,4.139999866485596,4.139999866485596,0
2023-11-02,4.010000228881836,4.010000228881836,3.9000000953674316,3.9000000953674316,3.9000000953674316,2600
2023-11-03,4.067999839782715,4.067999839782715,4.050000190734863,4.050000190734863,4.050000190734863,600
2023-11-06,3.930000066757202,3.930000066757202,3.930000066757202,3.930000066757202,3.930000066757202,500
2023-11-07,3.9649999141693115,4.239999771118164,3.9649999141693115,4.239999771118164,4.239999771118164,1700
2023-11-08,3.859999895095825,4.184999942779541,3.859999895095825,4.184999942779541,4.184999942779541,500
2023-11-09,4.199999809265137,4.199999809265137,3.802000045776367,3.859999895095825,3.859999895095825,1600
2023-11-10,3.9800000190734863,3.9800000190734863,3.700000047683716,3.75,3.75,2800
2023-11-13,4.025000095367432,4.025000095367432,4.025000095367432,4.025000095367432,4.025000095367432,1400
2023-11-14,4.0,4.019999980926514,4.0,4.019999980926514,4.019999980926514,3500
2023-11-15,3.8399999141693115,4.078000068664551,3.8399999141693115,3.9000000953674316,3.9000000953674316,1800
2023-11-16,3.9000000953674316,3.9000000953674316,3.9000000953674316,3.9000000953674316,3.9000000953674316,300
2023-11-17,3.9000000953674316,3.9000000953674316,3.9000000953674316,3.9000000953674316,3.9000000953674316,300
2023-11-20,3.940000057220459,4.289999961853027,3.940000057220459,4.070000171661377,4.070000171661377,3200
2023-11-21,4.110000133514404,4.110000133514404,4.110000133514404,4.110000133514404,4.110000133514404,600
2023-11-22,3.950000047683716,3.950000047683716,3.950000047683716,3.950000047683716,3.950000047683716,600
2023-11-24,3.9100000858306885,3.9100000858306885,3.9100000858306885,3.9100000858306885,3.9100000858306885,1400
2023-11-27,4.0,4.099999904632568,4.0,4.099999904632568,4.099999904632568,2100
2023-11-28,4.300000190734863,4.329999923706055,4.300000190734863,4.329999923706055,4.329999923706055,900
2023-11-29,4.46999979019165,4.579999923706055,4.46999979019165,4.579999923706055,4.579999923706055,2600
2023-11-30,4.699999809265137,4.699999809265137,4.699999809265137,4.699999809265137,4.699999809265137,400
2023-12-01,4.420000076293945,4.989999771118164,4.420000076293945,4.949999809265137,4.949999809265137,5800
2023-12-04,4.949999809265137,5.261000156402588,4.949999809265137,5.0,5.0,4900
2023-12-05,5.0,5.0,5.0,5.0,5.0,400
2023-12-06,4.510000228881836,4.510000228881836,4.510000228881836,4.510000228881836,4.510000228881836,400
2023-12-07,4.639999866485596,4.650000095367432,4.53000020980835,4.550000190734863,4.550000190734863,2400
2023-12-08,4.679999828338623,4.699999809265137,4.679999828338623,4.699999809265137,4.699999809265137,1100
2023-12-11,4.75,4.754000186920166,4.679999828338623,4.679999828338623,4.679999828338623,800
2023-12-12,4.630000114440918,4.630000114440918,4.0229997634887695,4.0229997634887695,4.0229997634887695,9700
2023-12-13,4.25,4.265999794006348,4.010000228881836,4.125,4.125,7600
2023-12-14,4.050000190734863,4.199999809265137,4.050000190734863,4.199999809265137,4.199999809265137,1800
2023-12-15,4.630000114440918,4.630000114440918,4.050000190734863,4.230000019073486,4.230000019073486,6000
2023-12-18,4.210000038146973,4.210000038146973,4.210000038146973,4.210000038146973,4.210000038146973,2100
2023-12-19,4.050000190734863,4.25,4.050000190734863,4.144999980926514,4.144999980926514,1000
2023-12-20,4.050000190734863,4.050000190734863,3.799999952316284,3.9260001182556152,3.9260001182556152,4300
2023-12-21,3.8399999141693115,3.944999933242798,3.799999952316284,3.9100000858306885,3.9100000858306885,4100
2023-12-22,3.950000047683716,4.0,3.799999952316284,3.811000108718872,3.811000108718872,8100
2023-12-26,3.799999952316284,3.8399999141693115,3.609999895095825,3.609999895095825,3.609999895095825,7800
2023-12-27,4.0,4.409999847412109,4.0,4.0,4.0,9700
2023-12-28,4.0,4.0,3.700000047683716,3.819999933242798,3.819999933242798,7800
2023-12-29,3.690000057220459,3.859999895095825,3.630000114440918,3.799999952316284,3.799999952316284,7000
2024-01-02,4.099999904632568,5.829999923706055,4.099999904632568,5.449999809265137,5.449999809265137,114400
2024-01-03,5.449999809265137,7.489999771118164,5.449999809265137,7.050000190734863,7.050000190734863,38500
2024-01-04,7.0,7.0,6.52400016784668,6.650000095367432,6.650000095367432,13000
2024-01-05,8.399999618530273,9.199999809265137,6.699999809265137,7.73799991607666,7.73799991607666,52000
2024-01-08,7.010000228881836,7.010000228881836,6.5,6.989999771118164,6.989999771118164,10000
2024-01-09,6.809999942779541,7.0,6.809999942779541,6.889999866485596,6.889999866485596,5600
2024-01-10,6.945000171661377,7.289999961853027,6.889999866485596,6.889999866485596,6.889999866485596,19000
2024-01-11,6.809999942779541,6.829999923706055,6.139999866485596,6.139999866485596,6.139999866485596,1100
2024-01-12,6.059999942779541,7.0,6.059999942779541,6.550000190734863,6.550000190734863,1700
2024-01-16,6.710000038146973,6.900000095367432,6.710000038146973,6.900000095367432,6.900000095367432,2100
2024-01-17,6.699999809265137,6.699999809265137,6.579999923706055,6.689000129699707,6.689000129699707,2400
2024-01-18,6.689000129699707,6.689000129699707,6.689000129699707,6.689000129699707,6.689000129699707,0
2024-01-19,6.5,6.710000038146973,6.460000038146973,6.710000038146973,6.710000038146973,2400
2024-01-22,6.699999809265137,6.699999809265137,6.599999904632568,6.670000076293945,6.670000076293945,3700
2024-01-23,6.400000095367432,6.400000095367432,6.150000095367432,6.25,6.25,3100
2024-01-24,6.260000228881836,6.625,6.260000228881836,6.625,6.625,2300
2024-01-25,6.699999809265137,6.75,6.5,6.5,6.5,2400
2024-01-26,6.5279998779296875,6.650000095367432,6.510000228881836,6.550000190734863,6.550000190734863,1900
2024-01-29,6.550000190734863,6.570000171661377,6.300000190734863,6.300000190734863,6.300000190734863,6200
2024-01-30,6.590000152587891,6.590000152587891,6.590000152587891,6.590000152587891,6.590000152587891,600
2024-01-31,6.789999961853027,6.789999961853027,6.300000190734863,6.300000190734863,6.300000190734863,6000
2024-02-01,6.440000057220459,7.0,6.440000057220459,6.989999771118164,6.989999771118164,3000
2024-02-02,6.96999979019165,6.989999771118164,6.75,6.836999893188477,6.836999893188477,1400
2024-02-05,6.690000057220459,6.75,6.5,6.739999771118164,6.739999771118164,4900
2024-02-06,6.739999771118164,6.739999771118164,6.53000020980835,6.550000190734863,6.550000190734863,900
2024-02-07,6.550000190734863,6.550000190734863,6.550000190734863,6.550000190734863,6.550000190734863,700
2024-02-08,6.921000003814697,6.921000003814697,6.920000076293945,6.920000076293945,6.920000076293945,400
2024-02-09,6.920000076293945,6.920000076293945,6.920000076293945,6.920000076293945,6.920000076293945,0
2024-02-12,6.690000057220459,6.840000152587891,6.599999904632568,6.840000152587891,6.840000152587891,5000
2024-02-13,6.888999938964844,7.0,6.478000164031982,6.7870001792907715,6.7870001792907715,6400
2024-02-14,7.0,7.0,6.230000019073486,6.230000019073486,6.230000019073486,6400
2024-02-15,6.340000152587891,6.340000152587891,6.309999942779541,6.309999942779541,6.309999942779541,400
2024-02-16,6.420000076293945,6.429999828338623,6.400000095367432,6.400000095367432,6.400000095367432,1000
2024-02-20,6.300000190734863,6.550000190734863,5.25,5.25,5.25,47300
2024-02-21,5.519999980926514,5.559999942779541,5.340000152587891,5.340000152587891,5.340000152587891,2500
2024-02-22,5.300000190734863,5.590000152587891,5.300000190734863,5.473999977111816,5.473999977111816,2600
2024-02-23,5.599999904632568,5.75,5.599999904632568,5.670000076293945,5.670000076293945,3000
2024-02-26,5.5,5.739999771118164,5.5,5.739999771118164,5.739999771118164,1400
2024-02-27,5.800000190734863,5.800000190734863,5.474999904632568,5.474999904632568,5.474999904632568,1500
2024-02-28,5.980000019073486,6.579999923706055,5.949999809265137,5.949999809265137,5.949999809265137,8200
2024-02-29,5.78000020980835,5.78000020980835,5.329999923706055,5.360000133514404,5.360000133514404,2200
2024-03-01,5.550000190734863,5.946000099182129,5.550000190734863,5.946000099182129,5.946000099182129,1400
2024-03-04,5.349999904632568,5.72599983215332,5.349999904632568,5.434999942779541,5.434999942779541,2500
2024-03-05,5.586999893188477,5.586999893188477,5.400000095367432,5.409999847412109,5.409999847412109,700
2024-03-06,5.5269999504089355,5.920000076293945,5.420000076293945,5.690000057220459,5.690000057220459,1100
2024-03-07,5.5,5.5,5.449999809265137,5.449999809265137,5.449999809265137,700
2024-03-08,5.468999862670898,5.468999862670898,5.449999809265137,5.449999809265137,5.449999809265137,700
2024-03-11,5.449999809265137,5.48199987411499,5.449999809265137,5.48199987411499,5.48199987411499,600
2024-03-12,5.48199987411499,5.48199987411499,5.48199987411499,5.48199987411499,5.48199987411499,0
2024-03-13,5.309999942779541,5.309999942779541,5.138999938964844,5.138999938964844,5.138999938964844,1800
2024-03-14,5.489999771118164,5.489999771118164,5.489999771118164,5.489999771118164,5.489999771118164,300
2024-03-15,5.489999771118164,5.489999771118164,5.489999771118164,5.489999771118164,5.489999771118164,0
2024-03-18,5.28000020980835,5.28000020980835,5.28000020980835,5.28000020980835,5.28000020980835,400
2024-03-19,5.192999839782715,5.193999767303467,5.111000061035156,5.15500020980835,5.15500020980835,3000
2024-03-20,5.15500020980835,5.170000076293945,4.535999774932861,4.535999774932861,4.535999774932861,2300
2024-03-21,4.5,5.190000057220459,4.409999847412109,5.190000057220459,5.190000057220459,7600
2024-03-22,5.0,5.170000076293945,4.699999809265137,4.699999809265137,4.699999809265137,3300
2024-03-25,4.699999809265137,4.699999809265137,4.699999809265137,4.699999809265137,4.699999809265137,0
2024-03-26,4.849999904632568,4.849999904632568,4.804999828338623,4.840000152587891,4.840000152587891,900
2024-03-27,4.699999809265137,4.699999809265137,4.699999809265137,4.699999809265137,4.699999809265137,1500
2024-03-28,5.159999847412109,5.5,4.599999904632568,4.599999904632568,4.599999904632568,4600
2024-04-01,4.880000114440918,4.889999866485596,4.829999923706055,4.889999866485596,4.889999866485596,1000
2024-04-02,4.889999866485596,4.889999866485596,4.796999931335449,4.796999931335449,4.796999931335449,1300
2024-04-03,4.559999942779541,4.800000190734863,4.53000020980835,4.78000020980835,4.78000020980835,4400
2024-04-04,4.5,4.949999809265137,4.5,4.639999866485596,4.639999866485596,6800
2024-04-05,4.699999809265137,4.824999809265137,4.699999809265137,4.824999809265137,4.824999809265137,500
2024-04-08,4.929999828338623,4.948999881744385,4.199999809265137,4.5,4.5,21500
2024-04-09,4.482999801635742,4.489999771118164,4.25,4.25,4.25,700
2024-04-10,4.300000190734863,4.64900016784668,4.25,4.5,4.5,2200
2024-04-11,4.5,4.5,4.5,4.5,4.5,500
2024-04-12,4.599999904632568,4.599999904632568,4.599999904632568,4.599999904632568,4.599999904632568,1400
2024-04-15,4.400000095367432,4.64300012588501,4.400000095367432,4.5,4.5,3500
2024-04-16,4.25,4.449999809265137,4.25,4.449999809265137,4.449999809265137,800
2024-04-17,4.440000057220459,4.440000057220459,4.440000057220459,4.440000057220459,4.440000057220459,1100
2024-04-18,4.440000057220459,4.5,4.300000190734863,4.300000190734863,4.300000190734863,5200
2024-04-19,4.5,4.5,4.400000095367432,4.400000095367432,4.400000095367432,1300
2024-04-22,4.5,4.5,4.400000095367432,4.425000190734863,4.425000190734863,3600
2024-04-23,4.5,4.5,4.485000133514404,4.485000133514404,4.485000133514404,900
2024-04-24,4.590000152587891,4.590000152587891,4.557000160217285,4.557000160217285,4.557000160217285,900
2024-04-25,4.699999809265137,4.807000160217285,4.699999809265137,4.807000160217285,4.807000160217285,1500
2024-04-26,4.900000095367432,4.900000095367432,4.749000072479248,4.752999782562256,4.752999782562256,2300
2024-04-29,4.724999904632568,4.793000221252441,4.630000114440918,4.771999835968018,4.771999835968018,2900
2024-04-30,4.771999835968018,4.771999835968018,4.771999835968018,4.771999835968018,4.771999835968018,0
2024-05-01,5.050000190734863,5.090000152587891,4.800000190734863,5.0,5.0,8700
2024-05-02,4.965000152587891,4.980000019073486,4.800000190734863,4.800000190734863,4.800000190734863,3000
2024-05-03,4.940000057220459,4.940000057220459,4.940000057220459,4.940000057220459,4.940000057220459,900
2024-05-06,4.940000057220459,4.940000057220459,4.940000057220459,4.940000057220459,4.940000057220459,200
2024-05-07,4.760000228881836,4.860000133514404,4.690000057220459,4.860000133514404,4.860000133514404,4000
2024-05-08,4.8979997634887695,4.8979997634887695,4.199999809265137,4.309999942779541,4.309999942779541,7800
2024-05-09,4.5,4.59499979019165,4.5,4.5,4.5,1000
2024-05-10,4.574999809265137,4.75,4.574999809265137,4.743000030517578,4.743000030517578,800
2024-05-13,4.743000030517578,4.743000030517578,4.743000030517578,4.743000030517578,4.743000030517578,0
2024-05-14,4.353000164031982,4.353000164031982,4.353000164031982,4.353000164031982,4.353000164031982,500
2024-05-15,4.329999923706055,4.739999771118164,4.329999923706055,4.739999771118164,4.739999771118164,1400
2024-05-16,4.590000152587891,4.599999904632568,4.239999771118164,4.440000057220459,4.440000057220459,4600
2024-05-17,4.525000095367432,4.525000095367432,4.135000228881836,4.315000057220459,4.315000057220459,9200
2024-05-20,4.429999828338623,4.429999828338623,4.429999828338623,4.429999828338623,4.429999828338623,300
2024-05-21,4.400000095367432,4.705999851226807,4.400000095367432,4.705999851226807,4.705999851226807,500
2024-05-22,4.675000190734863,4.675000190734863,4.65500020980835,4.65500020980835,4.65500020980835,1200
2024-05-23,4.65500020980835,4.65500020980835,4.65500020980835,4.65500020980835,4.65500020980835,0
2024-05-24,4.65500020980835,4.65500020980835,4.65500020980835,4.65500020980835,4.65500020980835,0
2024-05-28,4.539999961853027,4.639999866485596,4.489999771118164,4.489999771118164,4.489999771118164,1100
2024-05-29,4.489999771118164,4.489999771118164,4.489999771118164,4.489999771118164,4.489999771118164,100
2024-05-30,4.099999904632568,4.670000076293945,4.0,4.5,4.5,5100
2024-05-31,4.5,4.5,4.5,4.5,4.5,0
2024-06-03,4.5,4.5,4.099999904632568,4.150000095367432,4.150000095367432,2200
2024-06-04,4.099999904632568,4.34499979019165,4.050000190734863,4.050000190734863,4.050000190734863,1400
2024-06-05,4.099999904632568,4.230000019073486,4.099999904632568,4.150000095367432,4.150000095367432,2100
2024-06-06,4.150000095367432,4.150000095367432,4.150000095367432,4.150000095367432,4.150000095367432,0
2024-06-07,4.295000076293945,4.360000133514404,4.295000076293945,4.360000133514404,4.360000133514404,800
2024-06-10,4.489999771118164,4.489999771118164,4.23799991607666,4.23799991607666,4.23799991607666,700
2024-06-11,4.23799991607666,4.23799991607666,4.23799991607666,4.23799991607666,4.23799991607666,0
2024-06-12,4.23799991607666,4.23799991607666,4.23799991607666,4.23799991607666,4.23799991607666,0
2024-06-13,4.300000190734863,4.400000095367432,4.300000190734863,4.300000190734863,4.300000190734863,1600
2024-06-14,4.239999771118164,4.239999771118164,4.239999771118164,4.239999771118164,4.239999771118164,800
2024-06-17,4.360000133514404,4.369999885559082,4.099999904632568,4.184999942779541,4.184999942779541,4200
2024-06-18,4.199999809265137,4.426000118255615,4.059999942779541,4.110000133514404,4.110000133514404,22200
2024-06-20,4.224999904632568,4.25,3.75,4.0,4.0,60100
2024-06-21,4.260000228881836,4.260000228881836,4.260000228881836,4.260000228881836,4.260000228881836,500
2024-06-24,4.0,4.0,3.8499999046325684,3.9800000190734863,3.9800000190734863,3000
2024-06-25,4.0,4.0,3.882999897003174,3.882999897003174,3.882999897003174,800
2024-06-26,4.090000152587891,4.090000152587891,4.078999996185303,4.078999996185303,4.078999996185303,900
2024-06-27,4.170000076293945,4.199999809265137,3.9000000953674316,4.199999809265137,4.199999809265137,1900
2024-06-28,4.25,4.400000095367432,4.125,4.300000190734863,4.300000190734863,15600
2024-07-01,4.489999771118164,4.489999771118164,4.199999809265137,4.239999771118164,4.239999771118164,3600
2024-07-02,3.9800000190734863,4.019999980926514,3.9800000190734863,4.0,4.0,2200
2024-07-03,4.0,4.010000228881836,3.990000009536743,4.0,4.0,1100
2024-07-05,3.990000009536743,4.110000133514404,3.990000009536743,4.0,4.0,3300
2024-07-08,4.150000095367432,4.150000095367432,4.0,4.0,4.0,6300
2024-07-09,4.0,4.0,4.0,4.0,4.0,400
2024-07-10,4.050000190734863,4.400000095367432,4.019999980926514,4.019999980926514,4.019999980926514,35200
2024-07-11,4.0,4.099999904632568,4.0,4.070000171661377,4.070000171661377,4200
2024-07-12,3.880000114440918,3.890000104904175,3.75,3.7899999618530273,3.7899999618530273,11200
2024-07-15,3.75,3.890000104904175,3.6500000953674316,3.6500000953674316,3.6500000953674316,11300
2024-07-16,3.7100000381469727,3.815999984741211,3.700000047683716,3.759999990463257,3.759999990463257,2500
2024-07-17,3.609999895095825,3.890000104904175,3.5,3.5199999809265137,3.5199999809265137,9200
2024-07-18,3.640000104904175,3.640000104904175,3.380000114440918,3.5,3.5,12300
2024-07-19,3.4600000381469727,3.490000009536743,3.4200000762939453,3.430000066757202,3.430000066757202,1500
