Date,Open,High,Low,Close,Adj Close,Volume
1999-05-12,20.0,20.8125,19.625,20.0,20.0,4504800
1999-05-13,20.0,21.25,19.75,21.0625,21.0625,417900
1999-05-14,21.1875,21.1875,19.25,20.125,20.125,308800
1999-05-17,20.25,20.375,19.75,20.0,20.0,147400
1999-05-18,20.375,20.5,19.0,19.625,19.625,236900
1999-05-19,19.875,20.25,19.5,19.5625,19.5625,140100
1999-05-20,19.8125,19.9375,19.6875,19.875,19.875,75200
1999-05-21,19.8125,20.125,19.8125,20.0,20.0,57800
1999-05-24,20.125,20.5,20.0,20.25,20.25,60300
1999-05-25,20.25,20.375,20.0,20.0,20.0,120900
1999-05-26,19.875,19.875,19.1875,19.375,19.375,91700
1999-05-27,19.4375,19.4375,18.875,18.9375,18.9375,224600
1999-05-28,18.9375,19.8125,18.9375,19.8125,19.8125,155900
1999-06-01,19.5625,19.5625,19.3125,19.5,19.5,13300
1999-06-02,19.3125,19.4375,19.25,19.3125,19.3125,27200
1999-06-03,19.3125,19.625,19.3125,19.375,19.375,81500
1999-06-04,19.25,19.4375,19.25,19.3125,19.3125,84300
1999-06-07,19.375,19.5,19.3125,19.5,19.5,28100
1999-06-08,19.375,20.0,19.375,19.953125,19.953125,59500
1999-06-09,19.5,19.9375,19.375,19.9375,19.9375,65900
1999-06-10,19.9375,20.0,19.625,19.625,19.625,67400
1999-06-11,19.625,19.625,19.1875,19.625,19.625,104900
1999-06-14,19.5,19.5,18.375,18.375,18.375,88900
1999-06-15,18.25,18.375,17.875,17.875,17.875,241700
1999-06-16,18.0,18.0,17.75,17.75,17.75,12000
1999-06-17,18.0,18.0,17.875,18.0,18.0,49700
1999-06-18,17.875,17.9375,17.625,17.625,17.625,10500
1999-06-21,17.625,17.6875,17.5,17.6875,17.6875,19000
1999-06-22,17.625,18.125,17.625,18.125,18.125,32600
1999-06-23,18.0,18.125,17.875,18.0625,18.0625,52000
1999-06-24,18.0,18.0,17.625,17.625,17.625,92000
1999-06-25,17.5625,18.0,17.5625,17.75,17.75,114000
1999-06-28,17.6875,18.0625,17.6875,18.0,18.0,44900
1999-06-29,18.0,18.25,17.9375,18.125,18.125,104400
1999-06-30,18.0,20.5,18.0,20.5,20.5,210600
1999-07-01,20.25,20.25,19.0,19.5625,19.5625,158200
1999-07-02,19.4375,20.0,19.375,20.0,20.0,44700
1999-07-06,20.25,22.1875,20.1875,22.1875,22.1875,112000
1999-07-07,22.25,22.375,21.1875,21.6875,21.6875,88300
1999-07-08,21.6875,22.4375,21.375,21.9375,21.9375,95300
1999-07-09,21.9375,22.875,21.75,22.875,22.875,235200
1999-07-12,22.75,22.75,21.5,22.625,22.625,62200
1999-07-13,22.5,22.625,22.375,22.5,22.5,34400
1999-07-14,22.5,22.5,21.375,21.625,21.625,24000
1999-07-15,21.375,21.4375,20.625,20.875,20.875,228600
1999-07-16,20.75,21.1875,20.75,21.125,21.125,15800
1999-07-19,21.5,21.5,20.875,20.875,20.875,27100
1999-07-20,20.625,20.625,19.5,20.125,20.125,25600
1999-07-21,20.0,20.125,18.0,18.25,18.25,1028400
1999-07-22,18.0625,18.5,17.625,18.375,18.375,322100
1999-07-23,18.375,18.375,18.25,18.3125,18.3125,10500
1999-07-26,18.25,18.375,17.9375,18.0625,18.0625,84600
1999-07-27,18.1875,18.3125,18.0,18.0625,18.0625,65300
1999-07-28,18.0,18.125,18.0,18.0,18.0,45200
1999-07-29,17.9375,18.0,17.8125,17.8125,17.8125,11100
1999-07-30,17.875,18.0,17.75,18.0,18.0,16600
1999-08-02,18.0625,18.0625,17.6875,17.9375,17.9375,18700
1999-08-03,18.0,18.0,17.5625,17.75,17.75,10900
1999-08-04,17.625,17.625,16.8125,16.875,16.875,15400
1999-08-05,16.75,16.9375,16.6875,16.875,16.875,11400
1999-08-06,16.9375,17.25,16.875,17.25,17.25,14600
1999-08-09,17.0625,17.0625,16.6875,16.875,16.875,10800
1999-08-10,16.625,16.875,16.1875,16.875,16.875,44700
1999-08-11,16.875,17.5,16.875,17.5,17.5,41100
1999-08-12,17.375,17.375,16.9375,17.25,17.25,66300
1999-08-13,17.375,17.375,17.0,17.375,17.375,138800
1999-08-16,17.375,17.5,17.25,17.375,17.375,38700
1999-08-17,17.25,17.375,17.0,17.125,17.125,91700
1999-08-18,17.1875,17.1875,16.75,17.0,17.0,95400
1999-08-19,16.875,16.875,16.625,16.8125,16.8125,12400
1999-08-20,16.8125,16.875,16.8125,16.875,16.875,4900
1999-08-23,16.875,16.875,15.875,15.875,15.875,56700
1999-08-24,15.9375,15.9375,15.0,15.5,15.5,190900
1999-08-25,15.375,15.5,15.375,15.375,15.375,5700
1999-08-26,15.4375,15.5,15.25,15.25,15.25,3700
1999-08-27,15.25,15.4375,15.0625,15.25,15.25,17200
1999-08-30,15.25,15.25,14.9375,15.0,15.0,22100
1999-08-31,14.75,14.75,12.375,12.625,12.625,742900
1999-09-01,13.75,14.375,13.75,14.3125,14.3125,642400
1999-09-02,14.3125,14.75,14.1875,14.5,14.5,156400
1999-09-03,14.8125,14.875,14.5,14.75,14.75,141600
1999-09-07,14.875,15.8125,14.875,15.8125,15.8125,154400
1999-09-08,15.75,15.8125,15.5625,15.8125,15.8125,48000
1999-09-09,15.9375,16.5,15.9375,16.5,16.5,49000
1999-09-10,16.625,17.25,16.625,17.25,17.25,55200
1999-09-13,17.1875,17.4375,16.875,16.875,16.875,27000
1999-09-14,16.75,16.75,15.875,15.875,15.875,99400
1999-09-15,16.0,16.5625,15.875,16.5625,16.5625,48800
1999-09-16,16.625,16.6875,16.5,16.625,16.625,14000
1999-09-17,16.625,16.75,16.5,16.75,16.75,21800
1999-09-20,16.875,17.125,16.8125,16.8125,16.8125,23900
1999-09-21,16.875,16.9375,16.75,16.9375,16.9375,20200
1999-09-22,16.8125,16.875,16.75,16.75,16.75,16300
1999-09-23,16.6875,16.6875,15.75,15.8125,15.8125,113900
1999-09-24,15.625,15.6875,15.0,15.0,15.0,101900
1999-09-27,15.0,15.0625,14.5625,14.5625,14.5625,69800
1999-09-28,14.5625,14.5625,13.25,13.875,13.875,139100
1999-09-29,13.875,14.0,13.8125,14.0,14.0,99000
1999-09-30,14.0,14.125,13.9375,14.125,14.125,31500
1999-10-01,14.125,14.125,13.875,14.0,14.0,32100
1999-10-04,14.0,14.25,13.75,13.75,13.75,118100
1999-10-05,13.875,14.5,13.75,14.3125,14.3125,48100
1999-10-06,14.4375,14.5,14.1875,14.4375,14.4375,82700
1999-10-07,14.40625,14.5,14.25,14.25,14.25,149300
1999-10-08,14.375,14.375,14.125,14.25,14.25,13300
1999-10-11,14.375,14.375,13.75,14.0,14.0,6300
1999-10-12,14.0,14.0,13.3125,13.875,13.875,52700
1999-10-13,13.75,14.1875,13.75,14.0,14.0,6400
1999-10-14,13.875,13.875,13.5,13.5625,13.5625,9300
1999-10-15,13.6875,13.75,13.5,13.6875,13.6875,17100
1999-10-18,13.75,14.125,13.75,13.75,13.75,33700
1999-10-19,13.875,13.875,13.25,13.25,13.25,19900
1999-10-20,13.125,13.125,11.5,12.0,12.0,197500
1999-10-21,11.875,12.0,10.75,11.25,11.25,231400
1999-10-22,11.125,11.375,10.75,11.375,11.375,268500
1999-10-25,11.375,11.375,11.0,11.0,11.0,108800
1999-10-26,11.0,11.0,5.5,7.0,7.0,4916200
1999-10-27,6.9375,6.9375,6.5,6.625,6.625,1099900
1999-10-28,6.625,7.25,6.625,7.0,7.0,995000
1999-10-29,7.125,7.9375,7.125,7.875,7.875,582700
1999-11-01,7.875,8.125,7.75,8.125,8.125,296300
1999-11-02,8.1875,8.1875,7.875,7.9375,7.9375,292300
1999-11-03,8.0,8.125,7.875,7.9375,7.9375,155000
1999-11-04,7.9375,7.9375,7.625,7.6875,7.6875,131700
1999-11-05,7.6875,7.9375,7.5625,7.875,7.875,286600
1999-11-08,7.875,7.875,7.5625,7.5625,7.5625,194600
1999-11-09,7.5,7.5,6.8125,6.9375,6.9375,115700
1999-11-10,7.0,7.375,7.0,7.375,7.375,791600
1999-11-11,7.25,7.375,7.0,7.1875,7.1875,35300
1999-11-12,7.25,7.5,7.0,7.5,7.5,140000
1999-11-15,7.4375,7.6875,7.3125,7.6875,7.6875,62400
1999-11-16,7.8125,7.8125,7.625,7.8125,7.8125,249700
1999-11-17,7.75,8.0625,7.75,8.0,8.0,58900
1999-11-18,8.0625,8.0625,7.375,7.4375,7.4375,184300
1999-11-19,7.4375,7.4375,7.1875,7.4375,7.4375,284000
1999-11-22,7.3125,7.625,7.25,7.25,7.25,490000
1999-11-23,7.3125,7.3125,6.75,6.9375,6.9375,132300
1999-11-24,6.8125,7.125,6.8125,6.9375,6.9375,64300
1999-11-26,7.0625,7.0625,6.5,6.5625,6.5625,138300
1999-11-29,6.5,6.6875,6.375,6.5625,6.5625,119700
1999-11-30,6.5,6.75,6.3125,6.375,6.375,165000
1999-12-01,6.5,6.6875,6.3125,6.625,6.625,271300
1999-12-02,6.625,6.625,6.375,6.375,6.375,84800
1999-12-03,6.5,7.3125,6.4375,7.3125,7.3125,237100
1999-12-06,7.25,7.75,7.125,7.5,7.5,111600
1999-12-07,7.75,7.75,7.3125,7.5,7.5,72600
1999-12-08,7.5,7.625,7.125,7.1875,7.1875,100200
1999-12-09,7.3125,7.3125,6.75,6.875,6.875,83300
1999-12-10,7.0,7.0,6.625,6.6875,6.6875,153900
1999-12-13,6.6875,6.75,6.5,6.625,6.625,237600
1999-12-14,6.5625,6.625,6.5,6.5625,6.5625,31000
1999-12-15,6.5625,6.6875,6.5,6.625,6.625,127300
1999-12-16,6.6875,7.25,6.5625,7.1875,7.1875,154700
1999-12-17,7.4375,7.75,7.0,7.0,7.0,256800
1999-12-20,7.1875,7.25,7.0625,7.1875,7.1875,73300
1999-12-21,7.1875,7.3125,7.1875,7.25,7.25,24700
1999-12-22,7.375,7.375,7.1875,7.3125,7.3125,34300
1999-12-23,7.375,7.5625,7.375,7.4375,7.4375,185100
1999-12-27,7.4375,7.5625,7.3125,7.5625,7.5625,59200
1999-12-28,7.625,7.8125,7.5625,7.8125,7.8125,60300
1999-12-29,7.75,8.25,7.75,8.1875,8.1875,109400
1999-12-30,8.1875,8.5,8.1875,8.25,8.25,209900
1999-12-31,8.125,8.875,8.125,8.875,8.875,115100
2000-01-03,9.0,9.0,8.625,8.75,8.75,61900
2000-01-04,8.5,8.5625,8.4375,8.5,8.5,88200
2000-01-05,8.5,8.625,8.3125,8.5,8.5,88600
2000-01-06,8.5,8.5,8.125,8.5,8.5,103200
2000-01-07,8.4375,8.5,8.25,8.25,8.25,113800
2000-01-10,8.375,8.5,8.25,8.5,8.5,49100
2000-01-11,8.375,8.375,8.1875,8.25,8.25,79500
2000-01-12,8.3125,8.3125,8.25,8.3125,8.3125,104300
2000-01-13,8.3125,8.375,8.3125,8.375,8.375,80600
2000-01-14,8.3125,8.4375,8.3125,8.4375,8.4375,164300
2000-01-18,8.375,8.5625,8.375,8.5625,8.5625,51500
2000-01-19,8.5,8.6875,8.5,8.6875,8.6875,153200
2000-01-20,8.8125,8.9375,8.75,8.9375,8.9375,119900
2000-01-21,8.6875,8.875,8.6875,8.875,8.875,98200
2000-01-24,8.8125,8.8125,8.5,8.6875,8.6875,90400
2000-01-25,8.5625,8.625,8.5625,8.5625,8.5625,38900
2000-01-26,8.5625,8.625,8.5,8.625,8.625,90200
2000-01-27,8.75,8.875,8.6875,8.6875,8.6875,79600
2000-01-28,8.75,8.75,8.625,8.6875,8.6875,134700
2000-01-31,8.625,8.625,8.1875,8.375,8.375,37200
2000-02-01,8.25,8.375,8.1875,8.3125,8.3125,50900
2000-02-02,8.3125,8.3125,8.1875,8.1875,8.1875,24400
2000-02-03,8.1875,8.1875,8.0625,8.1875,8.1875,18400
2000-02-04,8.25,8.25,7.875,8.0,8.0,45600
2000-02-07,7.875,7.9375,7.875,7.875,7.875,134600
2000-02-08,7.875,8.0,7.8125,7.9375,7.9375,50500
2000-02-09,7.8125,8.0625,7.75,8.0625,8.0625,60100
2000-02-10,8.0,8.25,7.875,8.0,8.0,39300
2000-02-11,8.125,8.3125,7.9375,7.9375,7.9375,61300
2000-02-14,7.6875,7.8125,7.5625,7.75,7.75,63800
2000-02-15,7.625,7.625,7.375,7.375,7.375,83200
2000-02-16,7.375,7.625,7.375,7.5625,7.5625,27100
2000-02-17,7.5625,7.5625,7.375,7.5,7.5,23200
2000-02-18,7.375,7.625,7.0625,7.625,7.625,350600
2000-02-22,7.625,7.875,7.5,7.875,7.875,22600
2000-02-23,7.875,8.125,7.8125,8.0625,8.0625,24600
2000-02-24,8.1875,8.5,8.1875,8.375,8.375,26500
2000-02-25,8.25,8.4375,8.0625,8.0625,8.0625,33400
2000-02-28,8.0625,8.0625,7.875,7.875,7.875,12400
2000-02-29,7.875,8.5,7.875,8.3125,8.3125,27000
2000-03-01,8.4375,8.75,8.4375,8.75,8.75,28200
2000-03-02,8.625,8.625,8.375,8.375,8.375,19000
2000-03-03,8.3125,8.5,8.3125,8.4375,8.4375,98500
2000-03-06,8.375,8.375,8.25,8.25,8.25,11900
2000-03-07,8.3125,8.375,8.1875,8.1875,8.1875,20700
2000-03-08,8.125,8.1875,8.125,8.1875,8.1875,27200
2000-03-09,8.3125,8.625,7.875,8.25,8.25,239000
2000-03-10,8.25,8.3125,8.0,8.0,8.0,12200
2000-03-13,7.875,8.0,7.875,7.9375,7.9375,13500
2000-03-14,7.8125,8.0,7.8125,7.9375,7.9375,31400
2000-03-15,7.9375,7.9375,7.8125,7.875,7.875,5400
2000-03-16,7.875,8.125,7.875,8.125,8.125,71700
2000-03-17,8.0,8.125,7.625,7.875,7.875,96900
2000-03-20,7.75,8.0,7.625,8.0,8.0,12400
2000-03-21,8.0,8.0,7.875,7.875,7.875,8400
2000-03-22,7.9375,8.25,7.75,7.9375,7.9375,117600
2000-03-23,8.0,8.125,7.5,7.8125,7.8125,66300
2000-03-24,7.84375,8.0625,7.84375,7.875,7.875,49600
2000-03-27,8.0625,8.0625,7.875,7.9375,7.9375,12400
2000-03-28,8.0,8.0,7.75,7.75,7.75,39800
2000-03-29,7.75,7.75,7.5,7.5,7.5,15900
2000-03-30,7.6875,7.6875,7.5,7.5,7.5,19000
2000-03-31,7.625,8.125,7.625,7.75,7.75,127100
2000-04-03,7.875,8.0625,7.875,8.0,8.0,10700
2000-04-04,8.125,8.1875,7.75,8.0625,8.0625,58000
2000-04-05,8.0625,8.3125,8.0,8.0625,8.0625,12900
2000-04-06,8.125,8.25,8.0,8.125,8.125,8800
2000-04-07,8.0625,8.25,8.0,8.0,8.0,14600
2000-04-10,8.0,8.0,7.875,7.875,7.875,64600
2000-04-11,8.0,8.0,7.875,8.0,8.0,18500
2000-04-12,8.0,8.125,7.9375,8.0,8.0,97600
2000-04-13,8.125,8.6875,8.0625,8.1875,8.1875,69300
2000-04-14,8.1875,8.1875,7.8125,8.1875,8.1875,51500
2000-04-17,8.1875,8.1875,7.75,8.0,8.0,45700
2000-04-18,8.0,8.125,7.9375,8.125,8.125,46800
2000-04-19,8.125,8.125,7.875,7.9375,7.9375,8900
2000-04-20,8.0625,8.125,8.0,8.0,8.0,18900
2000-04-24,8.0,8.125,8.0,8.125,8.125,12100
2000-04-25,8.125,8.125,8.0625,8.125,8.125,9500
2000-04-26,8.0,8.1875,8.0,8.1875,8.1875,16100
2000-04-27,8.1875,8.4375,8.1875,8.25,8.25,224400
2000-04-28,8.375,9.5,8.375,9.25,9.25,304900
2000-05-01,9.375,10.1875,9.375,10.1875,10.1875,138200
2000-05-02,10.25,10.625,9.75,9.875,9.875,75700
2000-05-03,9.9375,10.0,9.875,10.0,10.0,75400
2000-05-04,9.9375,10.6875,9.875,10.25,10.25,47900
2000-05-05,10.125,10.5,10.125,10.375,10.375,21500
2000-05-08,10.25,10.3125,10.0,10.0,10.0,29200
2000-05-09,10.0,10.25,10.0,10.1875,10.1875,68900
2000-05-10,10.1875,10.1875,9.75,9.75,9.75,56100
2000-05-11,9.875,10.1875,9.875,9.875,9.875,35600
2000-05-12,9.9375,10.0625,9.8125,9.8125,9.8125,21400
2000-05-15,9.8125,10.1875,9.6875,10.1875,10.1875,22800
2000-05-16,10.0625,10.125,9.875,9.875,9.875,45200
2000-05-17,9.75,9.9375,9.625,9.9375,9.9375,15200
2000-05-18,9.9375,10.0,9.8125,9.875,9.875,19500
2000-05-19,9.75,9.8125,9.5,9.625,9.625,38600
2000-05-22,9.75,10.0,9.625,9.9375,9.9375,20900
2000-05-23,9.9375,9.9375,9.75,9.75,9.75,47000
2000-05-24,9.75,9.875,9.5,9.875,9.875,14800
2000-05-25,9.6875,9.875,9.5,9.5,9.5,55500
2000-05-26,9.5625,9.75,9.375,9.5625,9.5625,23700
2000-05-30,9.5625,9.8125,9.4375,9.75,9.75,11800
2000-05-31,9.75,9.75,9.625,9.6875,9.6875,13700
2000-06-01,9.8125,9.8125,9.5625,9.5625,9.5625,5300
2000-06-02,9.625,9.625,9.375,9.375,9.375,48300
2000-06-05,9.5,9.5625,9.0625,9.0625,9.0625,30000
2000-06-06,9.0625,9.625,9.0625,9.4375,9.4375,29800
2000-06-07,9.4375,9.6875,9.4375,9.625,9.625,11700
2000-06-08,9.625,10.375,9.625,10.25,10.25,103800
2000-06-09,10.25,10.875,10.25,10.3125,10.3125,48200
2000-06-12,10.25,10.25,9.875,10.0,10.0,77400
2000-06-13,10.0,10.125,10.0,10.125,10.125,9900
2000-06-14,10.125,10.375,10.0625,10.0625,10.0625,6700
2000-06-15,10.0,10.6875,10.0,10.6875,10.6875,55700
2000-06-16,10.6875,10.6875,10.25,10.375,10.375,43300
2000-06-19,10.4375,10.4375,9.875,10.0,10.0,61200
2000-06-20,10.125,10.125,9.9375,10.0625,10.0625,23400
2000-06-21,9.9375,10.0625,9.875,10.0,10.0,35500
2000-06-22,10.0,10.1875,10.0,10.1875,10.1875,39600
2000-06-23,10.125,10.1875,10.0,10.0,10.0,98600
2000-06-26,10.0,10.0625,9.875,9.875,9.875,45700
2000-06-27,9.5,9.875,9.5,9.5625,9.5625,93800
2000-06-28,9.5625,9.625,9.5625,9.5625,9.5625,16000
2000-06-29,9.5625,9.625,9.5,9.5625,9.5625,32300
2000-06-30,9.5625,9.9375,9.5,9.578125,9.578125,138900
2000-07-03,9.5,9.8125,9.5,9.625,9.625,5300
2000-07-05,9.75,9.9375,9.75,9.875,9.875,17000
2000-07-06,9.8125,10.0,9.8125,9.9375,9.9375,46200
2000-07-07,10.0,10.0625,9.6875,9.9375,9.9375,30100
2000-07-10,9.875,9.9375,9.8125,9.8125,9.8125,30300
2000-07-11,9.9375,9.9375,9.75,9.75,9.75,22600
2000-07-12,9.625,9.9375,9.625,9.8125,9.8125,13900
2000-07-13,9.8125,10.0,9.8125,10.0,10.0,28100
2000-07-14,9.9375,10.125,9.875,10.125,10.125,38200
2000-07-17,9.875,9.9375,9.875,9.875,9.875,8000
2000-07-18,9.875,10.0625,9.875,10.0625,10.0625,15500
2000-07-19,10.0,10.0,10.0,10.0,10.0,42500
2000-07-20,10.0,10.125,9.9375,10.0625,10.0625,132700
2000-07-21,10.0625,10.125,9.875,9.875,9.875,34000
2000-07-24,10.0,10.0,9.6875,9.6875,9.6875,21800
2000-07-25,9.6875,9.75,9.5625,9.6875,9.6875,8500
2000-07-26,9.75,9.9375,9.6875,9.6875,9.6875,8300
2000-07-27,9.5,9.5,9.0625,9.0625,9.0625,100800
2000-07-28,9.1875,9.5,9.125,9.375,9.375,46000
2000-07-31,9.4375,9.4375,9.125,9.25,9.25,30100
2000-08-01,9.25,9.375,9.25,9.375,9.375,4000
2000-08-02,9.375,9.375,9.375,9.375,9.375,1300
2000-08-03,9.375,9.5,9.375,9.5,9.5,58000
2000-08-04,9.4375,9.4375,9.4375,9.4375,9.4375,9700
2000-08-07,9.4375,9.4375,9.0,9.1875,9.1875,29800
2000-08-08,9.1875,9.1875,8.6875,8.6875,8.6875,36900
2000-08-09,8.5625,8.5625,8.3125,8.4375,8.4375,22100
2000-08-10,8.375,8.375,7.5,8.125,8.125,106500
2000-08-11,8.125,8.125,7.6875,8.0625,8.0625,45400
2000-08-14,8.0625,8.125,7.625,7.625,7.625,137300
2000-08-15,7.75,8.5,7.75,8.5,8.5,195100
2000-08-16,8.5,8.5625,8.125,8.375,8.375,47900
2000-08-17,8.375,8.75,8.375,8.6875,8.6875,49900
2000-08-18,8.6875,9.0,8.5625,9.0,9.0,28400
2000-08-21,9.0,9.0,8.75,8.75,8.75,9300
2000-08-22,8.75,9.25,8.75,9.1875,9.1875,41700
2000-08-23,9.25,9.25,9.125,9.1875,9.1875,12100
2000-08-24,9.1875,9.4375,9.1875,9.375,9.375,4000
2000-08-25,9.4375,9.5,9.3125,9.375,9.375,16900
2000-08-28,9.25,9.4375,9.0,9.0,9.0,12700
2000-08-29,9.0,9.375,9.0,9.125,9.125,28200
2000-08-30,9.0,9.125,8.8125,8.9375,8.9375,14700
2000-08-31,8.8125,9.0,8.8125,8.9375,8.9375,22400
2000-09-01,9.0625,9.625,9.0625,9.625,9.625,67800
2000-09-05,9.5,9.75,9.25,9.5,9.5,39300
2000-09-06,9.625,9.625,9.4375,9.4375,9.4375,14700
2000-09-07,9.3125,9.3125,9.1875,9.1875,9.1875,9600
2000-09-08,9.0625,9.0625,8.8125,8.9375,8.9375,8900
2000-09-11,8.8125,9.1875,8.8125,9.1875,9.1875,13400
2000-09-12,9.1875,9.75,9.0625,9.6875,9.6875,56800
2000-09-13,9.625,9.625,9.25,9.5,9.5,33400
2000-09-14,9.375,9.375,9.3125,9.375,9.375,8900
2000-09-15,9.125,9.125,8.875,8.9375,8.9375,46600
2000-09-18,8.8125,8.875,8.75,8.8125,8.8125,8800
2000-09-19,8.875,8.875,8.6875,8.8125,8.8125,1600
2000-09-20,8.8125,8.8125,8.5,8.5,8.5,39000
2000-09-21,8.5,8.5,8.1875,8.25,8.25,24800
2000-09-22,8.1875,8.4375,8.0625,8.4375,8.4375,28100
2000-09-25,8.4375,8.4375,8.375,8.4375,8.4375,3400
2000-09-26,8.3125,8.4375,8.1875,8.4375,8.4375,16000
2000-09-27,8.3125,8.4375,8.0625,8.0625,8.0625,9200
2000-09-28,8.125,8.375,8.0625,8.375,8.375,6900
2000-09-29,8.375,8.375,8.0,8.0,8.0,19300
2000-10-02,8.0,8.125,7.9375,8.0,8.0,28100
2000-10-03,8.0,8.0,7.8125,7.8125,7.8125,4500
2000-10-04,7.8125,8.0,7.8125,7.9375,7.9375,21700
2000-10-05,8.0,8.25,8.0,8.25,8.25,127900
2000-10-06,8.25,8.25,7.75,7.75,7.75,17600
2000-10-09,7.75,7.75,7.5625,7.6875,7.6875,12500
2000-10-10,7.6875,7.75,7.6875,7.75,7.75,13600
2000-10-11,7.75,8.0,7.75,7.9375,7.9375,12200
2000-10-12,8.0625,8.0625,7.625,7.75,7.75,14700
2000-10-13,7.625,8.1875,7.625,8.1875,8.1875,19400
2000-10-16,8.0625,8.0625,8.0625,8.0625,8.0625,9200
2000-10-17,8.0625,8.125,8.0625,8.125,8.125,19100
2000-10-18,8.125,8.1875,8.125,8.125,8.125,2000
2000-10-19,8.1875,8.25,8.125,8.1875,8.1875,11400
2000-10-20,8.3125,8.4375,8.3125,8.375,8.375,7200
2000-10-23,8.5,9.3125,8.3125,9.3125,9.3125,22600
2000-10-24,9.3125,9.875,9.3125,9.75,9.75,30800
2000-10-25,9.875,9.875,9.5,9.6875,9.6875,60000
2000-10-26,9.6875,9.75,8.875,9.0,9.0,52500
2000-10-27,8.875,8.875,8.5,8.5,8.5,36000
2000-10-30,8.0,8.375,8.0,8.375,8.375,24000
2000-10-31,8.25,8.375,8.25,8.375,8.375,7200
2000-11-01,8.25,8.375,8.0,8.375,8.375,9700
2000-11-02,8.25,8.5,8.125,8.25,8.25,14900
2000-11-03,8.375,8.5625,8.25,8.5625,8.5625,9900
2000-11-06,8.5,8.75,8.4375,8.5,8.5,18900
2000-11-07,8.375,8.75,8.375,8.75,8.75,3300
2000-11-08,8.75,8.875,8.5625,8.5625,8.5625,2400
2000-11-09,8.5625,8.5625,8.5625,8.5625,8.5625,500
2000-11-10,8.5,8.5,8.0,8.3125,8.3125,10700
2000-11-13,8.3125,8.375,8.25,8.25,8.25,3200
2000-11-14,8.25,8.25,8.0625,8.0625,8.0625,6700
2000-11-15,8.125,8.125,8.0,8.0625,8.0625,9800
2000-11-16,7.9375,7.9375,7.5,7.5,7.5,40100
2000-11-17,7.625,7.625,7.3125,7.625,7.625,34300
2000-11-20,7.625,7.6875,7.625,7.6875,7.6875,1900
2000-11-21,7.625,7.6875,7.625,7.6875,7.6875,3400
2000-11-22,7.6875,7.75,7.6875,7.75,7.75,3700
2000-11-24,7.9375,7.9375,7.9375,7.9375,7.9375,1100
2000-11-27,7.875,7.875,7.5625,7.625,7.625,11600
2000-11-28,7.5,7.625,7.5,7.5625,7.5625,7200
2000-11-29,7.5625,7.5625,7.5625,7.5625,7.5625,200
2000-11-30,7.4375,7.6875,7.4375,7.6875,7.6875,9800
2000-12-01,7.75,7.75,7.625,7.625,7.625,3400
2000-12-04,7.5,7.625,7.5,7.5625,7.5625,11800
2000-12-05,7.625,7.75,7.5,7.75,7.75,6100
2000-12-06,7.875,7.9375,7.8125,7.875,7.875,22500
2000-12-07,7.75,8.0,7.75,7.875,7.875,7600
2000-12-08,7.75,8.0,7.75,7.9375,7.9375,6300
2000-12-11,7.875,7.875,7.8125,7.875,7.875,63200
2000-12-12,7.75,7.75,7.0,7.375,7.375,21900
2000-12-13,7.375,7.375,7.25,7.3125,7.3125,14100
2000-12-14,7.3125,7.3125,7.1875,7.25,7.25,12200
2000-12-15,7.3125,7.5,7.25,7.5,7.5,48200
2000-12-18,7.5,7.5,7.375,7.5,7.5,10200
2000-12-19,7.4375,7.4375,6.9375,6.9375,6.9375,29400
2000-12-20,6.8125,6.8125,6.625,6.625,6.625,10500
2000-12-21,6.625,7.0,6.3125,7.0,7.0,96300
2000-12-22,7.0,7.5,7.0,7.375,7.375,20900
2000-12-26,7.375,7.375,7.0625,7.0625,7.0625,9900
2000-12-27,7.0625,7.375,6.875,7.375,7.375,31600
2000-12-28,7.25,7.625,6.875,7.625,7.625,42400
2000-12-29,7.5,7.5625,7.25,7.25,7.25,48200
2001-01-02,7.25,7.5,7.0625,7.1875,7.1875,47300
2001-01-03,7.3125,7.75,7.3125,7.75,7.75,16000
2001-01-04,7.75,8.25,7.75,8.1875,8.1875,36800
2001-01-05,8.125,8.125,7.75,7.875,7.875,32000
2001-01-08,7.75,7.75,7.3125,7.375,7.375,14500
2001-01-09,7.375,8.0,7.375,7.9375,7.9375,45500
2001-01-10,7.9375,8.75,7.9375,8.75,8.75,50800
2001-01-11,8.75,10.0,8.75,9.5625,9.5625,90300
2001-01-12,9.5,9.5,8.9375,9.0,9.0,58700
2001-01-16,9.0,11.0,8.9375,11.0,11.0,303000
2001-01-17,10.75,10.75,10.125,10.5,10.5,153800
2001-01-18,10.5,10.5,9.75,10.3125,10.3125,22800
2001-01-19,10.1875,10.375,9.875,9.875,9.875,24700
2001-01-22,10.0,10.0,9.75,9.875,9.875,8600
2001-01-23,9.9375,10.0,9.625,9.875,9.875,37700
2001-01-24,9.9375,9.9375,9.5,9.625,9.625,35200
2001-01-25,9.25,9.3125,9.0,9.0,9.0,24900
2001-01-26,8.875,9.75,8.875,9.75,9.75,17500
2001-01-29,9.649999618530273,9.899999618530273,9.649999618530273,9.800000190734863,9.800000190734863,26800
2001-01-30,9.800000190734863,9.800000190734863,9.130000114440918,9.550000190734863,9.550000190734863,28900
2001-01-31,9.510000228881836,9.630000114440918,9.5,9.5,9.5,29900
2001-02-01,9.5,9.5,9.350000381469727,9.399999618530273,9.399999618530273,3800
2001-02-02,9.300000190734863,9.300000190734863,9.199999809265137,9.300000190734863,9.300000190734863,16200
2001-02-05,9.25,9.729999542236328,9.25,9.510000228881836,9.510000228881836,8700
2001-02-06,9.5,9.520000457763672,9.300000190734863,9.329999923706055,9.329999923706055,10400
2001-02-07,9.270000457763672,9.270000457763672,9.0,9.100000381469727,9.100000381469727,3100
2001-02-08,9.109999656677246,9.130000114440918,9.0,9.0,9.0,2300
2001-02-09,9.0,9.0,8.720000267028809,8.720000267028809,8.720000267028809,3300
2001-02-12,8.619999885559082,8.800000190734863,8.399999618530273,8.800000190734863,8.800000190734863,6700
2001-02-13,8.699999809265137,9.0,8.600000381469727,8.600000381469727,8.600000381469727,31200
2001-02-14,8.5,8.550000190734863,8.25,8.399999618530273,8.399999618530273,15600
2001-02-15,8.350000381469727,8.710000038146973,8.350000381469727,8.710000038146973,8.710000038146973,6300
2001-02-16,8.630000114440918,8.630000114440918,8.25,8.300000190734863,8.300000190734863,5100
2001-02-20,8.399999618530273,8.699999809265137,8.25,8.300000190734863,8.300000190734863,188400
2001-02-21,8.300000190734863,8.4399995803833,8.300000190734863,8.399999618530273,8.399999618530273,1700
2001-02-22,8.399999618530273,8.520000457763672,8.399999618530273,8.5,8.5,2000
2001-02-23,8.520000457763672,9.199999809265137,8.5,9.199999809265137,9.199999809265137,30000
2001-02-26,9.699999809265137,9.800000190734863,9.25,9.600000381469727,9.600000381469727,135400
2001-02-27,9.399999618530273,9.399999618530273,8.699999809265137,8.699999809265137,8.699999809265137,50500
2001-02-28,8.75,9.25,8.5,9.25,9.25,37300
2001-03-01,9.199999809265137,9.199999809265137,9.050000190734863,9.100000381469727,9.100000381469727,2500
2001-03-02,9.149999618530273,9.350000381469727,9.149999618530273,9.350000381469727,9.350000381469727,2100
2001-03-05,9.449999809265137,9.5,9.170000076293945,9.170000076293945,9.170000076293945,5300
2001-03-06,9.25,9.350000381469727,9.0,9.050000190734863,9.050000190734863,9000
2001-03-07,9.100000381469727,9.289999961853027,9.0,9.0,9.0,9200
2001-03-08,9.010000228881836,9.010000228881836,8.800000190734863,8.800000190734863,8.800000190734863,1100
2001-03-09,8.699999809265137,8.699999809265137,8.5,8.65999984741211,8.65999984741211,19900
2001-03-12,8.5600004196167,8.649999618530273,8.199999809265137,8.199999809265137,8.199999809265137,21100
2001-03-13,8.100000381469727,8.390000343322754,8.050000190734863,8.390000343322754,8.390000343322754,29200
2001-03-14,8.399999618530273,8.800000190734863,8.399999618530273,8.699999809265137,8.699999809265137,21600
2001-03-15,8.800000190734863,9.100000381469727,8.789999961853027,9.100000381469727,9.100000381469727,14600
2001-03-16,9.199999809265137,9.449999809265137,8.649999618530273,9.0,9.0,53200
2001-03-19,9.0,9.0,8.699999809265137,8.739999771118164,8.739999771118164,8400
2001-03-20,8.739999771118164,8.739999771118164,8.5,8.5,8.5,7500
2001-03-21,8.5,9.489999771118164,8.5,9.25,9.25,101500
2001-03-22,9.199999809265137,9.199999809265137,8.850000381469727,9.1899995803833,9.1899995803833,35800
2001-03-23,9.1899995803833,9.1899995803833,8.84000015258789,8.949999809265137,8.949999809265137,7700
2001-03-26,8.970000267028809,9.109999656677246,8.970000267028809,9.100000381469727,9.100000381469727,77700
2001-03-27,9.029999732971191,9.5,9.029999732971191,9.399999618530273,9.399999618530273,51200
2001-03-28,9.399999618530273,9.449999809265137,8.800000190734863,9.0,9.0,77300
2001-03-29,8.899999618530273,9.149999618530273,8.899999618530273,9.149999618530273,9.149999618530273,16000
2001-03-30,9.039999961853027,9.25,9.039999961853027,9.25,9.25,29100
2001-04-02,9.149999618530273,9.15999984741211,9.0,9.0,9.0,8400
2001-04-03,9.0600004196167,9.100000381469727,8.800000190734863,8.800000190734863,8.800000190734863,11500
2001-04-04,8.800000190734863,8.899999618530273,8.720000267028809,8.720000267028809,8.720000267028809,3700
2001-04-05,8.760000228881836,9.149999618530273,8.5,9.050000190734863,9.050000190734863,31800
2001-04-06,9.0,9.0,8.920000076293945,8.920000076293945,8.920000076293945,2200
2001-04-09,8.920000076293945,9.25,8.920000076293945,9.069999694824219,9.069999694824219,12100
2001-04-10,9.0,9.100000381469727,9.0,9.050000190734863,9.050000190734863,24200
2001-04-11,9.050000190734863,9.050000190734863,8.899999618530273,9.0,9.0,25200
2001-04-12,8.949999809265137,9.140000343322754,8.75,8.899999618530273,8.899999618530273,37600
2001-04-16,8.880000114440918,9.149999618530273,8.880000114440918,9.149999618530273,9.149999618530273,27300
2001-04-17,9.050000190734863,9.199999809265137,9.0,9.199999809265137,9.199999809265137,16400
2001-04-18,9.199999809265137,9.25,9.100000381469727,9.1899995803833,9.1899995803833,59700
2001-04-19,8.5,8.739999771118164,8.350000381469727,8.739999771118164,8.739999771118164,56400
2001-04-20,8.699999809265137,8.699999809265137,8.600000381469727,8.65999984741211,8.65999984741211,14400
2001-04-23,8.75,8.75,8.5,8.5,8.5,52000
2001-04-24,8.5,8.5,8.399999618530273,8.399999618530273,8.399999618530273,1100
2001-04-25,8.5,8.600000381469727,8.5,8.600000381469727,8.600000381469727,6100
2001-04-26,8.539999961853027,8.600000381469727,8.5,8.550000190734863,8.550000190734863,16000
2001-04-27,8.5,8.5,8.100000381469727,8.100000381469727,8.100000381469727,7000
2001-04-30,8.140000343322754,8.140000343322754,7.380000114440918,7.460000038146973,7.460000038146973,27100
2001-05-01,7.460000038146973,7.5,7.300000190734863,7.5,7.5,45800
2001-05-02,7.5,7.75,7.489999771118164,7.75,7.75,32900
2001-05-03,7.849999904632568,8.050000190734863,7.840000152587891,8.050000190734863,8.050000190734863,49900
2001-05-04,8.100000381469727,8.699999809265137,8.100000381469727,8.699999809265137,8.699999809265137,7900
2001-05-07,8.649999618530273,9.199999809265137,8.600000381469727,9.199999809265137,9.199999809265137,52100
2001-05-08,9.050000190734863,9.149999618530273,8.800000190734863,8.869999885559082,8.869999885559082,17300
2001-05-09,8.800000190734863,8.800000190734863,8.300000190734863,8.300000190734863,8.300000190734863,8500
2001-05-10,8.199999809265137,8.25,8.170000076293945,8.170000076293945,8.170000076293945,4400
2001-05-11,8.170000076293945,8.170000076293945,7.949999809265137,7.949999809265137,7.949999809265137,2600
2001-05-14,7.900000095367432,7.900000095367432,7.849999904632568,7.889999866485596,7.889999866485596,3800
2001-05-15,7.800000190734863,7.989999771118164,7.650000095367432,7.989999771118164,7.989999771118164,18000
2001-05-16,8.0,8.0,7.849999904632568,7.849999904632568,7.849999904632568,69500
2001-05-17,7.949999809265137,8.109999656677246,7.849999904632568,7.900000095367432,7.900000095367432,15000
2001-05-18,7.860000133514404,7.980000019073486,7.860000133514404,7.929999828338623,7.929999828338623,4000
2001-05-21,7.849999904632568,7.96999979019165,7.849999904632568,7.949999809265137,7.949999809265137,15300
2001-05-22,7.949999809265137,8.15999984741211,7.949999809265137,8.050000190734863,8.050000190734863,18600
2001-05-23,8.100000381469727,8.350000381469727,8.0600004196167,8.329999923706055,8.329999923706055,17100
2001-05-24,8.329999923706055,8.449999809265137,8.300000190734863,8.399999618530273,8.399999618530273,24600
2001-05-25,8.350000381469727,8.40999984741211,8.3100004196167,8.40999984741211,8.40999984741211,46400
2001-05-29,8.350000381469727,8.460000038146973,8.300000190734863,8.300000190734863,8.300000190734863,4900
2001-05-30,8.350000381469727,8.350000381469727,8.260000228881836,8.260000228881836,8.260000228881836,2800
2001-05-31,8.300000190734863,8.520000457763672,8.300000190734863,8.350000381469727,8.350000381469727,24600
2001-06-01,8.399999618530273,8.550000190734863,8.34000015258789,8.449999809265137,8.449999809265137,13000
2001-06-04,8.5,8.600000381469727,8.25,8.4399995803833,8.4399995803833,54800
2001-06-05,8.350000381469727,8.550000190734863,8.329999923706055,8.550000190734863,8.550000190734863,16200
2001-06-06,8.600000381469727,8.600000381469727,8.300000190734863,8.300000190734863,8.300000190734863,23800
2001-06-07,8.25,8.350000381469727,8.199999809265137,8.300000190734863,8.300000190734863,5000
2001-06-08,8.300000190734863,8.300000190734863,8.149999618530273,8.149999618530273,8.149999618530273,2000
2001-06-11,8.050000190734863,8.050000190734863,7.840000152587891,7.840000152587891,7.840000152587891,8400
2001-06-12,7.75,7.800000190734863,7.599999904632568,7.75,7.75,8300
2001-06-13,7.699999809265137,8.300000190734863,7.699999809265137,8.210000038146973,8.210000038146973,39900
2001-06-14,8.210000038146973,8.850000381469727,8.210000038146973,8.850000381469727,8.850000381469727,35200
2001-06-15,9.0,9.220000267028809,8.75,8.850000381469727,8.850000381469727,101600
2001-06-18,8.8100004196167,9.0,8.699999809265137,8.850000381469727,8.850000381469727,12000
2001-06-19,8.859999656677246,8.960000038146973,8.800000190734863,8.800000190734863,8.800000190734863,23400
2001-06-20,8.8100004196167,8.8100004196167,8.479999542236328,8.680000305175781,8.680000305175781,36700
2001-06-21,8.609999656677246,8.75,8.489999771118164,8.550000190734863,8.550000190734863,23600
2001-06-22,8.5,8.5,8.149999618530273,8.149999618530273,8.149999618530273,9700
2001-06-25,8.149999618530273,8.279999732971191,8.100000381469727,8.25,8.25,9000
2001-06-26,8.149999618530273,8.350000381469727,8.100000381469727,8.350000381469727,8.350000381469727,52000
2001-06-27,8.350000381469727,8.399999618530273,8.25,8.289999961853027,8.289999961853027,20400
2001-06-28,8.289999961853027,8.680000305175781,8.25,8.649999618530273,8.649999618530273,17400
2001-06-29,8.649999618530273,9.100000381469727,8.5,9.100000381469727,9.100000381469727,80900
2001-07-02,9.199999809265137,9.199999809265137,9.0,9.100000381469727,9.100000381469727,24100
2001-07-03,9.109999656677246,9.1899995803833,9.010000228881836,9.050000190734863,9.050000190734863,10700
2001-07-05,9.020000457763672,9.100000381469727,8.850000381469727,9.0,9.0,23200
2001-07-06,9.0,9.100000381469727,8.949999809265137,8.949999809265137,8.949999809265137,27500
2001-07-09,8.899999618530273,9.199999809265137,8.899999618530273,8.899999618530273,8.899999618530273,35500
2001-07-10,8.800000190734863,8.850000381469727,8.649999618530273,8.729999542236328,8.729999542236328,16000
2001-07-11,8.75,8.800000190734863,8.5,8.5,8.5,26500
2001-07-12,8.5,8.5,7.800000190734863,8.0,8.0,62400
2001-07-13,8.0,8.130000114440918,7.989999771118164,8.130000114440918,8.130000114440918,3700
2001-07-16,8.100000381469727,8.199999809265137,7.900000095367432,7.900000095367432,7.900000095367432,9900
2001-07-17,7.909999847412109,8.050000190734863,7.900000095367432,8.050000190734863,8.050000190734863,45800
2001-07-18,8.100000381469727,8.100000381469727,8.010000228881836,8.020000457763672,8.020000457763672,6000
2001-07-19,8.100000381469727,8.4399995803833,8.050000190734863,8.4399995803833,8.4399995803833,16200
2001-07-20,8.399999618530273,8.449999809265137,8.350000381469727,8.390000343322754,8.390000343322754,2200
2001-07-23,8.449999809265137,8.449999809265137,8.149999618530273,8.149999618530273,8.149999618530273,1700
2001-07-24,8.199999809265137,8.199999809265137,8.0,8.109999656677246,8.109999656677246,26400
2001-07-25,8.100000381469727,8.399999618530273,8.100000381469727,8.399999618530273,8.399999618530273,2700
2001-07-26,8.300000190734863,8.649999618530273,8.149999618530273,8.649999618530273,8.649999618530273,23700
2001-07-27,8.630000114440918,8.649999618530273,8.449999809265137,8.449999809265137,8.449999809265137,3600
2001-07-30,8.470000267028809,8.470000267028809,8.25,8.350000381469727,8.350000381469727,2800
2001-07-31,8.399999618530273,8.550000190734863,8.350000381469727,8.399999618530273,8.399999618530273,9100
2001-08-01,8.350000381469727,8.399999618530273,8.100000381469727,8.199999809265137,8.199999809265137,11500
2001-08-02,8.149999618530273,8.170000076293945,8.100000381469727,8.100000381469727,8.100000381469727,1300
2001-08-03,8.149999618530273,8.149999618530273,7.949999809265137,8.100000381469727,8.100000381469727,18900
2001-08-06,8.199999809265137,8.350000381469727,8.149999618530273,8.34000015258789,8.34000015258789,4000
2001-08-07,8.34000015258789,8.399999618530273,8.25,8.399999618530273,8.399999618530273,2100
2001-08-08,8.399999618530273,8.399999618530273,8.170000076293945,8.199999809265137,8.199999809265137,7100
2001-08-09,8.199999809265137,8.300000190734863,8.199999809265137,8.300000190734863,8.300000190734863,1900
2001-08-10,8.289999961853027,8.300000190734863,8.220000267028809,8.260000228881836,8.260000228881836,10700
2001-08-13,8.25,8.399999618530273,8.15999984741211,8.399999618530273,8.399999618530273,103800
2001-08-14,8.470000267028809,8.699999809265137,8.470000267028809,8.600000381469727,8.600000381469727,12100
2001-08-15,8.649999618530273,8.649999618530273,8.199999809265137,8.199999809265137,8.199999809265137,5600
2001-08-16,8.15999984741211,8.449999809265137,8.149999618530273,8.449999809265137,8.449999809265137,4100
2001-08-17,8.550000190734863,8.579999923706055,8.300000190734863,8.40999984741211,8.40999984741211,7000
2001-08-20,8.3100004196167,8.399999618530273,7.989999771118164,8.0600004196167,8.0600004196167,22300
2001-08-21,8.069999694824219,8.199999809265137,8.0600004196167,8.149999618530273,8.149999618530273,23000
2001-08-22,8.149999618530273,8.149999618530273,8.0600004196167,8.140000343322754,8.140000343322754,7300
2001-08-23,8.239999771118164,8.40999984741211,8.149999618530273,8.149999618530273,8.149999618530273,9400
2001-08-24,8.170000076293945,8.199999809265137,8.069999694824219,8.069999694824219,8.069999694824219,38300
2001-08-27,8.0,8.100000381469727,8.0,8.0,8.0,5200
2001-08-28,7.949999809265137,8.0,7.849999904632568,7.849999904632568,7.849999904632568,3200
2001-08-29,7.760000228881836,8.050000190734863,7.699999809265137,8.050000190734863,8.050000190734863,8800
2001-08-30,8.050000190734863,8.079999923706055,8.0,8.079999923706055,8.079999923706055,2800
2001-08-31,8.069999694824219,8.069999694824219,7.75,7.75,7.75,4200
2001-09-04,7.75,7.989999771118164,7.75,7.949999809265137,7.949999809265137,4800
2001-09-05,7.809999942779541,7.96999979019165,7.75,7.96999979019165,7.96999979019165,13800
2001-09-06,7.949999809265137,7.960000038146973,7.849999904632568,7.920000076293945,7.920000076293945,9800
2001-09-07,7.920000076293945,7.940000057220459,7.920000076293945,7.929999828338623,7.929999828338623,4700
2001-09-10,7.929999828338623,7.929999828338623,7.5,7.550000190734863,7.550000190734863,36800
2001-09-17,7.449999809265137,7.449999809265137,6.900000095367432,6.900000095367432,6.900000095367432,20700
2001-09-18,6.800000190734863,6.849999904632568,6.199999809265137,6.400000095367432,6.400000095367432,18000
2001-09-19,6.300000190734863,6.300000190734863,6.050000190734863,6.150000095367432,6.150000095367432,7900
2001-09-20,6.050000190734863,6.050000190734863,5.550000190734863,5.550000190734863,5.550000190734863,9000
2001-09-21,5.489999771118164,5.75,5.099999904632568,5.550000190734863,5.550000190734863,33900
2001-09-24,5.5,5.53000020980835,5.199999809265137,5.300000190734863,5.300000190734863,5900
2001-09-25,5.199999809265137,5.199999809265137,4.650000095367432,4.699999809265137,4.699999809265137,13800
2001-09-26,4.699999809265137,4.75,4.650000095367432,4.699999809265137,4.699999809265137,86400
2001-09-27,4.710000038146973,4.949999809265137,4.699999809265137,4.949999809265137,4.949999809265137,22200
2001-09-28,5.0,5.150000095367432,5.0,5.150000095367432,5.150000095367432,15400
2001-10-01,5.25,5.400000095367432,5.179999828338623,5.300000190734863,5.300000190734863,15000
2001-10-02,5.309999942779541,5.480000019073486,5.309999942779541,5.480000019073486,5.480000019073486,15200
2001-10-03,5.5,5.849999904632568,5.5,5.849999904632568,5.849999904632568,2800
2001-10-04,5.949999809265137,6.199999809265137,5.949999809265137,6.199999809265137,6.199999809265137,40000
2001-10-05,6.300000190734863,6.300000190734863,5.900000095367432,6.0,6.0,11700
2001-10-08,6.0,6.0,5.900000095367432,5.900000095367432,5.900000095367432,1200
2001-10-09,5.900000095367432,5.900000095367432,5.75,5.800000190734863,5.800000190734863,6900
2001-10-10,5.900000095367432,6.5,5.699999809265137,6.5,6.5,28600
2001-10-11,6.400000095367432,6.409999847412109,5.699999809265137,5.800000190734863,5.800000190734863,14200
2001-10-12,5.699999809265137,5.75,5.650000095367432,5.699999809265137,5.699999809265137,1500
2001-10-15,5.650000095367432,5.699999809265137,5.5,5.699999809265137,5.699999809265137,6800
2001-10-16,5.650000095367432,5.699999809265137,5.5,5.599999904632568,5.599999904632568,9700
2001-10-17,5.699999809265137,5.900000095367432,5.699999809265137,5.699999809265137,5.699999809265137,5400
2001-10-18,5.800000190734863,5.900000095367432,5.5,5.5,5.5,11000
2001-10-19,5.599999904632568,5.599999904632568,5.199999809265137,5.300000190734863,5.300000190734863,4000
2001-10-22,5.400000095367432,5.699999809265137,5.400000095367432,5.699999809265137,5.699999809265137,6800
2001-10-23,5.699999809265137,5.699999809265137,5.300000190734863,5.400000095367432,5.400000095367432,3700
2001-10-24,5.309999942779541,5.309999942779541,5.0,5.150000095367432,5.150000095367432,7000
2001-10-25,5.199999809265137,5.5,5.0,5.400000095367432,5.400000095367432,9800
2001-10-26,5.349999904632568,5.369999885559082,5.050000190734863,5.059999942779541,5.059999942779541,6800
2001-10-29,5.099999904632568,5.099999904632568,4.849999904632568,4.889999866485596,4.889999866485596,11200
2001-10-30,4.989999771118164,4.989999771118164,4.800000190734863,4.900000095367432,4.900000095367432,13600
2001-10-31,5.0,5.099999904632568,4.900000095367432,4.900000095367432,4.900000095367432,34200
2001-11-01,4.909999847412109,5.699999809265137,4.900000095367432,5.699999809265137,5.699999809265137,15500
2001-11-02,5.599999904632568,5.599999904632568,5.199999809265137,5.199999809265137,5.199999809265137,12500
2001-11-05,5.300000190734863,5.75,5.090000152587891,5.75,5.75,28100
2001-11-06,5.699999809265137,5.75,5.650000095367432,5.739999771118164,5.739999771118164,27500
2001-11-07,5.840000152587891,5.840000152587891,5.650000095367432,5.75,5.75,14900
2001-11-08,5.849999904632568,5.849999904632568,5.449999809265137,5.449999809265137,5.449999809265137,19100
2001-11-09,5.46999979019165,5.510000228881836,5.25,5.25,5.25,3900
2001-11-12,5.300000190734863,5.550000190734863,5.28000020980835,5.550000190734863,5.550000190734863,14800
2001-11-13,5.599999904632568,5.599999904632568,5.099999904632568,5.25,5.25,24400
2001-11-14,5.349999904632568,5.449999809265137,4.909999847412109,5.300000190734863,5.300000190734863,35700
2001-11-15,5.309999942779541,5.400000095367432,5.309999942779541,5.329999923706055,5.329999923706055,17900
2001-11-16,5.329999923706055,5.5,4.699999809265137,4.949999809265137,4.949999809265137,71300
2001-11-19,5.0,5.0,4.949999809265137,4.989999771118164,4.989999771118164,21000
2001-11-20,4.980000019073486,5.150000095367432,4.96999979019165,5.099999904632568,5.099999904632568,31000
2001-11-21,5.039999961853027,5.099999904632568,4.900000095367432,5.099999904632568,5.099999904632568,26200
2001-11-23,5.099999904632568,5.150000095367432,4.949999809265137,5.150000095367432,5.150000095367432,16600
2001-11-26,5.25,5.25,4.75,4.800000190734863,4.800000190734863,70000
2001-11-27,4.849999904632568,4.849999904632568,4.75,4.78000020980835,4.78000020980835,8400
2001-11-28,4.800000190734863,4.800000190734863,4.300000190734863,4.349999904632568,4.349999904632568,21500
2001-11-29,4.369999885559082,4.5,4.099999904632568,4.5,4.5,40300
2001-11-30,4.5,4.639999866485596,4.5,4.550000190734863,4.550000190734863,9500
2001-12-03,4.5,4.510000228881836,4.150000095367432,4.150000095367432,4.150000095367432,5700
2001-12-04,4.150000095367432,4.199999809265137,3.950000047683716,4.150000095367432,4.150000095367432,38300
2001-12-05,4.179999828338623,4.25,4.0,4.190000057220459,4.190000057220459,106200
2001-12-06,4.21999979019165,4.400000095367432,4.099999904632568,4.150000095367432,4.150000095367432,23200
2001-12-07,4.150000095367432,4.449999809265137,4.050000190734863,4.199999809265137,4.199999809265137,21300
2001-12-10,4.25,4.25,4.0,4.050000190734863,4.050000190734863,21500
2001-12-11,4.099999904632568,4.179999828338623,4.0,4.050000190734863,4.050000190734863,23800
2001-12-12,4.0,4.349999904632568,4.0,4.300000190734863,4.300000190734863,12000
2001-12-13,4.400000095367432,4.639999866485596,4.400000095367432,4.400000095367432,4.400000095367432,42900
2001-12-14,4.400000095367432,4.739999771118164,4.400000095367432,4.739999771118164,4.739999771118164,11900
2001-12-17,4.699999809265137,4.849999904632568,4.570000171661377,4.849999904632568,4.849999904632568,33200
2001-12-18,4.800000190734863,5.0,4.699999809265137,5.0,5.0,21000
2001-12-19,5.0,5.0,4.800000190734863,4.900000095367432,4.900000095367432,20800
2001-12-20,4.96999979019165,5.289999961853027,4.96999979019165,4.96999979019165,4.96999979019165,40300
2001-12-21,4.96999979019165,4.96999979019165,4.449999809265137,4.5,4.5,85300
2001-12-24,4.5,4.650000095367432,4.5,4.650000095367432,4.650000095367432,17700
2001-12-26,4.550000190734863,4.699999809265137,4.449999809265137,4.489999771118164,4.489999771118164,45500
2001-12-27,4.5,4.75,4.5,4.690000057220459,4.690000057220459,25200
2001-12-28,4.590000152587891,5.25,4.579999923706055,5.099999904632568,5.099999904632568,41700
2001-12-31,5.050000190734863,5.389999866485596,4.949999809265137,4.949999809265137,4.949999809265137,41300
2002-01-02,5.0,5.0,4.550000190734863,4.980000019073486,4.980000019073486,15100
2002-01-03,5.050000190734863,5.539999961853027,5.050000190734863,5.539999961853027,5.539999961853027,17100
2002-01-04,5.599999904632568,5.699999809265137,5.25,5.349999904632568,5.349999904632568,18600
2002-01-07,5.320000171661377,5.320000171661377,5.099999904632568,5.099999904632568,5.099999904632568,3200
2002-01-08,5.150000095367432,5.239999771118164,5.0,5.230000019073486,5.230000019073486,8400
2002-01-09,5.300000190734863,5.449999809265137,5.300000190734863,5.309999942779541,5.309999942779541,5000
2002-01-10,5.25,5.429999828338623,5.25,5.380000114440918,5.380000114440918,6000
2002-01-11,5.400000095367432,5.440000057220459,5.090000152587891,5.090000152587891,5.090000152587891,13200
2002-01-14,5.099999904632568,5.099999904632568,4.099999904632568,4.300000190734863,4.300000190734863,101000
2002-01-15,4.400000095367432,4.599999904632568,4.400000095367432,4.550000190734863,4.550000190734863,23200
2002-01-16,4.449999809265137,4.449999809265137,4.25,4.300000190734863,4.300000190734863,21000
2002-01-17,4.349999904632568,4.5,4.349999904632568,4.5,4.5,14800
2002-01-18,4.449999809265137,4.599999904632568,4.360000133514404,4.360000133514404,4.360000133514404,14300
2002-01-22,4.400000095367432,4.400000095367432,4.050000190734863,4.150000095367432,4.150000095367432,22300
2002-01-23,4.25,4.5,4.150000095367432,4.5,4.5,20500
2002-01-24,4.550000190734863,4.599999904632568,4.329999923706055,4.480000019073486,4.480000019073486,6500
2002-01-25,4.46999979019165,4.489999771118164,4.400000095367432,4.420000076293945,4.420000076293945,12100
2002-01-28,4.480000019073486,4.489999771118164,4.400000095367432,4.480000019073486,4.480000019073486,3800
2002-01-29,4.46999979019165,4.489999771118164,4.349999904632568,4.349999904632568,4.349999904632568,7600
2002-01-30,4.5,4.5,4.400000095367432,4.449999809265137,4.449999809265137,70200
2002-01-31,4.489999771118164,4.5,4.400000095367432,4.46999979019165,4.46999979019165,107800
2002-02-01,4.489999771118164,4.519999980926514,4.449999809265137,4.519999980926514,4.519999980926514,44600
2002-02-04,4.590000152587891,5.059999942779541,4.590000152587891,4.75,4.75,59000
2002-02-05,4.800000190734863,4.900000095367432,4.800000190734863,4.889999866485596,4.889999866485596,52100
2002-02-06,4.949999809265137,5.099999904632568,4.699999809265137,4.699999809265137,4.699999809265137,25900
2002-02-07,4.75,4.75,4.599999904632568,4.599999904632568,4.599999904632568,6700
2002-02-08,4.550000190734863,4.699999809265137,4.150000095367432,4.550000190734863,4.550000190734863,29800
2002-02-11,4.650000095367432,4.849999904632568,4.650000095367432,4.699999809265137,4.699999809265137,7400
2002-02-12,4.699999809265137,5.050000190734863,4.699999809265137,4.800000190734863,4.800000190734863,18400
2002-02-13,4.849999904632568,5.0,4.849999904632568,4.889999866485596,4.889999866485596,13100
2002-02-14,4.699999809265137,4.75,4.400000095367432,4.400000095367432,4.400000095367432,107800
2002-02-15,4.400000095367432,4.690000057220459,4.400000095367432,4.550000190734863,4.550000190734863,17100
2002-02-19,4.5,4.989999771118164,4.5,4.900000095367432,4.900000095367432,64500
2002-02-20,4.849999904632568,5.099999904632568,4.78000020980835,5.099999904632568,5.099999904632568,15300
2002-02-21,5.150000095367432,5.199999809265137,4.800000190734863,4.800000190734863,4.800000190734863,17800
2002-02-22,4.900000095367432,5.300000190734863,4.900000095367432,5.199999809265137,5.199999809265137,21500
2002-02-25,5.25,5.349999904632568,5.070000171661377,5.260000228881836,5.260000228881836,27200
2002-02-26,5.25,5.25,4.900000095367432,4.900000095367432,4.900000095367432,7300
2002-02-27,5.0,5.159999847412109,5.0,5.050000190734863,5.050000190734863,25000
2002-02-28,5.199999809265137,5.5,5.110000133514404,5.5,5.5,40800
2002-03-01,5.599999904632568,6.150000095367432,5.550000190734863,6.150000095367432,6.150000095367432,33200
2002-03-04,6.150000095367432,7.099999904632568,6.110000133514404,6.960000038146973,6.960000038146973,41500
2002-03-05,6.900000095367432,6.960000038146973,6.599999904632568,6.710000038146973,6.710000038146973,14100
2002-03-06,6.599999904632568,6.75,6.599999904632568,6.75,6.75,21700
2002-03-07,6.650000095367432,6.849999904632568,6.650000095367432,6.760000228881836,6.760000228881836,13800
2002-03-08,6.650000095367432,7.139999866485596,6.650000095367432,7.130000114440918,7.130000114440918,24000
2002-03-11,7.03000020980835,7.110000133514404,6.800000190734863,6.849999904632568,6.849999904632568,40300
2002-03-12,6.900000095367432,6.900000095367432,6.150000095367432,6.150000095367432,6.150000095367432,23600
2002-03-13,6.050000190734863,6.360000133514404,6.0,6.010000228881836,6.010000228881836,34300
2002-03-14,6.150000095367432,6.349999904632568,6.0,6.260000228881836,6.260000228881836,16400
2002-03-15,6.010000228881836,6.340000152587891,6.010000228881836,6.25,6.25,32600
2002-03-18,6.230000019073486,6.260000228881836,6.019999980926514,6.099999904632568,6.099999904632568,28500
2002-03-19,6.150000095367432,6.300000190734863,6.03000020980835,6.260000228881836,6.260000228881836,17800
2002-03-20,6.199999809265137,6.449999809265137,6.199999809265137,6.409999847412109,6.409999847412109,13400
2002-03-21,6.5,7.050000190734863,6.5,7.050000190734863,7.050000190734863,49200
2002-03-22,7.050000190734863,7.440000057220459,7.0,7.0,7.0,68900
2002-03-25,7.0,7.0,6.369999885559082,6.449999809265137,6.449999809265137,29700
2002-03-26,6.449999809265137,6.579999923706055,5.900000095367432,6.099999904632568,6.099999904632568,40100
2002-03-27,6.0,6.610000133514404,6.0,6.610000133514404,6.610000133514404,52600
2002-03-28,6.699999809265137,7.0,6.659999847412109,7.0,7.0,85800
2002-04-01,7.0,7.199999809265137,6.949999809265137,7.050000190734863,7.050000190734863,90100
2002-04-02,7.150000095367432,7.150000095367432,6.949999809265137,6.949999809265137,6.949999809265137,24100
2002-04-03,6.900000095367432,6.900000095367432,6.28000020980835,6.300000190734863,6.300000190734863,27600
2002-04-04,6.300000190734863,6.650000095367432,6.300000190734863,6.579999923706055,6.579999923706055,39400
2002-04-05,6.5,6.579999923706055,6.400000095367432,6.400000095367432,6.400000095367432,17100
2002-04-08,6.5,6.5,6.150000095367432,6.269999980926514,6.269999980926514,24600
2002-04-09,6.349999904632568,6.400000095367432,6.349999904632568,6.360000133514404,6.360000133514404,29600
2002-04-10,6.389999866485596,6.5,6.389999866485596,6.5,6.5,83800
2002-04-11,6.550000190734863,6.599999904632568,6.409999847412109,6.409999847412109,6.409999847412109,11700
2002-04-12,6.409999847412109,6.980000019073486,6.400000095367432,6.980000019073486,6.980000019073486,24700
2002-04-15,6.980000019073486,6.980000019073486,6.300000190734863,6.699999809265137,6.699999809265137,29200
2002-04-16,6.75,7.03000020980835,6.75,6.920000076293945,6.920000076293945,34500
2002-04-17,6.900000095367432,6.900000095367432,6.449999809265137,6.449999809265137,6.449999809265137,28700
2002-04-18,6.480000019073486,6.630000114440918,6.480000019073486,6.599999904632568,6.599999904632568,16400
2002-04-19,6.630000114440918,6.639999866485596,6.590000152587891,6.590000152587891,6.590000152587891,2700
2002-04-22,6.599999904632568,6.599999904632568,6.5,6.5,6.5,8300
2002-04-23,6.400000095367432,6.550000190734863,6.400000095367432,6.539999961853027,6.539999961853027,11500
2002-04-24,6.480000019073486,6.480000019073486,6.409999847412109,6.409999847412109,6.409999847412109,49700
2002-04-25,6.420000076293945,6.849999904632568,6.409999847412109,6.699999809265137,6.699999809265137,25200
2002-04-26,6.599999904632568,6.949999809265137,6.550000190734863,6.849999904632568,6.849999904632568,15800
2002-04-29,6.860000133514404,6.909999847412109,6.820000171661377,6.900000095367432,6.900000095367432,44800
2002-04-30,6.900000095367432,7.150000095367432,6.849999904632568,7.150000095367432,7.150000095367432,25800
2002-05-01,7.150000095367432,7.25,7.0,7.079999923706055,7.079999923706055,17500
2002-05-02,7.25,7.300000190734863,7.0,7.289999961853027,7.289999961853027,23000
2002-05-03,7.28000020980835,7.300000190734863,7.039999961853027,7.079999923706055,7.079999923706055,12200
2002-05-06,7.099999904632568,7.099999904632568,6.920000076293945,7.0,7.0,8200
2002-05-07,6.989999771118164,6.989999771118164,6.800000190734863,6.849999904632568,6.849999904632568,14200
2002-05-08,6.900000095367432,7.070000171661377,6.769999980926514,7.059999942779541,7.059999942779541,28000
2002-05-09,7.050000190734863,7.289999961853027,7.03000020980835,7.21999979019165,7.21999979019165,11900
2002-05-10,7.21999979019165,7.239999771118164,6.820000171661377,6.820000171661377,6.820000171661377,11300
2002-05-13,6.96999979019165,7.199999809265137,6.75,7.199999809265137,7.199999809265137,12800
2002-05-14,7.199999809265137,7.300000190734863,7.070000171661377,7.190000057220459,7.190000057220459,15200
2002-05-15,7.150000095367432,7.309999942779541,7.010000228881836,7.300000190734863,7.300000190734863,41100
2002-05-16,7.25,7.400000095367432,7.150000095367432,7.159999847412109,7.159999847412109,11900
2002-05-17,7.199999809265137,7.230000019073486,6.800000190734863,7.170000076293945,7.170000076293945,55400
2002-05-20,7.150000095367432,7.199999809265137,7.150000095367432,7.199999809265137,7.199999809265137,13600
2002-05-21,7.199999809265137,7.199999809265137,7.0,7.010000228881836,7.010000228881836,9600
2002-05-22,7.050000190734863,7.289999961853027,7.050000190734863,7.28000020980835,7.28000020980835,21100
2002-05-23,7.260000228881836,7.460000038146973,7.25,7.300000190734863,7.300000190734863,28200
2002-05-24,7.400000095367432,7.579999923706055,7.340000152587891,7.340000152587891,7.340000152587891,12100
2002-05-28,7.400000095367432,7.429999828338623,7.300000190734863,7.369999885559082,7.369999885559082,19600
2002-05-29,7.349999904632568,7.400000095367432,7.199999809265137,7.400000095367432,7.400000095367432,32300
2002-05-30,7.349999904632568,7.349999904632568,7.150000095367432,7.199999809265137,7.199999809265137,19300
2002-05-31,7.099999904632568,7.230000019073486,7.050000190734863,7.179999828338623,7.179999828338623,20300
2002-06-03,7.179999828338623,7.179999828338623,6.75,7.0,7.0,46400
2002-06-04,6.900000095367432,6.949999809265137,6.659999847412109,6.949999809265137,6.949999809265137,11000
2002-06-05,6.900000095367432,7.050000190734863,6.880000114440918,7.050000190734863,7.050000190734863,10500
2002-06-06,6.960000038146973,7.349999904632568,6.960000038146973,7.199999809265137,7.199999809265137,33600
2002-06-07,7.25,7.25,7.050000190734863,7.199999809265137,7.199999809265137,9300
2002-06-10,7.099999904632568,7.099999904632568,6.789999961853027,6.860000133514404,6.860000133514404,37600
2002-06-11,6.900000095367432,6.909999847412109,6.449999809265137,6.46999979019165,6.46999979019165,24700
2002-06-12,6.320000171661377,6.610000133514404,6.300000190734863,6.590000152587891,6.590000152587891,23100
2002-06-13,6.590000152587891,6.900000095367432,6.099999904632568,6.130000114440918,6.130000114440918,12300
2002-06-14,6.110000133514404,6.150000095367432,5.949999809265137,6.079999923706055,6.079999923706055,35300
2002-06-17,6.050000190734863,6.599999904632568,6.050000190734863,6.599999904632568,6.599999904632568,35800
2002-06-18,6.570000171661377,6.690000057220459,6.570000171661377,6.650000095367432,6.650000095367432,23900
2002-06-19,6.599999904632568,6.840000152587891,6.550000190734863,6.599999904632568,6.599999904632568,33200
2002-06-20,6.610000133514404,6.849999904632568,6.599999904632568,6.699999809265137,6.699999809265137,8100
2002-06-21,6.800000190734863,6.800000190734863,6.550000190734863,6.599999904632568,6.599999904632568,23400
2002-06-24,6.550000190734863,6.599999904632568,6.449999809265137,6.449999809265137,6.449999809265137,14700
2002-06-25,6.349999904632568,6.420000076293945,6.199999809265137,6.300000190734863,6.300000190734863,23200
2002-06-26,6.289999961853027,6.699999809265137,6.199999809265137,6.599999904632568,6.599999904632568,30300
2002-06-27,6.5,6.699999809265137,6.400000095367432,6.670000076293945,6.670000076293945,21400
2002-06-28,6.650000095367432,6.75,6.269999980926514,6.300000190734863,6.300000190734863,130700
2002-07-01,6.349999904632568,6.599999904632568,6.320000171661377,6.400000095367432,6.400000095367432,39000
2002-07-02,6.449999809265137,6.449999809265137,6.199999809265137,6.400000095367432,6.400000095367432,22500
2002-07-03,6.349999904632568,6.380000114440918,6.079999923706055,6.300000190734863,6.300000190734863,19000
2002-07-05,6.300000190734863,6.340000152587891,6.25,6.340000152587891,6.340000152587891,1100
2002-07-08,6.340000152587891,6.349999904632568,6.050000190734863,6.059999942779541,6.059999942779541,5600
2002-07-09,6.03000020980835,6.150000095367432,6.0,6.150000095367432,6.150000095367432,19700
2002-07-10,6.050000190734863,6.349999904632568,6.0,6.340000152587891,6.340000152587891,13600
2002-07-11,6.300000190734863,6.5,5.710000038146973,6.449999809265137,6.449999809265137,16100
2002-07-12,6.550000190734863,6.710000038146973,6.519999980926514,6.599999904632568,6.599999904632568,14500
2002-07-15,6.610000133514404,6.710000038146973,6.599999904632568,6.610000133514404,6.610000133514404,12800
2002-07-16,6.550000190734863,6.800000190734863,6.449999809265137,6.739999771118164,6.739999771118164,22700
2002-07-17,6.800000190734863,7.25,6.739999771118164,7.25,7.25,52200
2002-07-18,7.199999809265137,7.25,7.0,7.0,7.0,37200
2002-07-19,6.900000095367432,7.050000190734863,6.849999904632568,6.929999828338623,6.929999828338623,36500
2002-07-22,6.849999904632568,7.190000057220459,6.800000190734863,6.849999904632568,6.849999904632568,29600
2002-07-23,6.860000133514404,6.860000133514404,6.25,6.449999809265137,6.449999809265137,40400
2002-07-24,6.309999942779541,6.699999809265137,6.300000190734863,6.699999809265137,6.699999809265137,20100
2002-07-25,6.599999904632568,6.599999904632568,6.449999809265137,6.590000152587891,6.590000152587891,17100
2002-07-26,6.550000190734863,6.550000190734863,6.150000095367432,6.400000095367432,6.400000095367432,67000
2002-07-29,6.5,6.599999904632568,6.5,6.550000190734863,6.550000190734863,45400
2002-07-30,6.550000190734863,6.550000190734863,6.25,6.409999847412109,6.409999847412109,14800
2002-07-31,6.409999847412109,6.409999847412109,6.159999847412109,6.159999847412109,6.159999847412109,15200
2002-08-01,6.170000076293945,6.170000076293945,5.989999771118164,5.989999771118164,5.989999771118164,9700
2002-08-02,5.949999809265137,5.949999809265137,5.550000190734863,5.550000190734863,5.550000190734863,22700
2002-08-05,5.550000190734863,5.550000190734863,5.099999904632568,5.099999904632568,5.099999904632568,12000
2002-08-06,5.150000095367432,5.699999809265137,5.150000095367432,5.699999809265137,5.699999809265137,11700
2002-08-07,5.75,6.050000190734863,5.699999809265137,6.050000190734863,6.050000190734863,5000
2002-08-08,6.0,6.25,6.0,6.25,6.25,5000
2002-08-09,6.25,6.25,6.099999904632568,6.099999904632568,6.099999904632568,7500
2002-08-12,6.099999904632568,6.099999904632568,5.800000190734863,5.869999885559082,5.869999885559082,4000
2002-08-13,5.800000190734863,5.800000190734863,5.550000190734863,5.550000190734863,5.550000190734863,5500
2002-08-14,5.550000190734863,5.599999904632568,5.389999866485596,5.599999904632568,5.599999904632568,8100
2002-08-15,5.650000095367432,5.900000095367432,5.460000038146973,5.849999904632568,5.849999904632568,8800
2002-08-16,5.829999923706055,6.050000190734863,5.829999923706055,6.050000190734863,6.050000190734863,5400
2002-08-19,6.050000190734863,6.199999809265137,5.829999923706055,6.150000095367432,6.150000095367432,9600
2002-08-20,6.150000095367432,6.150000095367432,6.0,6.0,6.0,4400
2002-08-21,6.0,6.0,5.550000190734863,5.650000095367432,5.650000095367432,20400
2002-08-22,5.599999904632568,5.75,5.550000190734863,5.75,5.75,47500
2002-08-23,5.730000019073486,5.75,5.489999771118164,5.489999771118164,5.489999771118164,14600
2002-08-26,5.570000171661377,5.900000095367432,5.25,5.900000095367432,5.900000095367432,15100
2002-08-27,5.949999809265137,5.949999809265137,5.800000190734863,5.800000190734863,5.800000190734863,3400
2002-08-28,5.699999809265137,5.789999961853027,5.599999904632568,5.639999866485596,5.639999866485596,6300
2002-08-29,5.599999904632568,5.75,5.550000190734863,5.599999904632568,5.599999904632568,12200
2002-08-30,5.650000095367432,5.699999809265137,5.599999904632568,5.599999904632568,5.599999904632568,4300
2002-09-03,5.599999904632568,5.599999904632568,5.150000095367432,5.150000095367432,5.150000095367432,6400
2002-09-04,5.170000076293945,5.400000095367432,5.099999904632568,5.400000095367432,5.400000095367432,9000
2002-09-05,5.300000190734863,5.480000019073486,5.300000190734863,5.349999904632568,5.349999904632568,4400
2002-09-06,5.360000133514404,5.699999809265137,5.360000133514404,5.699999809265137,5.699999809265137,7600
2002-09-09,5.650000095367432,5.789999961853027,5.650000095367432,5.75,5.75,2500
2002-09-10,5.75,5.940000057220459,5.739999771118164,5.940000057220459,5.940000057220459,3300
2002-09-11,5.900000095367432,5.900000095367432,5.349999904632568,5.369999885559082,5.369999885559082,14400
2002-09-12,5.369999885559082,5.400000095367432,5.099999904632568,5.099999904632568,5.099999904632568,7800
2002-09-13,5.110000133514404,5.230000019073486,5.079999923706055,5.230000019073486,5.230000019073486,4200
2002-09-16,5.230000019073486,5.300000190734863,5.230000019073486,5.239999771118164,5.239999771118164,2700
2002-09-17,5.199999809265137,5.210000038146973,5.010000228881836,5.050000190734863,5.050000190734863,5300
2002-09-18,5.050000190734863,5.099999904632568,5.0,5.0,5.0,30600
2002-09-19,5.010000228881836,5.019999980926514,4.5,4.5,4.5,11400
2002-09-20,4.599999904632568,4.670000076293945,4.510000228881836,4.650000095367432,4.650000095367432,32100
2002-09-23,4.599999904632568,4.599999904632568,4.449999809265137,4.449999809265137,4.449999809265137,9900
2002-09-24,4.5,4.5,4.079999923706055,4.230000019073486,4.230000019073486,9400
2002-09-25,4.150000095367432,4.5,3.990000009536743,4.5,4.5,9900
2002-09-26,4.510000228881836,4.75,4.5,4.75,4.75,5100
2002-09-27,4.75,4.949999809265137,4.289999961853027,4.349999904632568,4.349999904632568,24000
2002-09-30,4.380000114440918,4.440000057220459,4.199999809265137,4.300000190734863,4.300000190734863,25800
2002-10-01,4.300000190734863,4.349999904632568,4.099999904632568,4.190000057220459,4.190000057220459,9500
2002-10-02,4.170000076293945,4.300000190734863,4.170000076293945,4.170000076293945,4.170000076293945,3500
2002-10-03,4.150000095367432,4.150000095367432,3.990000009536743,4.0,4.0,3400
2002-10-04,3.990000009536743,4.0,3.3499999046325684,3.4000000953674316,3.4000000953674316,33100
2002-10-07,3.5,3.5,2.8499999046325684,3.140000104904175,3.140000104904175,25700
2002-10-08,3.1500000953674316,3.390000104904175,3.140000104904175,3.390000104904175,3.390000104904175,38500
2002-10-09,3.299999952316284,3.450000047683716,3.0,3.1500000953674316,3.1500000953674316,62500
2002-10-10,3.049999952316284,3.4200000762939453,2.990000009536743,3.4100000858306885,3.4100000858306885,133400
2002-10-11,3.450000047683716,3.700000047683716,3.299999952316284,3.6500000953674316,3.6500000953674316,149900
2002-10-14,3.630000114440918,3.630000114440918,3.5,3.509999990463257,3.509999990463257,57100
2002-10-15,3.490000009536743,3.5999999046325684,3.430000066757202,3.5899999141693115,3.5899999141693115,5900
2002-10-16,3.5999999046325684,3.640000104904175,3.549999952316284,3.559999942779541,3.559999942779541,45300
2002-10-17,3.559999942779541,3.7899999618530273,3.559999942779541,3.700000047683716,3.700000047683716,106700
2002-10-18,3.6500000953674316,3.799999952316284,3.6500000953674316,3.6500000953674316,3.6500000953674316,32800
2002-10-21,3.5999999046325684,4.150000095367432,3.5999999046325684,4.150000095367432,4.150000095367432,91200
2002-10-22,4.050000190734863,4.420000076293945,4.050000190734863,4.300000190734863,4.300000190734863,35400
2002-10-23,4.400000095367432,4.650000095367432,4.25,4.650000095367432,4.650000095367432,26100
2002-10-24,4.650000095367432,4.880000114440918,4.480000019073486,4.480000019073486,4.480000019073486,28600
2002-10-25,4.519999980926514,4.75,4.519999980926514,4.75,4.75,6500
2002-10-28,4.75,4.769999980926514,4.300000190734863,4.300000190734863,4.300000190734863,18700
2002-10-29,4.25,4.25,4.0,4.150000095367432,4.150000095367432,10200
2002-10-30,4.150000095367432,4.300000190734863,4.0,4.159999847412109,4.159999847412109,17400
2002-10-31,4.239999771118164,4.239999771118164,3.799999952316284,3.799999952316284,3.799999952316284,20500
2002-11-01,3.799999952316284,3.8499999046325684,3.75,3.799999952316284,3.799999952316284,19300
2002-11-04,3.8499999046325684,3.9600000381469727,3.819999933242798,3.9600000381469727,3.9600000381469727,64700
2002-11-05,3.9700000286102295,4.039999961853027,3.940000057220459,3.950000047683716,3.950000047683716,5300
2002-11-06,4.050000190734863,4.349999904632568,4.0,4.349999904632568,4.349999904632568,21200
2002-11-07,4.400000095367432,4.420000076293945,4.300000190734863,4.400000095367432,4.400000095367432,10600
2002-11-08,4.400000095367432,4.5,4.389999866485596,4.420000076293945,4.420000076293945,5100
2002-11-11,4.409999847412109,4.409999847412109,4.300000190734863,4.300000190734863,4.300000190734863,2700
2002-11-12,4.400000095367432,4.440000057220459,4.349999904632568,4.440000057220459,4.440000057220459,6300
2002-11-13,4.420000076293945,4.800000190734863,4.420000076293945,4.789999961853027,4.789999961853027,6500
2002-11-14,4.75,4.920000076293945,4.650000095367432,4.900000095367432,4.900000095367432,14200
2002-11-15,4.900000095367432,5.03000020980835,4.809999942779541,5.0,5.0,9300
2002-11-18,5.099999904632568,5.110000133514404,4.889999866485596,4.929999828338623,4.929999828338623,23800
2002-11-19,4.929999828338623,5.099999904632568,4.650000095367432,4.690000057220459,4.690000057220459,11100
2002-11-20,4.659999847412109,4.710000038146973,4.050000190734863,4.25,4.25,23000
2002-11-21,4.25,4.550000190734863,4.25,4.550000190734863,4.550000190734863,33500
2002-11-22,4.599999904632568,5.0,4.599999904632568,4.980000019073486,4.980000019073486,23600
2002-11-25,4.980000019073486,5.110000133514404,4.949999809265137,5.110000133514404,5.110000133514404,60300
2002-11-26,5.110000133514404,5.119999885559082,5.0,5.119999885559082,5.119999885559082,40600
2002-11-27,5.150000095367432,5.300000190734863,5.070000171661377,5.25,5.25,13400
2002-11-29,5.25,5.25,5.050000190734863,5.050000190734863,5.050000190734863,6700
2002-12-02,5.059999942779541,5.119999885559082,5.050000190734863,5.119999885559082,5.119999885559082,5400
2002-12-03,5.099999904632568,5.150000095367432,5.050000190734863,5.050000190734863,5.050000190734863,4000
2002-12-04,5.099999904632568,5.150000095367432,4.889999866485596,4.889999866485596,4.889999866485596,7100
2002-12-05,4.900000095367432,5.0,4.900000095367432,4.949999809265137,4.949999809265137,3500
2002-12-06,4.900000095367432,5.099999904632568,4.889999866485596,4.989999771118164,4.989999771118164,7100
2002-12-09,4.900000095367432,4.900000095367432,4.599999904632568,4.610000133514404,4.610000133514404,10500
2002-12-10,4.599999904632568,4.610000133514404,4.590000152587891,4.599999904632568,4.599999904632568,5400
2002-12-11,4.619999885559082,4.739999771118164,4.369999885559082,4.590000152587891,4.590000152587891,29900
2002-12-12,4.539999961853027,4.769999980926514,4.539999961853027,4.75,4.75,12300
2002-12-13,4.789999961853027,4.869999885559082,4.789999961853027,4.829999923706055,4.829999923706055,8900
2002-12-16,4.800000190734863,4.800000190734863,4.699999809265137,4.78000020980835,4.78000020980835,16400
2002-12-17,4.75,4.949999809265137,4.75,4.940000057220459,4.940000057220459,12500
2002-12-18,4.900000095367432,5.019999980926514,4.730000019073486,4.880000114440918,4.880000114440918,18900
2002-12-19,4.880000114440918,4.940000057220459,4.699999809265137,4.940000057220459,4.940000057220459,11900
2002-12-20,4.940000057220459,4.940000057220459,4.690000057220459,4.869999885559082,4.869999885559082,17400
2002-12-23,4.809999942779541,5.0,4.809999942779541,4.920000076293945,4.920000076293945,23200
2002-12-24,4.96999979019165,5.099999904632568,4.960000038146973,5.099999904632568,5.099999904632568,10000
2002-12-26,5.150000095367432,5.449999809265137,5.079999923706055,5.440000057220459,5.440000057220459,5900
2002-12-27,5.400000095367432,5.5,5.300000190734863,5.449999809265137,5.449999809265137,12500
2002-12-30,5.449999809265137,5.489999771118164,5.190000057220459,5.199999809265137,5.199999809265137,15000
2002-12-31,5.150000095367432,5.510000228881836,5.150000095367432,5.489999771118164,5.489999771118164,58500
2003-01-02,5.590000152587891,5.699999809265137,5.449999809265137,5.5,5.5,12200
2003-01-03,5.510000228881836,5.730000019073486,5.5,5.5,5.5,15300
2003-01-06,5.599999904632568,5.699999809265137,5.480000019073486,5.53000020980835,5.53000020980835,16200
2003-01-07,5.449999809265137,5.449999809265137,5.349999904632568,5.360000133514404,5.360000133514404,20300
2003-01-08,5.300000190734863,5.300000190734863,4.920000076293945,4.949999809265137,4.949999809265137,17300
2003-01-09,4.940000057220459,5.199999809265137,4.940000057220459,5.179999828338623,5.179999828338623,8900
2003-01-10,5.25,5.429999828338623,5.150000095367432,5.150000095367432,5.150000095367432,14100
2003-01-13,5.199999809265137,5.25,4.989999771118164,4.989999771118164,4.989999771118164,38300
2003-01-14,4.989999771118164,5.010000228881836,4.929999828338623,5.010000228881836,5.010000228881836,2400
2003-01-15,5.019999980926514,5.070000171661377,4.929999828338623,5.010000228881836,5.010000228881836,18700
2003-01-16,5.059999942779541,5.230000019073486,4.849999904632568,4.849999904632568,4.849999904632568,11500
2003-01-17,4.920000076293945,4.920000076293945,4.650000095367432,4.650000095367432,4.650000095367432,13900
2003-01-21,4.630000114440918,4.630000114440918,4.429999828338623,4.429999828338623,4.429999828338623,9700
2003-01-22,4.400000095367432,4.400000095367432,4.050000190734863,4.059999942779541,4.059999942779541,24500
2003-01-23,4.079999923706055,4.199999809265137,4.070000171661377,4.110000133514404,4.110000133514404,15800
2003-01-24,4.099999904632568,4.130000114440918,4.039999961853027,4.039999961853027,4.039999961853027,14300
2003-01-27,4.0,4.039999961853027,3.700000047683716,3.890000104904175,3.890000104904175,16500
2003-01-28,3.990000009536743,4.21999979019165,3.9000000953674316,4.179999828338623,4.179999828338623,23200
2003-01-29,4.170000076293945,4.28000020980835,4.170000076293945,4.230000019073486,4.230000019073486,9300
2003-01-30,4.25,4.25,3.9600000381469727,3.9600000381469727,3.9600000381469727,8900
2003-01-31,3.9700000286102295,4.269999980926514,3.9700000286102295,4.21999979019165,4.21999979019165,13700
2003-02-03,4.21999979019165,4.269999980926514,4.099999904632568,4.25,4.25,6100
2003-02-04,4.260000228881836,4.289999961853027,4.099999904632568,4.25,4.25,18700
2003-02-05,4.300000190734863,4.300000190734863,3.9800000190734863,4.039999961853027,4.039999961853027,9300
2003-02-06,4.050000190734863,4.050000190734863,3.799999952316284,3.809999942779541,3.809999942779541,9800
2003-02-07,3.819999933242798,3.869999885559082,3.7300000190734863,3.7300000190734863,3.7300000190734863,14200
2003-02-10,3.7300000190734863,3.819999933242798,3.7300000190734863,3.819999933242798,3.819999933242798,6800
2003-02-11,3.799999952316284,3.859999895095825,3.7300000190734863,3.8499999046325684,3.8499999046325684,24400
2003-02-12,3.8299999237060547,3.880000114440918,3.569999933242798,3.569999933242798,3.569999933242798,39900
2003-02-13,3.569999933242798,3.7100000381469727,3.549999952316284,3.569999933242798,3.569999933242798,11800
2003-02-14,3.6500000953674316,3.7899999618530273,3.6500000953674316,3.7100000381469727,3.7100000381469727,9000
2003-02-18,3.9600000381469727,3.9600000381469727,3.7300000190734863,3.7300000190734863,3.7300000190734863,8000
2003-02-19,3.8299999237060547,3.8299999237060547,3.490000009536743,3.819999933242798,3.819999933242798,20700
2003-02-20,3.759999990463257,3.759999990463257,3.700000047683716,3.700000047683716,3.700000047683716,8900
2003-02-21,3.700000047683716,3.799999952316284,3.549999952316284,3.7699999809265137,3.7699999809265137,19000
2003-02-24,3.75,3.990000009536743,3.75,3.8499999046325684,3.8499999046325684,8100
2003-02-25,3.859999895095825,4.079999923706055,3.859999895095825,4.079999923706055,4.079999923706055,14900
2003-02-26,4.130000114440918,4.130000114440918,3.9000000953674316,4.0,4.0,5200
2003-02-27,4.010000228881836,4.130000114440918,4.010000228881836,4.119999885559082,4.119999885559082,4500
2003-02-28,4.099999904632568,4.190000057220459,4.070000171661377,4.070000171661377,4.070000171661377,6300
2003-03-03,4.099999904632568,4.099999904632568,3.9200000762939453,3.930000066757202,3.930000066757202,4900
2003-03-04,3.940000057220459,3.950000047683716,3.8299999237060547,3.950000047683716,3.950000047683716,10500
2003-03-05,3.9000000953674316,3.9100000858306885,3.809999942779541,3.8299999237060547,3.8299999237060547,5900
2003-03-06,3.8299999237060547,3.859999895095825,3.6500000953674316,3.690000057220459,3.690000057220459,25500
2003-03-07,3.700000047683716,3.8399999141693115,3.700000047683716,3.700000047683716,3.700000047683716,4100
2003-03-10,3.700000047683716,3.700000047683716,3.549999952316284,3.549999952316284,3.549999952316284,19800
2003-03-11,3.549999952316284,3.640000104904175,3.4000000953674316,3.450000047683716,3.450000047683716,15000
2003-03-12,3.440000057220459,3.440000057220459,3.319999933242798,3.440000057220459,3.440000057220459,10600
2003-03-13,3.5,3.890000104904175,3.4600000381469727,3.890000104904175,3.890000104904175,23000
2003-03-14,3.930000066757202,3.930000066757202,3.7899999618530273,3.799999952316284,3.799999952316284,9400
2003-03-17,3.799999952316284,4.0,3.700000047683716,3.950000047683716,3.950000047683716,17600
2003-03-18,3.930000066757202,4.079999923706055,3.930000066757202,4.079999923706055,4.079999923706055,17100
2003-03-19,4.090000152587891,4.090000152587891,3.9100000858306885,4.010000228881836,4.010000228881836,15100
2003-03-20,3.950000047683716,4.0,3.700000047683716,3.990000009536743,3.990000009536743,12800
2003-03-21,3.950000047683716,4.099999904632568,3.859999895095825,4.0,4.0,26200
2003-03-24,4.0,4.110000133514404,3.950000047683716,4.019999980926514,4.019999980926514,12900
2003-03-25,3.940000057220459,4.019999980926514,3.9000000953674316,4.019999980926514,4.019999980926514,11600
2003-03-26,4.019999980926514,4.019999980926514,3.7100000381469727,3.7100000381469727,3.7100000381469727,13500
2003-03-27,3.700000047683716,3.799999952316284,3.5,3.7699999809265137,3.7699999809265137,35700
2003-03-28,3.7699999809265137,3.859999895095825,3.740000009536743,3.759999990463257,3.759999990463257,15000
2003-03-31,3.759999990463257,3.809999942779541,3.5,3.5,3.5,34400
2003-04-01,3.4800000190734863,3.8499999046325684,3.4200000762939453,3.630000114440918,3.630000114440918,33700
2003-04-02,3.7300000190734863,3.859999895095825,3.7300000190734863,3.8499999046325684,3.8499999046325684,17200
2003-04-03,3.9000000953674316,3.950000047683716,3.6500000953674316,3.8499999046325684,3.8499999046325684,11000
2003-04-04,3.9000000953674316,3.9200000762939453,3.809999942779541,3.859999895095825,3.859999895095825,8300
2003-04-07,3.9600000381469727,3.990000009536743,3.7300000190734863,3.799999952316284,3.799999952316284,26200
2003-04-08,3.809999942779541,3.9000000953674316,3.799999952316284,3.9000000953674316,3.9000000953674316,5200
2003-04-09,3.9000000953674316,4.0,3.8399999141693115,3.890000104904175,3.890000104904175,5500
2003-04-10,3.940000057220459,3.940000057220459,3.799999952316284,3.799999952316284,3.799999952316284,4700
2003-04-11,3.8499999046325684,3.8499999046325684,3.5,3.549999952316284,3.549999952316284,37700
2003-04-14,3.5999999046325684,3.5999999046325684,3.4200000762939453,3.5799999237060547,3.5799999237060547,88300
2003-04-15,3.549999952316284,3.549999952316284,3.4000000953674316,3.440000057220459,3.440000057220459,24300
2003-04-16,3.5,3.5399999618530273,3.450000047683716,3.4600000381469727,3.4600000381469727,10400
2003-04-17,3.4700000286102295,3.5999999046325684,3.4000000953674316,3.5999999046325684,3.5999999046325684,26100
2003-04-21,3.700000047683716,3.700000047683716,3.5,3.509999990463257,3.509999990463257,17500
2003-04-22,3.549999952316284,3.549999952316284,3.4800000190734863,3.490000009536743,3.490000009536743,10300
2003-04-23,3.5899999141693115,3.7699999809265137,3.5899999141693115,3.7699999809265137,3.7699999809265137,28500
2003-04-24,3.75,4.139999866485596,3.75,4.130000114440918,4.130000114440918,83900
2003-04-25,4.150000095367432,4.190000057220459,4.099999904632568,4.150000095367432,4.150000095367432,18500
2003-04-28,4.170000076293945,4.400000095367432,4.170000076293945,4.400000095367432,4.400000095367432,24900
2003-04-29,4.400000095367432,4.480000019073486,4.400000095367432,4.400000095367432,4.400000095367432,10400
2003-04-30,4.429999828338623,4.5,4.329999923706055,4.340000152587891,4.340000152587891,12500
2003-05-01,4.340000152587891,4.349999904632568,4.239999771118164,4.239999771118164,4.239999771118164,2200
2003-05-02,4.199999809265137,4.309999942779541,4.199999809265137,4.199999809265137,4.199999809265137,42100
2003-05-05,4.199999809265137,4.210000038146973,4.150000095367432,4.159999847412109,4.159999847412109,19600
2003-05-06,4.199999809265137,4.300000190734863,4.130000114440918,4.260000228881836,4.260000228881836,4800
2003-05-07,4.260000228881836,4.46999979019165,4.260000228881836,4.440000057220459,4.440000057220459,12800
2003-05-08,4.400000095367432,4.420000076293945,4.300000190734863,4.420000076293945,4.420000076293945,30900
2003-05-09,4.5,4.599999904632568,4.489999771118164,4.559999942779541,4.559999942779541,11900
2003-05-12,4.5,4.650000095367432,4.5,4.650000095367432,4.650000095367432,3100
2003-05-13,4.579999923706055,4.630000114440918,4.329999923706055,4.579999923706055,4.579999923706055,19900
2003-05-14,4.800000190734863,4.800000190734863,4.650000095367432,4.650000095367432,4.650000095367432,10100
2003-05-15,4.679999828338623,4.929999828338623,4.679999828338623,4.880000114440918,4.880000114440918,13600
2003-05-16,4.800000190734863,4.880000114440918,4.699999809265137,4.75,4.75,10300
2003-05-19,4.699999809265137,4.739999771118164,4.559999942779541,4.599999904632568,4.599999904632568,15700
2003-05-20,4.559999942779541,4.670000076293945,4.559999942779541,4.650000095367432,4.650000095367432,3500
2003-05-21,4.619999885559082,4.679999828338623,4.610000133514404,4.679999828338623,4.679999828338623,3000
2003-05-22,4.650000095367432,4.679999828338623,4.630000114440918,4.679999828338623,4.679999828338623,10300
2003-05-23,4.699999809265137,4.710000038146973,4.699999809265137,4.699999809265137,4.699999809265137,6500
2003-05-27,4.71999979019165,4.739999771118164,4.659999847412109,4.739999771118164,4.739999771118164,13000
2003-05-28,4.739999771118164,4.820000171661377,4.670000076293945,4.78000020980835,4.78000020980835,24200
2003-05-29,4.789999961853027,4.900000095367432,4.769999980926514,4.800000190734863,4.800000190734863,11600
2003-05-30,4.849999904632568,4.96999979019165,4.849999904632568,4.940000057220459,4.940000057220459,7700
2003-06-02,4.949999809265137,4.980000019073486,4.849999904632568,4.849999904632568,4.849999904632568,4600
2003-06-03,4.800000190734863,4.949999809265137,4.800000190734863,4.909999847412109,4.909999847412109,11100
2003-06-04,4.909999847412109,4.989999771118164,4.849999904632568,4.880000114440918,4.880000114440918,8600
2003-06-05,4.840000152587891,5.070000171661377,4.829999923706055,5.070000171661377,5.070000171661377,3300
2003-06-06,5.0,5.170000076293945,5.0,5.0,5.0,12300
2003-06-09,4.949999809265137,4.960000038146973,4.800000190734863,4.900000095367432,4.900000095367432,11000
2003-06-10,4.849999904632568,4.949999809265137,4.659999847412109,4.940000057220459,4.940000057220459,17100
2003-06-11,4.900000095367432,4.949999809265137,4.849999904632568,4.949999809265137,4.949999809265137,5800
2003-06-12,5.0,5.059999942779541,4.989999771118164,5.059999942779541,5.059999942779541,4300
2003-06-13,5.059999942779541,5.059999942779541,4.690000057220459,4.690000057220459,4.690000057220459,6300
2003-06-16,4.730000019073486,5.179999828338623,4.730000019073486,5.179999828338623,5.179999828338623,22700
2003-06-17,5.199999809265137,5.199999809265137,5.099999904632568,5.099999904632568,5.099999904632568,112500
2003-06-18,5.050000190734863,5.21999979019165,5.050000190734863,5.199999809265137,5.199999809265137,8500
2003-06-19,5.150000095367432,5.25,5.139999866485596,5.21999979019165,5.21999979019165,8700
2003-06-20,5.300000190734863,5.400000095367432,5.25,5.380000114440918,5.380000114440918,23100
2003-06-23,5.320000171661377,5.380000114440918,5.199999809265137,5.300000190734863,5.300000190734863,17800
2003-06-24,5.380000114440918,5.449999809265137,5.28000020980835,5.400000095367432,5.400000095367432,28200
2003-06-25,5.5,5.519999980926514,5.400000095367432,5.5,5.5,30600
2003-06-26,5.53000020980835,5.800000190734863,5.409999847412109,5.800000190734863,5.800000190734863,28700
2003-06-27,5.75,6.090000152587891,5.71999979019165,5.900000095367432,5.900000095367432,28400
2003-06-30,5.949999809265137,6.449999809265137,5.949999809265137,6.0,6.0,141200
2003-07-01,6.099999904632568,6.900000095367432,6.099999904632568,6.75,6.75,118400
2003-07-02,6.849999904632568,7.300000190734863,6.849999904632568,7.0,7.0,84000
2003-07-03,6.949999809265137,7.070000171661377,6.550000190734863,6.550000190734863,6.550000190734863,21900
2003-07-07,6.599999904632568,6.730000019073486,6.349999904632568,6.400000095367432,6.400000095367432,31900
2003-07-08,6.449999809265137,6.510000228881836,6.300000190734863,6.360000133514404,6.360000133514404,26100
2003-07-09,6.329999923706055,6.329999923706055,5.940000057220459,6.079999923706055,6.079999923706055,48600
2003-07-10,6.050000190734863,6.050000190734863,5.769999980926514,5.840000152587891,5.840000152587891,40800
2003-07-11,5.880000114440918,6.03000020980835,5.409999847412109,5.480000019073486,5.480000019073486,38800
2003-07-14,5.409999847412109,5.989999771118164,5.409999847412109,5.900000095367432,5.900000095367432,68900
2003-07-15,5.980000019073486,6.199999809265137,5.949999809265137,6.059999942779541,6.059999942779541,50700
2003-07-16,6.079999923706055,6.28000020980835,6.0,6.039999961853027,6.039999961853027,50900
2003-07-17,6.039999961853027,6.300000190734863,6.039999961853027,6.260000228881836,6.260000228881836,15400
2003-07-18,6.21999979019165,6.21999979019165,6.099999904632568,6.199999809265137,6.199999809265137,15600
2003-07-21,6.150000095367432,6.190000057220459,6.070000171661377,6.099999904632568,6.099999904632568,48700
2003-07-22,6.099999904632568,6.110000133514404,5.599999904632568,6.0,6.0,64900
2003-07-23,6.070000171661377,6.139999866485596,5.860000133514404,6.139999866485596,6.139999866485596,34300
2003-07-24,6.150000095367432,6.239999771118164,6.039999961853027,6.099999904632568,6.099999904632568,25500
2003-07-25,6.099999904632568,6.099999904632568,6.050000190734863,6.050000190734863,6.050000190734863,13600
2003-07-28,6.079999923706055,6.099999904632568,6.079999923706055,6.099999904632568,6.099999904632568,14500
2003-07-29,6.119999885559082,6.130000114440918,5.78000020980835,6.050000190734863,6.050000190734863,47900
2003-07-30,6.050000190734863,6.050000190734863,4.960000038146973,5.199999809265137,5.199999809265137,101900
2003-07-31,5.269999980926514,5.5,5.230000019073486,5.46999979019165,5.46999979019165,30600
2003-08-01,5.46999979019165,5.46999979019165,5.099999904632568,5.199999809265137,5.199999809265137,17400
2003-08-04,5.150000095367432,5.349999904632568,5.010000228881836,5.25,5.25,75500
2003-08-05,5.300000190734863,5.400000095367432,5.170000076293945,5.25,5.25,34900
2003-08-06,5.260000228881836,5.449999809265137,5.21999979019165,5.400000095367432,5.400000095367432,19400
2003-08-07,5.449999809265137,5.46999979019165,5.289999961853027,5.420000076293945,5.420000076293945,28500
2003-08-08,5.5,5.5,5.300000190734863,5.300000190734863,5.300000190734863,15500
2003-08-11,5.340000152587891,5.489999771118164,5.340000152587891,5.400000095367432,5.400000095367432,17900
2003-08-12,5.420000076293945,5.5,5.360000133514404,5.5,5.5,9400
2003-08-13,5.550000190734863,5.599999904632568,5.400000095367432,5.599999904632568,5.599999904632568,33800
2003-08-14,5.599999904632568,5.75,5.599999904632568,5.75,5.75,8500
2003-08-15,5.75,5.849999904632568,5.699999809265137,5.789999961853027,5.789999961853027,15900
2003-08-18,5.849999904632568,5.920000076293945,5.800000190734863,5.840000152587891,5.840000152587891,12200
2003-08-19,5.900000095367432,5.989999771118164,5.849999904632568,5.980000019073486,5.980000019073486,13800
2003-08-20,5.949999809265137,5.949999809265137,5.869999885559082,5.929999828338623,5.929999828338623,45400
2003-08-21,5.849999904632568,5.960000038146973,5.820000171661377,5.960000038146973,5.960000038146973,14900
2003-08-22,5.960000038146973,5.960000038146973,5.880000114440918,5.900000095367432,5.900000095367432,39200
2003-08-25,5.900000095367432,5.900000095367432,5.650000095367432,5.710000038146973,5.710000038146973,32400
2003-08-26,5.650000095367432,5.699999809265137,5.5,5.579999923706055,5.579999923706055,17100
2003-08-27,5.590000152587891,5.75,5.5,5.699999809265137,5.699999809265137,33100
2003-08-28,5.75,5.769999980926514,5.599999904632568,5.75,5.75,21900
2003-08-29,5.699999809265137,5.989999771118164,5.699999809265137,5.949999809265137,5.949999809265137,19400
2003-09-02,5.96999979019165,6.03000020980835,5.829999923706055,6.0,6.0,27800
2003-09-03,5.960000038146973,6.230000019073486,5.889999866485596,6.039999961853027,6.039999961853027,57700
2003-09-04,6.059999942779541,6.139999866485596,6.03000020980835,6.090000152587891,6.090000152587891,28400
2003-09-05,6.059999942779541,6.179999828338623,6.03000020980835,6.03000020980835,6.03000020980835,14000
2003-09-08,6.039999961853027,6.070000171661377,5.889999866485596,5.929999828338623,5.929999828338623,14200
2003-09-09,5.900000095367432,5.900000095367432,5.75,5.760000228881836,5.760000228881836,14000
2003-09-10,5.699999809265137,5.710000038146973,5.300000190734863,5.400000095367432,5.400000095367432,44600
2003-09-11,5.409999847412109,5.519999980926514,5.340000152587891,5.519999980926514,5.519999980926514,13900
2003-09-12,5.449999809265137,5.53000020980835,5.380000114440918,5.400000095367432,5.400000095367432,13000
2003-09-15,5.300000190734863,5.380000114440918,5.230000019073486,5.300000190734863,5.300000190734863,56400
2003-09-16,5.349999904632568,5.650000095367432,5.349999904632568,5.650000095367432,5.650000095367432,22000
2003-09-17,5.75,5.75,5.510000228881836,5.559999942779541,5.559999942779541,33400
2003-09-18,5.559999942779541,5.739999771118164,5.510000228881836,5.650000095367432,5.650000095367432,22100
2003-09-19,5.539999961853027,5.679999828338623,5.539999961853027,5.670000076293945,5.670000076293945,13400
2003-09-22,5.599999904632568,5.800000190734863,5.579999923706055,5.710000038146973,5.710000038146973,33200
2003-09-23,5.659999847412109,5.710000038146973,5.400000095367432,5.480000019073486,5.480000019073486,15300
2003-09-24,5.46999979019165,5.5,5.349999904632568,5.349999904632568,5.349999904632568,10400
2003-09-25,5.300000190734863,5.309999942779541,5.050000190734863,5.099999904632568,5.099999904632568,29000
2003-09-26,5.170000076293945,5.230000019073486,5.050000190734863,5.119999885559082,5.119999885559082,18600
2003-09-29,5.090000152587891,5.389999866485596,5.0,5.389999866485596,5.389999866485596,25400
2003-09-30,5.289999961853027,5.289999961853027,5.179999828338623,5.230000019073486,5.230000019073486,19900
2003-10-01,5.25,5.409999847412109,5.199999809265137,5.409999847412109,5.409999847412109,17500
2003-10-02,5.380000114440918,5.53000020980835,5.369999885559082,5.510000228881836,5.510000228881836,9500
2003-10-03,5.550000190734863,5.71999979019165,5.550000190734863,5.71999979019165,5.71999979019165,12200
2003-10-06,5.75,6.0,5.670000076293945,6.0,6.0,17700
2003-10-07,6.0,6.050000190734863,5.650000095367432,5.889999866485596,5.889999866485596,18100
2003-10-08,5.920000076293945,5.920000076293945,5.579999923706055,5.610000133514404,5.610000133514404,10600
2003-10-09,5.650000095367432,5.960000038146973,5.650000095367432,5.769999980926514,5.769999980926514,12700
2003-10-10,5.760000228881836,5.800000190734863,5.599999904632568,5.800000190734863,5.800000190734863,10000
2003-10-13,5.900000095367432,6.210000038146973,5.889999866485596,6.210000038146973,6.210000038146973,31600
2003-10-14,6.239999771118164,6.400000095367432,6.239999771118164,6.329999923706055,6.329999923706055,8300
2003-10-15,6.349999904632568,6.409999847412109,6.159999847412109,6.159999847412109,6.159999847412109,7400
2003-10-16,6.119999885559082,6.5,6.070000171661377,6.389999866485596,6.389999866485596,9700
2003-10-17,6.389999866485596,6.429999828338623,6.190000057220459,6.269999980926514,6.269999980926514,15100
2003-10-20,6.300000190734863,6.519999980926514,6.230000019073486,6.400000095367432,6.400000095367432,10400
2003-10-21,6.420000076293945,6.519999980926514,6.420000076293945,6.449999809265137,6.449999809265137,7300
2003-10-22,6.380000114440918,6.380000114440918,6.03000020980835,6.199999809265137,6.199999809265137,35400
2003-10-23,6.199999809265137,6.400000095367432,6.199999809265137,6.349999904632568,6.349999904632568,40900
2003-10-24,6.349999904632568,6.53000020980835,6.269999980926514,6.440000057220459,6.440000057220459,13900
2003-10-27,6.5,6.949999809265137,6.489999771118164,6.949999809265137,6.949999809265137,25800
2003-10-28,6.980000019073486,7.25,6.96999979019165,7.25,7.25,84600
2003-10-29,7.230000019073486,7.380000114440918,7.050000190734863,7.099999904632568,7.099999904632568,31500
2003-10-30,7.199999809265137,7.300000190734863,6.940000057220459,6.940000057220459,6.940000057220459,24300
2003-10-31,6.96999979019165,7.139999866485596,6.900000095367432,6.909999847412109,6.909999847412109,40000
2003-11-03,6.900000095367432,6.960000038146973,6.730000019073486,6.739999771118164,6.739999771118164,34000
2003-11-04,6.739999771118164,7.0,6.71999979019165,7.0,7.0,19800
2003-11-05,7.0,7.25,6.949999809265137,7.25,7.25,21000
2003-11-06,7.150000095367432,7.199999809265137,7.079999923706055,7.199999809265137,7.199999809265137,49000
2003-11-07,7.25,7.440000057220459,7.179999828338623,7.230000019073486,7.230000019073486,80000
2003-11-10,7.329999923706055,7.400000095367432,7.190000057220459,7.300000190734863,7.300000190734863,58500
2003-11-11,7.25,7.369999885559082,7.25,7.309999942779541,7.309999942779541,6000
2003-11-12,7.320000171661377,7.380000114440918,7.300000190734863,7.369999885559082,7.369999885559082,21300
2003-11-13,7.320000171661377,7.5,7.269999980926514,7.309999942779541,7.309999942779541,14500
2003-11-14,7.300000190734863,7.429999828338623,7.300000190734863,7.320000171661377,7.320000171661377,14900
2003-11-17,7.320000171661377,7.389999866485596,7.239999771118164,7.28000020980835,7.28000020980835,34100
2003-11-18,7.349999904632568,7.480000019073486,7.099999904632568,7.269999980926514,7.269999980926514,18500
2003-11-19,7.25,7.699999809265137,7.119999885559082,7.699999809265137,7.699999809265137,22800
2003-11-20,7.699999809265137,7.75,7.550000190734863,7.590000152587891,7.590000152587891,32500
2003-11-21,7.690000057220459,8.25,7.690000057220459,8.079999923706055,8.079999923706055,62800
2003-11-24,8.180000305175781,9.229999542236328,8.180000305175781,8.989999771118164,8.989999771118164,77600
2003-11-25,9.09000015258789,9.210000038146973,9.020000457763672,9.100000381469727,9.100000381469727,82700
2003-11-26,9.0,9.050000190734863,8.600000381469727,8.979999542236328,8.979999542236328,82800
2003-11-28,8.989999771118164,9.199999809265137,8.920000076293945,8.949999809265137,8.949999809265137,17200
2003-12-01,9.050000190734863,9.210000038146973,8.979999542236328,9.130000114440918,9.130000114440918,38100
2003-12-02,9.199999809265137,9.5,9.020000457763672,9.020000457763672,9.020000457763672,69700
2003-12-03,9.100000381469727,9.199999809265137,8.3100004196167,8.3100004196167,8.3100004196167,28700
2003-12-04,8.369999885559082,8.760000228881836,8.369999885559082,8.75,8.75,31800
2003-12-05,8.850000381469727,8.899999618530273,8.600000381469727,8.770000457763672,8.770000457763672,17900
2003-12-08,8.800000190734863,8.979999542236328,8.760000228881836,8.859999656677246,8.859999656677246,25700
2003-12-09,8.899999618530273,9.09000015258789,8.800000190734863,8.850000381469727,8.850000381469727,18800
2003-12-10,8.869999885559082,8.970000267028809,8.699999809265137,8.720000267028809,8.720000267028809,21500
2003-12-11,8.699999809265137,9.069999694824219,8.699999809265137,8.899999618530273,8.899999618530273,47200
2003-12-12,8.970000267028809,9.079999923706055,8.960000038146973,9.079999923706055,9.079999923706055,21000
2003-12-15,9.180000305175781,9.210000038146973,8.5,8.5,8.5,29700
2003-12-16,8.5,8.5,8.100000381469727,8.399999618530273,8.399999618530273,70200
2003-12-17,8.369999885559082,8.630000114440918,8.239999771118164,8.600000381469727,8.600000381469727,31700
2003-12-18,8.550000190734863,8.829999923706055,8.489999771118164,8.829999923706055,8.829999923706055,15200
2003-12-19,8.84000015258789,8.850000381469727,8.510000228881836,8.84000015258789,8.84000015258789,20000
2003-12-22,8.880000114440918,8.880000114440918,8.600000381469727,8.75,8.75,18600
2003-12-23,8.850000381469727,9.029999732971191,8.789999961853027,8.819999694824219,8.819999694824219,25400
2003-12-24,8.850000381469727,9.109999656677246,8.800000190734863,9.010000228881836,9.010000228881836,54400
2003-12-26,9.050000190734863,9.050000190734863,8.979999542236328,8.979999542236328,8.979999542236328,5500
2003-12-29,8.880000114440918,9.109999656677246,8.880000114440918,9.069999694824219,9.069999694824219,25600
2003-12-30,9.020000457763672,9.1899995803833,8.949999809265137,9.079999923706055,9.079999923706055,12100
2003-12-31,9.010000228881836,9.010000228881836,8.489999771118164,8.850000381469727,8.850000381469727,42400
2004-01-02,8.869999885559082,9.149999618530273,8.869999885559082,9.149999618530273,9.149999618530273,72300
2004-01-05,9.25,9.25,9.0,9.180000305175781,9.180000305175781,53300
2004-01-06,9.0,9.770000457763672,9.0,9.600000381469727,9.600000381469727,151100
2004-01-07,9.600000381469727,9.649999618530273,9.449999809265137,9.5600004196167,9.5600004196167,40200
2004-01-08,9.520000457763672,9.600000381469727,9.5,9.5,9.5,41200
2004-01-09,9.449999809265137,9.449999809265137,9.079999923706055,9.260000228881836,9.260000228881836,80800
2004-01-12,9.199999809265137,9.399999618530273,8.949999809265137,9.399999618530273,9.399999618530273,76500
2004-01-13,9.399999618530273,9.399999618530273,9.25,9.399999618530273,9.399999618530273,46700
2004-01-14,9.5,10.25,9.489999771118164,10.100000381469727,10.100000381469727,231300
2004-01-15,10.199999809265137,11.59000015258789,10.199999809265137,11.199999809265137,11.199999809265137,234000
2004-01-16,11.1899995803833,11.479999542236328,10.899999618530273,10.930000305175781,10.930000305175781,229100
2004-01-20,11.399999618530273,12.0,10.800000190734863,11.199999809265137,11.199999809265137,111900
2004-01-21,11.0,11.350000381469727,10.630000114440918,11.350000381469727,11.350000381469727,86000
2004-01-22,11.350000381469727,11.350000381469727,11.029999732971191,11.25,11.25,41000
2004-01-23,11.199999809265137,11.289999961853027,11.0,11.25,11.25,28000
2004-01-26,11.25,11.399999618530273,11.0,11.180000305175781,11.180000305175781,98400
2004-01-27,11.100000381469727,11.100000381469727,10.6899995803833,10.819999694824219,10.819999694824219,57400
2004-01-28,10.829999923706055,10.899999618530273,10.539999961853027,10.729999542236328,10.729999542236328,30400
2004-01-29,10.25,10.460000038146973,10.109999656677246,10.460000038146973,10.460000038146973,65700
2004-01-30,10.319999694824219,10.470000267028809,10.149999618530273,10.260000228881836,10.260000228881836,38300
2004-02-02,9.899999618530273,10.890000343322754,9.899999618530273,10.800000190734863,10.800000190734863,52600
2004-02-03,10.800000190734863,10.850000381469727,10.600000381469727,10.850000381469727,10.850000381469727,60700
2004-02-04,10.850000381469727,10.880000114440918,10.680000305175781,10.75,10.75,36400
2004-02-05,10.760000228881836,10.899999618530273,10.760000228881836,10.859999656677246,10.859999656677246,21300
2004-02-06,10.819999694824219,11.289999961853027,10.800000190734863,11.180000305175781,11.180000305175781,81000
2004-02-09,11.279999732971191,11.449999809265137,11.149999618530273,11.380000114440918,11.380000114440918,36400
2004-02-10,11.380000114440918,11.489999771118164,11.199999809265137,11.350000381469727,11.350000381469727,41500
2004-02-11,11.289999961853027,11.539999961853027,11.229999542236328,11.399999618530273,11.399999618530273,70400
2004-02-12,11.399999618530273,12.0,11.399999618530273,11.84000015258789,11.84000015258789,470300
2004-02-13,11.899999618530273,11.899999618530273,11.359999656677246,11.510000228881836,11.510000228881836,62600
2004-02-17,11.600000381469727,11.630000114440918,11.399999618530273,11.579999923706055,11.579999923706055,67000
2004-02-18,11.600000381469727,11.619999885559082,11.34000015258789,11.5,11.5,71300
2004-02-19,11.5,12.1899995803833,10.850000381469727,11.130000114440918,11.130000114440918,161500
2004-02-20,11.130000114440918,11.6899995803833,10.899999618530273,11.649999618530273,11.649999618530273,57500
2004-02-23,11.739999771118164,11.869999885559082,11.579999923706055,11.789999961853027,11.789999961853027,33100
2004-02-24,11.789999961853027,12.5,11.789999961853027,12.420000076293945,12.420000076293945,54600
2004-02-25,12.420000076293945,12.479999542236328,11.850000381469727,12.399999618530273,12.399999618530273,97600
2004-02-26,12.399999618530273,13.25,12.399999618530273,13.050000190734863,13.050000190734863,90100
2004-02-27,12.949999809265137,13.0,12.529999732971191,13.0,13.0,103100
2004-03-01,13.100000381469727,13.199999809265137,12.960000038146973,13.130000114440918,13.130000114440918,75700
2004-03-02,13.180000305175781,13.850000381469727,13.100000381469727,13.8100004196167,13.8100004196167,90300
2004-03-03,13.8100004196167,14.079999923706055,13.699999809265137,13.869999885559082,13.869999885559082,219100
2004-03-04,13.880000114440918,14.350000381469727,13.869999885559082,14.350000381469727,14.350000381469727,165100
2004-03-05,14.0,14.5,13.899999618530273,14.180000305175781,14.180000305175781,71200
2004-03-08,14.25,14.300000190734863,13.699999809265137,14.039999961853027,14.039999961853027,162500
2004-03-09,14.039999961853027,14.039999961853027,13.729999542236328,13.949999809265137,13.949999809265137,110100
2004-03-10,13.9399995803833,14.079999923706055,13.800000190734863,13.850000381469727,13.850000381469727,106300
2004-03-11,13.850000381469727,14.09000015258789,13.699999809265137,13.989999771118164,13.989999771118164,246500
2004-03-12,14.079999923706055,15.210000038146973,14.050000190734863,15.039999961853027,15.039999961853027,120200
2004-03-15,15.449999809265137,15.5,14.850000381469727,15.0,15.0,91100
2004-03-16,15.0,15.119999885559082,14.359999656677246,14.989999771118164,14.989999771118164,74700
2004-03-17,15.0,15.25,14.899999618530273,15.079999923706055,15.079999923706055,99600
2004-03-18,15.079999923706055,15.899999618530273,14.699999809265137,15.579999923706055,15.579999923706055,106000
2004-03-19,15.699999809265137,16.200000762939453,15.25,15.34000015258789,15.34000015258789,145600
2004-03-22,15.350000381469727,16.030000686645508,14.720000267028809,15.0,15.0,260400
2004-03-23,14.949999809265137,14.949999809265137,14.210000038146973,14.479999542236328,14.479999542236328,118800
2004-03-24,14.550000190734863,14.600000381469727,14.199999809265137,14.329999923706055,14.329999923706055,59300
2004-03-25,14.399999618530273,14.649999618530273,14.09000015258789,14.479999542236328,14.479999542236328,165100
2004-03-26,14.75,14.800000190734863,14.5600004196167,14.699999809265137,14.699999809265137,111300
2004-03-29,14.600000381469727,15.0,14.600000381469727,15.0,15.0,186600
2004-03-30,15.100000381469727,15.100000381469727,14.8100004196167,15.0,15.0,156200
2004-03-31,15.25,15.399999618530273,14.859999656677246,14.899999618530273,14.899999618530273,153900
2004-04-01,15.0,15.199999809265137,14.75,15.0600004196167,15.0600004196167,139600
2004-04-02,15.15999984741211,15.5,15.010000228881836,15.390000343322754,15.390000343322754,125800
2004-04-05,15.289999961853027,15.59000015258789,15.220000267028809,15.550000190734863,15.550000190734863,147100
2004-04-06,15.579999923706055,15.579999923706055,15.220000267028809,15.34000015258789,15.34000015258789,83300
2004-04-07,15.350000381469727,15.399999618530273,14.930000305175781,15.25,15.25,65000
2004-04-08,15.260000228881836,15.300000190734863,14.899999618530273,14.970000267028809,14.970000267028809,78800
2004-04-12,14.949999809265137,15.010000228881836,14.75,14.859999656677246,14.859999656677246,100800
2004-04-13,14.979999542236328,14.979999542236328,14.050000190734863,14.460000038146973,14.460000038146973,93900
2004-04-14,14.199999809265137,14.819999694824219,13.399999618530273,14.800000190734863,14.800000190734863,168300
2004-04-15,15.199999809265137,15.380000114440918,14.800000190734863,15.300000190734863,15.300000190734863,124100
2004-04-16,15.399999618530273,15.899999618530273,15.100000381469727,15.65999984741211,15.65999984741211,89100
2004-04-19,15.5,15.949999809265137,15.420000076293945,15.890000343322754,15.890000343322754,72600
2004-04-20,15.989999771118164,16.0,15.5,15.569999694824219,15.569999694824219,88800
2004-04-21,15.699999809265137,15.699999809265137,14.890000343322754,15.680000305175781,15.680000305175781,87400
2004-04-22,15.649999618530273,16.0,15.300000190734863,16.0,16.0,109700
2004-04-23,16.0,16.100000381469727,15.3100004196167,15.489999771118164,15.489999771118164,105300
2004-04-26,15.949999809265137,16.989999771118164,15.949999809265137,16.950000762939453,16.950000762939453,375700
2004-04-27,17.0,17.350000381469727,16.3700008392334,16.440000534057617,16.440000534057617,187400
2004-04-28,16.540000915527344,16.540000915527344,14.800000190734863,15.25,15.25,288100
2004-04-29,15.380000114440918,15.420000076293945,14.100000381469727,14.520000457763672,14.520000457763672,145700
2004-04-30,14.619999885559082,14.649999618530273,14.0,14.300000190734863,14.300000190734863,126700
2004-05-03,14.300000190734863,14.829999923706055,13.199999809265137,14.760000228881836,14.760000228881836,138000
2004-05-04,14.859999656677246,15.989999771118164,14.600000381469727,15.819999694824219,15.819999694824219,165500
2004-05-05,15.720000267028809,16.350000381469727,15.680000305175781,16.049999237060547,16.049999237060547,287700
2004-05-06,16.049999237060547,16.350000381469727,15.699999809265137,16.100000381469727,16.100000381469727,103700
2004-05-07,16.1299991607666,16.5,15.890000343322754,15.989999771118164,15.989999771118164,209900
2004-05-10,15.989999771118164,15.989999771118164,15.300000190734863,15.710000038146973,15.710000038146973,102200
2004-05-11,15.699999809265137,16.200000762939453,15.430000305175781,16.149999618530273,16.149999618530273,86000
2004-05-12,16.1200008392334,16.1200008392334,15.489999771118164,15.920000076293945,15.920000076293945,60700
2004-05-13,15.899999618530273,16.0,15.600000381469727,15.9399995803833,15.9399995803833,39800
2004-05-14,15.899999618530273,16.0,15.600000381469727,15.869999885559082,15.869999885559082,44400
2004-05-17,15.739999771118164,16.200000762939453,15.489999771118164,15.760000228881836,15.760000228881836,79500
2004-05-18,15.899999618530273,15.979999542236328,15.75,15.930000305175781,15.930000305175781,58900
2004-05-19,15.970000267028809,16.149999618530273,15.710000038146973,15.75,15.75,134500
2004-05-20,15.770000457763672,16.149999618530273,15.710000038146973,16.100000381469727,16.100000381469727,54000
2004-05-21,16.100000381469727,16.100000381469727,15.649999618530273,16.049999237060547,16.049999237060547,38600
2004-05-24,16.0,16.350000381469727,15.9399995803833,16.020000457763672,16.020000457763672,43800
2004-05-25,16.100000381469727,16.8799991607666,15.90999984741211,16.469999313354492,16.469999313354492,189400
2004-05-26,16.719999313354492,16.719999313354492,16.450000762939453,16.59000015258789,16.59000015258789,80400
2004-05-27,16.5,16.6200008392334,16.440000534057617,16.600000381469727,16.600000381469727,53500
2004-05-28,16.6299991607666,16.739999771118164,16.520000457763672,16.579999923706055,16.579999923706055,68000
2004-06-01,16.700000762939453,17.200000762939453,16.139999389648438,17.18000030517578,17.18000030517578,292100
2004-06-02,17.25,17.600000381469727,16.600000381469727,16.610000610351562,16.610000610351562,344100
2004-06-03,16.5,17.030000686645508,16.200000762939453,16.829999923706055,16.829999923706055,150400
2004-06-04,16.969999313354492,17.100000381469727,16.729999542236328,16.8799991607666,16.8799991607666,97300
2004-06-07,16.979999542236328,17.100000381469727,16.899999618530273,17.040000915527344,17.040000915527344,86400
2004-06-08,17.059999465942383,17.100000381469727,16.8799991607666,17.0,17.0,48400
2004-06-09,17.0,17.049999237060547,16.889999389648438,16.899999618530273,16.899999618530273,49500
2004-06-10,17.0,17.100000381469727,16.889999389648438,16.969999313354492,16.969999313354492,82500
2004-06-14,16.899999618530273,17.010000228881836,16.8799991607666,16.989999771118164,16.989999771118164,80400
2004-06-15,17.0,17.010000228881836,16.600000381469727,16.799999237060547,16.799999237060547,91600
2004-06-16,16.84000015258789,17.0,16.600000381469727,16.989999771118164,16.989999771118164,87200
2004-06-17,16.989999771118164,17.049999237060547,16.600000381469727,16.719999313354492,16.719999313354492,46900
2004-06-18,16.75,16.889999389648438,16.6200008392334,16.81999969482422,16.81999969482422,128200
2004-06-21,16.950000762939453,16.989999771118164,16.739999771118164,16.950000762939453,16.950000762939453,63800
2004-06-22,17.0,17.399999618530273,16.700000762939453,17.299999237060547,17.299999237060547,147100
2004-06-23,17.149999618530273,18.479999542236328,17.149999618530273,18.399999618530273,18.399999618530273,165400
2004-06-24,18.389999389648438,18.389999389648438,17.799999237060547,18.239999771118164,18.239999771118164,208000
2004-06-25,18.239999771118164,18.5,18.0,18.0,18.0,171900
2004-06-28,18.139999389648438,18.540000915527344,18.139999389648438,18.3799991607666,18.3799991607666,95600
2004-06-29,18.420000076293945,18.719999313354492,18.280000686645508,18.700000762939453,18.700000762939453,99900
2004-06-30,18.719999313354492,18.75,18.25,18.399999618530273,18.399999618530273,67600
2004-07-01,18.399999618530273,18.399999618530273,17.760000228881836,17.899999618530273,17.899999618530273,111700
2004-07-02,17.850000381469727,18.399999618530273,17.450000762939453,18.299999237060547,18.299999237060547,68800
2004-07-06,18.299999237060547,18.350000381469727,17.760000228881836,18.030000686645508,18.030000686645508,56900
2004-07-07,17.899999618530273,18.5,17.899999618530273,18.18000030517578,18.18000030517578,91300
2004-07-08,18.079999923706055,18.299999237060547,17.260000228881836,17.579999923706055,17.579999923706055,120400
2004-07-09,17.579999923706055,17.799999237060547,17.200000762939453,17.280000686645508,17.280000686645508,68600
2004-07-12,17.280000686645508,17.280000686645508,16.360000610351562,17.010000228881836,17.010000228881836,160200
2004-07-13,17.0,17.100000381469727,16.459999084472656,16.5,16.5,96600
2004-07-14,16.0,17.09000015258789,16.0,16.81999969482422,16.81999969482422,110300
2004-07-15,16.920000076293945,17.149999618530273,16.549999237060547,17.149999618530273,17.149999618530273,101300
2004-07-16,17.25,17.25,16.809999465942383,16.950000762939453,16.950000762939453,59100
2004-07-19,16.850000381469727,17.25,16.700000762939453,16.760000228881836,16.760000228881836,106000
2004-07-20,16.899999618530273,17.799999237060547,16.899999618530273,17.799999237060547,17.799999237060547,81100
2004-07-21,19.90999984741211,20.200000762939453,18.75,20.0,20.0,529500
2004-07-22,19.899999618530273,21.139999389648438,18.700000762939453,18.920000076293945,18.920000076293945,444200
2004-07-23,19.020000457763672,19.25,18.780000686645508,18.809999465942383,18.809999465942383,114000
2004-07-26,18.899999618530273,20.239999771118164,18.899999618530273,19.739999771118164,19.739999771118164,466100
2004-07-27,19.75,20.34000015258789,19.68000030517578,20.34000015258789,20.34000015258789,301400
2004-07-28,20.34000015258789,21.010000228881836,20.079999923706055,20.729999542236328,20.729999542236328,191900
2004-07-29,20.93000030517578,21.239999771118164,20.350000381469727,20.530000686645508,20.530000686645508,250200
2004-07-30,20.540000915527344,20.809999465942383,20.350000381469727,20.549999237060547,20.549999237060547,140500
2004-08-02,20.649999618530273,20.780000686645508,20.479999542236328,20.649999618530273,20.649999618530273,125100
2004-08-03,20.700000762939453,20.75,20.09000015258789,20.479999542236328,20.479999542236328,107700
2004-08-04,20.5,20.520000457763672,20.200000762939453,20.520000457763672,20.520000457763672,105700
2004-08-05,20.510000228881836,20.600000381469727,20.149999618530273,20.34000015258789,20.34000015258789,90000
2004-08-06,19.93000030517578,20.059999465942383,19.389999389648438,19.729999542236328,19.729999542236328,170800
2004-08-09,19.93000030517578,20.049999237060547,19.440000534057617,19.489999771118164,19.489999771118164,84100
2004-08-10,19.549999237060547,20.1299991607666,19.520000457763672,20.079999923706055,20.079999923706055,90300
2004-08-11,20.06999969482422,20.190000534057617,19.68000030517578,20.190000534057617,20.190000534057617,154600
2004-08-12,20.200000762939453,20.200000762939453,19.3700008392334,19.440000534057617,19.440000534057617,137600
2004-08-13,19.5,19.520000457763672,19.0,19.18000030517578,19.18000030517578,122900
2004-08-16,19.299999237060547,19.489999771118164,19.290000915527344,19.389999389648438,19.389999389648438,92000
2004-08-17,19.299999237060547,20.100000381469727,19.280000686645508,20.0,20.0,461300
2004-08-18,20.0,20.100000381469727,19.940000534057617,20.0,20.0,142900
2004-08-19,20.0,20.139999389648438,19.8799991607666,19.969999313354492,19.969999313354492,160300
2004-08-20,20.020000457763672,20.149999618530273,19.969999313354492,20.0,20.0,150800
2004-08-23,20.0,20.149999618530273,19.56999969482422,19.899999618530273,19.899999618530273,199500
2004-08-24,19.979999542236328,20.049999237060547,19.829999923706055,19.989999771118164,19.989999771118164,176600
2004-08-25,20.0,20.0,19.850000381469727,19.93000030517578,19.93000030517578,69800
2004-08-26,19.969999313354492,20.34000015258789,19.93000030517578,20.270000457763672,20.270000457763672,301600
2004-08-27,20.31999969482422,20.350000381469727,20.100000381469727,20.229999542236328,20.229999542236328,117300
2004-08-30,20.25,20.25,20.100000381469727,20.18000030517578,20.18000030517578,73400
2004-08-31,20.200000762939453,20.25,20.030000686645508,20.239999771118164,20.239999771118164,201800
2004-09-01,20.25,20.600000381469727,20.18000030517578,20.25,20.25,182800
2004-09-02,20.25,20.299999237060547,19.899999618530273,20.200000762939453,20.200000762939453,105000
2004-09-03,20.200000762939453,20.25,20.049999237060547,20.1200008392334,20.1200008392334,67600
2004-09-07,20.219999313354492,20.600000381469727,20.219999313354492,20.5,20.5,152100
2004-09-08,20.549999237060547,20.850000381469727,20.549999237060547,20.65999984741211,20.65999984741211,145500
2004-09-09,20.700000762939453,21.200000762939453,20.68000030517578,20.850000381469727,20.850000381469727,140000
2004-09-10,20.81999969482422,20.81999969482422,20.229999542236328,20.639999389648438,20.639999389648438,89200
2004-09-13,20.610000610351562,20.940000534057617,20.610000610351562,20.799999237060547,20.799999237060547,180200
2004-09-14,20.979999542236328,21.5,20.920000076293945,20.950000762939453,20.950000762939453,235000
2004-09-15,20.950000762939453,21.049999237060547,20.829999923706055,20.989999771118164,20.989999771118164,157100
2004-09-16,21.0,21.889999389648438,20.969999313354492,21.829999923706055,21.829999923706055,365000
2004-09-17,21.829999923706055,22.5,21.829999923706055,22.399999618530273,22.399999618530273,252200
2004-09-20,22.729999542236328,23.280000686645508,22.6200008392334,22.93000030517578,22.93000030517578,178600
2004-09-21,23.329999923706055,23.549999237060547,22.399999618530273,23.0,23.0,297300
2004-09-22,23.030000686645508,23.040000915527344,22.260000228881836,22.459999084472656,22.459999084472656,157500
2004-09-23,22.709999084472656,22.899999618530273,22.610000610351562,22.84000015258789,22.84000015258789,145700
2004-09-24,22.84000015258789,23.0,22.399999618530273,22.6299991607666,22.6299991607666,73600
2004-09-27,22.639999389648438,22.969999313354492,22.299999237060547,22.610000610351562,22.610000610351562,150400
2004-09-28,22.709999084472656,23.350000381469727,22.610000610351562,23.270000457763672,23.270000457763672,138000
2004-09-29,23.3700008392334,24.139999389648438,23.350000381469727,24.020000457763672,24.020000457763672,229100
2004-09-30,24.899999618530273,25.75,24.200000762939453,24.25,24.25,445800
2004-10-01,24.5,25.1299991607666,24.18000030517578,24.200000762939453,24.200000762939453,261100
2004-10-04,24.950000762939453,25.600000381469727,24.700000762939453,25.200000762939453,25.200000762939453,251600
2004-10-05,25.200000762939453,25.200000762939453,25.010000228881836,25.100000381469727,25.100000381469727,141500
2004-10-06,25.100000381469727,25.299999237060547,25.0,25.149999618530273,25.149999618530273,98100
2004-10-07,25.299999237060547,26.110000610351562,25.030000686645508,25.190000534057617,25.190000534057617,244200
2004-10-08,25.219999313354492,25.489999771118164,24.799999237060547,25.149999618530273,25.149999618530273,120800
2004-10-11,25.049999237060547,25.440000534057617,25.0,25.350000381469727,25.350000381469727,139200
2004-10-12,25.350000381469727,25.389999389648438,23.540000915527344,23.579999923706055,23.579999923706055,359200
2004-10-13,23.399999618530273,23.6200008392334,21.1200008392334,21.93000030517578,21.93000030517578,631000
2004-10-14,21.950000762939453,22.43000030517578,20.5,22.079999923706055,22.079999923706055,702200
2004-10-15,22.139999389648438,22.6200008392334,21.0,22.25,22.25,232600
2004-10-18,22.040000915527344,22.889999389648438,22.0,22.889999389648438,22.889999389648438,230100
2004-10-19,23.09000015258789,23.75,23.0,23.100000381469727,23.100000381469727,245200
2004-10-20,23.100000381469727,24.450000762939453,23.100000381469727,23.790000915527344,23.790000915527344,393200
2004-10-21,24.5,24.5,22.579999923706055,23.5,23.5,561700
2004-10-22,23.600000381469727,24.59000015258789,23.3700008392334,23.920000076293945,23.920000076293945,513900
2004-10-25,23.860000610351562,24.399999618530273,23.5,24.299999237060547,24.299999237060547,388500
2004-10-26,24.3799991607666,25.139999389648438,24.25,24.899999618530273,24.899999618530273,410300
2004-10-27,24.950000762939453,25.399999618530273,24.670000076293945,24.959999084472656,24.959999084472656,367200
2004-10-28,25.0,25.170000076293945,24.799999237060547,25.09000015258789,25.09000015258789,239800
2004-10-29,25.09000015258789,25.280000686645508,24.799999237060547,25.079999923706055,25.079999923706055,227800
2004-11-01,24.920000076293945,25.399999618530273,24.719999313354492,25.299999237060547,25.299999237060547,401000
2004-11-02,25.450000762939453,25.799999237060547,24.59000015258789,25.639999389648438,25.639999389648438,349600
2004-11-03,25.700000762939453,25.93000030517578,25.649999618530273,25.850000381469727,25.850000381469727,428700
2004-11-04,25.899999618530273,26.0,25.670000076293945,25.979999542236328,25.979999542236328,371300
2004-11-05,26.100000381469727,26.34000015258789,25.899999618530273,26.0,26.0,425600
2004-11-08,26.100000381469727,26.360000610351562,25.969999313354492,26.229999542236328,26.229999542236328,413100
2004-11-09,26.229999542236328,27.100000381469727,26.110000610351562,27.09000015258789,27.09000015258789,495800
2004-11-10,27.399999618530273,28.0,27.299999237060547,27.610000610351562,27.610000610351562,333300
2004-11-11,28.100000381469727,28.25,27.739999771118164,28.020000457763672,28.020000457763672,314400
2004-11-12,28.200000762939453,28.850000381469727,28.190000534057617,28.760000228881836,28.760000228881836,236800
2004-11-15,29.0,29.170000076293945,27.799999237060547,27.899999618530273,27.899999618530273,333600
2004-11-16,27.920000076293945,27.979999542236328,27.40999984741211,27.469999313354492,27.469999313354492,343600
2004-11-17,27.469999313354492,28.420000076293945,27.469999313354492,28.1200008392334,28.1200008392334,407100
2004-11-18,28.149999618530273,28.149999618530273,27.760000228881836,27.809999465942383,27.809999465942383,192400
2004-11-19,27.709999084472656,27.950000762939453,27.459999084472656,27.600000381469727,27.600000381469727,133100
2004-11-22,27.559999465942383,27.899999618530273,27.43000030517578,27.579999923706055,27.579999923706055,158000
2004-11-23,27.649999618530273,27.670000076293945,27.459999084472656,27.59000015258789,27.59000015258789,188700
2004-11-24,27.489999771118164,27.59000015258789,26.68000030517578,27.440000534057617,27.440000534057617,241500
2004-11-26,27.549999237060547,27.790000915527344,27.260000228881836,27.739999771118164,27.739999771118164,90400
2004-11-29,27.950000762939453,27.950000762939453,27.25,27.540000915527344,27.540000915527344,192500
2004-11-30,27.700000762939453,28.600000381469727,27.600000381469727,28.1200008392334,28.1200008392334,293500
2004-12-01,28.200000762939453,28.25,27.700000762939453,27.950000762939453,27.950000762939453,185800
2004-12-02,28.030000686645508,28.889999389648438,28.030000686645508,28.520000457763672,28.520000457763672,578300
2004-12-03,28.6200008392334,28.6200008392334,28.31999969482422,28.399999618530273,28.399999618530273,164700
2004-12-06,28.450000762939453,28.510000228881836,28.270000457763672,28.440000534057617,28.440000534057617,115800
2004-12-07,28.520000457763672,28.520000457763672,28.25,28.260000228881836,28.260000228881836,314100
2004-12-08,28.209999084472656,28.270000457763672,27.100000381469727,27.190000534057617,27.190000534057617,218800
2004-12-09,26.700000762939453,26.700000762939453,24.950000762939453,25.709999084472656,25.709999084472656,551500
2004-12-10,25.600000381469727,26.489999771118164,25.399999618530273,26.3700008392334,26.3700008392334,191500
2004-12-13,26.3700008392334,27.299999237060547,26.040000915527344,27.1200008392334,27.1200008392334,259700
2004-12-14,27.1200008392334,27.719999313354492,26.389999389648438,26.690000534057617,26.690000534057617,413300
2004-12-15,26.690000534057617,26.75,26.15999984741211,26.739999771118164,26.739999771118164,259500
2004-12-16,26.850000381469727,27.309999465942383,26.010000228881836,26.799999237060547,26.799999237060547,590400
2004-12-17,26.399999618530273,26.59000015258789,26.25,26.25,26.25,3828300
2004-12-20,26.600000381469727,26.639999389648438,26.25,26.25,26.25,1058300
2004-12-21,26.260000228881836,27.3700008392334,26.260000228881836,27.3700008392334,27.3700008392334,1049600
2004-12-22,27.350000381469727,27.799999237060547,27.25,27.780000686645508,27.780000686645508,550600
2004-12-23,27.850000381469727,28.280000686645508,27.600000381469727,28.020000457763672,28.020000457763672,418900
2004-12-27,28.100000381469727,28.399999618530273,27.899999618530273,27.920000076293945,27.920000076293945,298700
2004-12-28,27.829999923706055,28.579999923706055,27.450000762939453,28.579999923706055,28.579999923706055,400500
2004-12-29,28.579999923706055,29.18000030517578,28.25,28.770000457763672,28.770000457763672,393000
2004-12-30,29.020000457763672,30.139999389648438,28.969999313354492,29.940000534057617,29.940000534057617,435400
2004-12-31,29.940000534057617,30.110000610351562,29.600000381469727,29.639999389648438,29.639999389648438,253300
2005-01-03,30.799999237060547,31.0,29.799999237060547,30.0,30.0,714200
2005-01-04,30.0,30.989999771118164,29.84000015258789,30.030000686645508,30.030000686645508,533000
2005-01-05,30.030000686645508,30.139999389648438,28.700000762939453,29.420000076293945,29.420000076293945,478900
2005-01-06,29.350000381469727,29.649999618530273,29.280000686645508,29.309999465942383,29.309999465942383,287200
2005-01-07,29.549999237060547,29.950000762939453,29.34000015258789,29.600000381469727,29.600000381469727,471200
2005-01-10,29.600000381469727,30.100000381469727,29.459999084472656,29.729999542236328,29.729999542236328,724400
2005-01-11,29.729999542236328,29.959999084472656,29.149999618530273,29.299999237060547,29.299999237060547,535300
2005-01-12,29.399999618530273,29.81999969482422,29.299999237060547,29.719999313354492,29.719999313354492,297100
2005-01-13,30.049999237060547,30.549999237060547,29.93000030517578,30.1200008392334,30.1200008392334,790200
2005-01-14,30.25,30.690000534057617,30.059999465942383,30.459999084472656,30.459999084472656,670700
2005-01-18,30.690000534057617,31.270000457763672,30.600000381469727,30.940000534057617,30.940000534057617,853800
2005-01-19,31.049999237060547,31.280000686645508,30.850000381469727,30.969999313354492,30.969999313354492,490000
2005-01-20,30.920000076293945,31.049999237060547,30.100000381469727,30.610000610351562,30.610000610351562,569600
2005-01-21,30.549999237060547,31.350000381469727,30.479999542236328,30.780000686645508,30.780000686645508,374000
2005-01-24,30.780000686645508,30.780000686645508,30.079999923706055,30.139999389648438,30.139999389648438,244500
2005-01-25,30.649999618530273,30.649999618530273,30.350000381469727,30.600000381469727,30.600000381469727,318200
2005-01-26,30.399999618530273,31.1299991607666,30.200000762939453,31.030000686645508,31.030000686645508,220800
2005-01-27,31.149999618530273,31.600000381469727,30.899999618530273,31.389999389648438,31.389999389648438,307000
2005-01-28,31.420000076293945,31.799999237060547,31.31999969482422,31.670000076293945,31.670000076293945,347700
2005-01-31,32.5,34.0,32.45000076293945,33.790000915527344,33.790000915527344,490800
2005-02-01,33.849998474121094,34.4900016784668,33.810001373291016,34.22999954223633,34.22999954223633,570900
2005-02-02,34.22999954223633,35.0,33.54999923706055,34.150001525878906,34.150001525878906,435600
2005-02-03,34.349998474121094,34.349998474121094,33.380001068115234,34.20000076293945,34.20000076293945,346800
2005-02-04,34.25,36.7599983215332,34.25,35.849998474121094,35.849998474121094,656200
2005-02-07,35.849998474121094,36.400001525878906,35.54999923706055,35.900001525878906,35.900001525878906,576400
2005-02-08,35.900001525878906,36.25,35.2599983215332,36.11000061035156,36.11000061035156,696900
2005-02-09,36.20000076293945,36.25,34.70000076293945,34.86000061035156,34.86000061035156,387700
2005-02-10,34.95000076293945,34.95000076293945,33.650001525878906,34.33000183105469,34.33000183105469,777200
2005-02-11,34.40999984741211,34.40999984741211,32.75,33.5,33.5,666100
2005-02-14,32.400001525878906,33.06999969482422,32.380001068115234,32.70000076293945,32.70000076293945,620800
2005-02-15,32.709999084472656,34.119998931884766,32.709999084472656,33.7599983215332,33.7599983215332,586000
2005-02-16,33.66999816894531,34.939998626708984,33.54999923706055,34.709999084472656,34.709999084472656,308500
2005-02-17,34.779998779296875,35.290000915527344,34.099998474121094,34.16999816894531,34.16999816894531,438900
2005-02-18,34.099998474121094,34.93000030517578,33.02000045776367,33.2400016784668,33.2400016784668,309100
2005-02-22,33.2400016784668,33.400001525878906,31.850000381469727,32.11000061035156,32.11000061035156,407400
2005-02-23,32.25,33.599998474121094,32.119998931884766,33.04999923706055,33.04999923706055,276600
2005-02-24,33.04999923706055,34.2400016784668,33.0099983215332,34.0,34.0,274000
2005-02-25,34.75,35.959999084472656,34.70000076293945,35.95000076293945,35.95000076293945,418500
2005-02-28,36.0,36.189998626708984,35.349998474121094,35.93000030517578,35.93000030517578,534800
2005-03-01,35.93000030517578,36.0,35.290000915527344,35.439998626708984,35.439998626708984,389900
2005-03-02,35.599998474121094,36.400001525878906,35.09000015258789,36.220001220703125,36.220001220703125,292200
2005-03-03,35.970001220703125,36.099998474121094,35.15999984741211,35.70000076293945,35.70000076293945,349100
2005-03-04,35.7400016784668,36.08000183105469,35.599998474121094,36.0099983215332,36.0099983215332,289500
2005-03-07,36.150001525878906,37.369998931884766,36.060001373291016,36.619998931884766,36.619998931884766,355900
2005-03-08,36.0,36.560001373291016,35.849998474121094,35.95000076293945,35.95000076293945,340800
2005-03-09,35.959999084472656,36.310001373291016,35.650001525878906,35.9900016784668,35.9900016784668,184200
2005-03-10,35.9900016784668,36.70000076293945,35.29999923706055,36.20000076293945,36.20000076293945,574200
2005-03-11,36.209999084472656,36.2599983215332,34.7400016784668,34.9900016784668,34.9900016784668,715200
2005-03-14,34.849998474121094,34.86000061035156,33.119998931884766,33.619998931884766,33.619998931884766,756900
2005-03-15,30.0,32.16999816894531,29.510000228881836,30.799999237060547,30.799999237060547,1606300
2005-03-16,30.549999237060547,30.790000915527344,28.399999618530273,29.610000610351562,29.610000610351562,1275000
2005-03-17,29.530000686645508,30.25,29.450000762939453,29.649999618530273,29.649999618530273,645300
2005-03-18,29.399999618530273,29.420000076293945,29.0,29.260000228881836,29.260000228881836,532800
2005-03-21,29.100000381469727,29.200000762939453,28.530000686645508,29.0,29.0,635400
2005-03-22,28.979999542236328,29.170000076293945,28.559999465942383,28.799999237060547,28.799999237060547,875200
2005-03-23,28.549999237060547,28.549999237060547,27.790000915527344,27.850000381469727,27.850000381469727,561800
2005-03-24,28.020000457763672,28.190000534057617,27.600000381469727,27.850000381469727,27.850000381469727,493900
2005-03-28,27.8799991607666,28.31999969482422,27.280000686645508,27.670000076293945,27.670000076293945,449200
2005-03-29,27.549999237060547,28.18000030517578,27.1200008392334,27.149999618530273,27.149999618530273,549900
2005-03-30,27.25,28.219999313354492,27.25,28.020000457763672,28.020000457763672,581200
2005-03-31,27.899999618530273,28.40999984741211,27.790000915527344,28.0,28.0,330000
2005-04-01,29.75,30.950000762939453,29.0,30.739999771118164,30.739999771118164,1125800
2005-04-04,30.739999771118164,30.739999771118164,28.420000076293945,29.030000686645508,29.030000686645508,867600
2005-04-05,29.100000381469727,29.809999465942383,28.760000228881836,28.93000030517578,28.93000030517578,469600
2005-04-06,28.700000762939453,29.399999618530273,28.700000762939453,28.959999084472656,28.959999084472656,471600
2005-04-07,28.940000534057617,29.06999969482422,28.420000076293945,28.75,28.75,375900
2005-04-08,28.84000015258789,28.84000015258789,27.799999237060547,27.81999969482422,27.81999969482422,385400
2005-04-11,27.56999969482422,27.90999984741211,26.81999969482422,27.040000915527344,27.040000915527344,487000
2005-04-12,27.040000915527344,27.040000915527344,25.84000015258789,26.8799991607666,26.8799991607666,918300
2005-04-13,26.75,27.31999969482422,26.209999084472656,26.389999389648438,26.389999389648438,322400
2005-04-14,26.299999237060547,26.299999237060547,24.290000915527344,24.809999465942383,24.809999465942383,580500
2005-04-15,24.84000015258789,24.90999984741211,23.850000381469727,23.950000762939453,23.950000762939453,424800
2005-04-18,23.770000457763672,24.860000610351562,23.770000457763672,24.540000915527344,24.540000915527344,347800
2005-04-19,24.440000534057617,25.520000457763672,23.59000015258789,25.34000015258789,25.34000015258789,394100
2005-04-20,25.549999237060547,25.649999618530273,24.450000762939453,24.700000762939453,24.700000762939453,365400
2005-04-21,25.5,26.34000015258789,25.469999313354492,26.049999237060547,26.049999237060547,552200
2005-04-22,26.299999237060547,26.700000762939453,24.270000457763672,24.549999237060547,24.549999237060547,602000
2005-04-25,24.600000381469727,25.709999084472656,24.600000381469727,25.510000228881836,25.510000228881836,501000
2005-04-26,25.239999771118164,25.239999771118164,24.0,24.079999923706055,24.079999923706055,404300
2005-04-27,23.860000610351562,24.239999771118164,23.5,24.15999984741211,24.15999984741211,513600
2005-04-28,24.0,24.1299991607666,23.139999389648438,23.469999313354492,23.469999313354492,260500
2005-04-29,23.6299991607666,24.420000076293945,23.420000076293945,24.18000030517578,24.18000030517578,380200
2005-05-02,24.18000030517578,24.5,24.09000015258789,24.5,24.5,200300
2005-05-03,24.5,25.149999618530273,24.360000610351562,24.81999969482422,24.81999969482422,439500
2005-05-04,25.06999969482422,25.479999542236328,24.56999969482422,25.43000030517578,25.43000030517578,384600
2005-05-05,25.350000381469727,25.350000381469727,24.5,24.799999237060547,24.799999237060547,288300
2005-05-06,25.049999237060547,25.420000076293945,24.93000030517578,25.299999237060547,25.299999237060547,179600
2005-05-09,25.200000762939453,25.579999923706055,24.700000762939453,25.579999923706055,25.579999923706055,262500
2005-05-10,25.450000762939453,25.450000762939453,24.829999923706055,24.899999618530273,24.899999618530273,204600
2005-05-11,24.75,25.0,24.389999389648438,24.68000030517578,24.68000030517578,143400
2005-05-12,24.75,25.049999237060547,23.850000381469727,23.899999618530273,23.899999618530273,216200
2005-05-13,23.950000762939453,24.760000228881836,23.790000915527344,24.309999465942383,24.309999465942383,331700
2005-05-16,24.799999237060547,25.639999389648438,24.700000762939453,25.639999389648438,25.639999389648438,309100
2005-05-17,25.670000076293945,26.3700008392334,25.350000381469727,26.200000762939453,26.200000762939453,262500
2005-05-18,26.329999923706055,27.200000762939453,26.329999923706055,27.200000762939453,27.200000762939453,292400
2005-05-19,27.31999969482422,27.760000228881836,27.260000228881836,27.709999084472656,27.709999084472656,293800
2005-05-20,27.809999465942383,27.899999618530273,27.450000762939453,27.68000030517578,27.68000030517578,228500
2005-05-23,27.520000457763672,28.43000030517578,27.3700008392334,27.8799991607666,27.8799991607666,345100
2005-05-24,27.8799991607666,28.5,27.780000686645508,28.09000015258789,28.09000015258789,318500
2005-05-25,28.049999237060547,28.170000076293945,27.670000076293945,27.780000686645508,27.780000686645508,104300
2005-05-26,27.850000381469727,28.5,27.850000381469727,28.3799991607666,28.3799991607666,172200
2005-05-27,28.290000915527344,29.280000686645508,28.09000015258789,29.170000076293945,29.170000076293945,197100
2005-05-31,29.25,29.399999618530273,29.110000610351562,29.200000762939453,29.200000762939453,329200
2005-06-01,29.06999969482422,29.149999618530273,28.770000457763672,29.040000915527344,29.040000915527344,222000
2005-06-02,29.209999084472656,29.65999984741211,29.010000228881836,29.649999618530273,29.649999618530273,163400
2005-06-03,29.549999237060547,29.969999313354492,29.43000030517578,29.760000228881836,29.760000228881836,139100
2005-06-06,29.649999618530273,30.09000015258789,29.59000015258789,30.040000915527344,30.040000915527344,172800
2005-06-07,30.049999237060547,30.5,29.899999618530273,30.209999084472656,30.209999084472656,170500
2005-06-08,30.40999984741211,30.5,29.829999923706055,30.010000228881836,30.010000228881836,130500
2005-06-09,30.040000915527344,30.040000915527344,29.389999389648438,29.600000381469727,29.600000381469727,192500
2005-06-10,28.850000381469727,29.489999771118164,28.850000381469727,29.399999618530273,29.399999618530273,625600
2005-06-13,29.399999618530273,29.75,29.1299991607666,29.6200008392334,29.6200008392334,335400
2005-06-14,30.25,30.549999237060547,29.6200008392334,29.809999465942383,29.809999465942383,546000
2005-06-15,30.0,30.399999618530273,29.690000534057617,30.299999237060547,30.299999237060547,403000
2005-06-16,30.25,30.75,30.170000076293945,30.75,30.75,269400
2005-06-17,31.0,31.229999542236328,30.579999923706055,30.850000381469727,30.850000381469727,358100
2005-06-20,30.860000610351562,31.559999465942383,30.420000076293945,31.360000610351562,31.360000610351562,224900
2005-06-21,31.3700008392334,31.719999313354492,30.799999237060547,30.979999542236328,30.979999542236328,174800
2005-06-22,31.200000762939453,31.200000762939453,30.399999618530273,30.770000457763672,30.770000457763672,342400
2005-06-23,30.649999618530273,31.200000762939453,30.649999618530273,30.790000915527344,30.790000915527344,347700
2005-06-24,30.8799991607666,30.93000030517578,30.350000381469727,30.799999237060547,30.799999237060547,709900
2005-06-27,30.780000686645508,30.790000915527344,29.8700008392334,30.1200008392334,30.1200008392334,265700
2005-06-28,30.0,31.25,29.93000030517578,31.209999084472656,31.209999084472656,321400
2005-06-29,31.649999618530273,31.93000030517578,31.329999923706055,31.350000381469727,31.350000381469727,342300
2005-06-30,31.399999618530273,31.75,31.280000686645508,31.3799991607666,31.3799991607666,480900
2005-07-01,31.6299991607666,31.65999984741211,31.299999237060547,31.649999618530273,31.649999618530273,330700
2005-07-05,31.649999618530273,31.809999465942383,31.309999465942383,31.690000534057617,31.690000534057617,305600
2005-07-06,31.8700008392334,32.099998474121094,31.309999465942383,31.399999618530273,31.399999618530273,341300
2005-07-07,31.399999618530273,32.0,31.260000228881836,31.920000076293945,31.920000076293945,232300
2005-07-08,32.06999969482422,33.349998474121094,31.920000076293945,33.279998779296875,33.279998779296875,329900
2005-07-11,33.45000076293945,33.47999954223633,33.0,33.150001525878906,33.150001525878906,225100
2005-07-12,32.97999954223633,33.220001220703125,32.459999084472656,32.97999954223633,32.97999954223633,195300
2005-07-13,32.97999954223633,33.16999816894531,32.58000183105469,32.630001068115234,32.630001068115234,138500
2005-07-14,32.849998474121094,32.93000030517578,31.920000076293945,32.0,32.0,235300
2005-07-15,32.0099983215332,32.18000030517578,31.719999313354492,31.84000015258789,31.84000015258789,222200
2005-07-18,31.84000015258789,32.2599983215332,31.600000381469727,31.8700008392334,31.8700008392334,273500
2005-07-19,31.8799991607666,33.63999938964844,31.8799991607666,33.560001373291016,33.560001373291016,240100
2005-07-20,33.560001373291016,34.5,32.90999984741211,34.5,34.5,368100
2005-07-21,35.0,35.0,34.25,34.5,34.5,402400
2005-07-22,34.70000076293945,35.349998474121094,34.5,34.900001525878906,34.900001525878906,355300
2005-07-25,34.849998474121094,35.06999969482422,33.560001373291016,33.61000061035156,33.61000061035156,315600
2005-07-26,33.689998626708984,33.81999969482422,33.119998931884766,33.20000076293945,33.20000076293945,452500
2005-07-27,33.400001525878906,33.630001068115234,32.95000076293945,33.630001068115234,33.630001068115234,241200
2005-07-28,33.95000076293945,35.150001525878906,33.849998474121094,35.02000045776367,35.02000045776367,414900
2005-07-29,34.04999923706055,34.31999969482422,34.04999923706055,34.060001373291016,34.060001373291016,2497500
2005-08-01,34.060001373291016,34.25,34.04999923706055,34.150001525878906,34.150001525878906,464200
2005-08-02,34.2400016784668,34.25,33.5,33.54999923706055,33.54999923706055,673000
2005-08-03,33.54999923706055,33.77000045776367,32.95000076293945,32.95000076293945,32.95000076293945,495200
2005-08-04,33.0,33.0,32.4900016784668,32.599998474121094,32.599998474121094,380700
2005-08-05,32.54999923706055,32.9900016784668,32.04999923706055,32.310001373291016,32.310001373291016,312200
2005-08-08,32.400001525878906,32.9900016784668,32.400001525878906,32.7599983215332,32.7599983215332,311500
2005-08-09,32.900001525878906,33.099998474121094,32.56999969482422,32.86000061035156,32.86000061035156,248900
2005-08-10,33.099998474121094,33.720001220703125,32.52000045776367,32.84000015258789,32.84000015258789,351800
2005-08-11,32.7599983215332,32.97999954223633,32.59000015258789,32.86000061035156,32.86000061035156,414300
2005-08-12,32.79999923706055,33.310001373291016,32.4900016784668,33.189998626708984,33.189998626708984,340100
2005-08-15,33.09000015258789,33.189998626708984,32.459999084472656,32.9900016784668,32.9900016784668,264100
2005-08-16,32.86000061035156,32.86000061035156,31.43000030517578,31.719999313354492,31.719999313354492,379300
2005-08-17,33.45000076293945,35.220001220703125,33.45000076293945,34.81999969482422,34.81999969482422,1831900
2005-08-18,34.83000183105469,34.83000183105469,34.08000183105469,34.40999984741211,34.40999984741211,958700
2005-08-19,35.0,35.0,34.18000030517578,34.20000076293945,34.20000076293945,492100
2005-08-22,34.29999923706055,34.56999969482422,33.7599983215332,34.029998779296875,34.029998779296875,588100
2005-08-23,33.849998474121094,34.119998931884766,33.40999984741211,33.61000061035156,33.61000061035156,348400
2005-08-24,33.619998931884766,33.70000076293945,33.0099983215332,33.189998626708984,33.189998626708984,397900
2005-08-25,33.18000030517578,34.13999938964844,33.15999984741211,34.0099983215332,34.0099983215332,496500
2005-08-26,34.25,34.25,33.25,33.29999923706055,33.29999923706055,392900
2005-08-29,33.310001373291016,33.599998474121094,33.0,33.540000915527344,33.540000915527344,288200
2005-08-30,33.400001525878906,33.75,33.029998779296875,33.63999938964844,33.63999938964844,321400
2005-08-31,33.68000030517578,34.70000076293945,33.20000076293945,34.70000076293945,34.70000076293945,394400
2005-09-01,34.70000076293945,34.939998626708984,33.880001068115234,34.189998626708984,34.189998626708984,283300
2005-09-02,34.20000076293945,34.54999923706055,33.630001068115234,34.06999969482422,34.06999969482422,430900
2005-09-06,33.70000076293945,33.939998626708984,33.220001220703125,33.7400016784668,33.7400016784668,607700
2005-09-07,33.599998474121094,33.79999923706055,33.209999084472656,33.61000061035156,33.61000061035156,303900
2005-09-08,33.54999923706055,33.790000915527344,33.45000076293945,33.66999816894531,33.66999816894531,318600
2005-09-09,33.75,34.09000015258789,33.650001525878906,34.04999923706055,34.04999923706055,172600
2005-09-12,34.0,34.31999969482422,33.790000915527344,34.11000061035156,34.11000061035156,176000
2005-09-13,34.04999923706055,34.099998474121094,33.36000061035156,33.5099983215332,33.5099983215332,309100
2005-09-14,33.630001068115234,33.66999816894531,32.61000061035156,32.939998626708984,32.939998626708984,421900
2005-09-15,33.0,33.150001525878906,32.459999084472656,32.599998474121094,32.599998474121094,136100
2005-09-16,32.5,33.04999923706055,32.5,32.93000030517578,32.93000030517578,434200
2005-09-19,32.93000030517578,32.93000030517578,31.700000762939453,31.81999969482422,31.81999969482422,433100
2005-09-20,31.959999084472656,32.5099983215332,31.299999237060547,31.549999237060547,31.549999237060547,387500
2005-09-21,31.5,31.989999771118164,30.729999542236328,31.010000228881836,31.010000228881836,771200
2005-09-22,31.010000228881836,31.049999237060547,30.690000534057617,30.850000381469727,30.850000381469727,1326000
2005-09-23,30.799999237060547,31.790000915527344,30.760000228881836,31.489999771118164,31.489999771118164,864600
2005-09-26,31.700000762939453,32.279998779296875,31.549999237060547,31.940000534057617,31.940000534057617,461000
2005-09-27,32.040000915527344,32.38999938964844,31.850000381469727,32.04999923706055,32.04999923706055,449600
2005-09-28,32.5,32.70000076293945,32.369998931884766,32.70000076293945,32.70000076293945,802600
2005-09-29,32.75,33.4900016784668,32.52000045776367,33.400001525878906,33.400001525878906,541400
2005-09-30,33.400001525878906,34.02000045776367,33.29999923706055,33.869998931884766,33.869998931884766,797300
2005-10-03,33.95000076293945,34.72999954223633,33.869998931884766,34.65999984741211,34.65999984741211,1091700
2005-10-04,34.459999084472656,34.630001068115234,33.86000061035156,34.0,34.0,476500
2005-10-05,34.279998779296875,34.88999938964844,34.0,34.029998779296875,34.029998779296875,849200
2005-10-06,34.029998779296875,34.459999084472656,33.4900016784668,34.11000061035156,34.11000061035156,665100
2005-10-07,34.349998474121094,34.439998626708984,33.88999938964844,34.189998626708984,34.189998626708984,409800
2005-10-10,34.150001525878906,34.310001373291016,33.65999984741211,34.15999984741211,34.15999984741211,321200
2005-10-11,33.95000076293945,34.599998474121094,33.939998626708984,34.099998474121094,34.099998474121094,666100
2005-10-12,34.400001525878906,34.7400016784668,34.310001373291016,34.47999954223633,34.47999954223633,599500
2005-10-13,34.47999954223633,34.47999954223633,33.65999984741211,34.25,34.25,549500
2005-10-14,34.349998474121094,35.25,34.290000915527344,35.220001220703125,35.220001220703125,580400
2005-10-17,35.5099983215332,36.11000061035156,35.45000076293945,35.9900016784668,35.9900016784668,610300
2005-10-18,36.0,36.20000076293945,35.5,35.599998474121094,35.599998474121094,837600
2005-10-19,35.5,36.470001220703125,35.369998931884766,36.400001525878906,36.400001525878906,850300
2005-10-20,36.40999984741211,39.91999816894531,36.40999984741211,39.25,39.25,2865600
2005-10-21,39.400001525878906,39.650001525878906,39.060001373291016,39.279998779296875,39.279998779296875,1547500
2005-10-24,39.29999923706055,39.779998779296875,39.16999816894531,39.720001220703125,39.720001220703125,719700
2005-10-25,39.79999923706055,40.13999938964844,39.470001220703125,39.9900016784668,39.9900016784668,997300
2005-10-26,39.939998626708984,40.349998474121094,38.959999084472656,39.08000183105469,39.08000183105469,645100
2005-10-27,39.08000183105469,39.68000030517578,38.439998626708984,38.4900016784668,38.4900016784668,660300
2005-10-28,38.650001525878906,39.560001373291016,38.63999938964844,39.470001220703125,39.470001220703125,488400
2005-10-31,39.70000076293945,40.0,39.560001373291016,39.75,39.75,926400
2005-11-01,39.79999923706055,40.459999084472656,39.709999084472656,40.150001525878906,40.150001525878906,601700
2005-11-02,40.18000030517578,41.2400016784668,40.11000061035156,41.0099983215332,41.0099983215332,412700
2005-11-03,41.5,42.06999969482422,40.75,41.060001373291016,41.060001373291016,513200
2005-11-04,41.400001525878906,41.54999923706055,40.08000183105469,40.689998626708984,40.689998626708984,556700
2005-11-07,41.0,41.220001220703125,40.7599983215332,41.189998626708984,41.189998626708984,269600
2005-11-08,41.189998626708984,41.34000015258789,40.68000030517578,41.0,41.0,345800
2005-11-09,41.400001525878906,42.099998474121094,41.220001220703125,42.0,42.0,455600
2005-11-10,42.0,42.25,41.220001220703125,41.939998626708984,41.939998626708984,534800
2005-11-11,41.869998931884766,42.11000061035156,41.75,41.97999954223633,41.97999954223633,283100
2005-11-14,41.900001525878906,42.33000183105469,41.75,42.16999816894531,42.16999816894531,326900
2005-11-15,42.16999816894531,43.41999816894531,42.119998931884766,42.70000076293945,42.70000076293945,505800
2005-11-16,42.79999923706055,43.0099983215332,42.27000045776367,42.720001220703125,42.720001220703125,257200
2005-11-17,43.0,43.099998474121094,42.630001068115234,42.75,42.75,302300
2005-11-18,43.150001525878906,43.33000183105469,42.439998626708984,42.599998474121094,42.599998474121094,210400
2005-11-21,42.349998474121094,42.5,41.88999938964844,42.349998474121094,42.349998474121094,360800
2005-11-22,42.06999969482422,42.11000061035156,41.54999923706055,41.810001373291016,41.810001373291016,379600
2005-11-23,41.349998474121094,41.790000915527344,41.310001373291016,41.459999084472656,41.459999084472656,203000
2005-11-25,41.560001373291016,41.75,41.400001525878906,41.599998474121094,41.599998474121094,68400
2005-11-28,41.599998474121094,41.63999938964844,40.529998779296875,40.599998474121094,40.599998474121094,451800
2005-11-29,40.70000076293945,41.79999923706055,40.68000030517578,41.40999984741211,41.40999984741211,488000
2005-11-30,41.380001068115234,41.90999984741211,41.31999969482422,41.75,41.75,265500
2005-12-01,41.79999923706055,43.439998626708984,41.599998474121094,43.439998626708984,43.439998626708984,560500
2005-12-02,43.439998626708984,43.72999954223633,42.880001068115234,43.380001068115234,43.380001068115234,452700
2005-12-05,43.18000030517578,44.08000183105469,41.95000076293945,43.7599983215332,43.7599983215332,629900
2005-12-06,43.599998474121094,43.95000076293945,43.0,43.08000183105469,43.08000183105469,423300
2005-12-07,43.18000030517578,43.470001220703125,42.7599983215332,43.29999923706055,43.29999923706055,327900
2005-12-08,43.45000076293945,44.209999084472656,42.86000061035156,43.43000030517578,43.43000030517578,448400
2005-12-09,43.400001525878906,43.459999084472656,42.65999984741211,42.900001525878906,42.900001525878906,258400
2005-12-12,42.91999816894531,43.22999954223633,42.34000015258789,42.81999969482422,42.81999969482422,305600
2005-12-13,42.81999969482422,43.72999954223633,42.7599983215332,43.72999954223633,43.72999954223633,529800
2005-12-14,43.7599983215332,44.04999923706055,42.38999938964844,42.470001220703125,42.470001220703125,283900
2005-12-15,42.5,42.52000045776367,41.15999984741211,42.0,42.0,511600
2005-12-16,42.099998474121094,42.689998626708984,42.04999923706055,42.2599983215332,42.2599983215332,382000
2005-12-19,42.29999923706055,42.29999923706055,41.06999969482422,41.29999923706055,41.29999923706055,244800
2005-12-20,41.25,41.68000030517578,40.900001525878906,41.29999923706055,41.29999923706055,177900
2005-12-21,41.33000183105469,42.0,41.33000183105469,41.869998931884766,41.869998931884766,186000
2005-12-22,42.0,42.16999816894531,41.34000015258789,42.08000183105469,42.08000183105469,223800
2005-12-23,42.25,42.720001220703125,42.22999954223633,42.400001525878906,42.400001525878906,154000
2005-12-27,42.470001220703125,42.77000045776367,42.16999816894531,42.52000045776367,42.52000045776367,262700
2005-12-28,42.33000183105469,42.7400016784668,42.119998931884766,42.619998931884766,42.619998931884766,210300
2005-12-29,42.599998474121094,43.33000183105469,42.310001373291016,42.70000076293945,42.70000076293945,248100
2005-12-30,42.70000076293945,43.099998474121094,42.54999923706055,42.72999954223633,42.72999954223633,342200
2006-01-03,43.25,44.52000045776367,43.0,44.25,44.25,485200
2006-01-04,44.349998474121094,44.72999954223633,44.0,44.41999816894531,44.41999816894531,552700
2006-01-05,44.38999938964844,44.400001525878906,43.88999938964844,44.310001373291016,44.310001373291016,234800
2006-01-06,44.54999923706055,45.20000076293945,44.20000076293945,44.689998626708984,44.689998626708984,243200
2006-01-09,44.599998474121094,45.220001220703125,44.5099983215332,44.95000076293945,44.95000076293945,205100
2006-01-10,44.95000076293945,45.79999923706055,44.869998931884766,45.099998474121094,45.099998474121094,615600
2006-01-11,45.099998474121094,45.099998474121094,43.47999954223633,44.66999816894531,44.66999816894531,646900
2006-01-12,44.619998931884766,45.11000061035156,44.0,44.36000061035156,44.36000061035156,205000
2006-01-13,44.31999969482422,44.63999938964844,43.880001068115234,44.5,44.5,253100
2006-01-17,44.25,45.279998779296875,43.95000076293945,45.04999923706055,45.04999923706055,384200
2006-01-18,44.04999923706055,44.849998474121094,43.209999084472656,43.79999923706055,43.79999923706055,688800
2006-01-19,45.25,46.45000076293945,45.099998474121094,45.81999969482422,45.81999969482422,706900
2006-01-20,45.97999954223633,45.97999954223633,44.349998474121094,44.95000076293945,44.95000076293945,447000
2006-01-23,44.91999816894531,44.97999954223633,43.220001220703125,43.4900016784668,43.4900016784668,709300
2006-01-24,43.54999923706055,44.83000183105469,43.52000045776367,44.25,44.25,945700
2006-01-25,44.5,45.2599983215332,44.27000045776367,45.25,45.25,754100
2006-01-26,45.849998474121094,48.25,45.849998474121094,48.189998626708984,48.189998626708984,739400
2006-01-27,48.45000076293945,49.0,46.79999923706055,47.56999969482422,47.56999969482422,574600
2006-01-30,47.5,48.0,46.91999816894531,46.97999954223633,46.97999954223633,320800
2006-01-31,47.0,48.06999969482422,46.45000076293945,47.93000030517578,47.93000030517578,404400
2006-02-01,47.880001068115234,48.86000061035156,47.75,48.75,48.75,876400
2006-02-02,51.0099983215332,55.689998626708984,51.0,54.79999923706055,54.79999923706055,1960600
2006-02-03,54.70000076293945,54.70000076293945,53.41999816894531,53.90999984741211,53.90999984741211,724500
2006-02-06,54.16999816894531,55.20000076293945,53.5,55.15999984741211,55.15999984741211,581500
2006-02-07,55.349998474121094,55.349998474121094,53.599998474121094,54.529998779296875,54.529998779296875,660200
2006-02-08,54.65999984741211,54.95000076293945,53.61000061035156,53.9900016784668,53.9900016784668,374300
2006-02-09,53.9900016784668,54.9900016784668,53.869998931884766,54.0,54.0,392400
2006-02-10,53.79999923706055,53.97999954223633,53.290000915527344,53.72999954223633,53.72999954223633,353200
2006-02-13,53.400001525878906,53.66999816894531,52.400001525878906,52.7400016784668,52.7400016784668,443300
2006-02-14,52.790000915527344,54.150001525878906,52.540000915527344,54.13999938964844,54.13999938964844,320700
2006-02-15,54.099998474121094,56.75,54.099998474121094,56.2599983215332,56.2599983215332,871100
2006-02-16,58.209999084472656,58.209999084472656,56.41999816894531,56.79999923706055,56.79999923706055,483800
2006-02-17,56.790000915527344,57.130001068115234,56.25,56.5,56.5,261900
2006-02-21,56.29999923706055,56.54999923706055,55.25,55.540000915527344,55.540000915527344,521800
2006-02-22,55.72999954223633,57.619998931884766,55.650001525878906,57.40999984741211,57.40999984741211,349100
2006-02-23,57.400001525878906,59.470001220703125,57.36000061035156,58.900001525878906,58.900001525878906,626600
2006-02-24,58.72999954223633,59.22999954223633,58.099998474121094,58.279998779296875,58.279998779296875,285700
2006-02-27,58.25,58.7599983215332,57.52000045776367,57.79999923706055,57.79999923706055,456000
2006-02-28,57.79999923706055,57.86000061035156,56.4900016784668,57.31999969482422,57.31999969482422,478300
2006-03-01,57.29999923706055,60.650001525878906,57.29999923706055,59.849998474121094,59.849998474121094,806500
2006-03-02,59.95000076293945,60.540000915527344,58.709999084472656,59.029998779296875,59.029998779296875,350600
2006-03-03,58.95000076293945,60.599998474121094,58.83000183105469,60.5099983215332,60.5099983215332,429000
2006-03-06,59.560001373291016,60.810001373291016,58.02000045776367,58.81999969482422,58.81999969482422,481200
2006-03-07,58.81999969482422,58.93000030517578,56.31999969482422,56.529998779296875,56.529998779296875,578500
2006-03-08,56.400001525878906,57.209999084472656,55.220001220703125,55.95000076293945,55.95000076293945,927500
2006-03-09,55.95000076293945,56.91999816894531,55.84000015258789,56.04999923706055,56.04999923706055,657600
2006-03-10,56.04999923706055,56.56999969482422,55.900001525878906,56.380001068115234,56.380001068115234,609500
2006-03-13,56.47999954223633,58.849998474121094,56.47999954223633,58.06999969482422,58.06999969482422,487900
2006-03-14,58.31999969482422,61.099998474121094,58.209999084472656,61.060001373291016,61.060001373291016,648000
2006-03-15,61.459999084472656,62.4900016784668,60.86000061035156,62.40999984741211,62.40999984741211,462800
2006-03-16,62.40999984741211,64.19999694824219,61.849998474121094,63.400001525878906,63.400001525878906,968400
2006-03-17,63.900001525878906,63.91999816894531,62.849998474121094,63.29999923706055,63.29999923706055,682500
2006-03-20,63.45000076293945,63.5,62.310001373291016,63.029998779296875,63.029998779296875,311400
2006-03-21,62.93000030517578,63.08000183105469,61.099998474121094,61.099998474121094,61.099998474121094,423200
2006-03-22,61.119998931884766,62.5099983215332,60.709999084472656,62.25,62.25,364100
2006-03-23,62.25,63.72999954223633,62.08000183105469,63.709999084472656,63.709999084472656,447600
2006-03-24,63.79999923706055,64.45999908447266,63.099998474121094,64.05000305175781,64.05000305175781,346800
2006-03-27,64.05000305175781,64.4000015258789,63.810001373291016,63.9900016784668,63.9900016784668,241600
2006-03-28,63.95000076293945,65.87999725341797,63.72999954223633,65.0999984741211,65.0999984741211,626200
2006-03-29,65.1500015258789,67.97000122070312,65.01000213623047,67.77999877929688,67.77999877929688,543700
2006-03-30,67.9800033569336,69.16999816894531,66.5999984741211,66.79000091552734,66.79000091552734,1116100
2006-03-31,67.75,69.19000244140625,67.41000366210938,68.01000213623047,68.01000213623047,2162700
2006-04-03,68.44999694824219,69.0999984741211,67.94999694824219,68.05000305175781,68.05000305175781,548900
2006-04-04,69.8499984741211,70.19999694824219,67.55000305175781,67.91999816894531,67.91999816894531,1398600
2006-04-05,67.91999816894531,68.87000274658203,67.41999816894531,68.68000030517578,68.68000030517578,941600
2006-04-06,68.68000030517578,69.41999816894531,67.55000305175781,69.41999816894531,69.41999816894531,654700
2006-04-07,69.0,69.5,67.7300033569336,68.4800033569336,68.4800033569336,482000
2006-04-10,68.55000305175781,69.22000122070312,67.80000305175781,68.66999816894531,68.66999816894531,673200
2006-04-11,68.4000015258789,69.83999633789062,68.26000213623047,68.56999969482422,68.56999969482422,686200
2006-04-12,68.81999969482422,69.45999908447266,68.06999969482422,69.25,69.25,519200
2006-04-13,69.5999984741211,71.19999694824219,69.4800033569336,70.01000213623047,70.01000213623047,837000
2006-04-17,70.8499984741211,71.69999694824219,70.61000061035156,71.22000122070312,71.22000122070312,770600
2006-04-18,71.22000122070312,73.7699966430664,70.79000091552734,73.66000366210938,73.66000366210938,784700
2006-04-19,73.94999694824219,74.98999786376953,73.19999694824219,74.97000122070312,74.97000122070312,815900
2006-04-20,77.5999984741211,78.5,71.30000305175781,75.80000305175781,75.80000305175781,2538600
2006-04-21,74.51000213623047,75.0,72.55000305175781,74.5,74.5,1126200
2006-04-24,74.44999694824219,74.47000122070312,72.62999725341797,73.5999984741211,73.5999984741211,907900
2006-04-25,74.0,74.4800033569336,72.69000244140625,73.25,73.25,635100
2006-04-26,73.75,75.2300033569336,73.69999694824219,74.69000244140625,74.69000244140625,680400
2006-04-27,74.0,76.80999755859375,73.55999755859375,75.5,75.5,1075000
2006-04-28,75.25,75.94999694824219,74.66000366210938,75.0,75.0,373000
2006-05-01,76.94999694824219,76.98999786376953,74.87000274658203,75.30999755859375,75.30999755859375,878200
2006-05-02,75.20999908447266,75.22000122070312,72.44000244140625,74.4000015258789,74.4000015258789,1182700
2006-05-03,74.41000366210938,77.25,73.55999755859375,76.8499984741211,76.8499984741211,929600
2006-05-04,76.6500015258789,78.5,76.63999938964844,78.33999633789062,78.33999633789062,610500
2006-05-05,79.0,80.02999877929688,78.58999633789062,79.8499984741211,79.8499984741211,898100
2006-05-08,80.0,80.29000091552734,77.66000366210938,79.51000213623047,79.51000213623047,519200
2006-05-09,79.51000213623047,80.19999694824219,78.30999755859375,78.38999938964844,78.38999938964844,389400
2006-05-10,78.5999984741211,79.7300033569336,78.1500015258789,79.0,79.0,484000
2006-05-11,76.73999786376953,78.97000122070312,73.61000061035156,74.9000015258789,74.9000015258789,1890800
2006-05-12,73.0,73.08999633789062,67.6500015258789,71.01000213623047,71.01000213623047,1613000
2006-05-15,71.0,72.12000274658203,69.30999755859375,69.87000274658203,69.87000274658203,875500
2006-05-16,69.87000274658203,70.80999755859375,68.8499984741211,70.18000030517578,70.18000030517578,580100
2006-05-17,70.18000030517578,71.7300033569336,67.25,67.44000244140625,67.44000244140625,904800
2006-05-18,68.4000015258789,69.5999984741211,66.30999755859375,66.37000274658203,66.37000274658203,1091200
2006-05-19,66.37999725341797,66.37999725341797,63.70000076293945,65.5,65.5,1003900
2006-05-22,67.25,67.8499984741211,64.73999786376953,66.1500015258789,66.1500015258789,927300
2006-05-23,68.0999984741211,71.30000305175781,67.55000305175781,68.19999694824219,68.19999694824219,958200
2006-05-24,67.94999694824219,68.80000305175781,64.33999633789062,66.26000213623047,66.26000213623047,711200
2006-05-25,66.75,69.44999694824219,66.55999755859375,68.73999786376953,68.73999786376953,790300
2006-05-26,68.79000091552734,69.4000015258789,67.1500015258789,68.13999938964844,68.13999938964844,395500
2006-05-30,68.63999938964844,68.63999938964844,65.30999755859375,65.37000274658203,65.37000274658203,617100
2006-05-31,65.62000274658203,66.9000015258789,64.80000305175781,65.73999786376953,65.73999786376953,1164900
2006-06-01,65.69000244140625,68.12999725341797,65.33999633789062,68.08000183105469,68.08000183105469,632600
2006-06-02,69.19999694824219,69.4800033569336,68.0999984741211,69.13999938964844,69.13999938964844,954000
2006-06-05,70.1500015258789,70.1500015258789,65.4000015258789,65.68000030517578,65.68000030517578,952400
2006-06-06,65.68000030517578,65.68000030517578,62.47999954223633,64.75,64.75,1057600
2006-06-07,64.5999984741211,65.69999694824219,63.04999923706055,63.400001525878906,63.400001525878906,837700
2006-06-08,61.400001525878906,62.20000076293945,57.36000061035156,60.68000030517578,60.68000030517578,1649400
2006-06-09,60.68000030517578,61.90999984741211,59.77000045776367,60.0,60.0,552400
2006-06-12,60.150001525878906,60.2599983215332,57.290000915527344,57.400001525878906,57.400001525878906,561000
2006-06-13,56.0,57.45000076293945,55.029998779296875,55.560001373291016,55.560001373291016,1087900
2006-06-14,55.2599983215332,56.97999954223633,54.13999938964844,55.86000061035156,55.86000061035156,935800
2006-06-15,56.20000076293945,59.599998474121094,56.20000076293945,59.08000183105469,59.08000183105469,826800
2006-06-16,59.09000015258789,60.11000061035156,58.70000076293945,60.0,60.0,1287700
2006-06-19,61.0,62.25,58.88999938964844,59.209999084472656,59.209999084472656,1028300
2006-06-20,59.459999084472656,59.939998626708984,57.97999954223633,58.619998931884766,58.619998931884766,695000
2006-06-21,58.41999816894531,60.4900016784668,58.16999816894531,60.11000061035156,60.11000061035156,995900
2006-06-22,60.20000076293945,61.439998626708984,59.900001525878906,61.20000076293945,61.20000076293945,777100
2006-06-23,61.0,61.70000076293945,60.290000915527344,60.83000183105469,60.83000183105469,627300
2006-06-26,60.97999954223633,61.470001220703125,59.52000045776367,60.5,60.5,843700
2006-06-27,61.0,61.689998626708984,59.290000915527344,59.31999969482422,59.31999969482422,832700
2006-06-28,60.099998474121094,60.52000045776367,58.77000045776367,59.68000030517578,59.68000030517578,592700
2006-06-29,60.349998474121094,64.44999694824219,60.15999984741211,64.19999694824219,64.19999694824219,780600
2006-06-30,64.38999938964844,69.0,63.5099983215332,69.0,69.0,2857800
2006-07-03,68.44999694824219,68.47000122070312,67.51000213623047,68.44999694824219,68.44999694824219,742100
2006-07-05,68.25,68.26000213623047,65.87000274658203,66.5999984741211,66.5999984741211,906200
2006-07-06,66.5,67.5999984741211,66.36000061035156,67.19999694824219,67.19999694824219,847600
2006-07-07,67.30000305175781,67.69999694824219,66.12000274658203,66.66999816894531,66.66999816894531,592300
2006-07-10,66.62999725341797,69.20999908447266,66.27999877929688,67.08999633789062,67.08999633789062,775500
2006-07-11,67.0999984741211,69.3499984741211,66.45999908447266,68.91000366210938,68.91000366210938,974300
2006-07-12,69.01000213623047,70.6500015258789,68.4800033569336,69.06999969482422,69.06999969482422,1300000
2006-07-13,69.06999969482422,69.25,66.5999984741211,66.80000305175781,66.80000305175781,1034500
2006-07-14,66.55000305175781,66.55000305175781,64.44999694824219,65.4000015258789,65.4000015258789,1115800
2006-07-17,65.3499984741211,66.0,62.27000045776367,62.70000076293945,62.70000076293945,1631200
2006-07-18,62.5,62.75,60.16999816894531,62.70000076293945,62.70000076293945,1976900
2006-07-19,62.5,66.31999969482422,62.5,65.97000122070312,65.97000122070312,1823500
2006-07-20,67.25,67.93000030517578,57.369998931884766,59.599998474121094,59.599998474121094,3540000
2006-07-21,58.70000076293945,59.0,56.61000061035156,57.56999969482422,57.56999969482422,1622300
2006-07-24,58.45000076293945,60.9900016784668,58.0,60.68000030517578,60.68000030517578,1244700
2006-07-25,59.25,59.95000076293945,58.25,58.9900016784668,58.9900016784668,1210600
2006-07-26,58.939998626708984,59.20000076293945,57.810001373291016,58.369998931884766,58.369998931884766,671900
2006-07-27,58.560001373291016,59.529998779296875,56.47999954223633,56.650001525878906,56.650001525878906,1234500
2006-07-28,56.5099983215332,57.869998931884766,55.36000061035156,57.61000061035156,57.61000061035156,1390700
2006-07-31,57.29999923706055,58.25,57.099998474121094,58.25,58.25,607900
2006-08-01,58.099998474121094,58.2400016784668,56.2400016784668,56.45000076293945,56.45000076293945,997900
2006-08-02,56.630001068115234,59.720001220703125,56.619998931884766,58.290000915527344,58.290000915527344,847700
2006-08-03,58.29999923706055,60.47999954223633,58.150001525878906,60.09000015258789,60.09000015258789,745200
2006-08-04,60.75,61.849998474121094,59.91999816894531,60.900001525878906,60.900001525878906,890800
2006-08-07,61.5,62.59000015258789,60.7599983215332,61.97999954223633,61.97999954223633,1031100
2006-08-08,62.150001525878906,62.150001525878906,59.150001525878906,59.5,59.5,1074500
2006-08-09,59.5,60.29999923706055,57.869998931884766,57.939998626708984,57.939998626708984,902200
2006-08-10,57.4900016784668,58.849998474121094,56.7599983215332,58.599998474121094,58.599998474121094,789300
2006-08-11,58.5,59.439998626708984,58.369998931884766,58.75,58.75,733700
2006-08-14,59.900001525878906,60.66999816894531,59.16999816894531,59.599998474121094,59.599998474121094,677300
2006-08-15,60.25,62.099998474121094,59.0099983215332,61.81999969482422,61.81999969482422,757300
2006-08-16,62.599998474121094,63.900001525878906,62.29999923706055,63.619998931884766,63.619998931884766,630300
2006-08-17,63.61000061035156,64.33999633789062,62.400001525878906,63.0099983215332,63.0099983215332,537400
2006-08-18,62.900001525878906,63.220001220703125,61.599998474121094,62.150001525878906,62.150001525878906,495100
2006-08-21,62.150001525878906,62.36000061035156,61.349998474121094,61.810001373291016,61.810001373291016,384800
2006-08-22,61.099998474121094,62.0,60.349998474121094,61.59000015258789,61.59000015258789,643400
2006-08-23,61.20000076293945,61.34000015258789,59.939998626708984,60.75,60.75,820700
2006-08-24,60.75,62.619998931884766,60.70000076293945,61.7599983215332,61.7599983215332,1134900
2006-08-25,61.709999084472656,61.959999084472656,61.16999816894531,61.599998474121094,61.599998474121094,575900
2006-08-28,61.099998474121094,61.529998779296875,60.459999084472656,60.58000183105469,60.58000183105469,830900
2006-08-29,59.650001525878906,59.650001525878906,56.0,56.54999923706055,56.54999923706055,3717300
2006-08-30,56.54999923706055,58.369998931884766,55.75,58.08000183105469,58.08000183105469,1450000
2006-08-31,58.33000183105469,59.29999923706055,57.279998779296875,58.5,58.5,1027500
2006-09-01,58.599998474121094,59.959999084472656,58.599998474121094,59.41999816894531,59.41999816894531,763900
2006-09-05,59.43000030517578,61.41999816894531,59.27000045776367,61.0099983215332,61.0099983215332,959300
2006-09-06,59.25,60.400001525878906,58.25,58.349998474121094,58.349998474121094,761700
2006-09-07,58.349998474121094,59.59000015258789,57.09000015258789,59.369998931884766,59.369998931884766,703800
2006-09-08,59.5,60.65999984741211,59.5,59.95000076293945,59.95000076293945,946000
2006-09-11,60.45000076293945,60.45000076293945,56.5099983215332,56.880001068115234,56.880001068115234,1024400
2006-09-12,56.939998626708984,57.95000076293945,55.90999984741211,57.650001525878906,57.650001525878906,1112400
2006-09-13,57.54999923706055,59.79999923706055,57.54999923706055,59.400001525878906,59.400001525878906,822900
2006-09-14,59.349998474121094,59.560001373291016,57.75,58.400001525878906,58.400001525878906,861400
2006-09-15,58.560001373291016,59.29999923706055,57.91999816894531,58.900001525878906,58.900001525878906,971900
2006-09-18,59.0,60.43000030517578,58.95000076293945,60.369998931884766,60.369998931884766,751400
2006-09-19,60.36000061035156,61.13999938964844,59.5099983215332,60.81999969482422,60.81999969482422,897200
2006-09-20,60.81999969482422,61.75,60.459999084472656,61.09000015258789,61.09000015258789,762700
2006-09-21,61.18000030517578,61.939998626708984,60.630001068115234,61.25,61.25,945500
2006-09-22,61.25,61.25,58.560001373291016,59.5,59.5,584700
2006-09-25,59.630001068115234,59.90999984741211,58.060001373291016,59.22999954223633,59.22999954223633,760400
2006-09-26,59.189998626708984,59.619998931884766,58.0,58.9900016784668,58.9900016784668,1044000
2006-09-27,58.7400016784668,58.9900016784668,57.68000030517578,58.25,58.25,1336700
2006-09-28,58.45000076293945,59.4900016784668,58.099998474121094,58.93000030517578,58.93000030517578,1268000
2006-09-29,59.029998779296875,59.16999816894531,58.02000045776367,58.029998779296875,58.029998779296875,488200
2006-10-02,58.16999816894531,58.279998779296875,56.68000030517578,56.90999984741211,56.90999984741211,1132900
2006-10-03,58.5,62.27000045776367,58.5,61.7599983215332,61.7599983215332,2556100
2006-10-04,61.79999923706055,66.2300033569336,61.79999923706055,66.08000183105469,66.08000183105469,1843400
2006-10-05,67.75,67.76000213623047,65.94999694824219,66.76000213623047,66.76000213623047,1201000
2006-10-06,66.51000213623047,67.66000366210938,65.20999908447266,67.4800033569336,67.4800033569336,486200
2006-10-09,67.4800033569336,68.4800033569336,66.3499984741211,67.8499984741211,67.8499984741211,507900
2006-10-10,68.56999969482422,69.19999694824219,66.80999755859375,67.29000091552734,67.29000091552734,837800
2006-10-11,66.76000213623047,68.12999725341797,66.41000366210938,67.22000122070312,67.22000122070312,450100
2006-10-12,67.36000061035156,68.83999633789062,67.29000091552734,68.62999725341797,68.62999725341797,527100
2006-10-13,68.19999694824219,69.1500015258789,67.04000091552734,68.81999969482422,68.81999969482422,605400
2006-10-16,68.72000122070312,71.0999984741211,68.63999938964844,70.93000030517578,70.93000030517578,1300700
2006-10-17,70.68000030517578,70.68000030517578,68.06999969482422,68.55000305175781,68.55000305175781,1516800
2006-10-18,69.0,69.54000091552734,67.80000305175781,68.20999908447266,68.20999908447266,1303800
2006-10-19,65.79000091552734,66.4800033569336,61.68000030517578,66.25,66.25,3817200
2006-10-20,65.5,65.83000183105469,64.11000061035156,65.08999633789062,65.08999633789062,1336100
2006-10-23,65.0999984741211,67.94999694824219,65.08999633789062,67.36000061035156,67.36000061035156,1120200
2006-10-24,65.80000305175781,68.23999786376953,65.30000305175781,67.87999725341797,67.87999725341797,792400
2006-10-25,67.94999694824219,68.83999633789062,67.05999755859375,67.08000183105469,67.08000183105469,661500
2006-10-26,66.9000015258789,66.9000015258789,65.08000183105469,65.30000305175781,65.30000305175781,1337300
2006-10-27,65.5,65.98999786376953,65.12999725341797,65.44000244140625,65.44000244140625,1434700
2006-10-30,65.26000213623047,65.76000213623047,64.81999969482422,65.41999816894531,65.41999816894531,440000
2006-10-31,65.31999969482422,65.93000030517578,65.0,65.2699966430664,65.2699966430664,507900
2006-11-01,65.97000122070312,66.18000030517578,64.06999969482422,64.30999755859375,64.30999755859375,696900
2006-11-02,64.30999755859375,64.56999969482422,63.13999938964844,63.7599983215332,63.7599983215332,415300
2006-11-03,63.689998626708984,64.0,62.400001525878906,62.810001373291016,62.810001373291016,694200
2006-11-06,63.0,65.08000183105469,63.0,64.5,64.5,565800
2006-11-07,64.87999725341797,66.80000305175781,64.6500015258789,66.5999984741211,66.5999984741211,1279800
2006-11-08,66.54000091552734,66.5999984741211,65.25,66.04000091552734,66.04000091552734,616600
2006-11-09,66.37999725341797,66.9000015258789,65.12999725341797,65.30999755859375,65.30999755859375,414100
2006-11-10,63.75,65.4000015258789,62.560001373291016,64.87000274658203,64.87000274658203,1276300
2006-11-13,64.66999816894531,64.69999694824219,63.220001220703125,63.90999984741211,63.90999984741211,527500
2006-11-14,64.38999938964844,64.80999755859375,63.93000030517578,64.58000183105469,64.58000183105469,933500
2006-11-15,64.97000122070312,65.81999969482422,64.87000274658203,65.72000122070312,65.72000122070312,879900
2006-11-16,65.91000366210938,66.88999938964844,65.2699966430664,66.4000015258789,66.4000015258789,639600
2006-11-17,66.1500015258789,67.18000030517578,66.0,66.93000030517578,66.93000030517578,687300
2006-11-20,66.33000183105469,67.0199966430664,66.0,66.8499984741211,66.8499984741211,1078600
2006-11-21,66.55000305175781,67.75,66.55000305175781,67.31999969482422,67.31999969482422,707200
2006-11-22,67.12000274658203,67.72000122070312,66.43000030517578,67.27999877929688,67.27999877929688,456100
2006-11-24,67.29000091552734,67.8499984741211,67.11000061035156,67.19999694824219,67.19999694824219,124400
2006-11-27,67.19999694824219,67.19999694824219,65.12000274658203,65.62000274658203,65.62000274658203,868700
2006-11-28,65.62000274658203,65.62000274658203,64.41999816894531,65.0,65.0,707400
2006-11-29,65.88999938964844,67.47000122070312,65.54000091552734,66.80999755859375,66.80999755859375,797400
2006-11-30,66.8499984741211,67.37000274658203,65.97000122070312,66.9000015258789,66.9000015258789,597600
2006-12-01,66.80000305175781,66.86000061035156,65.22000122070312,65.93000030517578,65.93000030517578,753300
2006-12-04,65.93000030517578,67.19999694824219,65.25,66.91000366210938,66.91000366210938,353700
2006-12-05,67.01000213623047,67.0199966430664,65.63999938964844,66.73999786376953,66.73999786376953,518800
2006-12-06,66.73999786376953,67.98999786376953,66.7300033569336,67.77999877929688,67.77999877929688,506000
2006-12-07,67.5999984741211,68.44000244140625,66.83999633789062,67.30999755859375,67.30999755859375,444500
2006-12-08,66.94000244140625,68.52999877929688,66.94000244140625,68.0999984741211,68.0999984741211,393900
2006-12-11,67.77999877929688,67.80000305175781,65.30999755859375,65.44000244140625,65.44000244140625,1352800
2006-12-12,65.30000305175781,65.44999694824219,63.02000045776367,63.869998931884766,63.869998931884766,1289900
2006-12-13,63.900001525878906,64.19999694824219,63.33000183105469,63.72999954223633,63.72999954223633,499400
2006-12-14,63.84000015258789,64.5999984741211,63.45000076293945,63.630001068115234,63.630001068115234,497800
2006-12-15,65.52999877929688,65.52999877929688,62.70000076293945,63.0,63.0,648000
2006-12-18,63.5,64.04000091552734,62.02000045776367,62.25,62.25,574200
2006-12-19,62.130001068115234,62.150001525878906,60.400001525878906,61.68000030517578,61.68000030517578,970300
2006-12-20,61.5,62.79999923706055,61.369998931884766,62.20000076293945,62.20000076293945,686300
2006-12-21,60.13999938964844,61.0,58.209999084472656,58.349998474121094,58.349998474121094,1773000
2006-12-22,59.0,60.06999969482422,58.400001525878906,59.11000061035156,59.11000061035156,1128100
2006-12-26,58.959999084472656,59.86000061035156,58.619998931884766,59.459999084472656,59.459999084472656,568500
2006-12-27,59.459999084472656,60.04999923706055,59.22999954223633,59.5,59.5,422800
2006-12-28,59.0,59.720001220703125,58.5099983215332,59.16999816894531,59.16999816894531,397600
2006-12-29,58.91999816894531,59.31999969482422,58.380001068115234,58.810001373291016,58.810001373291016,463500
2007-01-03,58.599998474121094,59.27000045776367,57.369998931884766,57.86000061035156,57.86000061035156,1088300
2007-01-04,57.61000061035156,58.27000045776367,56.7599983215332,57.189998626708984,57.189998626708984,1019400
2007-01-05,57.189998626708984,57.970001220703125,56.869998931884766,57.279998779296875,57.279998779296875,996300
2007-01-08,57.209999084472656,58.459999084472656,57.18000030517578,58.0099983215332,58.0099983215332,690000
2007-01-09,58.599998474121094,58.619998931884766,57.529998779296875,57.95000076293945,57.95000076293945,699800
2007-01-10,57.95000076293945,59.349998474121094,57.66999816894531,59.02000045776367,59.02000045776367,851200
2007-01-11,60.0,61.08000183105469,59.619998931884766,60.75,60.75,1150400
2007-01-12,60.599998474121094,61.15999984741211,60.310001373291016,61.099998474121094,61.099998474121094,675400
2007-01-16,61.060001373291016,61.779998779296875,60.0099983215332,60.31999969482422,60.31999969482422,501200
2007-01-17,60.099998474121094,60.599998474121094,59.630001068115234,60.470001220703125,60.470001220703125,632200
2007-01-18,60.599998474121094,60.86000061035156,59.45000076293945,59.83000183105469,59.83000183105469,720900
2007-01-19,60.0,60.470001220703125,59.529998779296875,59.650001525878906,59.650001525878906,718100
2007-01-22,59.900001525878906,60.279998779296875,58.09000015258789,58.27000045776367,58.27000045776367,578300
2007-01-23,58.25,59.70000076293945,58.2400016784668,59.25,59.25,494000
2007-01-24,59.34000015258789,60.40999984741211,59.34000015258789,59.880001068115234,59.880001068115234,671100
2007-01-25,60.0,60.45000076293945,59.04999923706055,59.58000183105469,59.58000183105469,748300
2007-01-26,59.83000183105469,60.11000061035156,58.709999084472656,59.20000076293945,59.20000076293945,598700
2007-01-29,59.27000045776367,59.7599983215332,58.95000076293945,59.45000076293945,59.45000076293945,1350300
2007-01-30,59.650001525878906,59.84000015258789,59.15999984741211,59.349998474121094,59.349998474121094,604300
2007-01-31,59.349998474121094,61.20000076293945,58.790000915527344,60.720001220703125,60.720001220703125,1017000
2007-02-01,62.0,65.4000015258789,61.84000015258789,64.91000366210938,64.91000366210938,2385500
2007-02-02,64.80000305175781,67.37999725341797,64.55000305175781,67.0999984741211,67.0999984741211,1495500
2007-02-05,67.25,68.2300033569336,67.0199966430664,67.47000122070312,67.47000122070312,1307000
2007-02-06,67.55999755859375,67.83000183105469,66.68000030517578,67.0199966430664,67.0199966430664,1025300
2007-02-07,67.02999877929688,67.02999877929688,65.70999908447266,66.11000061035156,66.11000061035156,726400
2007-02-08,66.16999816894531,66.41000366210938,64.80000305175781,65.36000061035156,65.36000061035156,641500
2007-02-09,65.20999908447266,65.54000091552734,64.56999969482422,64.77999877929688,64.77999877929688,693000
2007-02-12,64.76000213623047,64.7699966430664,63.459999084472656,64.3499984741211,64.3499984741211,1272000
2007-02-13,64.5999984741211,65.83000183105469,64.55000305175781,65.56999969482422,65.56999969482422,1176600
2007-02-14,66.44999694824219,69.12000274658203,66.12000274658203,68.98999786376953,68.98999786376953,1590300
2007-02-15,69.5,69.66999816894531,68.31999969482422,68.51000213623047,68.51000213623047,1332200
2007-02-16,68.44999694824219,69.5,67.61000061035156,69.3499984741211,69.3499984741211,869300
2007-02-20,69.1500015258789,69.1500015258789,67.62000274658203,68.30000305175781,68.30000305175781,1034700
2007-02-21,67.72000122070312,68.5199966430664,66.91999816894531,68.30999755859375,68.30999755859375,836800
2007-02-22,68.55999755859375,68.83999633789062,66.93000030517578,67.87999725341797,67.87999725341797,760200
2007-02-23,68.0,68.9000015258789,67.75,68.55999755859375,68.55999755859375,1098700
2007-02-26,68.98999786376953,69.22000122070312,67.4000015258789,67.76000213623047,67.76000213623047,638600
2007-02-27,67.19000244140625,67.19000244140625,65.05000305175781,66.2699966430664,66.2699966430664,1015000
2007-02-28,66.08000183105469,66.81999969482422,65.30999755859375,66.7300033569336,66.7300033569336,962800
2007-03-01,65.7300033569336,66.27999877929688,65.12000274658203,66.05999755859375,66.05999755859375,1344400
2007-03-02,65.25,66.38999938964844,65.19999694824219,65.30000305175781,65.30000305175781,877900
2007-03-05,64.4000015258789,64.56999969482422,63.5,63.810001373291016,63.810001373291016,866300
2007-03-06,64.0,64.5,62.880001068115234,63.470001220703125,63.470001220703125,1154400
2007-03-07,63.220001220703125,64.08000183105469,61.880001068115234,63.77000045776367,63.77000045776367,918000
2007-03-08,64.27999877929688,65.0,64.04000091552734,64.66999816894531,64.66999816894531,2654400
2007-03-09,65.9000015258789,65.9000015258789,64.08999633789062,64.62999725341797,64.62999725341797,616300
2007-03-12,64.44999694824219,64.87000274658203,63.79999923706055,63.95000076293945,63.95000076293945,565900
2007-03-13,63.95000076293945,63.95000076293945,61.2599983215332,61.65999984741211,61.65999984741211,1589500
2007-03-14,61.65999984741211,61.7599983215332,60.09000015258789,61.470001220703125,61.470001220703125,887200
2007-03-15,61.43000030517578,62.810001373291016,61.189998626708984,61.79999923706055,61.79999923706055,569200
2007-03-16,61.779998779296875,61.95000076293945,61.31999969482422,61.77000045776367,61.77000045776367,393300
2007-03-19,62.099998474121094,62.47999954223633,61.630001068115234,61.869998931884766,61.869998931884766,298100
2007-03-20,62.4900016784668,63.36000061035156,61.459999084472656,63.08000183105469,63.08000183105469,956400
2007-03-21,62.70000076293945,64.54000091552734,62.650001525878906,64.08000183105469,64.08000183105469,847200
2007-03-22,64.08000183105469,66.0,63.900001525878906,65.16000366210938,65.16000366210938,1432400
2007-03-23,65.0,66.01000213623047,64.97000122070312,65.86000061035156,65.86000061035156,813300
2007-03-26,65.94000244140625,66.0,64.52999877929688,65.0,65.0,585500
2007-03-27,65.0,65.47000122070312,64.77999877929688,64.97000122070312,64.97000122070312,606900
2007-03-28,64.22000122070312,64.6500015258789,62.91999816894531,63.279998779296875,63.279998779296875,1255200
2007-03-29,63.529998779296875,64.58000183105469,62.369998931884766,62.77000045776367,62.77000045776367,1238400
2007-03-30,62.470001220703125,63.220001220703125,62.2599983215332,62.779998779296875,62.779998779296875,1170700
2007-04-02,62.77000045776367,63.2400016784668,61.790000915527344,62.29999923706055,62.29999923706055,1142700
2007-04-03,62.5,64.06999969482422,62.47999954223633,63.70000076293945,63.70000076293945,1130300
2007-04-04,64.08999633789062,64.97000122070312,64.08999633789062,64.5199966430664,64.5199966430664,1514700
2007-04-05,63.900001525878906,64.08999633789062,63.5,63.959999084472656,63.959999084472656,563400
2007-04-09,64.1500015258789,65.23999786376953,64.1500015258789,64.66999816894531,64.66999816894531,1037300
2007-04-10,64.55999755859375,64.66999816894531,63.83000183105469,64.16999816894531,64.16999816894531,909700
2007-04-11,64.08000183105469,64.23999786376953,62.90999984741211,63.150001525878906,63.150001525878906,1143100
2007-04-12,63.18000030517578,64.06999969482422,62.4900016784668,63.4900016784668,63.4900016784668,1636000
2007-04-13,63.5,63.90999984741211,62.47999954223633,63.18000030517578,63.18000030517578,1268100
2007-04-16,63.619998931884766,66.0199966430664,63.4900016784668,65.9000015258789,65.9000015258789,1779500
2007-04-17,65.81999969482422,65.95999908447266,64.91999816894531,65.08000183105469,65.08000183105469,1308700
2007-04-18,65.29000091552734,66.58999633789062,64.91000366210938,66.29000091552734,66.29000091552734,979400
2007-04-19,62.0,63.54999923706055,59.81999969482422,61.20000076293945,61.20000076293945,5283800
2007-04-20,62.20000076293945,62.25,60.439998626708984,61.11000061035156,61.11000061035156,1714900
2007-04-23,62.349998474121094,62.459999084472656,61.400001525878906,61.790000915527344,61.790000915527344,1451300
2007-04-24,61.900001525878906,62.81999969482422,61.849998474121094,62.08000183105469,62.08000183105469,1800800
2007-04-25,62.220001220703125,62.83000183105469,61.880001068115234,62.72999954223633,62.72999954223633,1188000
2007-04-26,62.95000076293945,64.5,62.95000076293945,64.26000213623047,64.26000213623047,1515000
2007-04-27,64.0,65.19000244140625,63.720001220703125,64.95999908447266,64.95999908447266,1696700
2007-04-30,64.5,64.5,63.06999969482422,63.16999816894531,63.16999816894531,873800
2007-05-01,62.9900016784668,63.099998474121094,61.63999938964844,62.709999084472656,62.709999084472656,1070900
2007-05-02,62.72999954223633,64.97000122070312,62.630001068115234,63.97999954223633,63.97999954223633,1040300
2007-05-03,63.900001525878906,64.29000091552734,62.84000015258789,63.40999984741211,63.40999984741211,859500
2007-05-04,63.540000915527344,64.6500015258789,63.0,64.37000274658203,64.37000274658203,852600
2007-05-07,64.4000015258789,64.88999938964844,64.06999969482422,64.55000305175781,64.55000305175781,547600
2007-05-08,64.08999633789062,64.11000061035156,63.099998474121094,64.11000061035156,64.11000061035156,466000
2007-05-09,64.11000061035156,65.0,63.72999954223633,64.80999755859375,64.80999755859375,500600
2007-05-10,64.81999969482422,65.23999786376953,63.79999923706055,64.01000213623047,64.01000213623047,825600
2007-05-11,64.30999755859375,64.45999908447266,63.56999969482422,64.31999969482422,64.31999969482422,736400
2007-05-14,65.5,66.0199966430664,64.5,65.76000213623047,65.76000213623047,1490900
2007-05-15,65.98999786376953,66.0,64.72000122070312,64.7699966430664,64.7699966430664,1306700
2007-05-16,64.80000305175781,65.01000213623047,63.5,64.12000274658203,64.12000274658203,854100
2007-05-17,63.869998931884766,64.18000030517578,63.29999923706055,63.779998779296875,63.779998779296875,720800
2007-05-18,63.75,63.75,63.0,63.5,63.5,537300
2007-05-21,63.68000030517578,64.11000061035156,63.06999969482422,63.349998474121094,63.349998474121094,978500
2007-05-22,63.099998474121094,63.5,61.84000015258789,62.45000076293945,62.45000076293945,1619800
2007-05-23,62.400001525878906,62.720001220703125,61.15999984741211,62.15999984741211,62.15999984741211,1784200
2007-05-24,62.0,62.5,61.279998779296875,61.630001068115234,61.630001068115234,915800
2007-05-25,61.619998931884766,61.72999954223633,60.97999954223633,61.29999923706055,61.29999923706055,960800
2007-05-29,61.349998474121094,62.470001220703125,61.349998474121094,61.93000030517578,61.93000030517578,668000
2007-05-30,61.75,63.099998474121094,61.5,63.0,63.0,735500
2007-05-31,63.040000915527344,64.94999694824219,63.040000915527344,64.81999969482422,64.81999969482422,1210100
2007-06-01,64.95999908447266,66.37999725341797,64.80000305175781,65.41999816894531,65.41999816894531,1954800
2007-06-04,65.43000030517578,65.75,64.8499984741211,65.41999816894531,65.41999816894531,581600
2007-06-05,65.33000183105469,65.52999877929688,64.36000061035156,64.7300033569336,64.7300033569336,1477600
2007-06-06,64.23999786376953,64.37999725341797,63.400001525878906,63.849998474121094,63.849998474121094,1183000
2007-06-07,63.849998474121094,63.95000076293945,63.22999954223633,63.36000061035156,63.36000061035156,1136800
2007-06-08,62.900001525878906,63.75,62.290000915527344,63.61000061035156,63.61000061035156,815200
2007-06-11,63.79999923706055,65.5,63.0,64.80999755859375,64.80999755859375,1089700
2007-06-12,64.16999816894531,64.18000030517578,62.65999984741211,62.66999816894531,62.66999816894531,1793200
2007-06-13,64.4000015258789,65.08999633789062,63.40999984741211,64.80000305175781,64.80000305175781,1813700
2007-06-14,64.80000305175781,65.18000030517578,64.61000061035156,64.94000244140625,64.94000244140625,930800
2007-06-15,65.0999984741211,66.16999816894531,65.0999984741211,65.88999938964844,65.88999938964844,819300
2007-06-18,65.91000366210938,66.41000366210938,64.62999725341797,65.12000274658203,65.12000274658203,1194100
2007-06-19,65.11000061035156,66.04000091552734,64.56999969482422,65.91999816894531,65.91999816894531,619700
2007-06-20,66.0199966430664,66.19999694824219,64.12000274658203,64.38999938964844,64.38999938964844,1199700
2007-06-21,64.0999984741211,64.31999969482422,63.459999084472656,63.70000076293945,63.70000076293945,1303000
2007-06-22,63.5,64.0999984741211,63.25,63.34000015258789,63.34000015258789,1130300
2007-06-25,63.529998779296875,64.08999633789062,62.349998474121094,62.93000030517578,62.93000030517578,1310600
2007-06-26,63.029998779296875,63.099998474121094,61.0,61.11000061035156,61.11000061035156,1481600
2007-06-27,61.0,61.52000045776367,60.5,61.31999969482422,61.31999969482422,1468100
2007-06-28,61.5,62.0,60.630001068115234,60.689998626708984,60.689998626708984,734500
2007-06-29,61.099998474121094,61.099998474121094,60.18000030517578,60.45000076293945,60.45000076293945,1159600
2007-07-02,60.45000076293945,61.06999969482422,60.27000045776367,60.31999969482422,60.31999969482422,847400
2007-07-03,60.459999084472656,60.84000015258789,60.31999969482422,60.34000015258789,60.34000015258789,401200
2007-07-05,60.349998474121094,61.369998931884766,60.34000015258789,61.349998474121094,61.349998474121094,687300
2007-07-06,61.25,62.0,60.61000061035156,61.630001068115234,61.630001068115234,676100
2007-07-09,61.75,61.93000030517578,61.060001373291016,61.31999969482422,61.31999969482422,723700
2007-07-10,60.59000015258789,60.939998626708984,60.27000045776367,60.29999923706055,60.29999923706055,664300
2007-07-11,60.2599983215332,60.95000076293945,60.060001373291016,60.29999923706055,60.29999923706055,527600
2007-07-12,62.720001220703125,63.810001373291016,61.709999084472656,63.34000015258789,63.34000015258789,1987200
2007-07-13,63.59000015258789,63.59000015258789,62.68000030517578,63.209999084472656,63.209999084472656,517000
2007-07-16,63.0,63.18000030517578,62.310001373291016,62.83000183105469,62.83000183105469,734000
2007-07-17,62.599998474121094,63.61000061035156,62.54999923706055,63.25,63.25,711800
2007-07-18,62.70000076293945,63.77000045776367,62.529998779296875,63.61000061035156,63.61000061035156,1024900
2007-07-19,62.599998474121094,64.4000015258789,60.130001068115234,61.20000076293945,61.20000076293945,3038400
2007-07-20,60.619998931884766,61.16999816894531,58.09000015258789,59.400001525878906,59.400001525878906,2232900
2007-07-23,59.70000076293945,60.209999084472656,59.220001220703125,59.439998626708984,59.439998626708984,1100700
2007-07-24,59.04999923706055,59.349998474121094,58.189998626708984,58.70000076293945,58.70000076293945,1333900
2007-07-25,59.099998474121094,59.209999084472656,58.04999923706055,59.0,59.0,981000
2007-07-26,58.68000030517578,58.68000030517578,56.25,57.060001373291016,57.060001373291016,1398600
2007-07-27,56.75,57.04999923706055,55.099998474121094,55.150001525878906,55.150001525878906,1231300
2007-07-30,55.02000045776367,55.689998626708984,53.2400016784668,54.75,54.75,1818200
2007-07-31,55.04999923706055,55.5,53.4900016784668,53.54999923706055,53.54999923706055,2215300
2007-08-01,53.5099983215332,53.869998931884766,52.0,52.79999923706055,52.79999923706055,1304200
2007-08-02,53.0,53.4900016784668,51.81999969482422,53.36000061035156,53.36000061035156,1223000
2007-08-03,52.869998931884766,52.869998931884766,50.09000015258789,50.220001220703125,50.220001220703125,1230400
2007-08-06,50.689998626708984,50.88999938964844,47.5,48.08000183105469,48.08000183105469,2464600
2007-08-07,48.0,48.380001068115234,46.900001525878906,47.52000045776367,47.52000045776367,1534600
2007-08-08,48.0,49.61000061035156,47.470001220703125,48.720001220703125,48.720001220703125,3311800
2007-08-09,48.0,48.15999984741211,45.27000045776367,46.13999938964844,46.13999938964844,2305200
2007-08-10,45.5099983215332,48.70000076293945,45.25,48.529998779296875,48.529998779296875,2156300
2007-08-13,48.20000076293945,50.529998779296875,48.20000076293945,49.61000061035156,49.61000061035156,1359800
2007-08-14,49.41999816894531,49.790000915527344,47.959999084472656,48.09000015258789,48.09000015258789,1096300
2007-08-15,48.0,48.25,45.88999938964844,46.02000045776367,46.02000045776367,990700
2007-08-16,45.5,45.84000015258789,41.779998779296875,44.40999984741211,44.40999984741211,2027100
2007-08-17,45.0,45.9900016784668,44.13999938964844,45.38999938964844,45.38999938964844,968400
2007-08-20,45.619998931884766,48.34000015258789,45.619998931884766,47.63999938964844,47.63999938964844,1056900
2007-08-21,47.5,48.720001220703125,46.84000015258789,48.25,48.25,1240400
2007-08-22,48.310001373291016,49.09000015258789,47.5,48.90999984741211,48.90999984741211,674900
2007-08-23,49.279998779296875,49.5,47.720001220703125,47.779998779296875,47.779998779296875,598000
2007-08-24,47.790000915527344,48.61000061035156,47.599998474121094,48.61000061035156,48.61000061035156,429600
2007-08-27,48.45000076293945,48.59000015258789,47.630001068115234,47.779998779296875,47.779998779296875,361900
2007-08-28,47.560001373291016,47.58000183105469,46.08000183105469,46.150001525878906,46.150001525878906,485500
2007-08-29,46.22999954223633,47.040000915527344,45.52000045776367,46.790000915527344,46.790000915527344,682500
2007-08-30,46.540000915527344,47.290000915527344,46.439998626708984,46.93000030517578,46.93000030517578,432600
2007-08-31,47.4900016784668,47.880001068115234,47.13999938964844,47.59000015258789,47.59000015258789,309700
2007-09-04,47.22999954223633,47.95000076293945,47.029998779296875,47.5099983215332,47.5099983215332,363500
2007-09-05,47.18000030517578,47.18000030517578,46.209999084472656,46.439998626708984,46.439998626708984,1036900
2007-09-06,46.529998779296875,46.790000915527344,44.43000030517578,44.619998931884766,44.619998931884766,1718700
2007-09-07,44.0,44.209999084472656,42.5,43.810001373291016,43.810001373291016,2111900
2007-09-10,44.0,44.34000015258789,42.380001068115234,42.54999923706055,42.54999923706055,1278100
2007-09-11,42.04999923706055,43.599998474121094,42.04999923706055,43.5099983215332,43.5099983215332,841400
2007-09-12,42.959999084472656,43.34000015258789,41.88999938964844,41.93000030517578,41.93000030517578,980800
2007-09-13,42.15999984741211,42.43000030517578,41.31999969482422,41.75,41.75,596900
2007-09-14,41.5,42.47999954223633,41.25,42.400001525878906,42.400001525878906,363800
2007-09-17,42.189998626708984,42.5,41.619998931884766,42.029998779296875,42.029998779296875,452200
2007-09-18,42.099998474121094,44.11000061035156,41.91999816894531,43.970001220703125,43.970001220703125,708700
2007-09-19,44.11000061035156,45.400001525878906,44.029998779296875,44.5,44.5,917800
2007-09-20,44.619998931884766,44.619998931884766,43.0,43.15999984741211,43.15999984741211,620700
2007-09-21,43.349998474121094,43.40999984741211,42.630001068115234,42.939998626708984,42.939998626708984,633800
2007-09-24,43.209999084472656,43.279998779296875,41.43000030517578,41.599998474121094,41.599998474121094,590800
2007-09-25,41.52000045776367,41.52000045776367,38.869998931884766,39.220001220703125,39.220001220703125,2162000
2007-09-26,39.220001220703125,39.34000015258789,37.650001525878906,39.060001373291016,39.060001373291016,1418100
2007-09-27,39.15999984741211,39.25,38.380001068115234,38.97999954223633,38.97999954223633,1003400
2007-09-28,39.529998779296875,44.470001220703125,39.529998779296875,42.939998626708984,42.939998626708984,2997100
2007-10-01,42.869998931884766,45.9900016784668,42.869998931884766,45.599998474121094,45.599998474121094,2444300
2007-10-02,45.650001525878906,46.0,43.68000030517578,43.91999816894531,43.91999816894531,1539600
2007-10-03,44.599998474121094,46.9900016784668,44.290000915527344,45.5,45.5,1637500
2007-10-04,45.52000045776367,45.869998931884766,44.4900016784668,44.630001068115234,44.630001068115234,2626000
2007-10-05,45.29999923706055,46.5,45.0099983215332,46.060001373291016,46.060001373291016,1005400
2007-10-08,46.290000915527344,46.36000061035156,45.0,45.029998779296875,45.029998779296875,396900
2007-10-09,45.599998474121094,47.4900016784668,45.380001068115234,46.810001373291016,46.810001373291016,1612700
2007-10-10,46.5,46.66999816894531,45.79999923706055,46.52000045776367,46.52000045776367,742000
2007-10-11,46.61000061035156,47.2599983215332,46.2599983215332,46.540000915527344,46.540000915527344,1180800
2007-10-12,46.15999984741211,46.36000061035156,45.09000015258789,45.470001220703125,45.470001220703125,1121300
2007-10-15,45.470001220703125,45.59000015258789,44.939998626708984,45.41999816894531,45.41999816894531,609100
2007-10-16,46.0099983215332,46.880001068115234,45.86000061035156,46.11000061035156,46.11000061035156,947700
2007-10-17,47.0,47.310001373291016,46.0,46.459999084472656,46.459999084472656,1391200
2007-10-18,48.5,51.0,46.540000915527344,47.79999923706055,47.79999923706055,3310200
2007-10-19,47.15999984741211,48.27000045776367,46.529998779296875,47.150001525878906,47.150001525878906,1320800
2007-10-22,46.59000015258789,48.52000045776367,46.5,48.0,48.0,774400
2007-10-23,48.56999969482422,49.08000183105469,48.08000183105469,48.58000183105469,48.58000183105469,847000
2007-10-24,48.5,49.04999923706055,48.0099983215332,48.97999954223633,48.97999954223633,656400
2007-10-25,48.81999969482422,48.93000030517578,47.15999984741211,47.470001220703125,47.470001220703125,740100
2007-10-26,47.63999938964844,47.75,45.650001525878906,46.709999084472656,46.709999084472656,927000
2007-10-29,46.790000915527344,47.25,46.279998779296875,46.59000015258789,46.59000015258789,768500
2007-10-30,46.27000045776367,46.810001373291016,45.83000183105469,46.08000183105469,46.08000183105469,521500
2007-10-31,46.08000183105469,47.06999969482422,45.459999084472656,46.650001525878906,46.650001525878906,623800
2007-11-01,46.20000076293945,46.34000015258789,45.18000030517578,45.34000015258789,45.34000015258789,789800
2007-11-02,45.86000061035156,46.060001373291016,44.5,45.13999938964844,45.13999938964844,674100
2007-11-05,44.72999954223633,45.7599983215332,44.5,45.36000061035156,45.36000061035156,461700
2007-11-06,45.41999816894531,45.95000076293945,44.90999984741211,45.63999938964844,45.63999938964844,525200
2007-11-07,45.290000915527344,45.540000915527344,44.650001525878906,45.0099983215332,45.0099983215332,544300
2007-11-08,45.0,45.36000061035156,44.099998474121094,45.09000015258789,45.09000015258789,818100
2007-11-09,44.58000183105469,45.0099983215332,43.5,43.540000915527344,43.540000915527344,582300
2007-11-12,43.86000061035156,44.5,43.0,43.16999816894531,43.16999816894531,689600
2007-11-13,43.16999816894531,43.83000183105469,42.0,43.27000045776367,43.27000045776367,725000
2007-11-14,43.77000045776367,44.5,43.29999923706055,43.459999084472656,43.459999084472656,845800
2007-11-15,43.56999969482422,43.97999954223633,42.5,42.939998626708984,42.939998626708984,536100
2007-11-16,42.63999938964844,43.16999816894531,41.47999954223633,42.04999923706055,42.04999923706055,763400
2007-11-19,41.95000076293945,42.060001373291016,40.0,40.7400016784668,40.7400016784668,1119600
2007-11-20,40.7400016784668,41.68000030517578,39.790000915527344,40.349998474121094,40.349998474121094,868000
2007-11-21,39.66999816894531,41.0099983215332,39.5,40.7599983215332,40.7599983215332,724500
2007-11-23,40.5099983215332,41.86000061035156,40.5099983215332,41.72999954223633,41.72999954223633,232400
2007-11-26,41.849998474121094,42.0,41.31999969482422,41.58000183105469,41.58000183105469,780100
2007-11-27,41.29999923706055,41.810001373291016,39.529998779296875,40.29999923706055,40.29999923706055,913300
2007-11-28,39.599998474121094,40.880001068115234,39.0,40.63999938964844,40.63999938964844,1049000
2007-11-29,40.18000030517578,40.939998626708984,40.11000061035156,40.68000030517578,40.68000030517578,512100
2007-11-30,40.77000045776367,41.38999938964844,40.150001525878906,40.47999954223633,40.47999954223633,509100
2007-12-03,40.880001068115234,42.0099983215332,40.279998779296875,41.7400016784668,41.7400016784668,835600
2007-12-04,41.790000915527344,41.790000915527344,40.5,40.81999969482422,40.81999969482422,474500
2007-12-05,40.869998931884766,41.34000015258789,40.5,41.09000015258789,41.09000015258789,416700
2007-12-06,41.02000045776367,42.97999954223633,40.81999969482422,42.880001068115234,42.880001068115234,641500
2007-12-07,42.47999954223633,43.56999969482422,42.47999954223633,43.439998626708984,43.439998626708984,644800
2007-12-10,43.560001373291016,44.189998626708984,43.400001525878906,44.04999923706055,44.04999923706055,323000
2007-12-11,44.08000183105469,44.290000915527344,41.0,41.22999954223633,41.22999954223633,1364000
2007-12-12,42.84000015258789,42.84000015258789,41.11000061035156,41.65999984741211,41.65999984741211,475100
2007-12-13,41.439998626708984,41.88999938964844,40.81999969482422,40.97999954223633,40.97999954223633,359200
2007-12-14,40.5,41.20000076293945,40.06999969482422,41.029998779296875,41.029998779296875,649400
2007-12-17,41.72999954223633,41.72999954223633,39.790000915527344,40.0,40.0,580200
2007-12-18,40.22999954223633,40.72999954223633,38.18000030517578,38.689998626708984,38.689998626708984,871700
2007-12-19,38.81999969482422,39.619998931884766,38.63999938964844,38.939998626708984,38.939998626708984,1142800
2007-12-20,38.810001373291016,39.470001220703125,37.939998626708984,38.25,38.25,843500
2007-12-21,38.9900016784668,39.5,38.56999969482422,39.06999969482422,39.06999969482422,923300
2007-12-24,38.810001373291016,40.52000045776367,38.810001373291016,40.470001220703125,40.470001220703125,348300
2007-12-26,40.15999984741211,40.849998474121094,39.9900016784668,40.310001373291016,40.310001373291016,611800
2007-12-27,40.36000061035156,40.4900016784668,38.880001068115234,38.900001525878906,38.900001525878906,389300
2007-12-28,38.939998626708984,39.459999084472656,38.84000015258789,39.15999984741211,39.15999984741211,500400
2007-12-31,38.810001373291016,39.72999954223633,38.5,39.63999938964844,39.63999938964844,1024500
2008-01-02,39.31999969482422,40.540000915527344,38.56999969482422,39.349998474121094,39.349998474121094,1114000
2008-01-03,39.5,39.70000076293945,38.689998626708984,38.779998779296875,38.779998779296875,383300
2008-01-04,38.5,38.68000030517578,37.56999969482422,37.7400016784668,37.7400016784668,740800
2008-01-07,37.790000915527344,38.459999084472656,37.380001068115234,37.790000915527344,37.790000915527344,650200
2008-01-08,37.95000076293945,37.9900016784668,35.5099983215332,35.56999969482422,35.56999969482422,1305900
2008-01-09,35.7400016784668,35.939998626708984,34.5,35.400001525878906,35.400001525878906,917100
2008-01-10,35.38999938964844,35.88999938964844,33.720001220703125,35.38999938964844,35.38999938964844,1136900
2008-01-11,34.95000076293945,34.95000076293945,33.88999938964844,34.2400016784668,34.2400016784668,439800
2008-01-14,34.5,35.65999984741211,34.0099983215332,35.40999984741211,35.40999984741211,646200
2008-01-15,35.130001068115234,35.95000076293945,34.970001220703125,35.189998626708984,35.189998626708984,816600
2008-01-16,35.0,35.56999969482422,34.29999923706055,34.959999084472656,34.959999084472656,833300
2008-01-17,34.91999816894531,35.91999816894531,33.77000045776367,33.83000183105469,33.83000183105469,1088900
2008-01-18,33.9900016784668,34.0,32.0,32.88999938964844,32.88999938964844,831400
2008-01-22,31.889999389648438,33.56999969482422,31.010000228881836,32.93000030517578,32.93000030517578,1285400
2008-01-23,32.189998626708984,34.68000030517578,32.189998626708984,34.45000076293945,34.45000076293945,829200
2008-01-24,34.630001068115234,36.060001373291016,34.630001068115234,35.720001220703125,35.720001220703125,697900
2008-01-25,35.849998474121094,36.25,34.869998931884766,35.11000061035156,35.11000061035156,400600
2008-01-28,35.119998931884766,35.84000015258789,34.7599983215332,35.7400016784668,35.7400016784668,561400
2008-01-29,36.0099983215332,36.880001068115234,34.97999954223633,36.380001068115234,36.380001068115234,1197000
2008-01-30,36.040000915527344,37.4900016784668,35.849998474121094,36.5,36.5,1447400
2008-01-31,38.689998626708984,43.20000076293945,37.349998474121094,42.2400016784668,42.2400016784668,3384400
2008-02-01,42.18000030517578,42.18000030517578,38.130001068115234,41.369998931884766,41.369998931884766,2219400
2008-02-04,41.29999923706055,41.36000061035156,40.0,40.29999923706055,40.29999923706055,1085200
2008-02-05,39.779998779296875,40.599998474121094,39.5,39.810001373291016,39.810001373291016,1356400
2008-02-06,40.290000915527344,40.459999084472656,39.0,39.08000183105469,39.08000183105469,1000900
2008-02-07,38.93000030517578,40.29999923706055,38.5,40.029998779296875,40.029998779296875,887600
2008-02-08,39.41999816894531,40.41999816894531,39.41999816894531,40.0,40.0,638400
2008-02-11,39.790000915527344,40.66999816894531,39.18000030517578,40.220001220703125,40.220001220703125,442900
2008-02-12,40.58000183105469,41.0,39.88999938964844,40.380001068115234,40.380001068115234,635900
2008-02-13,40.75,41.5099983215332,40.599998474121094,41.279998779296875,41.279998779296875,397900
2008-02-14,41.31999969482422,41.459999084472656,40.0,40.16999816894531,40.16999816894531,341700
2008-02-15,40.150001525878906,40.7400016784668,39.650001525878906,39.939998626708984,39.939998626708984,412400
2008-02-19,40.08000183105469,41.650001525878906,39.97999954223633,41.08000183105469,41.08000183105469,650100
2008-02-20,40.689998626708984,42.619998931884766,40.540000915527344,42.41999816894531,42.41999816894531,604800
2008-02-21,42.619998931884766,43.060001373291016,41.599998474121094,41.709999084472656,41.709999084472656,769600
2008-02-22,41.95000076293945,42.31999969482422,41.2599983215332,41.97999954223633,41.97999954223633,484900
2008-02-25,41.58000183105469,43.09000015258789,41.22999954223633,42.779998779296875,42.779998779296875,564800
2008-02-26,42.54999923706055,43.59000015258789,42.54999923706055,43.189998626708984,43.189998626708984,414900
2008-02-27,43.08000183105469,43.09000015258789,41.75,42.43000030517578,42.43000030517578,439000
2008-02-28,42.0,42.41999816894531,41.5,41.709999084472656,41.709999084472656,448300
2008-02-29,41.650001525878906,41.849998474121094,39.90999984741211,40.0,40.0,743500
2008-03-03,39.95000076293945,40.540000915527344,39.5,40.47999954223633,40.47999954223633,1188000
2008-03-04,40.0,40.279998779296875,38.810001373291016,39.470001220703125,39.470001220703125,834500
2008-03-05,39.36000061035156,39.95000076293945,38.5,39.599998474121094,39.599998474121094,549200
2008-03-06,39.439998626708984,39.529998779296875,38.150001525878906,38.2599983215332,38.2599983215332,551400
2008-03-07,38.0,38.40999984741211,36.560001373291016,36.7400016784668,36.7400016784668,1349200
2008-03-10,36.779998779296875,36.9900016784668,36.0,36.0,36.0,826200
2008-03-11,36.66999816894531,36.7400016784668,35.130001068115234,36.40999984741211,36.40999984741211,1023400
2008-03-12,36.400001525878906,36.5,35.5,35.599998474121094,35.599998474121094,790300
2008-03-13,35.5,36.5,35.0,36.29999923706055,36.29999923706055,1316200
2008-03-14,36.619998931884766,36.7400016784668,34.849998474121094,35.54999923706055,35.54999923706055,1070600
2008-03-17,34.43000030517578,35.88999938964844,33.54999923706055,34.5,34.5,979100
2008-03-18,34.79999923706055,35.65999984741211,34.25,35.470001220703125,35.470001220703125,763200
2008-03-19,35.5099983215332,36.36000061035156,35.27000045776367,35.84000015258789,35.84000015258789,1396800
2008-03-20,35.83000183105469,36.150001525878906,35.0,35.790000915527344,35.790000915527344,1531600
2008-03-24,35.79999923706055,37.439998626708984,35.70000076293945,36.65999984741211,36.65999984741211,1133900
2008-03-25,36.75,37.720001220703125,36.650001525878906,37.54999923706055,37.54999923706055,1477500
2008-03-26,37.439998626708984,37.900001525878906,36.83000183105469,37.29999923706055,37.29999923706055,594400
2008-03-27,37.220001220703125,37.220001220703125,36.09000015258789,36.45000076293945,36.45000076293945,712200
2008-03-28,36.4900016784668,36.59000015258789,35.91999816894531,36.04999923706055,36.04999923706055,577800
2008-03-31,35.939998626708984,36.61000061035156,35.689998626708984,36.4900016784668,36.4900016784668,808500
2008-04-01,36.72999954223633,38.0,36.5,37.70000076293945,37.70000076293945,798800
2008-04-02,37.459999084472656,38.119998931884766,37.08000183105469,37.7400016784668,37.7400016784668,652100
2008-04-03,37.400001525878906,39.040000915527344,37.279998779296875,38.470001220703125,38.470001220703125,738000
2008-04-04,38.63999938964844,39.56999969482422,38.349998474121094,39.2400016784668,39.2400016784668,539000
2008-04-07,39.70000076293945,39.70000076293945,38.04999923706055,38.369998931884766,38.369998931884766,617000
2008-04-08,38.20000076293945,38.20000076293945,37.63999938964844,37.939998626708984,37.939998626708984,634400
2008-04-09,37.939998626708984,38.06999969482422,36.93000030517578,37.20000076293945,37.20000076293945,446300
2008-04-10,37.0099983215332,37.66999816894531,36.720001220703125,37.459999084472656,37.459999084472656,417000
2008-04-11,37.099998474121094,37.599998474121094,36.720001220703125,37.09000015258789,37.09000015258789,538700
2008-04-14,37.099998474121094,38.15999984741211,37.099998474121094,38.040000915527344,38.040000915527344,972400
2008-04-15,38.189998626708984,38.189998626708984,37.130001068115234,37.369998931884766,37.369998931884766,689100
2008-04-16,37.86000061035156,39.0,37.380001068115234,38.849998474121094,38.849998474121094,699900
2008-04-17,38.849998474121094,39.959999084472656,38.66999816894531,38.9900016784668,38.9900016784668,834100
2008-04-18,39.56999969482422,40.349998474121094,39.31999969482422,40.18000030517578,40.18000030517578,717400
2008-04-21,40.18000030517578,41.2599983215332,39.939998626708984,40.95000076293945,40.95000076293945,795900
2008-04-22,40.75,40.75,38.779998779296875,39.810001373291016,39.810001373291016,764300
2008-04-23,40.0,40.0,38.459999084472656,39.06999969482422,39.06999969482422,673100
2008-04-24,37.560001373291016,38.7400016784668,36.7599983215332,37.150001525878906,37.150001525878906,1672400
2008-04-25,37.029998779296875,37.900001525878906,36.5,37.75,37.75,720100
2008-04-28,37.56999969482422,37.56999969482422,36.5,36.869998931884766,36.869998931884766,680100
2008-04-29,36.900001525878906,37.9900016784668,36.900001525878906,37.68000030517578,37.68000030517578,810000
2008-04-30,37.93000030517578,37.93000030517578,36.86000061035156,37.209999084472656,37.209999084472656,884100
2008-05-01,37.4900016784668,39.04999923706055,37.290000915527344,38.63999938964844,38.63999938964844,949500
2008-05-02,38.720001220703125,39.75,38.63999938964844,39.650001525878906,39.650001525878906,880300
2008-05-05,39.59000015258789,40.5,39.54999923706055,40.38999938964844,40.38999938964844,727100
2008-05-06,39.939998626708984,41.2599983215332,39.849998474121094,41.04999923706055,41.04999923706055,767400
2008-05-07,41.130001068115234,41.38999938964844,39.70000076293945,39.75,39.75,950100
2008-05-08,39.7599983215332,40.83000183105469,39.7599983215332,40.459999084472656,40.459999084472656,513600
2008-05-09,40.25,40.689998626708984,39.720001220703125,40.380001068115234,40.380001068115234,363000
2008-05-12,40.43000030517578,41.709999084472656,40.40999984741211,41.27000045776367,41.27000045776367,694800
2008-05-13,41.310001373291016,42.41999816894531,41.06999969482422,42.18000030517578,42.18000030517578,633500
2008-05-14,42.5,43.060001373291016,42.27000045776367,42.540000915527344,42.540000915527344,882000
2008-05-15,42.599998474121094,43.279998779296875,42.5,43.220001220703125,43.220001220703125,543700
2008-05-16,43.380001068115234,44.5,43.040000915527344,44.18000030517578,44.18000030517578,992200
2008-05-19,44.29999923706055,45.2400016784668,44.0,44.16999816894531,44.16999816894531,1071200
2008-05-20,43.65999984741211,44.72999954223633,43.65999984741211,44.11000061035156,44.11000061035156,662700
2008-05-21,44.47999954223633,44.47999954223633,43.31999969482422,43.66999816894531,43.66999816894531,555100
2008-05-22,43.43000030517578,44.61000061035156,43.43000030517578,43.810001373291016,43.810001373291016,649600
2008-05-23,43.63999938964844,43.70000076293945,41.65999984741211,41.810001373291016,41.810001373291016,948100
2008-05-27,41.83000183105469,43.59000015258789,41.5,43.4900016784668,43.4900016784668,703600
2008-05-28,43.5,43.54999923706055,43.029998779296875,43.54999923706055,43.54999923706055,332600
2008-05-29,43.630001068115234,44.38999938964844,43.29999923706055,44.060001373291016,44.060001373291016,387100
2008-05-30,44.060001373291016,44.4900016784668,43.7599983215332,44.310001373291016,44.310001373291016,445500
2008-06-02,44.029998779296875,45.5,44.029998779296875,44.869998931884766,44.869998931884766,1250800
2008-06-03,45.13999938964844,45.61000061035156,44.119998931884766,45.09000015258789,45.09000015258789,1736200
2008-06-04,44.95000076293945,46.5099983215332,44.79999923706055,45.720001220703125,45.720001220703125,610400
2008-06-05,46.02000045776367,46.130001068115234,45.2599983215332,46.11000061035156,46.11000061035156,589500
2008-06-06,45.72999954223633,45.88999938964844,43.95000076293945,44.040000915527344,44.040000915527344,741300
2008-06-09,44.31999969482422,44.7599983215332,43.0,43.29999923706055,43.29999923706055,948700
2008-06-10,42.7400016784668,43.58000183105469,42.5,43.40999984741211,43.40999984741211,593600
2008-06-11,43.40999984741211,43.58000183105469,41.58000183105469,41.83000183105469,41.83000183105469,541900
2008-06-12,41.7599983215332,42.29999923706055,41.06999969482422,41.400001525878906,41.400001525878906,669400
2008-06-13,41.869998931884766,43.34000015258789,41.47999954223633,43.33000183105469,43.33000183105469,715400
2008-06-16,43.13999938964844,43.349998474121094,42.689998626708984,43.130001068115234,43.130001068115234,408900
2008-06-17,43.5,43.5,42.0,42.18000030517578,42.18000030517578,443200
2008-06-18,42.0,42.2400016784668,41.04999923706055,41.97999954223633,41.97999954223633,454300
2008-06-19,41.97999954223633,43.15999984741211,41.869998931884766,43.0,43.0,359600
2008-06-20,42.650001525878906,42.75,42.0,42.18000030517578,42.18000030517578,340200
2008-06-23,42.349998474121094,42.79999923706055,41.68000030517578,42.779998779296875,42.779998779296875,560700
2008-06-24,42.7400016784668,43.29999923706055,41.91999816894531,42.2400016784668,42.2400016784668,525000
2008-06-25,42.16999816894531,42.650001525878906,41.52000045776367,42.47999954223633,42.47999954223633,685100
2008-06-26,42.45000076293945,42.90999984741211,40.84000015258789,40.95000076293945,40.95000076293945,689700
2008-06-27,40.869998931884766,40.93000030517578,39.90999984741211,40.25,40.25,773100
2008-06-30,40.04999923706055,40.56999969482422,39.939998626708984,40.040000915527344,40.040000915527344,384100
2008-07-01,39.5,40.060001373291016,38.599998474121094,38.900001525878906,38.900001525878906,912800
2008-07-02,38.79999923706055,39.04999923706055,36.77000045776367,36.880001068115234,36.880001068115234,982200
2008-07-03,37.040000915527344,37.31999969482422,36.0,36.11000061035156,36.11000061035156,599500
2008-07-07,36.310001373291016,36.939998626708984,35.119998931884766,36.11000061035156,36.11000061035156,1038500
2008-07-08,36.09000015258789,36.25,35.150001525878906,35.79999923706055,35.79999923706055,924900
2008-07-09,35.880001068115234,36.09000015258789,35.0,35.18000030517578,35.18000030517578,789300
2008-07-10,35.0,35.540000915527344,34.5,35.290000915527344,35.290000915527344,1040800
2008-07-11,34.599998474121094,35.5,34.150001525878906,35.119998931884766,35.119998931884766,611100
2008-07-14,35.33000183105469,35.47999954223633,33.939998626708984,34.61000061035156,34.61000061035156,585200
2008-07-15,34.25,34.560001373291016,33.5,33.83000183105469,33.83000183105469,1143800
2008-07-16,34.02000045776367,34.47999954223633,33.540000915527344,34.29999923706055,34.29999923706055,1560400
2008-07-17,34.630001068115234,35.380001068115234,34.189998626708984,35.380001068115234,35.380001068115234,1282000
2008-07-18,35.45000076293945,35.45000076293945,34.560001373291016,35.2599983215332,35.2599983215332,755600
2008-07-21,35.56999969482422,36.810001373291016,35.2599983215332,36.619998931884766,36.619998931884766,1048700
2008-07-22,36.06999969482422,37.560001373291016,35.970001220703125,37.470001220703125,37.470001220703125,1283700
2008-07-23,37.470001220703125,38.150001525878906,37.25,37.70000076293945,37.70000076293945,1006900
2008-07-24,37.709999084472656,37.790000915527344,35.099998474121094,35.150001525878906,35.150001525878906,1377100
2008-07-25,35.2599983215332,36.58000183105469,35.119998931884766,36.529998779296875,36.529998779296875,719900
2008-07-28,36.380001068115234,36.790000915527344,35.939998626708984,35.939998626708984,35.939998626708984,871100
2008-07-29,36.119998931884766,37.650001525878906,36.06999969482422,37.41999816894531,37.41999816894531,665600
2008-07-30,37.58000183105469,38.40999984741211,37.279998779296875,38.33000183105469,38.33000183105469,528500
2008-07-31,37.43000030517578,38.290000915527344,37.43000030517578,37.650001525878906,37.650001525878906,705100
2008-08-01,37.75,37.900001525878906,37.0,37.599998474121094,37.599998474121094,460500
2008-08-04,37.689998626708984,37.689998626708984,36.5,36.61000061035156,36.61000061035156,431200
2008-08-05,37.02000045776367,37.09000015258789,36.5099983215332,36.88999938964844,36.88999938964844,543400
2008-08-06,36.849998474121094,37.689998626708984,36.34000015258789,37.470001220703125,37.470001220703125,415400
2008-08-07,37.38999938964844,38.150001525878906,37.08000183105469,37.52000045776367,37.52000045776367,401000
2008-08-08,37.4900016784668,38.630001068115234,37.29999923706055,38.540000915527344,38.540000915527344,400700
2008-08-11,38.220001220703125,39.2599983215332,38.220001220703125,38.7400016784668,38.7400016784668,535500
2008-08-12,38.7400016784668,38.91999816894531,38.130001068115234,38.25,38.25,528400
2008-08-13,38.08000183105469,38.099998474121094,35.95000076293945,37.04999923706055,37.04999923706055,1651300
2008-08-14,36.900001525878906,37.61000061035156,36.709999084472656,37.25,37.25,571100
2008-08-15,37.439998626708984,38.150001525878906,37.04999923706055,38.0,38.0,998100
2008-08-18,38.2599983215332,38.400001525878906,37.7599983215332,38.0,38.0,703900
2008-08-19,37.779998779296875,37.9900016784668,37.380001068115234,37.81999969482422,37.81999969482422,486100
2008-08-20,38.130001068115234,38.68000030517578,37.93000030517578,38.2599983215332,38.2599983215332,395200
2008-08-21,38.11000061035156,38.84000015258789,37.90999984741211,37.939998626708984,37.939998626708984,375600
2008-08-22,38.25,38.5,37.66999816894531,38.27000045776367,38.27000045776367,232900
2008-08-25,37.95000076293945,37.95000076293945,36.68000030517578,37.36000061035156,37.36000061035156,280100
2008-08-26,37.22999954223633,37.34000015258789,36.790000915527344,37.20000076293945,37.20000076293945,425600
2008-08-27,37.15999984741211,37.88999938964844,37.130001068115234,37.459999084472656,37.459999084472656,265800
2008-08-28,37.70000076293945,38.33000183105469,37.560001373291016,38.15999984741211,38.15999984741211,301600
2008-08-29,38.13999938964844,38.7400016784668,37.630001068115234,38.439998626708984,38.439998626708984,325100
2008-09-02,39.34000015258789,39.790000915527344,38.22999954223633,38.56999969482422,38.56999969482422,526500
2008-09-03,38.5,38.63999938964844,37.5099983215332,38.380001068115234,38.380001068115234,698000
2008-09-04,37.939998626708984,38.279998779296875,37.29999923706055,37.93000030517578,37.93000030517578,737900
2008-09-05,37.599998474121094,38.290000915527344,37.18000030517578,38.0,38.0,472900
2008-09-08,38.939998626708984,40.380001068115234,38.689998626708984,40.0099983215332,40.0099983215332,852600
2008-09-09,40.18000030517578,40.18000030517578,37.310001373291016,37.540000915527344,37.540000915527344,1179400
2008-09-10,37.65999984741211,38.720001220703125,37.560001373291016,38.38999938964844,38.38999938964844,593300
2008-09-11,37.79999923706055,38.40999984741211,37.02000045776367,38.40999984741211,38.40999984741211,698800
2008-09-12,38.099998474121094,39.779998779296875,38.06999969482422,39.369998931884766,39.369998931884766,517200
2008-09-15,38.25,38.75,36.72999954223633,37.18000030517578,37.18000030517578,684500
2008-09-16,36.16999816894531,36.900001525878906,35.5099983215332,36.38999938964844,36.38999938964844,1138400
2008-09-17,35.95000076293945,36.15999984741211,34.59000015258789,35.09000015258789,35.09000015258789,814500
2008-09-18,35.36000061035156,35.63999938964844,32.61000061035156,34.220001220703125,34.220001220703125,1050400
2008-09-19,36.25,37.790000915527344,35.04999923706055,37.11000061035156,37.11000061035156,1045000
2008-09-22,37.119998931884766,37.119998931884766,34.84000015258789,35.029998779296875,35.029998779296875,469600
2008-09-23,35.34000015258789,35.790000915527344,34.72999954223633,35.209999084472656,35.209999084472656,422900
2008-09-24,35.72999954223633,35.7599983215332,34.790000915527344,35.02000045776367,35.02000045776367,464800
2008-09-25,35.06999969482422,36.27000045776367,34.869998931884766,35.900001525878906,35.900001525878906,413200
2008-09-26,35.5099983215332,35.5099983215332,34.459999084472656,34.939998626708984,34.939998626708984,510300
2008-09-29,34.43000030517578,34.54999923706055,31.81999969482422,31.979999542236328,31.979999542236328,992800
2008-09-30,32.79999923706055,32.810001373291016,31.239999771118164,32.18000030517578,32.18000030517578,1068800
2008-10-01,31.899999618530273,31.899999618530273,30.170000076293945,30.479999542236328,30.479999542236328,815700
2008-10-02,30.360000610351562,30.360000610351562,28.270000457763672,28.450000762939453,28.450000762939453,943000
2008-10-03,28.510000228881836,29.34000015258789,27.1299991607666,27.43000030517578,27.43000030517578,1022100
2008-10-06,26.56999969482422,26.829999923706055,24.59000015258789,26.670000076293945,26.670000076293945,1125000
2008-10-07,27.100000381469727,27.260000228881836,24.579999923706055,24.579999923706055,24.579999923706055,830800
2008-10-08,24.350000381469727,26.0,23.719999313354492,24.030000686645508,24.030000686645508,1213500
2008-10-09,24.149999618530273,24.850000381469727,19.700000762939453,20.399999618530273,20.399999618530273,1695900
2008-10-10,19.399999618530273,22.899999618530273,18.739999771118164,22.5,22.5,2787800
2008-10-13,23.290000915527344,23.760000228881836,22.239999771118164,23.450000762939453,23.450000762939453,819400
2008-10-14,23.799999237060547,24.450000762939453,20.709999084472656,20.979999542236328,20.979999542236328,1145600
2008-10-15,20.68000030517578,21.079999923706055,18.3799991607666,18.3799991607666,18.3799991607666,836000
2008-10-16,18.75,19.920000076293945,17.540000915527344,19.799999237060547,19.799999237060547,1424900
2008-10-17,19.530000686645508,21.360000610351562,19.1299991607666,20.040000915527344,20.040000915527344,1068900
2008-10-20,20.229999542236328,20.709999084472656,19.649999618530273,20.639999389648438,20.639999389648438,419400
2008-10-21,20.510000228881836,20.510000228881836,19.010000228881836,19.3799991607666,19.3799991607666,757600
2008-10-22,18.780000686645508,18.780000686645508,15.9399995803833,16.5,16.5,1273400
2008-10-23,19.989999771118164,20.0,15.800000190734863,17.0,17.0,1905800
2008-10-24,15.40999984741211,16.75,15.210000038146973,16.3799991607666,16.3799991607666,1134700
2008-10-27,15.75,16.290000915527344,14.989999771118164,15.609999656677246,15.609999656677246,1324400
2008-10-28,16.18000030517578,17.290000915527344,15.069999694824219,17.270000457763672,17.270000457763672,779800
2008-10-29,17.239999771118164,18.420000076293945,16.729999542236328,17.770000457763672,17.770000457763672,877800
2008-10-30,18.5,18.8799991607666,17.93000030517578,18.719999313354492,18.719999313354492,676600
2008-10-31,18.459999084472656,20.25,18.260000228881836,19.8799991607666,19.8799991607666,801000
2008-11-03,19.530000686645508,20.809999465942383,18.8799991607666,20.510000228881836,20.510000228881836,723800
2008-11-04,21.049999237060547,21.06999969482422,19.1200008392334,19.690000534057617,19.690000534057617,911400
2008-11-05,19.510000228881836,19.670000076293945,18.559999465942383,18.610000610351562,18.610000610351562,787200
2008-11-06,18.31999969482422,18.690000534057617,16.940000534057617,16.969999313354492,16.969999313354492,804300
2008-11-07,17.520000457763672,17.90999984741211,16.920000076293945,17.770000457763672,17.770000457763672,882600
2008-11-10,18.329999923706055,18.549999237060547,16.889999389648438,17.1299991607666,17.1299991607666,469900
2008-11-11,16.700000762939453,17.1200008392334,15.739999771118164,16.639999389648438,16.639999389648438,576600
2008-11-12,16.579999923706055,16.579999923706055,14.680000305175781,14.739999771118164,14.739999771118164,524300
2008-11-13,15.010000228881836,17.15999984741211,14.239999771118164,17.139999389648438,17.139999389648438,1579600
2008-11-14,16.65999984741211,17.690000534057617,15.720000267028809,16.549999237060547,16.549999237060547,1043200
2008-11-17,15.300000190734863,16.25,14.100000381469727,15.920000076293945,15.920000076293945,1194800
2008-11-18,16.1299991607666,16.479999542236328,14.5,15.300000190734863,15.300000190734863,697600
2008-11-19,15.329999923706055,15.600000381469727,13.90999984741211,14.039999961853027,14.039999961853027,783700
2008-11-20,13.789999961853027,14.130000114440918,11.869999885559082,11.930000305175781,11.930000305175781,1178900
2008-11-21,12.420000076293945,12.420000076293945,11.0,11.890000343322754,11.890000343322754,1252300
2008-11-24,12.350000381469727,12.619999885559082,11.760000228881836,12.289999961853027,12.289999961853027,2044500
2008-11-25,12.600000381469727,12.970000267028809,12.130000114440918,12.579999923706055,12.579999923706055,1736300
2008-11-26,12.600000381469727,15.029999732971191,12.199999809265137,14.699999809265137,14.699999809265137,1042300
2008-11-28,14.600000381469727,14.989999771118164,14.380000114440918,14.789999961853027,14.789999961853027,242700
2008-12-01,14.0600004196167,14.25,13.3100004196167,13.420000076293945,13.420000076293945,963600
2008-12-02,13.8100004196167,14.8100004196167,13.539999961853027,14.529999732971191,14.529999732971191,1281300
2008-12-03,14.119999885559082,15.729999542236328,14.010000228881836,15.6899995803833,15.6899995803833,995200
2008-12-04,15.550000190734863,16.31999969482422,14.609999656677246,15.140000343322754,15.140000343322754,806900
2008-12-05,15.050000190734863,16.049999237060547,14.010000228881836,15.899999618530273,15.899999618530273,575400
2008-12-08,16.290000915527344,17.59000015258789,15.800000190734863,17.329999923706055,17.329999923706055,694000
2008-12-09,17.549999237060547,18.360000610351562,16.84000015258789,16.90999984741211,16.90999984741211,873800
2008-12-10,17.0,17.920000076293945,16.719999313354492,17.329999923706055,17.329999923706055,683000
2008-12-11,17.059999465942383,17.25,15.550000190734863,16.0,16.0,603200
2008-12-12,15.5,16.969999313354492,15.359999656677246,16.729999542236328,16.729999542236328,644800
2008-12-15,16.75,17.540000915527344,16.649999618530273,16.959999084472656,16.959999084472656,923700
2008-12-16,17.1299991607666,18.729999542236328,17.040000915527344,18.6299991607666,18.6299991607666,873400
2008-12-17,18.260000228881836,18.709999084472656,18.0,18.309999465942383,18.309999465942383,1057800
2008-12-18,18.399999618530273,18.399999618530273,16.93000030517578,17.260000228881836,17.260000228881836,548600
2008-12-19,17.459999084472656,17.809999465942383,16.899999618530273,17.56999969482422,17.56999969482422,680800
2008-12-22,17.75,17.770000457763672,16.280000686645508,16.780000686645508,16.780000686645508,676900
2008-12-23,16.950000762939453,17.25,16.239999771118164,16.5,16.5,521900
2008-12-24,16.440000534057617,17.06999969482422,16.209999084472656,16.920000076293945,16.920000076293945,258300
2008-12-26,17.09000015258789,17.510000228881836,17.030000686645508,17.510000228881836,17.510000228881836,290100
2008-12-29,17.3799991607666,17.649999618530273,16.43000030517578,16.75,16.75,399100
2008-12-30,16.969999313354492,18.219999313354492,16.81999969482422,18.1200008392334,18.1200008392334,572300
2008-12-31,18.350000381469727,19.68000030517578,18.280000686645508,19.229999542236328,19.229999542236328,629800
2009-01-02,19.270000457763672,19.59000015258789,18.690000534057617,19.5,19.5,423000
2009-01-05,19.459999084472656,20.239999771118164,18.860000610351562,19.950000762939453,19.950000762939453,614100
2009-01-06,20.40999984741211,21.420000076293945,20.040000915527344,20.959999084472656,20.959999084472656,766700
2009-01-07,20.489999771118164,20.799999237060547,19.34000015258789,19.43000030517578,19.43000030517578,829700
2009-01-08,19.09000015258789,20.3799991607666,19.0,20.360000610351562,20.360000610351562,613200
2009-01-09,20.31999969482422,20.65999984741211,19.610000610351562,20.5,20.5,1209400
2009-01-12,20.350000381469727,20.670000076293945,18.770000457763672,19.0,19.0,684500
2009-01-13,18.780000686645508,19.209999084472656,18.270000457763672,18.719999313354492,18.719999313354492,752200
2009-01-14,18.209999084472656,18.290000915527344,17.229999542236328,17.729999542236328,17.729999542236328,662900
2009-01-15,17.59000015258789,18.420000076293945,17.290000915527344,18.200000762939453,18.200000762939453,768700
2009-01-16,18.3700008392334,18.670000076293945,17.059999465942383,18.079999923706055,18.079999923706055,549800
2009-01-20,17.899999618530273,17.979999542236328,16.600000381469727,16.6200008392334,16.6200008392334,596500
2009-01-21,16.790000915527344,18.309999465942383,16.649999618530273,18.280000686645508,18.280000686645508,1126800
2009-01-22,17.860000610351562,19.329999923706055,17.68000030517578,18.510000228881836,18.510000228881836,887800
2009-01-23,17.799999237060547,18.219999313354492,17.1200008392334,17.649999618530273,17.649999618530273,1033500
2009-01-26,17.8700008392334,18.399999618530273,17.0,17.520000457763672,17.520000457763672,451800
2009-01-27,17.68000030517578,17.760000228881836,16.770000457763672,17.1299991607666,17.1299991607666,702700
2009-01-28,17.360000610351562,18.940000534057617,17.280000686645508,18.6200008392334,18.6200008392334,954500
2009-01-29,18.459999084472656,20.030000686645508,18.360000610351562,18.729999542236328,18.729999542236328,1109800
2009-01-30,18.649999618530273,19.0,18.040000915527344,18.420000076293945,18.420000076293945,915100
2009-02-02,17.90999984741211,18.809999465942383,17.709999084472656,18.649999618530273,18.649999618530273,1056700
2009-02-03,18.780000686645508,19.299999237060547,18.399999618530273,19.15999984741211,19.15999984741211,638600
2009-02-04,19.110000610351562,20.059999465942383,18.860000610351562,19.450000762939453,19.450000762939453,819200
2009-02-05,19.3700008392334,20.809999465942383,19.200000762939453,20.530000686645508,20.530000686645508,748100
2009-02-06,20.43000030517578,22.1200008392334,20.299999237060547,21.75,21.75,943000
2009-02-09,22.18000030517578,22.420000076293945,20.969999313354492,21.43000030517578,21.43000030517578,796600
2009-02-10,21.350000381469727,21.950000762939453,20.350000381469727,20.56999969482422,20.56999969482422,660300
2009-02-11,20.84000015258789,21.260000228881836,20.43000030517578,20.639999389648438,20.639999389648438,792300
2009-02-12,20.5,20.760000228881836,19.700000762939453,20.559999465942383,20.559999465942383,871000
2009-02-13,20.5,21.280000686645508,20.3799991607666,20.93000030517578,20.93000030517578,424300
2009-02-17,20.31999969482422,20.31999969482422,19.139999389648438,19.25,19.25,1011900
2009-02-18,19.530000686645508,19.530000686645508,18.559999465942383,18.899999618530273,18.899999618530273,1020300
2009-02-19,19.469999313354492,19.549999237060547,17.729999542236328,17.8799991607666,17.8799991607666,821300
2009-02-20,17.389999389648438,18.149999618530273,17.209999084472656,17.809999465942383,17.809999465942383,743500
2009-02-23,18.0,18.170000076293945,16.719999313354492,16.780000686645508,16.780000686645508,778000
2009-02-24,16.829999923706055,17.780000686645508,16.3799991607666,17.559999465942383,17.559999465942383,700600
2009-02-25,17.649999618530273,17.739999771118164,16.799999237060547,17.09000015258789,17.09000015258789,646700
2009-02-26,17.209999084472656,17.270000457763672,16.389999389648438,16.459999084472656,16.459999084472656,606700
2009-02-27,16.200000762939453,17.0,16.049999237060547,16.600000381469727,16.600000381469727,710400
2009-03-02,16.329999923706055,16.59000015258789,15.15999984741211,15.40999984741211,15.40999984741211,759400
2009-03-03,15.4399995803833,15.460000038146973,14.869999885559082,15.130000114440918,15.130000114440918,825500
2009-03-04,15.329999923706055,16.059999465942383,15.119999885559082,15.680000305175781,15.680000305175781,533200
2009-03-05,15.420000076293945,15.699999809265137,14.640000343322754,14.8100004196167,14.8100004196167,538100
2009-03-06,15.050000190734863,15.1899995803833,13.899999618530273,14.270000457763672,14.270000457763672,808100
2009-03-09,14.229999542236328,14.520000457763672,13.289999961853027,13.420000076293945,13.420000076293945,992800
2009-03-10,13.630000114440918,13.869999885559082,13.40999984741211,13.699999809265137,13.699999809265137,1621900
2009-03-11,13.989999771118164,14.460000038146973,13.569999694824219,14.15999984741211,14.15999984741211,1683100
2009-03-12,14.350000381469727,16.040000915527344,14.199999809265137,15.859999656677246,15.859999656677246,1321600
2009-03-13,16.09000015258789,16.09000015258789,15.369999885559082,15.800000190734863,15.800000190734863,595200
2009-03-16,15.75,16.079999923706055,15.130000114440918,15.1899995803833,15.1899995803833,469200
2009-03-17,15.390000343322754,16.309999465942383,15.270000457763672,16.270000457763672,16.270000457763672,805700
2009-03-18,16.100000381469727,17.290000915527344,15.960000038146973,17.110000610351562,17.110000610351562,645100
2009-03-19,17.1299991607666,17.510000228881836,16.889999389648438,16.969999313354492,16.969999313354492,651000
2009-03-20,16.940000534057617,17.110000610351562,15.899999618530273,16.1200008392334,16.1200008392334,415700
2009-03-23,16.559999465942383,17.790000915527344,16.31999969482422,17.780000686645508,17.780000686645508,719800
2009-03-24,17.65999984741211,18.610000610351562,17.5,18.06999969482422,18.06999969482422,814600
2009-03-25,18.1200008392334,18.8799991607666,17.489999771118164,18.229999542236328,18.229999542236328,700400
2009-03-26,18.530000686645508,19.6200008392334,18.489999771118164,19.479999542236328,19.479999542236328,565700
2009-03-27,19.270000457763672,19.770000457763672,19.1200008392334,19.670000076293945,19.670000076293945,760600
2009-03-30,19.079999923706055,19.079999923706055,17.450000762939453,17.68000030517578,17.68000030517578,722100
2009-03-31,17.770000457763672,18.600000381469727,17.31999969482422,18.1200008392334,18.1200008392334,685200
2009-04-01,17.709999084472656,19.360000610351562,17.40999984741211,19.290000915527344,19.290000915527344,745400
2009-04-02,19.969999313354492,21.1299991607666,19.639999389648438,20.40999984741211,20.40999984741211,1066900
2009-04-03,20.3799991607666,21.43000030517578,20.049999237060547,21.329999923706055,21.329999923706055,612800
2009-04-06,20.959999084472656,20.959999084472656,19.700000762939453,20.360000610351562,20.360000610351562,827400
2009-04-07,20.100000381469727,20.1200008392334,19.3700008392334,19.420000076293945,19.420000076293945,596400
2009-04-08,19.649999618530273,20.040000915527344,19.610000610351562,20.010000228881836,20.010000228881836,713600
2009-04-09,20.59000015258789,22.0,20.59000015258789,21.920000076293945,21.920000076293945,907400
2009-04-13,21.770000457763672,22.139999389648438,21.229999542236328,21.889999389648438,21.889999389648438,757800
2009-04-14,21.770000457763672,21.979999542236328,20.399999618530273,20.59000015258789,20.59000015258789,829300
2009-04-15,20.440000534057617,21.899999618530273,20.239999771118164,21.68000030517578,21.68000030517578,611100
2009-04-16,21.780000686645508,23.610000610351562,21.610000610351562,23.389999389648438,23.389999389648438,909600
2009-04-17,23.479999542236328,24.290000915527344,23.290000915527344,24.1299991607666,24.1299991607666,689100
2009-04-20,23.34000015258789,23.34000015258789,21.75,21.899999618530273,21.899999618530273,1112700
2009-04-21,21.610000610351562,23.219999313354492,21.610000610351562,23.110000610351562,23.110000610351562,759800
2009-04-22,22.6200008392334,24.84000015258789,22.579999923706055,24.25,24.25,990100
2009-04-23,24.420000076293945,25.75,22.709999084472656,23.8799991607666,23.8799991607666,2176800
2009-04-24,24.170000076293945,26.25,23.940000534057617,25.90999984741211,25.90999984741211,1261400
2009-04-27,25.6200008392334,26.299999237060547,24.8700008392334,25.350000381469727,25.350000381469727,765500
2009-04-28,24.8799991607666,25.610000610351562,24.299999237060547,24.43000030517578,24.43000030517578,778300
2009-04-29,24.489999771118164,26.31999969482422,24.010000228881836,26.059999465942383,26.059999465942383,619700
2009-04-30,26.670000076293945,27.8799991607666,25.690000534057617,26.0,26.0,1466000
2009-05-01,25.770000457763672,25.940000534057617,24.43000030517578,24.93000030517578,24.93000030517578,1134000
2009-05-04,25.31999969482422,26.93000030517578,25.18000030517578,26.860000610351562,26.860000610351562,1060600
2009-05-05,26.5,27.479999542236328,25.889999389648438,26.799999237060547,26.799999237060547,1024600
2009-05-06,27.020000457763672,27.280000686645508,25.450000762939453,25.809999465942383,25.809999465942383,1287700
2009-05-07,26.139999389648438,26.530000686645508,24.440000534057617,25.18000030517578,25.18000030517578,771500
2009-05-08,25.530000686645508,27.030000686645508,24.899999618530273,27.030000686645508,27.030000686645508,727500
2009-05-11,26.260000228881836,26.850000381469727,25.8700008392334,26.200000762939453,26.200000762939453,933200
2009-05-12,26.670000076293945,26.809999465942383,24.239999771118164,24.8799991607666,24.8799991607666,948700
2009-05-13,24.600000381469727,24.600000381469727,22.989999771118164,23.65999984741211,23.65999984741211,1026800
2009-05-14,23.59000015258789,25.049999237060547,23.440000534057617,24.690000534057617,24.690000534057617,785100
2009-05-15,24.729999542236328,25.889999389648438,24.56999969482422,24.979999542236328,24.979999542236328,980500
2009-05-18,25.219999313354492,26.229999542236328,25.079999923706055,26.079999923706055,26.079999923706055,1031100
2009-05-19,26.139999389648438,27.100000381469727,25.81999969482422,26.709999084472656,26.709999084472656,938600
2009-05-20,26.770000457763672,27.709999084472656,25.25,25.360000610351562,25.360000610351562,988000
2009-05-21,24.899999618530273,25.56999969482422,24.530000686645508,25.350000381469727,25.350000381469727,707600
2009-05-22,25.299999237060547,25.6200008392334,24.649999618530273,25.020000457763672,25.020000457763672,459700
2009-05-26,24.649999618530273,26.920000076293945,24.6299991607666,26.790000915527344,26.790000915527344,635100
2009-05-27,26.6200008392334,27.389999389648438,26.1299991607666,26.200000762939453,26.200000762939453,678600
2009-05-28,26.290000915527344,26.780000686645508,25.190000534057617,26.709999084472656,26.709999084472656,594600
2009-05-29,27.06999969482422,27.690000534057617,26.389999389648438,26.729999542236328,26.729999542236328,705300
2009-06-01,27.079999923706055,28.59000015258789,26.93000030517578,27.729999542236328,27.729999542236328,734800
2009-06-02,27.93000030517578,27.940000534057617,27.1299991607666,27.3700008392334,27.3700008392334,827700
2009-06-03,26.969999313354492,27.219999313354492,26.309999465942383,27.1200008392334,27.1200008392334,1218800
2009-06-04,27.489999771118164,28.559999465942383,27.200000762939453,28.420000076293945,28.420000076293945,582800
2009-06-05,28.780000686645508,29.219999313354492,28.040000915527344,28.139999389648438,28.139999389648438,467600
2009-06-08,28.010000228881836,28.420000076293945,27.139999389648438,27.889999389648438,27.889999389648438,294000
2009-06-09,27.850000381469727,28.280000686645508,27.270000457763672,27.56999969482422,27.56999969482422,565600
2009-06-10,27.979999542236328,28.360000610351562,27.0,27.440000534057617,27.440000534057617,628500
2009-06-11,27.5,27.600000381469727,26.719999313354492,26.780000686645508,26.780000686645508,530200
2009-06-12,26.739999771118164,27.31999969482422,26.1200008392334,27.25,27.25,530500
2009-06-15,27.079999923706055,27.079999923706055,26.010000228881836,26.3799991607666,26.3799991607666,645000
2009-06-16,26.549999237060547,26.780000686645508,25.420000076293945,25.709999084472656,25.709999084472656,456700
2009-06-17,25.469999313354492,25.610000610351562,24.510000228881836,25.200000762939453,25.200000762939453,429000
2009-06-18,25.139999389648438,25.329999923706055,24.489999771118164,25.06999969482422,25.06999969482422,334900
2009-06-19,25.3700008392334,25.579999923706055,24.540000915527344,24.739999771118164,24.739999771118164,331400
2009-06-22,24.31999969482422,24.469999313354492,23.469999313354492,23.469999313354492,23.469999313354492,397800
2009-06-23,23.5,23.729999542236328,22.479999542236328,22.889999389648438,22.889999389648438,746000
2009-06-24,23.139999389648438,24.670000076293945,23.079999923706055,24.09000015258789,24.09000015258789,586400
2009-06-25,23.950000762939453,24.770000457763672,23.75,24.290000915527344,24.290000915527344,465100
2009-06-26,24.3700008392334,24.899999618530273,24.299999237060547,24.739999771118164,24.739999771118164,485200
2009-06-29,24.68000030517578,25.520000457763672,24.350000381469727,25.350000381469727,25.350000381469727,910500
2009-06-30,25.200000762939453,25.559999465942383,24.43000030517578,25.040000915527344,25.040000915527344,650000
2009-07-01,25.6299991607666,25.729999542236328,25.110000610351562,25.3700008392334,25.3700008392334,329500
2009-07-02,24.709999084472656,24.780000686645508,24.06999969482422,24.190000534057617,24.190000534057617,576700
2009-07-06,24.15999984741211,24.309999465942383,23.290000915527344,23.809999465942383,23.809999465942383,461500
2009-07-07,23.549999237060547,23.959999084472656,22.899999618530273,23.190000534057617,23.190000534057617,464300
2009-07-08,23.450000762939453,23.469999313354492,22.389999389648438,23.040000915527344,23.040000915527344,627700
2009-07-09,23.260000228881836,23.719999313354492,23.059999465942383,23.450000762939453,23.450000762939453,249300
2009-07-10,23.149999618530273,23.360000610351562,22.809999465942383,23.09000015258789,23.09000015258789,253500
2009-07-13,23.360000610351562,24.049999237060547,22.610000610351562,24.040000915527344,24.040000915527344,297500
2009-07-14,23.90999984741211,23.940000534057617,23.010000228881836,23.760000228881836,23.760000228881836,444300
2009-07-15,24.290000915527344,25.15999984741211,24.030000686645508,25.139999389648438,25.139999389648438,346900
2009-07-16,24.8700008392334,25.799999237060547,24.399999618530273,25.709999084472656,25.709999084472656,354100
2009-07-17,25.559999465942383,25.719999313354492,24.920000076293945,25.139999389648438,25.139999389648438,279200
2009-07-20,25.079999923706055,26.68000030517578,25.079999923706055,26.59000015258789,26.59000015258789,601200
2009-07-21,27.06999969482422,27.06999969482422,26.049999237060547,26.760000228881836,26.760000228881836,440400
2009-07-22,26.389999389648438,26.75,26.31999969482422,26.649999618530273,26.649999618530273,537100
2009-07-23,25.100000381469727,26.079999923706055,24.649999618530273,25.969999313354492,25.969999313354492,1012200
2009-07-24,25.6200008392334,26.110000610351562,25.100000381469727,25.510000228881836,25.510000228881836,415300
2009-07-27,25.309999465942383,25.350000381469727,24.81999969482422,25.229999542236328,25.229999542236328,687300
2009-07-28,24.520000457763672,25.200000762939453,24.520000457763672,25.139999389648438,25.139999389648438,859700
2009-07-29,24.739999771118164,25.219999313354492,24.030000686645508,24.389999389648438,24.389999389648438,871800
2009-07-30,24.670000076293945,24.889999389648438,23.93000030517578,23.969999313354492,23.969999313354492,542100
2009-07-31,24.079999923706055,24.760000228881836,23.899999618530273,24.690000534057617,24.690000534057617,600300
2009-08-03,25.0,25.639999389648438,24.709999084472656,25.639999389648438,25.639999389648438,493200
2009-08-04,25.31999969482422,25.8799991607666,25.049999237060547,25.579999923706055,25.579999923706055,266100
2009-08-05,25.739999771118164,25.739999771118164,24.709999084472656,25.31999969482422,25.31999969482422,536800
2009-08-06,25.520000457763672,25.610000610351562,24.200000762939453,24.270000457763672,24.270000457763672,592400
2009-08-07,24.510000228881836,25.0,24.110000610351562,24.81999969482422,24.81999969482422,743600
2009-08-10,24.579999923706055,24.84000015258789,24.0,24.219999313354492,24.219999313354492,819800
2009-08-11,24.239999771118164,24.239999771118164,23.309999465942383,23.329999923706055,23.329999923706055,871000
2009-08-12,23.18000030517578,23.8700008392334,22.65999984741211,23.450000762939453,23.450000762939453,931800
2009-08-13,23.770000457763672,23.829999923706055,22.93000030517578,23.239999771118164,23.239999771118164,945600
2009-08-14,23.079999923706055,23.079999923706055,22.239999771118164,22.309999465942383,22.309999465942383,674400
2009-08-17,21.809999465942383,22.18000030517578,21.579999923706055,22.049999237060547,22.049999237060547,874200
2009-08-18,24.010000228881836,24.010000228881836,21.969999313354492,22.489999771118164,22.489999771118164,1192200
2009-08-19,22.329999923706055,22.90999984741211,21.959999084472656,22.469999313354492,22.469999313354492,875600
2009-08-20,22.610000610351562,23.469999313354492,22.3799991607666,23.190000534057617,23.190000534057617,1564500
2009-08-21,23.25,24.43000030517578,23.010000228881836,24.329999923706055,24.329999923706055,1472800
2009-08-24,24.18000030517578,24.610000610351562,24.18000030517578,24.3799991607666,24.3799991607666,737700
2009-08-25,24.459999084472656,24.610000610351562,24.229999542236328,24.31999969482422,24.31999969482422,1049900
2009-08-26,24.1200008392334,24.540000915527344,23.93000030517578,24.329999923706055,24.329999923706055,395200
2009-08-27,24.229999542236328,24.649999618530273,23.709999084472656,24.59000015258789,24.59000015258789,384500
2009-08-28,24.8799991607666,25.059999465942383,24.540000915527344,24.959999084472656,24.959999084472656,868500
2009-08-31,24.59000015258789,24.59000015258789,23.719999313354492,24.030000686645508,24.030000686645508,1167400
2009-09-01,24.079999923706055,24.489999771118164,23.790000915527344,24.0,24.0,979100
2009-09-02,23.709999084472656,23.850000381469727,23.09000015258789,23.600000381469727,23.600000381469727,780700
2009-09-03,23.709999084472656,23.84000015258789,23.360000610351562,23.799999237060547,23.799999237060547,514700
2009-09-04,23.899999618530273,24.399999618530273,23.520000457763672,24.34000015258789,24.34000015258789,231300
2009-09-08,24.719999313354492,25.010000228881836,24.299999237060547,24.59000015258789,24.59000015258789,749700
2009-09-09,24.450000762939453,25.6200008392334,24.450000762939453,25.34000015258789,25.34000015258789,442900
2009-09-10,25.309999465942383,25.889999389648438,25.190000534057617,25.850000381469727,25.850000381469727,791300
2009-09-11,26.75,27.600000381469727,26.389999389648438,26.6299991607666,26.6299991607666,1329600
2009-09-14,26.440000534057617,27.65999984741211,26.440000534057617,27.520000457763672,27.520000457763672,674600
2009-09-15,27.729999542236328,28.329999923706055,27.3700008392334,28.31999969482422,28.31999969482422,730900
2009-09-16,28.399999618530273,29.190000534057617,28.15999984741211,28.989999771118164,28.989999771118164,997100
2009-09-17,28.770000457763672,29.219999313354492,28.420000076293945,28.549999237060547,28.549999237060547,785800
2009-09-18,28.700000762939453,29.34000015258789,28.549999237060547,29.18000030517578,29.18000030517578,387200
2009-09-21,28.850000381469727,29.450000762939453,28.75,29.309999465942383,29.309999465942383,872500
2009-09-22,29.579999923706055,29.940000534057617,29.010000228881836,29.56999969482422,29.56999969482422,776300
2009-09-23,29.700000762939453,29.729999542236328,29.079999923706055,29.18000030517578,29.18000030517578,993600
2009-09-24,29.229999542236328,29.3799991607666,28.09000015258789,28.270000457763672,28.270000457763672,1099700
2009-09-25,28.260000228881836,28.350000381469727,27.360000610351562,27.520000457763672,27.520000457763672,645600
2009-09-28,27.850000381469727,28.860000610351562,27.510000228881836,28.760000228881836,28.760000228881836,582000
2009-09-29,28.959999084472656,29.100000381469727,28.579999923706055,28.899999618530273,28.899999618530273,961000
2009-09-30,28.90999984741211,29.149999618530273,28.079999923706055,28.799999237060547,28.799999237060547,569600
2009-10-01,28.469999313354492,28.739999771118164,27.520000457763672,27.549999237060547,27.549999237060547,441000
2009-10-02,27.110000610351562,27.399999618530273,26.850000381469727,27.15999984741211,27.15999984741211,555700
2009-10-05,27.350000381469727,28.0,27.350000381469727,27.68000030517578,27.68000030517578,411200
2009-10-06,27.989999771118164,28.170000076293945,27.639999389648438,28.100000381469727,28.100000381469727,566400
2009-10-07,27.809999465942383,28.139999389648438,27.709999084472656,28.1299991607666,28.1299991607666,509100
2009-10-08,28.31999969482422,29.290000915527344,28.31999969482422,29.0,29.0,375300
2009-10-09,28.829999923706055,29.190000534057617,28.709999084472656,29.15999984741211,29.15999984741211,233800
2009-10-12,29.360000610351562,29.56999969482422,28.299999237060547,28.610000610351562,28.610000610351562,465000
2009-10-13,28.489999771118164,28.56999969482422,28.079999923706055,28.280000686645508,28.280000686645508,397600
2009-10-14,28.649999618530273,29.040000915527344,28.31999969482422,28.5,28.5,900100
2009-10-15,28.40999984741211,29.260000228881836,27.979999542236328,29.25,29.25,419400
2009-10-16,28.8700008392334,29.010000228881836,28.219999313354492,28.75,28.75,263700
2009-10-19,28.93000030517578,29.780000686645508,28.760000228881836,29.520000457763672,29.520000457763672,495800
2009-10-20,29.610000610351562,29.739999771118164,29.06999969482422,29.59000015258789,29.59000015258789,419600
2009-10-21,29.690000534057617,30.489999771118164,29.3700008392334,29.479999542236328,29.479999542236328,679200
2009-10-22,29.020000457763672,30.149999618530273,28.469999313354492,30.139999389648438,30.139999389648438,1345600
2009-10-23,29.43000030517578,29.65999984741211,27.5,27.600000381469727,27.600000381469727,1369900
2009-10-26,27.510000228881836,28.0,26.5,26.610000610351562,26.610000610351562,935300
2009-10-27,26.6299991607666,26.860000610351562,26.059999465942383,26.440000534057617,26.440000534057617,1182600
2009-10-28,26.170000076293945,26.420000076293945,25.520000457763672,25.690000534057617,25.690000534057617,613700
2009-10-29,26.110000610351562,26.700000762939453,25.790000915527344,26.559999465942383,26.559999465942383,827300
2009-10-30,26.229999542236328,26.309999465942383,24.649999618530273,25.559999465942383,25.559999465942383,950200
2009-11-02,25.8799991607666,26.270000457763672,25.1299991607666,25.709999084472656,25.709999084472656,1033000
2009-11-03,25.510000228881836,26.719999313354492,25.149999618530273,26.719999313354492,26.719999313354492,735700
2009-11-04,26.829999923706055,26.979999542236328,26.18000030517578,26.309999465942383,26.309999465942383,709300
2009-11-05,26.690000534057617,27.1299991607666,26.489999771118164,26.940000534057617,26.940000534057617,749900
2009-11-06,26.860000610351562,27.219999313354492,26.479999542236328,26.920000076293945,26.920000076293945,594900
2009-11-09,27.170000076293945,27.530000686645508,27.010000228881836,27.479999542236328,27.479999542236328,573700
2009-11-10,27.440000534057617,27.479999542236328,26.729999542236328,27.1200008392334,27.1200008392334,836400
2009-11-11,27.299999237060547,27.510000228881836,27.010000228881836,27.299999237060547,27.299999237060547,770500
2009-11-12,27.299999237060547,27.649999618530273,27.149999618530273,27.25,27.25,671400
2009-11-13,27.290000915527344,27.670000076293945,27.290000915527344,27.59000015258789,27.59000015258789,499200
2009-11-16,27.93000030517578,28.760000228881836,27.6299991607666,28.530000686645508,28.530000686645508,590700
2009-11-17,28.469999313354492,28.649999618530273,28.020000457763672,28.06999969482422,28.06999969482422,415600
2009-11-18,28.190000534057617,28.219999313354492,27.6299991607666,27.799999237060547,27.799999237060547,295000
2009-11-19,27.649999618530273,27.670000076293945,26.93000030517578,27.170000076293945,27.170000076293945,417700
2009-11-20,27.079999923706055,27.25,26.520000457763672,26.760000228881836,26.760000228881836,267500
2009-11-23,27.1299991607666,27.530000686645508,26.920000076293945,27.030000686645508,27.030000686645508,195800
2009-11-24,26.90999984741211,27.010000228881836,26.3799991607666,26.729999542236328,26.729999542236328,1261100
2009-11-25,26.690000534057617,26.889999389648438,26.459999084472656,26.639999389648438,26.639999389648438,246300
2009-11-27,25.8799991607666,26.030000686645508,25.299999237060547,25.8700008392334,25.8700008392334,328200
2009-11-30,25.809999465942383,26.18000030517578,25.399999618530273,26.100000381469727,26.100000381469727,518500
2009-12-01,26.270000457763672,26.65999984741211,26.190000534057617,26.34000015258789,26.34000015258789,340100
2009-12-02,26.280000686645508,26.700000762939453,26.149999618530273,26.350000381469727,26.350000381469727,451600
2009-12-03,26.329999923706055,26.690000534057617,25.950000762939453,26.049999237060547,26.049999237060547,343200
2009-12-04,26.549999237060547,26.920000076293945,26.149999618530273,26.65999984741211,26.65999984741211,209300
2009-12-07,26.459999084472656,26.65999984741211,26.209999084472656,26.389999389648438,26.389999389648438,346400
2009-12-08,26.34000015258789,26.600000381469727,25.700000762939453,26.280000686645508,26.280000686645508,409600
2009-12-09,26.34000015258789,26.889999389648438,25.760000228881836,26.799999237060547,26.799999237060547,380200
2009-12-10,26.8700008392334,26.979999542236328,26.309999465942383,26.610000610351562,26.610000610351562,409800
2009-12-11,26.690000534057617,26.860000610351562,26.59000015258789,26.780000686645508,26.780000686645508,1121300
2009-12-14,26.920000076293945,27.5,26.579999923706055,27.34000015258789,27.34000015258789,675000
2009-12-15,27.110000610351562,27.239999771118164,26.799999237060547,27.15999984741211,27.15999984741211,465700
2009-12-16,27.239999771118164,27.489999771118164,27.010000228881836,27.350000381469727,27.350000381469727,397800
2009-12-17,27.06999969482422,27.350000381469727,26.920000076293945,27.190000534057617,27.190000534057617,378100
2009-12-18,27.229999542236328,27.649999618530273,27.190000534057617,27.600000381469727,27.600000381469727,344800
2009-12-21,27.68000030517578,29.309999465942383,27.3799991607666,28.860000610351562,28.860000610351562,1274700
2009-12-22,28.850000381469727,28.850000381469727,27.989999771118164,28.100000381469727,28.100000381469727,656400
2009-12-23,28.329999923706055,28.329999923706055,27.600000381469727,27.719999313354492,27.719999313354492,400900
2009-12-24,27.700000762939453,27.979999542236328,27.559999465942383,27.8799991607666,27.8799991607666,80600
2009-12-28,28.030000686645508,28.030000686645508,27.389999389648438,27.549999237060547,27.549999237060547,278300
2009-12-29,27.68000030517578,27.889999389648438,27.420000076293945,27.739999771118164,27.739999771118164,240600
2009-12-30,27.68000030517578,27.799999237060547,27.31999969482422,27.3700008392334,27.3700008392334,218500
2009-12-31,27.56999969482422,27.56999969482422,27.010000228881836,27.010000228881836,27.010000228881836,205800
2010-01-04,27.40999984741211,27.809999465942383,27.299999237060547,27.579999923706055,27.579999923706055,457600
2010-01-05,27.520000457763672,27.940000534057617,27.350000381469727,27.780000686645508,27.780000686645508,356300
2010-01-06,27.549999237060547,28.75,27.549999237060547,28.75,28.75,477700
2010-01-07,28.8700008392334,29.239999771118164,28.719999313354492,29.170000076293945,29.170000076293945,412800
2010-01-08,29.200000762939453,29.25,28.780000686645508,29.200000762939453,29.200000762939453,941600
2010-01-11,29.479999542236328,29.8799991607666,29.190000534057617,29.68000030517578,29.68000030517578,501800
2010-01-12,29.489999771118164,29.510000228881836,28.989999771118164,29.280000686645508,29.280000686645508,571100
2010-01-13,29.229999542236328,29.979999542236328,29.170000076293945,29.850000381469727,29.850000381469727,570300
2010-01-14,29.610000610351562,30.139999389648438,29.459999084472656,29.989999771118164,29.989999771118164,442100
2010-01-15,29.700000762939453,30.079999923706055,29.479999542236328,30.049999237060547,30.049999237060547,1031400
2010-01-19,29.920000076293945,31.170000076293945,29.850000381469727,30.799999237060547,30.799999237060547,887300
2010-01-20,30.649999618530273,31.229999542236328,30.3799991607666,31.1299991607666,31.1299991607666,888000
2010-01-21,31.010000228881836,31.399999618530273,30.270000457763672,30.31999969482422,30.31999969482422,909400
2010-01-22,30.299999237060547,30.43000030517578,29.56999969482422,29.670000076293945,29.670000076293945,827700
2010-01-25,30.059999465942383,30.239999771118164,28.989999771118164,29.200000762939453,29.200000762939453,525600
2010-01-26,29.149999618530273,29.3799991607666,28.020000457763672,28.5,28.5,688800
2010-01-27,28.56999969482422,28.899999618530273,28.18000030517578,28.5,28.5,891300
2010-01-28,28.8799991607666,29.93000030517578,27.940000534057617,28.850000381469727,28.850000381469727,1770900
2010-01-29,29.190000534057617,29.84000015258789,27.520000457763672,27.719999313354492,27.719999313354492,766100
2010-02-01,27.90999984741211,27.979999542236328,27.290000915527344,27.670000076293945,27.670000076293945,812200
2010-02-02,28.770000457763672,29.75,28.25,29.65999984741211,29.65999984741211,1094800
2010-02-03,29.31999969482422,29.440000534057617,28.690000534057617,29.06999969482422,29.06999969482422,445900
2010-02-04,28.719999313354492,28.719999313354492,27.600000381469727,27.670000076293945,27.670000076293945,371200
2010-02-05,27.899999618530273,28.280000686645508,27.6200008392334,28.040000915527344,28.040000915527344,698600
2010-02-08,27.989999771118164,28.440000534057617,27.43000030517578,27.760000228881836,27.760000228881836,439800
2010-02-09,28.020000457763672,28.329999923706055,27.6299991607666,27.969999313354492,27.969999313354492,456400
2010-02-10,27.81999969482422,28.010000228881836,27.290000915527344,27.6200008392334,27.6200008392334,447500
2010-02-11,27.450000762939453,27.68000030517578,27.200000762939453,27.549999237060547,27.549999237060547,630500
2010-02-12,27.290000915527344,27.75,26.90999984741211,27.729999542236328,27.729999542236328,251700
2010-02-16,28.139999389648438,28.329999923706055,27.59000015258789,28.329999923706055,28.329999923706055,355100
2010-02-17,28.559999465942383,28.639999389648438,28.059999465942383,28.3799991607666,28.3799991607666,334900
2010-02-18,28.3700008392334,29.09000015258789,28.3700008392334,29.079999923706055,29.079999923706055,520200
2010-02-19,28.829999923706055,29.989999771118164,28.829999923706055,29.809999465942383,29.809999465942383,473400
2010-02-22,29.860000610351562,30.079999923706055,29.290000915527344,29.3700008392334,29.3700008392334,555000
2010-02-23,29.18000030517578,29.420000076293945,28.68000030517578,28.719999313354492,28.719999313354492,300700
2010-02-24,28.770000457763672,29.049999237060547,28.579999923706055,28.8700008392334,28.8700008392334,364100
2010-02-25,28.540000915527344,28.760000228881836,28.110000610351562,28.649999618530273,28.649999618530273,409100
2010-02-26,28.770000457763672,28.989999771118164,28.389999389648438,28.889999389648438,28.889999389648438,212900
2010-03-01,28.950000762939453,29.920000076293945,28.549999237060547,29.90999984741211,29.90999984741211,396300
2010-03-02,30.0,30.790000915527344,30.0,30.459999084472656,30.459999084472656,516700
2010-03-03,30.459999084472656,31.030000686645508,30.389999389648438,30.860000610351562,30.860000610351562,305400
2010-03-04,30.850000381469727,31.059999465942383,30.610000610351562,30.84000015258789,30.84000015258789,162000
2010-03-05,31.0,31.790000915527344,31.0,31.420000076293945,31.420000076293945,275700
2010-03-08,31.290000915527344,32.38999938964844,31.229999542236328,32.290000915527344,32.290000915527344,522200
2010-03-09,32.2599983215332,33.9900016784668,31.719999313354492,33.0,33.0,906800
2010-03-10,32.939998626708984,32.959999084472656,32.29999923706055,32.63999938964844,32.63999938964844,484500
2010-03-11,33.040000915527344,34.34000015258789,32.5,34.09000015258789,34.09000015258789,1078800
2010-03-12,34.29999923706055,34.29999923706055,33.7400016784668,34.130001068115234,34.130001068115234,415700
2010-03-15,33.90999984741211,34.70000076293945,33.689998626708984,34.40999984741211,34.40999984741211,593600
2010-03-16,34.540000915527344,34.7599983215332,34.31999969482422,34.70000076293945,34.70000076293945,232800
2010-03-17,34.90999984741211,34.959999084472656,34.63999938964844,34.70000076293945,34.70000076293945,425400
2010-03-18,34.86000061035156,35.16999816894531,34.66999816894531,35.15999984741211,35.15999984741211,523400
2010-03-19,34.47999954223633,35.77000045776367,33.43000030517578,34.47999954223633,34.47999954223633,467900
2010-03-22,34.099998474121094,34.470001220703125,33.849998474121094,34.439998626708984,34.439998626708984,503900
2010-03-23,34.599998474121094,35.22999954223633,34.36000061035156,35.130001068115234,35.130001068115234,292900
2010-03-24,35.0,35.06999969482422,34.4900016784668,34.52000045776367,34.52000045776367,289600
2010-03-25,34.93000030517578,35.310001373291016,34.369998931884766,34.869998931884766,34.869998931884766,382000
2010-03-26,34.81999969482422,35.380001068115234,34.779998779296875,35.189998626708984,35.189998626708984,543500
2010-03-29,35.25,35.290000915527344,34.86000061035156,34.88999938964844,34.88999938964844,398400
2010-03-30,34.86000061035156,35.59000015258789,34.439998626708984,34.650001525878906,34.650001525878906,451400
2010-03-31,34.63999938964844,35.060001373291016,34.560001373291016,34.709999084472656,34.709999084472656,484100
2010-04-01,34.9900016784668,35.61000061035156,34.95000076293945,35.369998931884766,35.369998931884766,299500
2010-04-05,35.81999969482422,36.36000061035156,35.790000915527344,36.18000030517578,36.18000030517578,541300
2010-04-06,36.119998931884766,36.369998931884766,35.68000030517578,36.31999969482422,36.31999969482422,374800
2010-04-07,36.150001525878906,36.779998779296875,36.08000183105469,36.400001525878906,36.400001525878906,418300
2010-04-08,36.38999938964844,36.38999938964844,35.47999954223633,36.0,36.0,415800
2010-04-09,36.15999984741211,36.15999984741211,35.63999938964844,35.84000015258789,35.84000015258789,320300
2010-04-12,36.119998931884766,36.84000015258789,36.119998931884766,36.650001525878906,36.650001525878906,302300
2010-04-13,37.79999923706055,39.439998626708984,37.150001525878906,37.779998779296875,37.779998779296875,805800
2010-04-14,37.810001373291016,38.189998626708984,37.56999969482422,37.9900016784668,37.9900016784668,548500
2010-04-15,37.83000183105469,38.880001068115234,37.83000183105469,38.709999084472656,38.709999084472656,627300
2010-04-16,38.400001525878906,38.79999923706055,37.97999954223633,38.459999084472656,38.459999084472656,381300
2010-04-19,38.22999954223633,38.380001068115234,36.5,37.650001525878906,37.650001525878906,643400
2010-04-20,37.900001525878906,38.290000915527344,37.63999938964844,37.90999984741211,37.90999984741211,401500
2010-04-21,38.119998931884766,38.209999084472656,37.31999969482422,38.18000030517578,38.18000030517578,496200
2010-04-22,39.400001525878906,41.83000183105469,38.91999816894531,41.25,41.25,2572900
2010-04-23,41.900001525878906,42.25,41.54999923706055,42.099998474121094,42.099998474121094,918400
2010-04-26,42.150001525878906,42.619998931884766,41.77000045776367,41.77000045776367,41.77000045776367,507600
2010-04-27,41.52000045776367,42.25,40.95000076293945,41.150001525878906,41.150001525878906,1117400
2010-04-28,41.529998779296875,41.959999084472656,41.459999084472656,41.66999816894531,41.66999816894531,637800
2010-04-29,41.93000030517578,42.279998779296875,41.529998779296875,41.7599983215332,41.7599983215332,489100
2010-04-30,41.83000183105469,42.220001220703125,40.560001373291016,40.619998931884766,40.619998931884766,736800
2010-05-03,40.84000015258789,41.81999969482422,40.619998931884766,41.529998779296875,41.529998779296875,459500
2010-05-04,40.79999923706055,40.97999954223633,39.7400016784668,40.02000045776367,40.02000045776367,432600
2010-05-05,39.56999969482422,40.220001220703125,38.68000030517578,38.939998626708984,38.939998626708984,497700
2010-05-06,38.650001525878906,39.4900016784668,35.43000030517578,37.58000183105469,37.58000183105469,1006900
2010-05-07,37.25,38.040000915527344,36.0,36.119998931884766,36.119998931884766,1045000
2010-05-10,37.25,38.93000030517578,37.119998931884766,38.65999984741211,38.65999984741211,589300
2010-05-11,38.369998931884766,38.83000183105469,38.08000183105469,38.25,38.25,601500
2010-05-12,38.36000061035156,39.83000183105469,38.36000061035156,39.630001068115234,39.630001068115234,545800
2010-05-13,39.720001220703125,40.040000915527344,38.93000030517578,39.20000076293945,39.20000076293945,464600
2010-05-14,38.810001373291016,38.88999938964844,37.380001068115234,37.900001525878906,37.900001525878906,559200
2010-05-17,38.0,38.689998626708984,37.09000015258789,38.65999984741211,38.65999984741211,508000
2010-05-18,39.04999923706055,40.209999084472656,38.619998931884766,38.7400016784668,38.7400016784668,955500
2010-05-19,38.4900016784668,39.0099983215332,37.06999969482422,37.810001373291016,37.810001373291016,638300
2010-05-20,36.65999984741211,37.130001068115234,35.43000030517578,35.79999923706055,35.79999923706055,740800
2010-05-21,34.810001373291016,36.349998474121094,34.709999084472656,36.040000915527344,36.040000915527344,589300
2010-05-24,35.66999816894531,36.45000076293945,35.52000045776367,35.83000183105469,35.83000183105469,387000
2010-05-25,35.119998931884766,36.31999969482422,34.54999923706055,36.150001525878906,36.150001525878906,590800
2010-05-26,36.4900016784668,37.4900016784668,36.2599983215332,36.61000061035156,36.61000061035156,766200
2010-05-27,37.06999969482422,38.220001220703125,36.9900016784668,38.130001068115234,38.130001068115234,626800
2010-05-28,38.130001068115234,38.130001068115234,37.18000030517578,37.400001525878906,37.400001525878906,577900
2010-06-01,36.880001068115234,37.75,36.36000061035156,36.369998931884766,36.369998931884766,498400
2010-06-02,36.689998626708984,37.43000030517578,36.11000061035156,37.38999938964844,37.38999938964844,615600
2010-06-03,37.65999984741211,37.86000061035156,36.939998626708984,37.470001220703125,37.470001220703125,286500
2010-06-04,36.5,36.779998779296875,35.33000183105469,35.4900016784668,35.4900016784668,498600
2010-06-07,35.75,35.900001525878906,34.18000030517578,34.27000045776367,34.27000045776367,681100
2010-06-08,34.529998779296875,34.63999938964844,32.900001525878906,33.25,33.25,1153600
2010-06-09,33.459999084472656,34.290000915527344,33.279998779296875,33.68000030517578,33.68000030517578,786200
2010-06-10,34.349998474121094,35.83000183105469,34.349998474121094,35.779998779296875,35.779998779296875,490900
2010-06-11,35.16999816894531,36.060001373291016,35.15999984741211,35.79999923706055,35.79999923706055,225600
2010-06-14,36.15999984741211,36.9900016784668,35.81999969482422,35.9900016784668,35.9900016784668,641000
2010-06-15,36.77000045776367,37.06999969482422,35.72999954223633,37.02000045776367,37.02000045776367,484500
2010-06-16,36.7400016784668,38.59000015258789,36.56999969482422,38.43000030517578,38.43000030517578,836500
2010-06-17,38.38999938964844,38.529998779296875,37.4900016784668,37.93000030517578,37.93000030517578,595100
2010-06-18,37.7400016784668,38.540000915527344,37.72999954223633,38.349998474121094,38.349998474121094,454500
2010-06-21,38.81999969482422,39.43000030517578,38.279998779296875,38.47999954223633,38.47999954223633,625800
2010-06-22,38.709999084472656,38.79999923706055,36.790000915527344,36.93000030517578,36.93000030517578,432300
2010-06-23,36.790000915527344,37.029998779296875,36.18000030517578,36.540000915527344,36.540000915527344,370700
2010-06-24,36.380001068115234,36.380001068115234,35.560001373291016,35.709999084472656,35.709999084472656,355300
2010-06-25,35.790000915527344,36.59000015258789,35.290000915527344,36.380001068115234,36.380001068115234,669700
2010-06-28,36.54999923706055,36.70000076293945,35.70000076293945,35.72999954223633,35.72999954223633,274800
2010-06-29,35.02000045776367,35.22999954223633,34.0,34.2400016784668,34.2400016784668,432100
2010-06-30,34.290000915527344,34.810001373291016,33.54999923706055,33.66999816894531,33.66999816894531,347500
2010-07-01,33.63999938964844,33.779998779296875,32.25,33.04999923706055,33.04999923706055,722600
2010-07-02,33.290000915527344,33.290000915527344,32.5,32.83000183105469,32.83000183105469,301100
2010-07-06,33.45000076293945,33.709999084472656,32.06999969482422,32.33000183105469,32.33000183105469,389500
2010-07-07,32.72999954223633,34.220001220703125,32.58000183105469,34.220001220703125,34.220001220703125,508000
2010-07-08,34.279998779296875,34.790000915527344,34.0099983215332,34.54999923706055,34.54999923706055,367100
2010-07-09,34.529998779296875,34.83000183105469,34.09000015258789,34.72999954223633,34.72999954223633,446400
2010-07-12,34.4900016784668,35.060001373291016,34.4900016784668,34.709999084472656,34.709999084472656,218400
2010-07-13,35.16999816894531,35.84000015258789,34.9900016784668,35.41999816894531,35.41999816894531,580300
2010-07-14,35.279998779296875,36.0,35.0099983215332,35.939998626708984,35.939998626708984,341500
2010-07-15,36.0,36.400001525878906,35.5,36.380001068115234,36.380001068115234,483400
2010-07-16,35.959999084472656,36.220001220703125,35.380001068115234,35.5,35.5,633400
2010-07-19,35.459999084472656,35.689998626708984,34.439998626708984,35.31999969482422,35.31999969482422,491800
2010-07-20,35.38999938964844,36.18000030517578,35.31999969482422,36.099998474121094,36.099998474121094,841200
2010-07-21,36.4900016784668,37.52000045776367,36.43000030517578,36.599998474121094,36.599998474121094,953300
2010-07-22,36.290000915527344,37.400001525878906,34.470001220703125,36.09000015258789,36.09000015258789,976700
2010-07-23,36.150001525878906,36.36000061035156,35.47999954223633,35.849998474121094,35.849998474121094,827300
2010-07-26,35.97999954223633,36.04999923706055,35.310001373291016,35.650001525878906,35.650001525878906,846500
2010-07-27,36.040000915527344,36.040000915527344,35.04999923706055,35.189998626708984,35.189998626708984,412100
2010-07-28,35.099998474121094,35.369998931884766,34.59000015258789,35.06999969482422,35.06999969482422,1166800
2010-07-29,35.220001220703125,36.04999923706055,35.0,35.83000183105469,35.83000183105469,661400
2010-07-30,35.400001525878906,36.02000045776367,35.0,35.93000030517578,35.93000030517578,635200
2010-08-02,36.709999084472656,36.7599983215332,35.88999938964844,36.380001068115234,36.380001068115234,510000
2010-08-03,36.08000183105469,36.5099983215332,35.7400016784668,36.209999084472656,36.209999084472656,356500
2010-08-04,36.25,36.58000183105469,36.130001068115234,36.439998626708984,36.439998626708984,399600
2010-08-05,36.2400016784668,36.5,35.75,35.900001525878906,35.900001525878906,289300
2010-08-06,35.459999084472656,35.7400016784668,34.970001220703125,35.45000076293945,35.45000076293945,375800
2010-08-09,35.58000183105469,36.0099983215332,35.47999954223633,35.7599983215332,35.7599983215332,417600
2010-08-10,35.400001525878906,36.34000015258789,35.27000045776367,36.0099983215332,36.0099983215332,547900
2010-08-11,35.33000183105469,35.33000183105469,34.16999816894531,34.36000061035156,34.36000061035156,503900
2010-08-12,33.75,35.0,33.7400016784668,34.54999923706055,34.54999923706055,552100
2010-08-13,34.369998931884766,34.560001373291016,33.900001525878906,33.900001525878906,33.900001525878906,378700
2010-08-16,33.709999084472656,34.04999923706055,33.310001373291016,33.61000061035156,33.61000061035156,500200
2010-08-17,33.93000030517578,34.88999938964844,33.84000015258789,34.2599983215332,34.2599983215332,372500
2010-08-18,34.380001068115234,34.959999084472656,34.15999984741211,34.63999938964844,34.63999938964844,243000
2010-08-19,34.47999954223633,34.47999954223633,33.65999984741211,33.689998626708984,33.689998626708984,272600
2010-08-20,33.54999923706055,33.650001525878906,32.84000015258789,33.56999969482422,33.56999969482422,316600
2010-08-23,33.90999984741211,33.90999984741211,33.040000915527344,33.119998931884766,33.119998931884766,331400
2010-08-24,32.52000045776367,32.790000915527344,32.08000183105469,32.27000045776367,32.27000045776367,743400
2010-08-25,31.969999313354492,32.58000183105469,31.5,32.439998626708984,32.439998626708984,367800
2010-08-26,32.65999984741211,33.040000915527344,31.860000610351562,31.8700008392334,31.8700008392334,420500
2010-08-27,32.09000015258789,33.2599983215332,31.770000457763672,33.22999954223633,33.22999954223633,596600
2010-08-30,33.02000045776367,33.290000915527344,32.400001525878906,32.43000030517578,32.43000030517578,183800
2010-08-31,32.27000045776367,32.72999954223633,32.0,32.279998779296875,32.279998779296875,409400
2010-09-01,32.77000045776367,34.209999084472656,32.650001525878906,33.9900016784668,33.9900016784668,284400
2010-09-02,34.290000915527344,35.150001525878906,34.040000915527344,35.150001525878906,35.150001525878906,344800
2010-09-03,35.529998779296875,36.310001373291016,35.209999084472656,35.810001373291016,35.810001373291016,471400
2010-09-07,35.59000015258789,35.97999954223633,35.27000045776367,35.650001525878906,35.650001525878906,364500
2010-09-08,35.58000183105469,36.02000045776367,35.58000183105469,35.90999984741211,35.90999984741211,447700
2010-09-09,36.31999969482422,36.34000015258789,35.029998779296875,35.25,35.25,384200
2010-09-10,35.20000076293945,35.7599983215332,35.060001373291016,35.40999984741211,35.40999984741211,326800
2010-09-13,35.7400016784668,36.97999954223633,35.709999084472656,36.900001525878906,36.900001525878906,487100
2010-09-14,37.220001220703125,37.779998779296875,37.150001525878906,37.279998779296875,37.279998779296875,632200
2010-09-15,37.220001220703125,37.439998626708984,36.61000061035156,37.0,37.0,357000
2010-09-16,36.7599983215332,37.15999984741211,36.5,36.599998474121094,36.599998474121094,320100
2010-09-17,36.79999923706055,37.150001525878906,36.369998931884766,37.11000061035156,37.11000061035156,259400
2010-09-20,37.439998626708984,38.630001068115234,37.0,38.5,38.5,504500
2010-09-21,38.630001068115234,39.33000183105469,38.189998626708984,38.779998779296875,38.779998779296875,823400
2010-09-22,38.779998779296875,39.20000076293945,38.220001220703125,38.380001068115234,38.380001068115234,459500
2010-09-23,38.04999923706055,39.02000045776367,37.88999938964844,38.0099983215332,38.0099983215332,430600
2010-09-24,38.5099983215332,39.0099983215332,38.5099983215332,38.93000030517578,38.93000030517578,248200
2010-09-27,39.0,39.47999954223633,38.779998779296875,39.2599983215332,39.2599983215332,318300
2010-09-28,39.5,40.29999923706055,39.130001068115234,40.20000076293945,40.20000076293945,521900
2010-09-29,40.20000076293945,40.40999984741211,39.529998779296875,39.86000061035156,39.86000061035156,472300
2010-09-30,39.91999816894531,40.29999923706055,38.91999816894531,39.290000915527344,39.290000915527344,577600
2010-10-01,39.58000183105469,39.91999816894531,38.86000061035156,39.56999969482422,39.56999969482422,476800
2010-10-04,39.400001525878906,39.63999938964844,38.7599983215332,39.209999084472656,39.209999084472656,295100
2010-10-05,39.54999923706055,40.119998931884766,39.06999969482422,39.79999923706055,39.79999923706055,472600
2010-10-06,39.689998626708984,39.84000015258789,39.099998474121094,39.45000076293945,39.45000076293945,469800
2010-10-07,39.63999938964844,39.790000915527344,38.849998474121094,39.27000045776367,39.27000045776367,453300
2010-10-08,39.27000045776367,39.81999969482422,39.119998931884766,39.75,39.75,385600
2010-10-11,39.88999938964844,39.88999938964844,39.40999984741211,39.5,39.5,340600
2010-10-12,39.45000076293945,39.5,38.88999938964844,39.33000183105469,39.33000183105469,392900
2010-10-13,39.56999969482422,39.880001068115234,39.470001220703125,39.619998931884766,39.619998931884766,581800
2010-10-14,39.470001220703125,40.0099983215332,39.459999084472656,39.709999084472656,39.709999084472656,491000
2010-10-15,40.0,40.540000915527344,39.709999084472656,40.02000045776367,40.02000045776367,648600
2010-10-18,40.130001068115234,40.130001068115234,39.79999923706055,40.0,40.0,253800
2010-10-19,39.5099983215332,40.369998931884766,39.5099983215332,39.869998931884766,39.869998931884766,656000
2010-10-20,39.93000030517578,40.81999969482422,39.83000183105469,40.630001068115234,40.630001068115234,697600
2010-10-21,43.06999969482422,43.08000183105469,42.04999923706055,42.709999084472656,42.709999084472656,2036000
2010-10-22,43.77000045776367,44.380001068115234,42.849998474121094,43.720001220703125,43.720001220703125,3100800
2010-10-25,43.93000030517578,44.95000076293945,43.93000030517578,44.5099983215332,44.5099983215332,1620300
2010-10-26,44.099998474121094,44.619998931884766,43.790000915527344,43.84000015258789,43.84000015258789,564600
2010-10-27,43.349998474121094,43.47999954223633,42.86000061035156,43.15999984741211,43.15999984741211,679900
2010-10-28,43.45000076293945,43.709999084472656,42.689998626708984,43.0,43.0,349000
2010-10-29,42.849998474121094,43.099998474121094,42.68000030517578,42.81999969482422,42.81999969482422,345800
2010-11-01,43.20000076293945,43.31999969482422,42.29999923706055,42.7400016784668,42.7400016784668,319400
2010-11-02,43.22999954223633,44.470001220703125,42.91999816894531,44.439998626708984,44.439998626708984,907400
2010-11-03,44.45000076293945,44.66999816894531,43.93000030517578,44.5,44.5,643800
2010-11-04,44.95000076293945,45.880001068115234,44.880001068115234,45.459999084472656,45.459999084472656,840000
2010-11-05,45.54999923706055,46.880001068115234,45.54999923706055,46.630001068115234,46.630001068115234,631800
2010-11-08,46.310001373291016,46.380001068115234,45.880001068115234,46.25,46.25,940600
2010-11-09,46.25,46.36000061035156,45.7400016784668,45.869998931884766,45.869998931884766,447200
2010-11-10,45.86000061035156,46.060001373291016,45.34000015258789,46.040000915527344,46.040000915527344,477600
2010-11-11,45.439998626708984,46.16999816894531,45.34000015258789,45.970001220703125,45.970001220703125,259600
2010-11-12,45.650001525878906,45.849998474121094,44.36000061035156,44.63999938964844,44.63999938964844,440600
2010-11-15,44.88999938964844,45.650001525878906,44.709999084472656,45.15999984741211,45.15999984741211,1006800
2010-11-16,44.68000030517578,44.7599983215332,43.63999938964844,43.88999938964844,43.88999938964844,605200
2010-11-17,44.81999969482422,47.099998474121094,44.54999923706055,46.43000030517578,46.43000030517578,1009800
2010-11-18,46.9900016784668,47.849998474121094,46.959999084472656,47.61000061035156,47.61000061035156,1065400
2010-11-19,47.41999816894531,47.72999954223633,47.0,47.380001068115234,47.380001068115234,1576100
2010-11-22,47.189998626708984,48.029998779296875,47.0,47.939998626708984,47.939998626708984,589900
2010-11-23,47.31999969482422,47.40999984741211,46.75,47.290000915527344,47.290000915527344,549300
2010-11-24,47.63999938964844,48.599998474121094,47.529998779296875,48.56999969482422,48.56999969482422,285800
2010-11-26,48.279998779296875,48.65999984741211,47.61000061035156,48.599998474121094,48.599998474121094,112000
2010-11-29,48.130001068115234,48.2599983215332,46.93000030517578,47.88999938964844,47.88999938964844,596900
2010-11-30,47.439998626708984,48.2400016784668,47.34000015258789,47.720001220703125,47.720001220703125,428200
2010-12-01,48.540000915527344,49.5,48.13999938964844,49.5,49.5,519800
2010-12-02,49.459999084472656,50.650001525878906,49.41999816894531,50.650001525878906,50.650001525878906,774000
2010-12-03,50.52000045776367,51.36000061035156,50.31999969482422,51.33000183105469,51.33000183105469,372500
2010-12-06,51.279998779296875,51.279998779296875,50.720001220703125,51.09000015258789,51.09000015258789,344700
2010-12-07,51.47999954223633,51.66999816894531,50.880001068115234,51.25,51.25,639300
2010-12-08,51.22999954223633,51.2400016784668,50.22999954223633,50.540000915527344,50.540000915527344,623900
2010-12-09,51.09000015258789,51.09000015258789,50.16999816894531,50.33000183105469,50.33000183105469,643500
2010-12-10,50.61000061035156,50.779998779296875,50.16999816894531,50.630001068115234,50.630001068115234,568700
2010-12-13,50.83000183105469,50.91999816894531,49.72999954223633,50.04999923706055,50.04999923706055,618700
2010-12-14,50.209999084472656,51.0099983215332,50.04999923706055,50.869998931884766,50.869998931884766,455600
2010-12-15,50.7599983215332,51.599998474121094,50.54999923706055,50.790000915527344,50.790000915527344,446200
2010-12-16,50.83000183105469,51.41999816894531,50.470001220703125,51.310001373291016,51.310001373291016,392800
2010-12-17,51.369998931884766,52.29999923706055,51.11000061035156,52.2599983215332,52.2599983215332,514200
2010-12-20,52.439998626708984,52.779998779296875,52.0099983215332,52.47999954223633,52.47999954223633,483100
2010-12-21,52.650001525878906,53.20000076293945,52.349998474121094,52.93000030517578,52.93000030517578,435500
2010-12-22,52.959999084472656,53.150001525878906,52.7599983215332,53.11000061035156,53.11000061035156,338800
2010-12-23,53.040000915527344,53.189998626708984,52.709999084472656,52.77000045776367,52.77000045776367,310400
2010-12-27,52.58000183105469,53.38999938964844,52.43000030517578,53.209999084472656,53.209999084472656,213100
2010-12-28,53.29999923706055,53.779998779296875,53.029998779296875,53.20000076293945,53.20000076293945,228700
2010-12-29,53.36000061035156,53.560001373291016,53.02000045776367,53.04999923706055,53.04999923706055,177700
2010-12-30,53.029998779296875,53.189998626708984,52.959999084472656,52.97999954223633,52.97999954223633,103900
2010-12-31,52.9900016784668,53.33000183105469,52.7599983215332,52.79999923706055,52.79999923706055,162500
2011-01-03,53.2599983215332,53.63999938964844,52.84000015258789,53.25,53.25,504600
2011-01-04,53.43000030517578,53.61000061035156,52.5099983215332,52.75,52.75,920600
2011-01-05,52.47999954223633,53.150001525878906,52.13999938964844,53.08000183105469,53.08000183105469,347800
2011-01-06,53.040000915527344,53.56999969482422,52.77000045776367,53.2400016784668,53.2400016784668,1314700
2011-01-07,53.439998626708984,53.54999923706055,52.36000061035156,52.900001525878906,52.900001525878906,265500
2011-01-10,52.439998626708984,53.470001220703125,52.29999923706055,53.31999969482422,53.31999969482422,574800
2011-01-11,53.900001525878906,54.7599983215332,53.84000015258789,54.349998474121094,54.349998474121094,440500
2011-01-12,54.68000030517578,55.34000015258789,54.369998931884766,54.529998779296875,54.529998779296875,347500
2011-01-13,54.5099983215332,54.91999816894531,54.33000183105469,54.599998474121094,54.599998474121094,276300
2011-01-14,54.52000045776367,54.97999954223633,53.25,54.97999954223633,54.97999954223633,648000
2011-01-18,54.970001220703125,55.40999984741211,54.720001220703125,55.099998474121094,55.099998474121094,369100
2011-01-19,55.11000061035156,55.11000061035156,53.75,53.95000076293945,53.95000076293945,566500
2011-01-20,53.81999969482422,54.630001068115234,53.470001220703125,54.52000045776367,54.52000045776367,762000
2011-01-21,54.9900016784668,55.349998474121094,53.959999084472656,54.16999816894531,54.16999816894531,493100
2011-01-24,54.369998931884766,55.369998931884766,54.029998779296875,54.91999816894531,54.91999816894531,797600
2011-01-25,54.63999938964844,54.63999938964844,53.189998626708984,53.68000030517578,53.68000030517578,1146700
2011-01-26,53.810001373291016,54.599998474121094,53.66999816894531,54.33000183105469,54.33000183105469,625800
2011-01-27,54.630001068115234,55.189998626708984,53.470001220703125,55.130001068115234,55.130001068115234,909200
2011-01-28,55.189998626708984,56.459999084472656,53.9900016784668,54.38999938964844,54.38999938964844,618400
2011-01-31,54.5099983215332,56.209999084472656,54.439998626708984,56.04999923706055,56.04999923706055,486500
2011-02-01,56.529998779296875,57.97999954223633,56.25,57.79999923706055,57.79999923706055,540100
2011-02-02,57.93000030517578,58.38999938964844,57.119998931884766,57.310001373291016,57.310001373291016,762800
2011-02-03,57.2599983215332,57.5,56.77000045776367,56.84000015258789,56.84000015258789,545400
2011-02-04,57.0099983215332,57.18000030517578,56.220001220703125,56.689998626708984,56.689998626708984,654000
2011-02-07,56.849998474121094,57.56999969482422,56.5099983215332,57.2400016784668,57.2400016784668,453500
2011-02-08,57.290000915527344,58.040000915527344,57.08000183105469,58.040000915527344,58.040000915527344,388200
2011-02-09,57.97999954223633,58.689998626708984,57.959999084472656,58.5099983215332,58.5099983215332,614400
2011-02-10,58.220001220703125,59.72999954223633,58.040000915527344,59.68000030517578,59.68000030517578,1596500
2011-02-11,59.43000030517578,60.18000030517578,59.20000076293945,59.88999938964844,59.88999938964844,280100
2011-02-14,59.849998474121094,60.400001525878906,59.810001373291016,59.88999938964844,59.88999938964844,594800
2011-02-15,59.599998474121094,60.09000015258789,59.290000915527344,59.34000015258789,59.34000015258789,403900
2011-02-16,59.599998474121094,60.529998779296875,59.599998474121094,60.04999923706055,60.04999923706055,650800
2011-02-17,59.970001220703125,60.380001068115234,59.880001068115234,60.16999816894531,60.16999816894531,320300
2011-02-18,60.27000045776367,60.43000030517578,59.779998779296875,60.119998931884766,60.119998931884766,165000
2011-02-22,59.70000076293945,59.70000076293945,57.13999938964844,57.459999084472656,57.459999084472656,595900
2011-02-23,57.349998474121094,57.54999923706055,54.52000045776367,55.72999954223633,55.72999954223633,1257400
2011-02-24,55.619998931884766,56.33000183105469,54.650001525878906,55.40999984741211,55.40999984741211,729200
2011-02-25,55.619998931884766,56.849998474121094,55.619998931884766,56.68000030517578,56.68000030517578,344900
2011-02-28,57.0,58.959999084472656,56.900001525878906,58.220001220703125,58.220001220703125,907200
2011-03-01,58.380001068115234,58.58000183105469,57.0,57.33000183105469,57.33000183105469,504700
2011-03-02,57.27000045776367,58.349998474121094,57.2599983215332,57.790000915527344,57.790000915527344,238300
2011-03-03,58.16999816894531,59.689998626708984,58.16999816894531,59.34000015258789,59.34000015258789,277100
2011-03-04,59.400001525878906,59.72999954223633,58.72999954223633,59.599998474121094,59.599998474121094,414100
2011-03-07,59.65999984741211,59.9900016784668,57.81999969482422,58.279998779296875,58.279998779296875,787400
2011-03-08,58.540000915527344,59.90999984741211,57.83000183105469,59.54999923706055,59.54999923706055,539900
2011-03-09,59.5,60.459999084472656,59.310001373291016,60.25,60.25,647100
2011-03-10,59.7400016784668,59.83000183105469,58.36000061035156,58.7599983215332,58.7599983215332,371700
2011-03-11,58.52000045776367,59.97999954223633,58.36000061035156,59.630001068115234,59.630001068115234,250600
2011-03-14,59.630001068115234,59.88999938964844,58.33000183105469,59.459999084472656,59.459999084472656,347500
2011-03-15,58.2400016784668,59.869998931884766,57.33000183105469,59.529998779296875,59.529998779296875,409700
2011-03-16,59.349998474121094,60.0099983215332,58.36000061035156,58.849998474121094,58.849998474121094,430900
2011-03-17,59.869998931884766,60.02000045776367,58.58000183105469,58.939998626708984,58.939998626708984,392800
2011-03-18,59.68000030517578,59.97999954223633,59.29999923706055,59.5,59.5,449300
2011-03-21,60.38999938964844,61.279998779296875,60.13999938964844,60.970001220703125,60.970001220703125,392400
2011-03-22,61.06999969482422,61.08000183105469,60.220001220703125,60.38999938964844,60.38999938964844,486900
2011-03-23,60.400001525878906,60.88999938964844,59.27000045776367,60.619998931884766,60.619998931884766,383700
2011-03-24,60.970001220703125,61.380001068115234,60.54999923706055,61.27000045776367,61.27000045776367,407400
2011-03-25,61.36000061035156,62.119998931884766,61.16999816894531,61.310001373291016,61.310001373291016,610500
2011-03-28,61.310001373291016,61.869998931884766,61.029998779296875,61.08000183105469,61.08000183105469,773400
2011-03-29,60.95000076293945,61.81999969482422,60.40999984741211,61.81999969482422,61.81999969482422,465000
2011-03-30,62.130001068115234,62.470001220703125,61.5099983215332,61.7400016784668,61.7400016784668,715900
2011-03-31,61.7599983215332,63.09000015258789,61.56999969482422,62.5,62.5,483000
2011-04-01,63.099998474121094,63.349998474121094,62.599998474121094,63.29999923706055,63.29999923706055,435900
2011-04-04,63.36000061035156,64.55000305175781,63.18000030517578,63.790000915527344,63.790000915527344,981900
2011-04-05,63.599998474121094,64.0999984741211,63.36000061035156,63.41999816894531,63.41999816894531,231000
2011-04-06,64.13999938964844,64.9000015258789,62.709999084472656,63.459999084472656,63.459999084472656,462600
2011-04-07,63.279998779296875,63.5099983215332,60.790000915527344,61.40999984741211,61.40999984741211,1009700
2011-04-08,61.56999969482422,61.72999954223633,59.79999923706055,60.65999984741211,60.65999984741211,525500
2011-04-11,60.61000061035156,61.02000045776367,60.220001220703125,60.41999816894531,60.41999816894531,337200
2011-04-12,59.7599983215332,60.189998626708984,58.93000030517578,59.040000915527344,59.040000915527344,471700
2011-04-13,59.36000061035156,59.880001068115234,58.66999816894531,59.41999816894531,59.41999816894531,441600
2011-04-14,58.93000030517578,59.689998626708984,58.5099983215332,59.38999938964844,59.38999938964844,374300
2011-04-15,59.41999816894531,60.29999923706055,59.13999938964844,59.95000076293945,59.95000076293945,441800
2011-04-18,59.130001068115234,59.529998779296875,58.77000045776367,59.2400016784668,59.2400016784668,497500
2011-04-19,59.439998626708984,59.5,58.209999084472656,58.61000061035156,58.61000061035156,735800
2011-04-20,59.810001373291016,60.9900016784668,59.810001373291016,59.97999954223633,59.97999954223633,828800
2011-04-21,61.34000015258789,62.0099983215332,60.439998626708984,60.790000915527344,60.790000915527344,905900
2011-04-25,61.119998931884766,61.720001220703125,59.91999816894531,60.25,60.25,456400
2011-04-26,60.58000183105469,61.529998779296875,60.40999984741211,60.849998474121094,60.849998474121094,336400
2011-04-27,60.900001525878906,61.16999816894531,60.47999954223633,61.0099983215332,61.0099983215332,239200
2011-04-28,60.79999923706055,61.7400016784668,60.709999084472656,61.56999969482422,61.56999969482422,466800
2011-04-29,61.58000183105469,62.31999969482422,61.18000030517578,61.95000076293945,61.95000076293945,566000
2011-05-02,62.290000915527344,62.29999923706055,60.810001373291016,60.959999084472656,60.959999084472656,393800
2011-05-03,60.709999084472656,61.060001373291016,59.310001373291016,59.689998626708984,59.689998626708984,386700
2011-05-04,59.65999984741211,59.65999984741211,58.130001068115234,58.16999816894531,58.16999816894531,418800
2011-05-05,57.95000076293945,57.95000076293945,56.34000015258789,56.900001525878906,56.900001525878906,1017200
2011-05-06,57.810001373291016,58.470001220703125,57.09000015258789,57.40999984741211,57.40999984741211,389200
2011-05-09,57.47999954223633,58.29999923706055,57.13999938964844,57.93000030517578,57.93000030517578,228000
2011-05-10,58.220001220703125,59.08000183105469,58.189998626708984,58.56999969482422,58.56999969482422,418400
2011-05-11,58.29999923706055,58.5,57.2400016784668,57.47999954223633,57.47999954223633,253500
2011-05-12,57.150001525878906,57.33000183105469,55.77000045776367,55.79999923706055,55.79999923706055,692000
2011-05-13,55.88999938964844,56.04999923706055,54.63999938964844,54.84000015258789,54.84000015258789,546300
2011-05-16,54.959999084472656,55.54999923706055,54.70000076293945,54.869998931884766,54.869998931884766,533800
2011-05-17,54.400001525878906,54.59000015258789,52.70000076293945,52.849998474121094,52.849998474121094,919200
2011-05-18,53.0,53.970001220703125,52.970001220703125,53.63999938964844,53.63999938964844,1048700
2011-05-19,53.959999084472656,53.959999084472656,52.7400016784668,53.11000061035156,53.11000061035156,1081300
2011-05-20,52.86000061035156,53.900001525878906,51.81999969482422,53.779998779296875,53.779998779296875,934500
2011-05-23,52.75,52.81999969482422,52.40999984741211,52.43000030517578,52.43000030517578,728000
2011-05-24,52.40999984741211,53.11000061035156,52.36000061035156,52.75,52.75,663000
2011-05-25,52.5,53.209999084472656,52.27000045776367,52.720001220703125,52.720001220703125,744700
2011-05-26,53.650001525878906,54.11000061035156,53.29999923706055,53.77000045776367,53.77000045776367,722000
2011-05-27,54.06999969482422,54.83000183105469,53.90999984741211,54.63999938964844,54.63999938964844,627600
2011-05-31,55.08000183105469,55.63999938964844,54.65999984741211,55.599998474121094,55.599998474121094,593100
2011-06-01,55.5,55.91999816894531,53.04999923706055,53.11000061035156,53.11000061035156,731500
2011-06-02,53.0099983215332,53.70000076293945,52.91999816894531,53.4900016784668,53.4900016784668,488000
2011-06-03,52.459999084472656,53.13999938964844,52.11000061035156,52.5099983215332,52.5099983215332,370200
2011-06-06,52.279998779296875,52.45000076293945,51.36000061035156,51.5099983215332,51.5099983215332,388000
2011-06-07,51.79999923706055,51.900001525878906,51.0,51.02000045776367,51.02000045776367,582600
2011-06-08,50.959999084472656,51.16999816894531,50.66999816894531,50.869998931884766,50.869998931884766,595300
2011-06-09,51.029998779296875,51.7599983215332,50.81999969482422,51.459999084472656,51.459999084472656,445700
2011-06-10,51.18000030517578,51.349998474121094,50.45000076293945,50.81999969482422,50.81999969482422,434300
2011-06-13,50.91999816894531,51.18000030517578,50.290000915527344,50.810001373291016,50.810001373291016,671600
2011-06-14,51.369998931884766,53.220001220703125,51.369998931884766,52.970001220703125,52.970001220703125,448400
2011-06-15,52.29999923706055,52.529998779296875,51.54999923706055,51.720001220703125,51.720001220703125,565300
2011-06-16,51.66999816894531,52.43000030517578,51.43000030517578,52.130001068115234,52.130001068115234,491300
2011-06-17,52.75,53.08000183105469,51.709999084472656,52.220001220703125,52.220001220703125,345800
2011-06-20,51.95000076293945,52.91999816894531,51.790000915527344,52.849998474121094,52.849998474121094,357200
2011-06-21,53.220001220703125,54.310001373291016,53.220001220703125,54.22999954223633,54.22999954223633,338800
2011-06-22,53.77000045776367,54.20000076293945,53.08000183105469,53.310001373291016,53.310001373291016,570600
2011-06-23,52.619998931884766,52.66999816894531,51.86000061035156,52.540000915527344,52.540000915527344,652600
2011-06-24,52.709999084472656,53.06999969482422,51.599998474121094,51.75,51.75,495400
2011-06-27,51.619998931884766,51.880001068115234,50.81999969482422,51.70000076293945,51.70000076293945,401200
2011-06-28,51.599998474121094,52.189998626708984,51.599998474121094,51.79999923706055,51.79999923706055,583800
2011-06-29,52.13999938964844,52.38999938964844,51.709999084472656,52.220001220703125,52.220001220703125,839800
2011-06-30,52.2599983215332,54.400001525878906,52.16999816894531,54.09000015258789,54.09000015258789,873300
2011-07-01,54.31999969482422,56.130001068115234,54.209999084472656,55.95000076293945,55.95000076293945,509400
2011-07-05,55.81999969482422,55.81999969482422,54.470001220703125,55.349998474121094,55.349998474121094,439000
2011-07-06,55.13999938964844,55.86000061035156,54.81999969482422,55.56999969482422,55.56999969482422,597500
2011-07-07,56.150001525878906,56.310001373291016,55.189998626708984,55.630001068115234,55.630001068115234,518800
2011-07-08,54.7599983215332,54.9900016784668,54.41999816894531,54.66999816894531,54.66999816894531,402900
2011-07-11,53.72999954223633,54.040000915527344,52.959999084472656,53.20000076293945,53.20000076293945,290700
2011-07-12,52.959999084472656,53.189998626708984,52.38999938964844,52.58000183105469,52.58000183105469,308400
2011-07-13,52.95000076293945,53.91999816894531,52.709999084472656,53.150001525878906,53.150001525878906,343700
2011-07-14,53.439998626708984,53.560001373291016,51.81999969482422,52.0099983215332,52.0099983215332,312700
2011-07-15,52.34000015258789,52.34000015258789,51.380001068115234,51.7599983215332,51.7599983215332,333800
2011-07-18,51.189998626708984,51.63999938964844,50.540000915527344,51.08000183105469,51.08000183105469,410800
2011-07-19,51.47999954223633,53.34000015258789,51.459999084472656,53.08000183105469,53.08000183105469,552800
2011-07-20,53.41999816894531,53.41999816894531,52.380001068115234,52.470001220703125,52.470001220703125,479800
2011-07-21,54.11000061035156,55.75,54.0,55.400001525878906,55.400001525878906,1389900
2011-07-22,55.619998931884766,57.34000015258789,55.529998779296875,56.16999816894531,56.16999816894531,908800
2011-07-25,55.56999969482422,56.9900016784668,55.5,56.810001373291016,56.810001373291016,548100
2011-07-26,56.619998931884766,56.72999954223633,54.959999084472656,55.13999938964844,55.13999938964844,649900
2011-07-27,54.86000061035156,54.86000061035156,52.06999969482422,52.27000045776367,52.27000045776367,664300
2011-07-28,52.130001068115234,52.88999938964844,51.400001525878906,51.58000183105469,51.58000183105469,514800
2011-07-29,50.790000915527344,51.56999969482422,50.33000183105469,50.689998626708984,50.689998626708984,625800
2011-08-01,51.529998779296875,51.88999938964844,49.599998474121094,50.720001220703125,50.720001220703125,1193200
2011-08-02,50.13999938964844,50.790000915527344,47.75,47.81999969482422,47.81999969482422,861300
2011-08-03,48.02000045776367,48.02000045776367,46.2400016784668,46.849998474121094,46.849998474121094,1138700
2011-08-04,46.0,46.0,42.83000183105469,42.900001525878906,42.900001525878906,1474000
2011-08-05,43.65999984741211,43.90999984741211,40.849998474121094,42.16999816894531,42.16999816894531,1088500
2011-08-08,40.779998779296875,41.880001068115234,37.08000183105469,37.20000076293945,37.20000076293945,1835200
2011-08-09,37.77000045776367,39.38999938964844,35.599998474121094,38.45000076293945,38.45000076293945,1872300
2011-08-10,37.560001373291016,38.08000183105469,36.54999923706055,36.650001525878906,36.650001525878906,1501800
2011-08-11,37.209999084472656,41.95000076293945,37.209999084472656,41.279998779296875,41.279998779296875,1297000
2011-08-12,41.88999938964844,42.45000076293945,41.11000061035156,41.90999984741211,41.90999984741211,593400
2011-08-15,42.400001525878906,42.68000030517578,41.529998779296875,42.40999984741211,42.40999984741211,738700
2011-08-16,41.61000061035156,42.380001068115234,40.869998931884766,41.27000045776367,41.27000045776367,782800
2011-08-17,41.650001525878906,41.66999816894531,39.86000061035156,40.54999923706055,40.54999923706055,542400
2011-08-18,38.900001525878906,38.959999084472656,37.54999923706055,38.02000045776367,38.02000045776367,954300
2011-08-19,37.220001220703125,38.45000076293945,36.380001068115234,36.5099983215332,36.5099983215332,573200
2011-08-22,37.56999969482422,37.84000015258789,36.41999816894531,36.560001373291016,36.560001373291016,531200
2011-08-23,36.86000061035156,38.439998626708984,36.4900016784668,38.439998626708984,38.439998626708984,837600
2011-08-24,38.31999969482422,39.529998779296875,37.880001068115234,39.40999984741211,39.40999984741211,525200
2011-08-25,39.83000183105469,40.349998474121094,38.25,38.439998626708984,38.439998626708984,640100
2011-08-26,38.66999816894531,40.5099983215332,37.77000045776367,40.400001525878906,40.400001525878906,481500
2011-08-29,41.02000045776367,42.22999954223633,41.02000045776367,42.189998626708984,42.189998626708984,247300
2011-08-30,41.869998931884766,43.439998626708984,41.33000183105469,43.04999923706055,43.04999923706055,548000
2011-08-31,43.22999954223633,44.45000076293945,42.689998626708984,43.09000015258789,43.09000015258789,646300
2011-09-01,43.650001525878906,44.040000915527344,42.439998626708984,42.5,42.5,560600
2011-09-02,41.349998474121094,41.68000030517578,40.130001068115234,40.75,40.75,488500
2011-09-06,38.95000076293945,40.65999984741211,38.790000915527344,40.2599983215332,40.2599983215332,406700
2011-09-07,41.09000015258789,42.33000183105469,40.91999816894531,42.08000183105469,42.08000183105469,364800
2011-09-08,41.619998931884766,42.0099983215332,39.95000076293945,40.099998474121094,40.099998474121094,903900
2011-09-09,39.720001220703125,39.959999084472656,38.25,38.790000915527344,38.790000915527344,454900
2011-09-12,38.09000015258789,39.099998474121094,37.79999923706055,38.9900016784668,38.9900016784668,487800
2011-09-13,39.27000045776367,40.43000030517578,39.099998474121094,40.189998626708984,40.189998626708984,823500
2011-09-14,40.619998931884766,43.22999954223633,39.90999984741211,42.45000076293945,42.45000076293945,708100
2011-09-15,42.91999816894531,43.75,41.95000076293945,43.709999084472656,43.709999084472656,658000
2011-09-16,43.470001220703125,43.7599983215332,42.369998931884766,43.20000076293945,43.20000076293945,642600
2011-09-19,42.02000045776367,42.869998931884766,41.689998626708984,42.650001525878906,42.650001525878906,584500
2011-09-20,42.900001525878906,43.150001525878906,41.7400016784668,41.790000915527344,41.790000915527344,498200
2011-09-21,41.63999938964844,42.150001525878906,39.380001068115234,39.38999938964844,39.38999938964844,528300
2011-09-22,37.63999938964844,38.04999923706055,35.52000045776367,36.04999923706055,36.04999923706055,762100
2011-09-23,35.900001525878906,36.86000061035156,35.08000183105469,35.95000076293945,35.95000076293945,940800
2011-09-26,36.54999923706055,36.9900016784668,35.08000183105469,36.900001525878906,36.900001525878906,858000
2011-09-27,38.06999969482422,40.02000045776367,37.59000015258789,38.720001220703125,38.720001220703125,774600
2011-09-28,38.650001525878906,38.79999923706055,35.790000915527344,36.02000045776367,36.02000045776367,806500
2011-09-29,36.970001220703125,37.33000183105469,34.31999969482422,35.4900016784668,35.4900016784668,1191200
2011-09-30,34.880001068115234,35.16999816894531,33.5099983215332,33.54999923706055,33.54999923706055,946600
2011-10-03,33.150001525878906,33.68000030517578,32.02000045776367,32.09000015258789,32.09000015258789,939000
2011-10-04,31.450000762939453,33.5,31.079999923706055,33.470001220703125,33.470001220703125,1100000
2011-10-05,33.630001068115234,35.7400016784668,33.29999923706055,35.290000915527344,35.290000915527344,675000
2011-10-06,34.959999084472656,36.290000915527344,34.58000183105469,35.900001525878906,35.900001525878906,798600
2011-10-07,36.119998931884766,36.54999923706055,35.2599983215332,35.59000015258789,35.59000015258789,884500
2011-10-10,36.459999084472656,37.75,36.459999084472656,37.72999954223633,37.72999954223633,426500
2011-10-11,37.18000030517578,38.709999084472656,37.18000030517578,38.45000076293945,38.45000076293945,498500
2011-10-12,38.869998931884766,40.52000045776367,38.619998931884766,39.630001068115234,39.630001068115234,681100
2011-10-13,39.29999923706055,39.630001068115234,38.5,39.45000076293945,39.45000076293945,561000
2011-10-14,40.560001373291016,41.459999084472656,40.0,40.75,40.75,554900
2011-10-17,40.529998779296875,40.630001068115234,39.540000915527344,39.970001220703125,39.970001220703125,770000
2011-10-18,40.209999084472656,41.720001220703125,39.81999969482422,41.369998931884766,41.369998931884766,1100800
2011-10-19,41.0,41.84000015258789,40.619998931884766,40.79999923706055,40.79999923706055,1414100
2011-10-20,42.13999938964844,44.040000915527344,41.0,43.66999816894531,43.66999816894531,2322400
2011-10-21,44.5099983215332,45.22999954223633,43.70000076293945,44.90999984741211,44.90999984741211,977600
2011-10-24,45.22999954223633,47.65999984741211,45.18000030517578,47.61000061035156,47.61000061035156,941700
2011-10-25,47.27000045776367,47.959999084472656,45.43000030517578,46.5,46.5,861600
2011-10-26,47.380001068115234,47.529998779296875,45.68000030517578,47.130001068115234,47.130001068115234,611100
2011-10-27,49.130001068115234,50.7400016784668,48.54999923706055,50.0,50.0,5040800
2011-10-28,49.95000076293945,50.18000030517578,49.0,49.61000061035156,49.61000061035156,518900
2011-10-31,47.9900016784668,49.52000045776367,47.41999816894531,48.459999084472656,48.459999084472656,1115500
2011-11-01,45.97999954223633,47.95000076293945,45.58000183105469,46.720001220703125,46.720001220703125,777900
2011-11-02,47.7599983215332,47.900001525878906,46.68000030517578,47.4900016784668,47.4900016784668,437900
2011-11-03,48.25,49.68000030517578,47.619998931884766,49.36000061035156,49.36000061035156,756400
2011-11-04,49.060001373291016,50.349998474121094,48.5,49.7400016784668,49.7400016784668,789500
2011-11-07,49.70000076293945,49.939998626708984,48.119998931884766,49.41999816894531,49.41999816894531,334200
2011-11-08,49.560001373291016,50.29999923706055,48.5099983215332,49.68000030517578,49.68000030517578,546900
2011-11-09,47.959999084472656,49.4900016784668,47.38999938964844,47.83000183105469,47.83000183105469,691700
2011-11-10,48.84000015258789,49.5,47.869998931884766,48.849998474121094,48.849998474121094,690500
2011-11-11,49.630001068115234,50.93000030517578,49.61000061035156,50.4900016784668,50.4900016784668,491800
2011-11-14,50.06999969482422,50.689998626708984,48.81999969482422,49.66999816894531,49.66999816894531,1050800
2011-11-15,49.25,50.0099983215332,48.38999938964844,49.400001525878906,49.400001525878906,697900
2011-11-16,48.959999084472656,51.29999923706055,48.7400016784668,50.16999816894531,50.16999816894531,812500
2011-11-17,50.02000045776367,50.41999816894531,48.52000045776367,48.95000076293945,48.95000076293945,545300
2011-11-18,49.11000061035156,49.400001525878906,48.650001525878906,48.86000061035156,48.86000061035156,327400
2011-11-21,47.83000183105469,49.209999084472656,47.369998931884766,48.380001068115234,48.380001068115234,645300
2011-11-22,48.099998474121094,48.22999954223633,46.709999084472656,46.869998931884766,46.869998931884766,868400
2011-11-23,46.27000045776367,46.619998931884766,45.209999084472656,45.34000015258789,45.34000015258789,550400
2011-11-25,45.119998931884766,46.119998931884766,44.77000045776367,45.52000045776367,45.52000045776367,253600
2011-11-28,47.369998931884766,47.86000061035156,46.90999984741211,47.77000045776367,47.77000045776367,419800
2011-11-29,47.81999969482422,48.349998474121094,46.959999084472656,47.09000015258789,47.09000015258789,527200
2011-11-30,49.0099983215332,50.970001220703125,46.20000076293945,50.959999084472656,50.959999084472656,1004300
2011-12-01,50.95000076293945,52.0,50.599998474121094,51.220001220703125,51.220001220703125,658000
2011-12-02,51.650001525878906,52.40999984741211,51.650001525878906,51.869998931884766,51.869998931884766,623000
2011-12-05,53.02000045776367,53.130001068115234,51.43000030517578,51.88999938964844,51.88999938964844,593500
2011-12-06,51.75,52.470001220703125,51.36000061035156,52.18000030517578,52.18000030517578,416700
2011-12-07,51.689998626708984,52.29999923706055,50.95000076293945,51.939998626708984,51.939998626708984,304200
2011-12-08,51.25,51.75,50.27000045776367,50.41999816894531,50.41999816894531,413900
2011-12-09,50.79999923706055,51.72999954223633,50.279998779296875,51.529998779296875,51.529998779296875,471000
2011-12-12,50.630001068115234,51.22999954223633,50.11000061035156,51.13999938964844,51.13999938964844,542400
2011-12-13,51.61000061035156,52.31999969482422,49.869998931884766,50.52000045776367,50.52000045776367,646300
2011-12-14,50.15999984741211,50.15999984741211,48.459999084472656,48.599998474121094,48.599998474121094,624400
2011-12-15,49.5,49.7400016784668,48.540000915527344,48.83000183105469,48.83000183105469,797100
2011-12-16,49.40999984741211,49.90999984741211,48.79999923706055,49.22999954223633,49.22999954223633,559100
2011-12-19,49.650001525878906,49.810001373291016,48.709999084472656,48.91999816894531,48.91999816894531,471000
2011-12-20,49.93000030517578,51.72999954223633,49.93000030517578,51.650001525878906,51.650001525878906,533100
2011-12-21,51.58000183105469,52.41999816894531,50.77000045776367,52.349998474121094,52.349998474121094,730000
2011-12-22,52.540000915527344,53.93000030517578,52.540000915527344,53.70000076293945,53.70000076293945,662400
2011-12-23,53.84000015258789,54.33000183105469,53.279998779296875,53.84000015258789,53.84000015258789,218200
2011-12-27,53.58000183105469,54.13999938964844,53.36000061035156,53.72999954223633,53.72999954223633,137400
2011-12-28,53.779998779296875,53.779998779296875,52.15999984741211,52.529998779296875,52.529998779296875,246400
2011-12-29,52.79999923706055,53.72999954223633,52.31999969482422,53.61000061035156,53.61000061035156,241300
2011-12-30,53.54999923706055,53.66999816894531,52.849998474121094,53.0099983215332,53.0099983215332,251100
2012-01-03,54.59000015258789,54.599998474121094,52.81999969482422,54.310001373291016,54.310001373291016,624700
2012-01-04,54.33000183105469,54.540000915527344,53.0,53.849998474121094,53.849998474121094,1143700
2012-01-05,53.709999084472656,54.56999969482422,52.66999816894531,54.5099983215332,54.5099983215332,344600
2012-01-06,54.61000061035156,55.2599983215332,54.380001068115234,54.880001068115234,54.880001068115234,890200
2012-01-09,55.099998474121094,55.86000061035156,54.58000183105469,55.7599983215332,55.7599983215332,544400
2012-01-10,56.630001068115234,57.060001373291016,55.77000045776367,56.560001373291016,56.560001373291016,1030300
2012-01-11,56.400001525878906,57.04999923706055,56.040000915527344,56.61000061035156,56.61000061035156,227100
2012-01-12,57.2599983215332,59.08000183105469,56.939998626708984,58.65999984741211,58.65999984741211,2111700
2012-01-13,58.13999938964844,58.380001068115234,56.9900016784668,57.33000183105469,57.33000183105469,710600
2012-01-17,57.90999984741211,58.88999938964844,57.72999954223633,58.119998931884766,58.119998931884766,567800
2012-01-18,57.849998474121094,58.84000015258789,57.41999816894531,57.900001525878906,57.900001525878906,614000
2012-01-19,58.11000061035156,59.400001525878906,57.849998474121094,58.65999984741211,58.65999984741211,526100
2012-01-20,58.5099983215332,59.20000076293945,57.75,57.880001068115234,57.880001068115234,450800
2012-01-23,58.060001373291016,59.130001068115234,57.5099983215332,58.720001220703125,58.720001220703125,514600
2012-01-24,58.38999938964844,60.0,58.20000076293945,58.709999084472656,58.709999084472656,772100
2012-01-25,58.59000015258789,60.290000915527344,57.709999084472656,60.209999084472656,60.209999084472656,806200
2012-01-26,62.91999816894531,66.01000213623047,62.439998626708984,63.970001220703125,63.970001220703125,2243100
2012-01-27,63.779998779296875,65.30999755859375,63.40999984741211,64.13999938964844,64.13999938964844,976800
2012-01-30,63.689998626708984,63.810001373291016,62.33000183105469,63.52000045776367,63.52000045776367,683700
2012-01-31,63.619998931884766,63.900001525878906,62.38999938964844,62.880001068115234,62.880001068115234,499200
2012-02-01,63.06999969482422,64.91000366210938,63.04999923706055,64.37000274658203,64.37000274658203,553300
2012-02-02,64.41000366210938,64.47000122070312,63.52000045776367,64.05000305175781,64.05000305175781,237500
2012-02-03,64.91999816894531,67.33000183105469,64.87999725341797,67.04000091552734,67.04000091552734,774800
2012-02-06,66.58000183105469,67.22000122070312,66.30000305175781,66.44000244140625,66.44000244140625,481600
2012-02-07,66.13999938964844,66.62999725341797,65.26000213623047,65.73999786376953,65.73999786376953,793400
2012-02-08,65.91999816894531,66.36000061035156,65.25,65.93000030517578,65.93000030517578,285200
2012-02-09,66.30000305175781,66.5,64.97000122070312,66.19999694824219,66.19999694824219,567000
2012-02-10,65.55999755859375,65.6500015258789,63.970001220703125,64.36000061035156,64.36000061035156,613500
2012-02-13,64.76000213623047,65.76000213623047,63.7400016784668,64.66999816894531,64.66999816894531,894100
2012-02-14,64.37999725341797,64.5999984741211,63.75,64.47000122070312,64.47000122070312,449900
2012-02-15,64.94999694824219,65.58999633789062,64.2300033569336,64.63999938964844,64.63999938964844,368800
2012-02-16,64.3499984741211,64.5,63.290000915527344,64.33000183105469,64.33000183105469,696800
2012-02-17,64.7699966430664,66.1500015258789,64.6500015258789,66.01000213623047,66.01000213623047,381800
2012-02-21,66.13999938964844,66.6500015258789,64.9000015258789,65.30999755859375,65.30999755859375,312200
2012-02-22,65.08999633789062,65.69000244140625,64.91999816894531,65.31999969482422,65.31999969482422,405200
2012-02-23,65.20999908447266,65.31999969482422,63.34000015258789,64.0,64.0,779700
2012-02-24,63.88999938964844,65.06999969482422,63.349998474121094,64.83999633789062,64.83999633789062,567300
2012-02-27,64.25,65.43000030517578,63.33000183105469,65.29000091552734,65.29000091552734,432200
2012-02-28,65.12999725341797,65.18000030517578,62.630001068115234,62.880001068115234,62.880001068115234,854600
2012-02-29,63.119998931884766,63.5,62.29999923706055,62.88999938964844,62.88999938964844,517500
2012-03-01,63.029998779296875,64.23999786376953,62.90999984741211,64.08999633789062,64.08999633789062,480900
2012-03-02,63.72999954223633,64.48999786376953,63.310001373291016,63.75,63.75,491800
2012-03-05,63.38999938964844,64.05999755859375,63.09000015258789,63.939998626708984,63.939998626708984,561200
2012-03-06,61.70000076293945,62.86000061035156,61.70000076293945,62.16999816894531,62.16999816894531,507200
2012-03-07,62.5099983215332,63.45000076293945,62.04999923706055,62.529998779296875,62.529998779296875,646300
2012-03-08,63.130001068115234,64.44999694824219,63.029998779296875,63.90999984741211,63.90999984741211,519300
2012-03-09,64.01000213623047,66.06999969482422,63.70000076293945,65.54000091552734,65.54000091552734,790900
2012-03-12,65.7699966430664,65.9800033569336,64.94000244140625,65.80999755859375,65.80999755859375,743900
2012-03-13,66.29000091552734,66.98999786376953,65.70999908447266,66.93000030517578,66.93000030517578,612300
2012-03-14,66.9000015258789,67.33000183105469,65.80000305175781,66.05000305175781,66.05000305175781,462000
2012-03-15,66.1500015258789,67.33999633789062,65.62999725341797,67.1500015258789,67.1500015258789,469200
2012-03-16,67.1500015258789,67.27999877929688,66.66999816894531,67.05000305175781,67.05000305175781,425700
2012-03-19,66.73999786376953,67.19999694824219,66.06999969482422,66.55000305175781,66.55000305175781,424500
2012-03-20,66.0,66.20999908447266,65.0999984741211,65.97000122070312,65.97000122070312,514500
2012-03-21,66.2300033569336,66.2699966430664,65.3499984741211,65.70999908447266,65.70999908447266,486700
2012-03-22,65.12999725341797,65.12999725341797,64.1500015258789,64.76000213623047,64.76000213623047,368100
2012-03-23,64.87000274658203,65.19999694824219,63.380001068115234,65.12999725341797,65.12999725341797,269500
2012-03-26,65.58999633789062,66.04000091552734,65.16000366210938,65.5999984741211,65.5999984741211,331300
2012-03-27,65.66999816894531,66.44999694824219,65.63999938964844,66.20999908447266,66.20999908447266,360300
2012-03-28,66.29000091552734,66.29000091552734,64.16999816894531,65.66999816894531,65.66999816894531,423700
2012-03-29,65.0199966430664,65.47000122070312,63.9900016784668,65.27999877929688,65.27999877929688,341400
2012-03-30,65.7699966430664,66.19000244140625,64.75,65.30999755859375,65.30999755859375,299700
2012-04-02,65.23999786376953,66.29000091552734,64.6500015258789,66.0,66.0,490100
2012-04-03,66.0,66.0,65.02999877929688,65.73999786376953,65.73999786376953,415300
2012-04-04,64.87999725341797,65.01000213623047,64.12000274658203,64.79000091552734,64.79000091552734,329000
2012-04-05,64.69000244140625,64.93000030517578,64.05000305175781,64.45999908447266,64.45999908447266,584500
2012-04-09,63.040000915527344,63.459999084472656,62.0,62.88999938964844,62.88999938964844,453600
2012-04-10,62.7599983215332,62.88999938964844,60.11000061035156,60.7599983215332,60.7599983215332,619800
2012-04-11,61.7400016784668,62.209999084472656,60.880001068115234,61.150001525878906,61.150001525878906,735500
2012-04-12,62.369998931884766,65.54000091552734,62.11000061035156,65.23999786376953,65.23999786376953,1551300
2012-04-13,65.1500015258789,65.1500015258789,64.12999725341797,64.76000213623047,64.76000213623047,953300
2012-04-16,65.19999694824219,66.2300033569336,64.47000122070312,65.04000091552734,65.04000091552734,547300
2012-04-17,65.52999877929688,66.0199966430664,65.01000213623047,65.5999984741211,65.5999984741211,550600
2012-04-18,65.30999755859375,66.44000244140625,64.9000015258789,65.47000122070312,65.47000122070312,655200
2012-04-19,64.86000061035156,66.83999633789062,64.02999877929688,64.94999694824219,64.94999694824219,1580500
2012-04-20,65.62000274658203,66.58999633789062,65.30999755859375,65.88999938964844,65.88999938964844,554100
2012-04-23,64.79000091552734,65.16000366210938,64.20999908447266,65.16000366210938,65.16000366210938,600200
2012-04-24,65.47000122070312,66.06999969482422,64.91999816894531,65.44999694824219,65.44999694824219,598100
2012-04-25,66.04000091552734,66.91000366210938,65.61000061035156,66.55999755859375,66.55999755859375,1207300
2012-04-26,66.38999938964844,67.72000122070312,66.26000213623047,67.55000305175781,67.55000305175781,622800
2012-04-27,67.63999938964844,67.93000030517578,67.0999984741211,67.43000030517578,67.43000030517578,551600
2012-04-30,67.44999694824219,67.5999984741211,66.19999694824219,66.38999938964844,66.38999938964844,257000
2012-05-01,66.05000305175781,68.0,65.9000015258789,66.83999633789062,66.83999633789062,379700
2012-05-02,66.44999694824219,67.80000305175781,65.93000030517578,67.5999984741211,67.5999984741211,665400
2012-05-03,67.72000122070312,68.19000244140625,65.20999908447266,65.54000091552734,65.54000091552734,681100
2012-05-04,65.0999984741211,66.45999908447266,63.66999816894531,64.9000015258789,64.9000015258789,601600
2012-05-07,64.70999908447266,65.27999877929688,63.91999816894531,64.12999725341797,64.12999725341797,484100
2012-05-08,63.61000061035156,63.86000061035156,61.720001220703125,63.2599983215332,63.2599983215332,733300
2012-05-09,62.36000061035156,62.83000183105469,61.47999954223633,62.220001220703125,62.220001220703125,835800
2012-05-10,62.970001220703125,63.61000061035156,61.959999084472656,62.18000030517578,62.18000030517578,502300
2012-05-11,61.45000076293945,62.18000030517578,60.70000076293945,61.119998931884766,61.119998931884766,965300
2012-05-14,60.290000915527344,60.470001220703125,59.27000045776367,60.02000045776367,60.02000045776367,698000
2012-05-15,60.029998779296875,60.91999816894531,59.4900016784668,59.7599983215332,59.7599983215332,558200
2012-05-16,59.91999816894531,61.0099983215332,58.52000045776367,58.72999954223633,58.72999954223633,712200
2012-05-17,58.93000030517578,58.939998626708984,56.43000030517578,56.63999938964844,56.63999938964844,899000
2012-05-18,56.86000061035156,57.77000045776367,56.09000015258789,56.34000015258789,56.34000015258789,675700
2012-05-21,56.68000030517578,59.060001373291016,56.5,58.77000045776367,58.77000045776367,552800
2012-05-22,58.86000061035156,61.040000915527344,58.619998931884766,60.22999954223633,60.22999954223633,912500
2012-05-23,59.7599983215332,61.849998474121094,59.47999954223633,61.58000183105469,61.58000183105469,824000
2012-05-24,61.52000045776367,62.02000045776367,61.09000015258789,61.81999969482422,61.81999969482422,655800
2012-05-25,61.66999816894531,61.66999816894531,60.720001220703125,60.970001220703125,60.970001220703125,538800
2012-05-29,61.68000030517578,62.5099983215332,61.08000183105469,62.33000183105469,62.33000183105469,534900
2012-05-30,61.66999816894531,61.66999816894531,60.34000015258789,60.86000061035156,60.86000061035156,481100
2012-05-31,60.709999084472656,60.95000076293945,58.150001525878906,59.4900016784668,59.4900016784668,579400
2012-06-01,57.849998474121094,57.849998474121094,55.70000076293945,55.790000915527344,55.790000915527344,881000
2012-06-04,56.029998779296875,56.15999984741211,54.349998474121094,55.060001373291016,55.060001373291016,558700
2012-06-05,54.599998474121094,56.130001068115234,53.869998931884766,55.91999816894531,55.91999816894531,1118400
2012-06-06,56.16999816894531,57.63999938964844,56.099998474121094,57.439998626708984,57.439998626708984,684300
2012-06-07,58.380001068115234,59.27000045776367,57.38999938964844,57.720001220703125,57.720001220703125,608800
2012-06-08,57.70000076293945,58.20000076293945,56.65999984741211,58.040000915527344,58.040000915527344,354700
2012-06-11,58.83000183105469,58.95000076293945,55.970001220703125,56.09000015258789,56.09000015258789,486100
2012-06-12,56.11000061035156,56.529998779296875,55.16999816894531,56.2599983215332,56.2599983215332,438100
2012-06-13,56.060001373291016,56.189998626708984,53.59000015258789,53.9900016784668,53.9900016784668,938300
2012-06-14,54.33000183105469,54.900001525878906,53.849998474121094,53.970001220703125,53.970001220703125,914200
2012-06-15,54.040000915527344,54.689998626708984,52.66999816894531,53.33000183105469,53.33000183105469,1235700
2012-06-18,52.88999938964844,55.34000015258789,52.290000915527344,54.75,54.75,1290300
2012-06-19,54.84000015258789,56.849998474121094,54.84000015258789,56.630001068115234,56.630001068115234,1414300
2012-06-20,56.40999984741211,57.720001220703125,55.540000915527344,57.4900016784668,57.4900016784668,1103300
2012-06-21,57.790000915527344,57.88999938964844,54.900001525878906,55.09000015258789,55.09000015258789,704600
2012-06-22,55.54999923706055,56.58000183105469,55.11000061035156,56.099998474121094,56.099998474121094,1164900
2012-06-25,55.189998626708984,55.29999923706055,53.529998779296875,53.91999816894531,53.91999816894531,518400
2012-06-26,54.040000915527344,54.970001220703125,53.810001373291016,54.630001068115234,54.630001068115234,716300
2012-06-27,54.93000030517578,54.959999084472656,54.060001373291016,54.40999984741211,54.40999984741211,350900
2012-06-28,53.86000061035156,55.369998931884766,53.86000061035156,55.33000183105469,55.33000183105469,644400
2012-06-29,56.54999923706055,57.7400016784668,56.349998474121094,57.54999923706055,57.54999923706055,965000
2012-07-02,57.630001068115234,58.119998931884766,56.68000030517578,58.06999969482422,58.06999969482422,492700
2012-07-03,58.2400016784668,60.59000015258789,58.04999923706055,60.5,60.5,323900
2012-07-05,59.83000183105469,61.369998931884766,58.439998626708984,60.970001220703125,60.970001220703125,760100
2012-07-06,60.209999084472656,60.27000045776367,58.7400016784668,59.16999816894531,59.16999816894531,595900
2012-07-09,58.869998931884766,58.869998931884766,57.66999816894531,58.34000015258789,58.34000015258789,355300
2012-07-10,58.959999084472656,59.2599983215332,56.29999923706055,56.65999984741211,56.65999984741211,441000
2012-07-11,56.58000183105469,56.88999938964844,54.88999938964844,55.43000030517578,55.43000030517578,765400
2012-07-12,54.77000045776367,56.9900016784668,54.47999954223633,56.439998626708984,56.439998626708984,808400
2012-07-13,56.65999984741211,57.88999938964844,56.09000015258789,57.7400016784668,57.7400016784668,537300
2012-07-16,57.060001373291016,57.33000183105469,53.65999984741211,54.0,54.0,1243300
2012-07-17,54.43000030517578,55.13999938964844,53.7599983215332,54.869998931884766,54.869998931884766,817400
2012-07-18,54.709999084472656,57.119998931884766,54.41999816894531,57.0,57.0,983300
2012-07-19,49.84000015258789,56.560001373291016,48.20000076293945,56.06999969482422,56.06999969482422,2468700
2012-07-20,55.720001220703125,55.720001220703125,54.220001220703125,54.5,54.5,1151600
2012-07-23,53.11000061035156,54.720001220703125,52.790000915527344,54.27000045776367,54.27000045776367,681200
2012-07-24,54.58000183105469,54.58000183105469,52.279998779296875,52.56999969482422,52.56999969482422,669300
2012-07-25,52.400001525878906,52.880001068115234,51.7599983215332,52.310001373291016,52.310001373291016,710900
2012-07-26,53.0099983215332,54.31999969482422,52.97999954223633,54.06999969482422,54.06999969482422,507400
2012-07-27,54.27000045776367,56.38999938964844,54.099998474121094,56.0099983215332,56.0099983215332,493600
2012-07-30,55.380001068115234,55.9900016784668,54.93000030517578,55.91999816894531,55.91999816894531,632000
2012-07-31,55.68000030517578,56.279998779296875,55.4900016784668,55.709999084472656,55.709999084472656,430800
2012-08-01,56.220001220703125,56.2599983215332,54.9900016784668,54.9900016784668,54.9900016784668,400000
2012-08-02,54.310001373291016,55.13999938964844,53.9900016784668,54.22999954223633,54.22999954223633,394800
2012-08-03,55.59000015258789,57.560001373291016,55.439998626708984,57.2400016784668,57.2400016784668,593300
2012-08-06,57.599998474121094,59.189998626708984,57.16999816894531,58.7599983215332,58.7599983215332,560300
2012-08-07,59.380001068115234,61.7400016784668,59.2599983215332,61.08000183105469,61.08000183105469,983800
2012-08-08,60.650001525878906,60.959999084472656,60.279998779296875,60.709999084472656,60.709999084472656,828900
2012-08-09,60.720001220703125,61.52000045776367,60.45000076293945,60.83000183105469,60.83000183105469,482500
2012-08-10,60.40999984741211,60.5099983215332,59.68000030517578,60.0,60.0,440200
2012-08-13,59.7599983215332,59.7599983215332,58.630001068115234,59.63999938964844,59.63999938964844,336000
2012-08-14,59.9900016784668,59.9900016784668,58.7599983215332,58.9900016784668,58.9900016784668,435100
2012-08-15,58.75,59.540000915527344,58.58000183105469,59.29999923706055,59.29999923706055,333100
2012-08-16,59.119998931884766,60.470001220703125,59.119998931884766,60.150001525878906,60.150001525878906,184000
2012-08-17,60.25,61.599998474121094,59.970001220703125,60.9900016784668,60.9900016784668,463600
2012-08-20,60.93000030517578,60.959999084472656,59.86000061035156,60.310001373291016,60.310001373291016,333400
2012-08-21,60.77000045776367,61.45000076293945,60.18000030517578,60.310001373291016,60.310001373291016,373400
2012-08-22,60.18000030517578,60.310001373291016,58.38999938964844,59.09000015258789,59.09000015258789,459800
2012-08-23,59.0,59.65999984741211,58.810001373291016,59.349998474121094,59.349998474121094,360400
2012-08-24,59.11000061035156,60.08000183105469,58.81999969482422,59.7599983215332,59.7599983215332,270800
2012-08-27,60.06999969482422,60.18000030517578,58.47999954223633,59.02000045776367,59.02000045776367,609900
2012-08-28,59.02000045776367,60.029998779296875,58.560001373291016,59.849998474121094,59.849998474121094,546800
2012-08-29,59.58000183105469,59.84000015258789,58.56999969482422,58.84000015258789,58.84000015258789,510100
2012-08-30,58.11000061035156,58.7599983215332,57.66999816894531,57.779998779296875,57.779998779296875,353600
2012-08-31,58.29999923706055,58.45000076293945,57.2400016784668,57.779998779296875,57.779998779296875,757900
2012-09-04,57.90999984741211,58.36000061035156,56.34000015258789,58.33000183105469,58.33000183105469,440400
2012-09-05,58.540000915527344,58.540000915527344,57.189998626708984,57.560001373291016,57.560001373291016,200700
2012-09-06,57.95000076293945,60.02000045776367,57.900001525878906,58.59000015258789,58.59000015258789,891600
2012-09-07,58.779998779296875,60.0,58.400001525878906,59.4900016784668,59.4900016784668,503000
2012-09-10,59.18000030517578,60.189998626708984,59.18000030517578,59.779998779296875,59.779998779296875,468500
2012-09-11,59.61000061035156,60.970001220703125,59.29999923706055,60.7400016784668,60.7400016784668,589400
2012-09-12,60.970001220703125,61.70000076293945,60.689998626708984,61.029998779296875,61.029998779296875,412200
2012-09-13,61.040000915527344,63.029998779296875,60.209999084472656,61.72999954223633,61.72999954223633,457500
2012-09-14,62.33000183105469,64.16999816894531,61.650001525878906,63.470001220703125,63.470001220703125,574400
2012-09-17,62.95000076293945,63.27000045776367,61.369998931884766,61.849998474121094,61.849998474121094,421300
2012-09-18,61.75,62.029998779296875,61.0,61.52000045776367,61.52000045776367,224400
2012-09-19,61.58000183105469,62.68000030517578,61.209999084472656,62.4900016784668,62.4900016784668,1050000
2012-09-20,61.869998931884766,62.209999084472656,61.650001525878906,62.029998779296875,62.029998779296875,318600
2012-09-21,62.18000030517578,62.380001068115234,60.939998626708984,60.939998626708984,60.939998626708984,581000
2012-09-24,60.72999954223633,60.81999969482422,58.77000045776367,59.02000045776367,59.02000045776367,538100
2012-09-25,59.150001525878906,59.189998626708984,56.90999984741211,57.0,57.0,811100
2012-09-26,57.06999969482422,57.06999969482422,55.40999984741211,56.2400016784668,56.2400016784668,645200
2012-09-27,56.720001220703125,56.720001220703125,55.880001068115234,56.279998779296875,56.279998779296875,837100
2012-09-28,56.11000061035156,57.2400016784668,55.9900016784668,57.20000076293945,57.20000076293945,554600
2012-10-01,57.290000915527344,58.15999984741211,56.38999938964844,57.720001220703125,57.720001220703125,785200
2012-10-02,58.11000061035156,58.130001068115234,56.310001373291016,56.75,56.75,409500
2012-10-03,56.869998931884766,57.790000915527344,56.68000030517578,57.65999984741211,57.65999984741211,734900
2012-10-04,58.11000061035156,59.119998931884766,57.75,59.02000045776367,59.02000045776367,832700
2012-10-05,59.38999938964844,60.09000015258789,59.11000061035156,59.5,59.5,969800
2012-10-08,59.0099983215332,59.65999984741211,58.790000915527344,59.02000045776367,59.02000045776367,311700
2012-10-09,58.650001525878906,59.54999923706055,57.689998626708984,57.84000015258789,57.84000015258789,698800
2012-10-10,57.709999084472656,57.790000915527344,56.38999938964844,56.86000061035156,56.86000061035156,567500
2012-10-11,56.70000076293945,58.369998931884766,56.68000030517578,57.0,57.0,740200
2012-10-12,56.849998474121094,56.86000061035156,55.70000076293945,56.11000061035156,56.11000061035156,627000
2012-10-15,56.45000076293945,56.91999816894531,55.869998931884766,56.4900016784668,56.4900016784668,1089000
2012-10-16,55.959999084472656,56.959999084472656,55.02000045776367,56.33000183105469,56.33000183105469,1060500
2012-10-17,56.61000061035156,58.099998474121094,56.33000183105469,57.16999816894531,57.16999816894531,986000
2012-10-18,64.0,65.86000061035156,63.0,65.11000061035156,65.11000061035156,4618200
2012-10-19,63.58000183105469,65.33000183105469,62.7400016784668,63.5,63.5,1570900
2012-10-22,63.02000045776367,64.04000091552734,62.40999984741211,63.06999969482422,63.06999969482422,744000
2012-10-23,62.0099983215332,63.470001220703125,61.630001068115234,63.15999984741211,63.15999984741211,629200
2012-10-24,63.61000061035156,63.70000076293945,62.29999923706055,62.900001525878906,62.900001525878906,535900
2012-10-25,63.400001525878906,63.45000076293945,61.779998779296875,63.150001525878906,63.150001525878906,536200
2012-10-26,63.16999816894531,63.619998931884766,61.91999816894531,63.20000076293945,63.20000076293945,720100
2012-10-31,63.59000015258789,65.3499984741211,63.40999984741211,64.87999725341797,64.87999725341797,922400
2012-11-01,64.47000122070312,65.9800033569336,63.83000183105469,65.3499984741211,65.3499984741211,809400
2012-11-02,65.68000030517578,65.98999786376953,64.4800033569336,64.88999938964844,64.88999938964844,529200
2012-11-05,64.8499984741211,65.45999908447266,64.62000274658203,65.2699966430664,65.2699966430664,400300
2012-11-06,65.86000061035156,67.13999938964844,65.41999816894531,66.75,66.75,961500
2012-11-07,65.51000213623047,66.66000366210938,63.95000076293945,64.47000122070312,64.47000122070312,653200
2012-11-08,64.23999786376953,64.63999938964844,62.5,62.939998626708984,62.939998626708984,915600
2012-11-09,62.7599983215332,63.97999954223633,62.4900016784668,62.540000915527344,62.540000915527344,554400
2012-11-12,62.970001220703125,63.0,62.349998474121094,62.369998931884766,62.369998931884766,208900
2012-11-13,62.47999954223633,63.439998626708984,62.189998626708984,62.790000915527344,62.790000915527344,493400
2012-11-14,62.95000076293945,63.189998626708984,60.779998779296875,61.130001068115234,61.130001068115234,614600
2012-11-15,61.0,61.66999816894531,60.040000915527344,60.16999816894531,60.16999816894531,546400
2012-11-16,60.33000183105469,61.7599983215332,59.400001525878906,61.47999954223633,61.47999954223633,656800
2012-11-19,62.16999816894531,63.0099983215332,62.060001373291016,62.58000183105469,62.58000183105469,400600
2012-11-20,62.369998931884766,63.0099983215332,61.689998626708984,62.709999084472656,62.709999084472656,362200
2012-11-21,63.040000915527344,63.189998626708984,62.400001525878906,62.91999816894531,62.91999816894531,302100
2012-11-23,63.119998931884766,63.689998626708984,62.5,63.689998626708984,63.689998626708984,99600
2012-11-26,63.20000076293945,63.90999984741211,62.380001068115234,62.869998931884766,62.869998931884766,590200
2012-11-27,62.959999084472656,64.55000305175781,62.54999923706055,63.4900016784668,63.4900016784668,711500
2012-11-28,63.0,63.93000030517578,61.439998626708984,63.459999084472656,63.459999084472656,1203800
2012-11-29,63.54999923706055,64.91999816894531,63.27000045776367,64.54000091552734,64.54000091552734,717500
2012-11-30,64.4800033569336,65.2300033569336,64.18000030517578,64.6500015258789,64.6500015258789,586800
2012-12-03,64.8499984741211,65.43000030517578,63.099998474121094,63.970001220703125,63.970001220703125,623900
2012-12-04,64.04000091552734,64.38999938964844,63.0099983215332,64.06999969482422,64.06999969482422,557500
2012-12-05,62.790000915527344,63.869998931884766,61.7400016784668,63.33000183105469,63.33000183105469,791000
2012-12-06,63.22999954223633,63.599998474121094,62.470001220703125,62.95000076293945,62.95000076293945,1759700
2012-12-07,63.31999969482422,64.80999755859375,63.029998779296875,64.51000213623047,64.51000213623047,816200
2012-12-10,64.5199966430664,65.1500015258789,64.0999984741211,64.55000305175781,64.55000305175781,558800
2012-12-11,64.94999694824219,65.87999725341797,63.90999984741211,64.27999877929688,64.27999877929688,520300
2012-12-12,64.83000183105469,64.83999633789062,63.599998474121094,63.83000183105469,63.83000183105469,673400
2012-12-13,63.849998474121094,64.19999694824219,62.33000183105469,62.34000015258789,62.34000015258789,846000
2012-12-14,62.08000183105469,62.869998931884766,61.7599983215332,62.40999984741211,62.40999984741211,528200
2012-12-17,62.75,64.2300033569336,62.25,64.0,64.0,665100
2012-12-18,64.19000244140625,66.04000091552734,64.19000244140625,65.91000366210938,65.91000366210938,684500
2012-12-19,66.13999938964844,67.45999908447266,65.68000030517578,67.13999938964844,67.13999938964844,1061300
2012-12-20,67.25,67.72000122070312,66.83999633789062,67.20999908447266,67.20999908447266,634700
2012-12-21,66.12000274658203,67.55999755859375,65.83000183105469,67.23999786376953,67.23999786376953,1059400
2012-12-24,66.7699966430664,67.25,66.22000122070312,66.79000091552734,66.79000091552734,148400
2012-12-26,67.05999755859375,67.54000091552734,66.37000274658203,66.5199966430664,66.5199966430664,291700
2012-12-27,66.55999755859375,66.73999786376953,65.66000366210938,66.3499984741211,66.3499984741211,370800
2012-12-28,65.9000015258789,65.91999816894531,65.0999984741211,65.25,65.25,393400
2012-12-31,65.1500015258789,67.47000122070312,64.86000061035156,67.43000030517578,67.43000030517578,515400
2013-01-02,69.05999755859375,70.4000015258789,68.54000091552734,69.19999694824219,69.19999694824219,688800
2013-01-03,69.13999938964844,69.95999908447266,68.41000366210938,68.79000091552734,68.79000091552734,383000
2013-01-04,69.05000305175781,69.38999938964844,68.62000274658203,69.0,69.0,485700
2013-01-07,68.80000305175781,69.11000061035156,68.25,69.11000061035156,69.11000061035156,495800
2013-01-08,69.26000213623047,70.4000015258789,69.08999633789062,69.66999816894531,69.66999816894531,911500
2013-01-09,69.97000122070312,70.48999786376953,69.7300033569336,70.0,70.0,434300
2013-01-10,68.62000274658203,69.41999816894531,67.05999755859375,67.43000030517578,67.43000030517578,1943600
2013-01-11,67.20999908447266,68.56999969482422,66.93000030517578,67.93000030517578,67.93000030517578,1286500
2013-01-14,67.69999694824219,68.30999755859375,66.62999725341797,67.22000122070312,67.22000122070312,459000
2013-01-15,67.16000366210938,68.6500015258789,66.93000030517578,68.62000274658203,68.62000274658203,579900
2013-01-16,68.27999877929688,68.45999908447266,67.70999908447266,67.79000091552734,67.79000091552734,626000
2013-01-17,68.19000244140625,68.9800033569336,67.79000091552734,68.62999725341797,68.62999725341797,358200
2013-01-18,68.58000183105469,69.56999969482422,68.18000030517578,69.37000274658203,69.37000274658203,341300
2013-01-22,71.01000213623047,73.25,70.26000213623047,72.2300033569336,72.2300033569336,1943900
2013-01-23,72.0,72.94999694824219,71.5,72.83999633789062,72.83999633789062,680900
2013-01-24,72.19999694824219,74.6500015258789,72.08999633789062,73.2699966430664,73.2699966430664,1044400
2013-01-25,73.4800033569336,74.30999755859375,73.44999694824219,73.87999725341797,73.87999725341797,796600
2013-01-28,74.01000213623047,74.12999725341797,72.9800033569336,73.31999969482422,73.31999969482422,602000
2013-01-29,73.2699966430664,73.29000091552734,71.98999786376953,73.13999938964844,73.13999938964844,2776300
2013-01-30,72.83000183105469,72.94000244140625,71.80999755859375,72.22000122070312,72.22000122070312,935300
2013-01-31,70.30000305175781,73.12999725341797,70.0,72.93000030517578,72.93000030517578,1714900
2013-02-01,73.93000030517578,74.44999694824219,72.7699966430664,72.9000015258789,72.9000015258789,1191100
2013-02-04,71.26000213623047,72.08999633789062,70.16999816894531,70.80000305175781,70.80000305175781,789300
2013-02-05,71.41000366210938,72.95999908447266,71.12999725341797,72.87000274658203,72.87000274658203,675900
2013-02-06,72.4000015258789,73.19999694824219,72.18000030517578,73.16000366210938,73.16000366210938,476800
2013-02-07,73.33000183105469,73.33000183105469,71.69000244140625,72.86000061035156,72.86000061035156,1159300
2013-02-08,72.98999786376953,74.66999816894531,72.98999786376953,73.7300033569336,73.7300033569336,448700
2013-02-11,73.55000305175781,74.25,73.37000274658203,73.8499984741211,73.8499984741211,254600
2013-02-12,73.75,74.93000030517578,73.75,74.5999984741211,74.5999984741211,622200
2013-02-13,75.0,76.1500015258789,74.22000122070312,75.51000213623047,75.51000213623047,626500
2013-02-14,75.05999755859375,75.98999786376953,75.0,75.91999816894531,75.91999816894531,333100
2013-02-15,75.87000274658203,76.2300033569336,75.44999694824219,76.16000366210938,76.16000366210938,409200
2013-02-19,76.0199966430664,76.91000366210938,74.43000030517578,75.56999969482422,75.56999969482422,483700
2013-02-20,75.54000091552734,76.61000061035156,74.30999755859375,74.3499984741211,74.3499984741211,857800
2013-02-21,74.06999969482422,74.23999786376953,71.68000030517578,72.1500015258789,72.1500015258789,628600
2013-02-22,72.87999725341797,74.27999877929688,72.68000030517578,73.3499984741211,73.3499984741211,707100
2013-02-25,73.80999755859375,74.05000305175781,71.04000091552734,71.04000091552734,71.04000091552734,464700
2013-02-26,71.30999755859375,72.4000015258789,69.94999694824219,72.26000213623047,72.26000213623047,670400
2013-02-27,72.11000061035156,74.80999755859375,72.0199966430664,74.12000274658203,74.12000274658203,742100
2013-02-28,74.01000213623047,74.68000030517578,73.19999694824219,73.9000015258789,73.9000015258789,450600
2013-03-01,73.63999938964844,74.23999786376953,72.68000030517578,73.51000213623047,73.51000213623047,773000
2013-03-04,73.43000030517578,73.55999755859375,72.05999755859375,72.98999786376953,72.98999786376953,294400
2013-03-05,73.48999786376953,76.05999755859375,73.48999786376953,75.4800033569336,75.4800033569336,972000
2013-03-06,76.04000091552734,76.52999877929688,75.04000091552734,75.19000244140625,75.19000244140625,556200
2013-03-07,75.2300033569336,76.80000305175781,75.19000244140625,76.33000183105469,76.33000183105469,585900
2013-03-08,76.94000244140625,77.55000305175781,76.36000061035156,77.12999725341797,77.12999725341797,592800
2013-03-11,76.6500015258789,77.52999877929688,76.33000183105469,77.2300033569336,77.2300033569336,482200
2013-03-12,76.75,77.19000244140625,75.66000366210938,77.0,77.0,638300
2013-03-13,76.91000366210938,77.54000091552734,75.98999786376953,77.12999725341797,77.12999725341797,536900
2013-03-14,77.54000091552734,77.97000122070312,77.1500015258789,77.48999786376953,77.48999786376953,463700
2013-03-15,77.23999786376953,77.63999938964844,76.62999725341797,77.18000030517578,77.18000030517578,400500
2013-03-18,76.12999725341797,77.2699966430664,74.9800033569336,76.81999969482422,76.81999969482422,739800
2013-03-19,77.02999877929688,77.45999908447266,74.5,75.54000091552734,75.54000091552734,730300
2013-03-20,76.02999877929688,77.08999633789062,75.69999694824219,76.52999877929688,76.52999877929688,465300
2013-03-21,76.27999877929688,76.33999633789062,73.91999816894531,74.51000213623047,74.51000213623047,561000
2013-03-22,74.63999938964844,75.0999984741211,73.75,73.93000030517578,73.93000030517578,597200
2013-03-25,74.22000122070312,74.88999938964844,73.18000030517578,73.56999969482422,73.56999969482422,622100
2013-03-26,73.83999633789062,73.98999786376953,72.94999694824219,73.62000274658203,73.62000274658203,615500
2013-03-27,72.88999938964844,72.88999938964844,71.11000061035156,72.16000366210938,72.16000366210938,1649800
2013-03-28,71.83000183105469,72.72000122070312,71.27999877929688,72.61000061035156,72.61000061035156,933400
2013-04-01,72.79000091552734,74.12000274658203,70.94999694824219,71.19999694824219,71.19999694824219,655000
2013-04-02,71.44000244140625,72.22000122070312,69.27999877929688,70.77999877929688,70.77999877929688,1293300
2013-04-03,70.80000305175781,71.05000305175781,69.56999969482422,69.86000061035156,69.86000061035156,869000
2013-04-04,69.87000274658203,71.31999969482422,69.31999969482422,71.11000061035156,71.11000061035156,696800
2013-04-05,69.81999969482422,70.54000091552734,69.33000183105469,70.48999786376953,70.48999786376953,536300
2013-04-08,72.0,73.47000122070312,71.55000305175781,71.83000183105469,71.83000183105469,814800
2013-04-09,71.80999755859375,71.80999755859375,69.83000183105469,71.16999816894531,71.16999816894531,842400
2013-04-10,71.12999725341797,71.16999816894531,69.20999908447266,70.43000030517578,70.43000030517578,1420000
2013-04-11,70.25,71.38999938964844,70.12000274658203,71.19999694824219,71.19999694824219,1178400
2013-04-12,70.37999725341797,70.93000030517578,69.18000030517578,69.91999816894531,69.91999816894531,585400
2013-04-15,69.23999786376953,69.23999786376953,66.25,66.2699966430664,66.2699966430664,565000
2013-04-16,66.98999786376953,68.79000091552734,65.98999786376953,67.73999786376953,67.73999786376953,1201300
2013-04-17,67.0199966430664,68.0,66.62000274658203,67.68000030517578,67.68000030517578,1145800
2013-04-18,66.83000183105469,68.97000122070312,65.52999877929688,68.0999984741211,68.0999984741211,1650600
2013-04-19,67.93000030517578,69.04000091552734,67.52999877929688,68.76000213623047,68.76000213623047,795600
2013-04-22,69.0,69.18000030517578,67.70999908447266,68.66000366210938,68.66000366210938,771400
2013-04-23,69.1500015258789,69.70999908447266,68.38999938964844,68.93000030517578,68.93000030517578,548400
2013-04-24,68.88999938964844,69.87000274658203,68.58000183105469,69.63999938964844,69.63999938964844,680600
2013-04-25,70.06999969482422,71.20999908447266,69.20999908447266,70.20999908447266,70.20999908447266,745900
2013-04-26,70.19000244140625,70.41000366210938,69.5199966430664,69.80000305175781,69.80000305175781,625600
2013-04-29,69.9000015258789,71.22000122070312,69.63999938964844,70.30000305175781,70.30000305175781,603800
2013-04-30,70.38999938964844,71.75,69.63999938964844,71.69000244140625,71.69000244140625,680900
2013-05-01,71.69000244140625,71.69000244140625,67.98999786376953,68.0199966430664,68.0199966430664,795200
2013-05-02,68.37999725341797,69.05000305175781,67.51000213623047,68.94999694824219,68.94999694824219,1211900
2013-05-03,69.5999984741211,71.66999816894531,67.70999908447266,70.41000366210938,70.41000366210938,1010200
2013-05-06,71.0199966430664,72.7300033569336,70.88999938964844,72.3499984741211,72.3499984741211,856500
2013-05-07,72.69999694824219,73.98999786376953,72.29000091552734,73.73999786376953,73.73999786376953,707000
2013-05-08,73.81999969482422,74.97000122070312,73.41000366210938,74.87000274658203,74.87000274658203,941800
2013-05-09,74.77999877929688,75.0,74.12000274658203,74.66999816894531,74.66999816894531,624900
2013-05-10,74.94999694824219,75.27999877929688,74.41999816894531,75.25,75.25,511600
2013-05-13,74.95999908447266,75.87000274658203,74.69000244140625,75.0,75.0,508000
2013-05-14,74.7300033569336,77.05999755859375,74.7300033569336,76.9800033569336,76.9800033569336,668900
2013-05-15,76.51000213623047,77.5199966430664,76.51000213623047,77.05999755859375,77.05999755859375,665300
2013-05-16,76.80999755859375,77.29000091552734,75.6500015258789,75.76000213623047,75.76000213623047,508900
2013-05-17,76.25,77.80000305175781,76.25,77.6500015258789,77.6500015258789,512400
2013-05-20,77.52999877929688,78.48999786376953,77.18000030517578,77.83000183105469,77.83000183105469,466400
2013-05-21,77.7300033569336,79.19999694824219,77.55000305175781,77.70999908447266,77.70999908447266,734300
2013-05-22,77.91000366210938,78.06999969482422,74.55000305175781,75.44999694824219,75.44999694824219,830500
2013-05-23,74.56999969482422,74.9000015258789,73.23999786376953,74.36000061035156,74.36000061035156,1263400
2013-05-24,73.62999725341797,74.16999816894531,72.69999694824219,73.97000122070312,73.97000122070312,431600
2013-05-28,74.95999908447266,75.22000122070312,73.52999877929688,74.16000366210938,74.16000366210938,382600
2013-05-29,73.4000015258789,74.0199966430664,72.8499984741211,73.56999969482422,73.56999969482422,328100
2013-05-30,74.05000305175781,74.37999725341797,73.61000061035156,73.7300033569336,73.7300033569336,385900
2013-05-31,73.55999755859375,75.7699966430664,73.43000030517578,74.26000213623047,74.26000213623047,607200
2013-06-03,74.1500015258789,74.1500015258789,71.86000061035156,74.0,74.0,486300
2013-06-04,74.19000244140625,74.95999908447266,72.3499984741211,72.62999725341797,72.62999725341797,375700
2013-06-05,72.76000213623047,72.76000213623047,71.01000213623047,71.23999786376953,71.23999786376953,430900
2013-06-06,71.13999938964844,71.69999694824219,70.31999969482422,71.12999725341797,71.12999725341797,563700
2013-06-07,71.75,72.2699966430664,71.13999938964844,71.77999877929688,71.77999877929688,341700
2013-06-10,71.87999725341797,72.44999694824219,71.44999694824219,71.87000274658203,71.87000274658203,179000
2013-06-11,70.88999938964844,71.4000015258789,69.55999755859375,71.01000213623047,71.01000213623047,333500
2013-06-12,71.81999969482422,72.23999786376953,69.76000213623047,69.86000061035156,69.86000061035156,266200
2013-06-13,69.69000244140625,71.37000274658203,69.43000030517578,70.98999786376953,70.98999786376953,472500
2013-06-14,70.94000244140625,71.43000030517578,69.72000122070312,70.04000091552734,70.04000091552734,358700
2013-06-17,70.4800033569336,70.61000061035156,69.19999694824219,69.72000122070312,69.72000122070312,330300
2013-06-18,70.0999984741211,70.5999984741211,69.91999816894531,70.3499984741211,70.3499984741211,417500
2013-06-19,70.3499984741211,70.3499984741211,68.62000274658203,68.69000244140625,68.69000244140625,415600
2013-06-20,67.91000366210938,67.98999786376953,66.6500015258789,66.88999938964844,66.88999938964844,745500
2013-06-21,67.27999877929688,67.41000366210938,65.19999694824219,66.19999694824219,66.19999694824219,646400
2013-06-24,65.27999877929688,66.27999877929688,64.26000213623047,65.45999908447266,65.45999908447266,504900
2013-06-25,66.38999938964844,67.73999786376953,66.18000030517578,67.25,67.25,596900
2013-06-26,67.97000122070312,68.2699966430664,66.8499984741211,67.3499984741211,67.3499984741211,378600
2013-06-27,68.08000183105469,69.23999786376953,67.87999725341797,68.86000061035156,68.86000061035156,345700
2013-06-28,68.30000305175781,68.4800033569336,67.38999938964844,67.95999908447266,67.95999908447266,377500
2013-07-01,68.58999633789062,69.02999877929688,67.87000274658203,67.9000015258789,67.9000015258789,444200
2013-07-02,67.5,67.62999725341797,65.61000061035156,66.0,66.0,936500
2013-07-03,65.37000274658203,66.0999984741211,65.2300033569336,65.62999725341797,65.62999725341797,285400
2013-07-05,66.38999938964844,66.98999786376953,65.88999938964844,66.80000305175781,66.80000305175781,406800
2013-07-08,67.19999694824219,68.13999938964844,66.95999908447266,68.01000213623047,68.01000213623047,638800
2013-07-09,68.41000366210938,69.9800033569336,68.19999694824219,69.62000274658203,69.62000274658203,598200
2013-07-10,69.76000213623047,69.8499984741211,68.95999908447266,69.27999877929688,69.27999877929688,487900
2013-07-11,70.30000305175781,70.55000305175781,69.30999755859375,70.12999725341797,70.12999725341797,394000
2013-07-12,70.0999984741211,70.0999984741211,69.45999908447266,69.79000091552734,69.79000091552734,423000
2013-07-15,69.77999877929688,71.22000122070312,69.6500015258789,70.7699966430664,70.7699966430664,423300
2013-07-16,69.86000061035156,70.83000183105469,69.83999633789062,70.29000091552734,70.29000091552734,511900
2013-07-17,70.30000305175781,71.26000213623047,70.20999908447266,70.95999908447266,70.95999908447266,490500
2013-07-18,71.06999969482422,72.45999908447266,70.98999786376953,72.26000213623047,72.26000213623047,513000
2013-07-19,72.04000091552734,72.37000274658203,71.44999694824219,72.33000183105469,72.33000183105469,327700
2013-07-22,72.37000274658203,72.38999938964844,71.43000030517578,71.7699966430664,71.7699966430664,414600
2013-07-23,71.7300033569336,72.70999908447266,71.61000061035156,72.12999725341797,72.12999725341797,620400
2013-07-24,72.2699966430664,72.30000305175781,70.6500015258789,71.11000061035156,71.11000061035156,482200
2013-07-25,68.5,73.30000305175781,68.30999755859375,73.22000122070312,73.22000122070312,1722100
2013-07-26,72.62000274658203,74.91999816894531,72.62000274658203,74.47000122070312,74.47000122070312,1093500
2013-07-29,75.54000091552734,76.6500015258789,73.91999816894531,74.05000305175781,74.05000305175781,483600
2013-07-30,74.19000244140625,75.44000244140625,74.05000305175781,74.86000061035156,74.86000061035156,412100
2013-07-31,75.12000274658203,76.30000305175781,74.72000122070312,75.77999877929688,75.77999877929688,806100
2013-08-01,76.13999938964844,77.22000122070312,75.79000091552734,77.0,77.0,538100
2013-08-02,76.41999816894531,77.95999908447266,76.19000244140625,77.91999816894531,77.91999816894531,526300
2013-08-05,77.58999633789062,77.94000244140625,76.45999908447266,77.51000213623047,77.51000213623047,248900
2013-08-06,77.22000122070312,77.22000122070312,75.70999908447266,76.36000061035156,76.36000061035156,401400
2013-08-07,75.94000244140625,76.0,74.18000030517578,74.56999969482422,74.56999969482422,1310700
2013-08-08,74.66999816894531,75.3499984741211,74.30999755859375,74.9800033569336,74.9800033569336,981000
2013-08-09,74.91999816894531,75.56999969482422,74.19999694824219,74.8499984741211,74.8499984741211,441300
2013-08-12,74.16999816894531,75.18000030517578,73.3499984741211,74.79000091552734,74.79000091552734,408200
2013-08-13,75.13999938964844,75.72000122070312,74.16000366210938,75.13999938964844,75.13999938964844,327000
2013-08-14,75.13999938964844,75.13999938964844,74.0199966430664,74.27999877929688,74.27999877929688,483500
2013-08-15,73.33999633789062,74.22000122070312,72.58999633789062,73.77999877929688,73.77999877929688,1553000
2013-08-16,73.4000015258789,74.2699966430664,73.16999816894531,73.94000244140625,73.94000244140625,736800
2013-08-19,73.94000244140625,74.05000305175781,73.30000305175781,73.3499984741211,73.3499984741211,951600
2013-08-20,73.48999786376953,74.91000366210938,73.23999786376953,74.20999908447266,74.20999908447266,478100
2013-08-21,74.08000183105469,74.5,73.44999694824219,73.93000030517578,73.93000030517578,676200
2013-08-22,73.88999938964844,75.9000015258789,73.79000091552734,75.62000274658203,75.62000274658203,313100
2013-08-23,75.69999694824219,75.69999694824219,74.4800033569336,74.80999755859375,74.80999755859375,437200
2013-08-26,74.80999755859375,75.19999694824219,74.22000122070312,74.56999969482422,74.56999969482422,361800
2013-08-27,73.62999725341797,74.0199966430664,73.19999694824219,73.45999908447266,73.45999908447266,472600
2013-08-28,73.31999969482422,73.8499984741211,72.88999938964844,73.33000183105469,73.33000183105469,484400
2013-08-29,72.98999786376953,74.37999725341797,72.98999786376953,74.0999984741211,74.0999984741211,235100
2013-08-30,74.2300033569336,74.2300033569336,73.58999633789062,73.7699966430664,73.7699966430664,330800
2013-09-03,75.33000183105469,75.37999725341797,73.62999725341797,74.05000305175781,74.05000305175781,309700
2013-09-04,74.02999877929688,74.94999694824219,73.87999725341797,74.62000274658203,74.62000274658203,346500
2013-09-05,74.75,75.81999969482422,74.75,75.44999694824219,75.44999694824219,448900
2013-09-06,75.94000244140625,76.58000183105469,74.58000183105469,75.5199966430664,75.5199966430664,550200
2013-09-09,75.4800033569336,77.11000061035156,75.4800033569336,76.72000122070312,76.72000122070312,334100
2013-09-10,77.55000305175781,78.77999877929688,77.12000274658203,78.38999938964844,78.38999938964844,388200
2013-09-11,78.30000305175781,78.73999786376953,77.87999725341797,78.51000213623047,78.51000213623047,385100
2013-09-12,78.2699966430664,79.73999786376953,77.97000122070312,78.3499984741211,78.3499984741211,455300
2013-09-13,78.33999633789062,78.70999908447266,76.75,77.48999786376953,77.48999786376953,560500
2013-09-16,78.36000061035156,78.5,77.20999908447266,77.33999633789062,77.33999633789062,441900
2013-09-17,77.38999938964844,77.95999908447266,77.13999938964844,77.81999969482422,77.81999969482422,350800
2013-09-18,77.83000183105469,79.27999877929688,77.33000183105469,79.02999877929688,79.02999877929688,592800
2013-09-19,79.5199966430664,80.30000305175781,78.30999755859375,78.7699966430664,78.7699966430664,692500
2013-09-20,78.79000091552734,79.0199966430664,77.19000244140625,77.27999877929688,77.27999877929688,668600
2013-09-23,76.77999877929688,77.51000213623047,76.33999633789062,77.1500015258789,77.1500015258789,530200
2013-09-24,77.30999755859375,77.80000305175781,76.6500015258789,77.3499984741211,77.3499984741211,887800
2013-09-25,77.41000366210938,78.66000366210938,77.16999816894531,77.9000015258789,77.9000015258789,545300
2013-09-26,77.87999725341797,78.58000183105469,77.6500015258789,78.08000183105469,78.08000183105469,1324100
2013-09-27,77.91000366210938,78.33999633789062,76.93000030517578,77.33999633789062,77.33999633789062,365200
2013-09-30,76.44000244140625,77.0,76.04000091552734,76.52999877929688,76.52999877929688,574700
2013-10-01,76.76000213623047,78.22000122070312,76.13999938964844,78.20999908447266,78.20999908447266,369000
2013-10-02,77.81999969482422,78.52999877929688,77.47000122070312,78.4000015258789,78.4000015258789,454800
2013-10-03,78.13999938964844,78.13999938964844,76.30000305175781,76.86000061035156,76.86000061035156,309500
2013-10-04,77.58999633789062,77.63999938964844,76.63999938964844,77.62999725341797,77.62999725341797,385600
2013-10-07,77.05000305175781,77.54000091552734,76.5999984741211,76.91000366210938,76.91000366210938,262900
2013-10-08,76.87000274658203,77.0199966430664,74.66999816894531,74.77999877929688,74.77999877929688,287500
2013-10-09,74.4800033569336,74.83999633789062,73.66000366210938,73.77999877929688,73.77999877929688,574500
2013-10-10,74.8499984741211,76.1500015258789,74.83000183105469,75.88999938964844,75.88999938964844,294300
2013-10-11,75.76000213623047,76.36000061035156,75.27999877929688,76.29000091552734,76.29000091552734,189200
2013-10-14,75.75,76.44000244140625,75.56999969482422,75.91999816894531,75.91999816894531,352000
2013-10-15,74.41000366210938,75.83000183105469,74.08999633789062,74.4800033569336,74.4800033569336,2706300
2013-10-16,74.91000366210938,76.12000274658203,74.61000061035156,75.91000366210938,75.91000366210938,810000
2013-10-17,75.75,76.31999969482422,75.30999755859375,76.0999984741211,76.0999984741211,523100
2013-10-18,76.5199966430664,77.30000305175781,75.88999938964844,77.26000213623047,77.26000213623047,333700
2013-10-21,77.29000091552734,77.55000305175781,76.9000015258789,77.41000366210938,77.41000366210938,338100
2013-10-22,77.41999816894531,77.8499984741211,76.4800033569336,76.97000122070312,76.97000122070312,777600
2013-10-23,76.83999633789062,76.9800033569336,75.91999816894531,76.83000183105469,76.83000183105469,356800
2013-10-24,79.72000122070312,79.73999786376953,77.0999984741211,77.16000366210938,77.16000366210938,1261200
2013-10-25,77.30999755859375,79.88999938964844,76.98999786376953,79.81999969482422,79.81999969482422,953100
2013-10-28,79.94999694824219,80.86000061035156,79.23999786376953,80.83000183105469,80.83000183105469,584400
2013-10-29,80.80000305175781,83.9000015258789,80.33000183105469,83.87000274658203,83.87000274658203,1115300
2013-10-30,83.7699966430664,85.29000091552734,83.69000244140625,85.0199966430664,85.0199966430664,1305700
2013-10-31,84.70999908447266,86.1500015258789,84.0199966430664,85.45999908447266,85.45999908447266,955600
2013-11-01,85.80000305175781,85.80000305175781,84.4800033569336,85.41999816894531,85.41999816894531,749700
2013-11-04,85.68000030517578,86.55000305175781,85.11000061035156,86.51000213623047,86.51000213623047,407200
2013-11-05,85.69999694824219,85.9800033569336,83.44999694824219,84.25,84.25,939500
2013-11-06,85.02999877929688,85.05000305175781,83.30000305175781,83.61000061035156,83.61000061035156,534000
2013-11-07,83.86000061035156,84.0,81.73999786376953,81.91000366210938,81.91000366210938,421700
2013-11-08,82.0,83.26000213623047,81.58999633789062,83.16999816894531,83.16999816894531,538000
2013-11-11,83.19000244140625,84.9800033569336,83.19000244140625,84.80999755859375,84.80999755859375,587700
2013-11-12,85.2300033569336,85.48999786376953,84.01000213623047,85.4000015258789,85.4000015258789,506100
2013-11-13,84.62000274658203,85.55000305175781,84.16999816894531,85.37999725341797,85.37999725341797,334000
2013-11-14,85.22000122070312,85.93000030517578,84.61000061035156,85.30000305175781,85.30000305175781,296200
2013-11-15,85.6500015258789,85.6500015258789,84.4800033569336,85.4800033569336,85.4800033569336,383700
2013-11-18,85.76000213623047,86.41999816894531,85.31999969482422,85.69000244140625,85.69000244140625,374700
2013-11-19,85.54000091552734,85.91999816894531,84.58999633789062,84.91000366210938,84.91000366210938,642900
2013-11-20,85.77999877929688,85.80999755859375,84.36000061035156,84.68000030517578,84.68000030517578,266300
2013-11-21,84.97000122070312,85.98999786376953,84.58999633789062,85.55999755859375,85.55999755859375,509600
2013-11-22,85.7300033569336,86.08000183105469,85.08000183105469,85.80000305175781,85.80000305175781,282000
2013-11-25,86.13999938964844,86.48999786376953,85.43000030517578,86.48999786376953,86.48999786376953,319300
2013-11-26,86.38999938964844,86.91000366210938,86.0,86.29000091552734,86.29000091552734,204800
2013-11-27,86.2699966430664,87.08000183105469,86.08000183105469,86.73999786376953,86.73999786376953,184400
2013-11-29,87.01000213623047,88.33999633789062,85.94999694824219,85.9800033569336,85.9800033569336,161500
2013-12-02,85.81999969482422,86.80000305175781,85.2300033569336,85.62999725341797,85.62999725341797,485600
2013-12-03,85.37999725341797,86.0,84.12000274658203,84.70999908447266,84.70999908447266,409800
2013-12-04,84.4000015258789,86.44000244140625,83.87999725341797,83.93000030517578,83.93000030517578,560800
2013-12-05,83.93000030517578,84.93000030517578,83.16999816894531,83.37000274658203,83.37000274658203,327800
2013-12-06,84.76000213623047,86.69000244140625,84.52999877929688,86.36000061035156,86.36000061035156,544900
2013-12-09,86.48999786376953,87.83999633789062,86.2300033569336,87.16000366210938,87.16000366210938,528100
2013-12-10,86.55999755859375,87.83999633789062,86.52999877929688,86.9000015258789,86.9000015258789,350300
2013-12-11,86.9000015258789,87.0999984741211,86.11000061035156,86.30000305175781,86.30000305175781,549900
2013-12-12,86.16000366210938,86.33000183105469,85.12000274658203,85.7699966430664,85.7699966430664,324800
2013-12-13,86.11000061035156,86.58999633789062,85.54000091552734,86.2699966430664,86.2699966430664,670800
2013-12-16,86.75,87.44000244140625,85.83999633789062,87.0,87.0,216100
2013-12-17,87.01000213623047,87.26000213623047,86.5,86.68000030517578,86.68000030517578,270500
2013-12-18,86.86000061035156,89.4000015258789,85.62999725341797,89.08999633789062,89.08999633789062,430100
2013-12-19,88.7300033569336,89.55999755859375,88.51000213623047,89.08000183105469,89.08000183105469,240500
2013-12-20,89.0999984741211,89.41999816894531,88.08000183105469,89.02999877929688,89.02999877929688,783100
2013-12-23,89.83000183105469,90.31999969482422,88.98999786376953,90.29000091552734,90.29000091552734,400500
2013-12-24,90.30999755859375,90.7300033569336,89.69999694824219,90.1500015258789,90.1500015258789,70000
2013-12-26,90.52999877929688,91.22000122070312,90.0199966430664,90.81999969482422,90.81999969482422,140000
2013-12-27,90.66999816894531,91.08000183105469,90.27999877929688,90.9000015258789,90.9000015258789,120000
2013-12-30,90.91000366210938,91.23999786376953,90.44000244140625,91.12000274658203,91.12000274658203,215200
2013-12-31,91.33000183105469,91.62000274658203,90.5199966430664,91.06999969482422,91.06999969482422,184700
2014-01-02,90.4000015258789,90.80999755859375,89.13999938964844,89.83999633789062,89.83999633789062,422100
2014-01-03,89.75,90.62999725341797,89.41999816894531,90.01000213623047,90.01000213623047,213500
2014-01-06,90.41999816894531,90.69999694824219,89.11000061035156,89.31999969482422,89.31999969482422,210100
2014-01-07,89.52999877929688,90.02999877929688,88.94999694824219,89.31999969482422,89.31999969482422,449700
2014-01-08,90.80000305175781,91.79000091552734,89.95999908447266,90.68000030517578,90.68000030517578,805800
2014-01-09,91.2699966430664,91.8499984741211,90.69999694824219,91.02999877929688,91.02999877929688,355400
2014-01-10,91.01000213623047,91.97000122070312,90.47000122070312,91.94000244140625,91.94000244140625,421700
2014-01-13,91.68000030517578,92.26000213623047,90.77999877929688,91.12999725341797,91.12999725341797,321800
2014-01-14,91.33000183105469,92.58999633789062,90.83000183105469,92.48999786376953,92.48999786376953,707800
2014-01-15,92.44999694824219,93.80000305175781,92.16000366210938,93.5199966430664,93.5199966430664,551200
2014-01-16,93.1500015258789,94.75,93.02999877929688,93.80999755859375,93.80999755859375,430300
2014-01-17,93.9000015258789,93.95999908447266,92.54000091552734,92.8499984741211,92.8499984741211,319800
2014-01-21,93.47000122070312,93.76000213623047,92.1500015258789,92.33999633789062,92.33999633789062,275200
2014-01-22,92.58000183105469,92.91000366210938,91.6500015258789,91.91000366210938,91.91000366210938,498100
2014-01-23,91.83000183105469,92.02999877929688,91.11000061035156,91.69000244140625,91.69000244140625,464800
2014-01-24,89.88999938964844,90.6500015258789,88.08000183105469,88.55000305175781,88.55000305175781,585000
2014-01-27,88.54000091552734,89.04000091552734,85.29000091552734,85.38999938964844,85.38999938964844,1042500
2014-01-28,85.70999908447266,86.08999633789062,84.8499984741211,85.86000061035156,85.86000061035156,936000
2014-01-29,85.1500015258789,86.8499984741211,84.69999694824219,84.95999908447266,84.95999908447266,827500
2014-01-30,83.0,83.98999786376953,78.5199966430664,81.70999908447266,81.70999908447266,2482100
2014-01-31,81.36000061035156,83.68000030517578,81.05000305175781,82.95999908447266,82.95999908447266,1166900
2014-02-03,81.3499984741211,82.29000091552734,80.0199966430664,80.05000305175781,80.05000305175781,1405400
2014-02-04,80.68000030517578,81.5199966430664,79.91000366210938,81.44999694824219,81.44999694824219,622600
2014-02-05,81.33000183105469,81.72000122070312,80.58999633789062,81.0,81.0,906500
2014-02-06,80.94999694824219,81.97000122070312,79.68000030517578,80.5999984741211,80.5999984741211,614400
2014-02-07,80.77999877929688,81.72000122070312,80.1500015258789,81.22000122070312,81.22000122070312,673100
2014-02-10,81.25,81.30000305175781,80.2699966430664,81.01000213623047,81.01000213623047,399800
2014-02-11,80.80999755859375,82.79000091552734,80.7300033569336,82.4000015258789,82.4000015258789,721900
2014-02-12,82.5199966430664,83.68000030517578,82.05999755859375,83.12999725341797,83.12999725341797,464200
2014-02-13,82.79000091552734,84.48999786376953,82.47000122070312,84.43000030517578,84.43000030517578,519000
2014-02-14,84.52999877929688,85.45999908447266,84.37000274658203,85.22000122070312,85.22000122070312,469100
2014-02-18,85.54000091552734,86.05999755859375,84.6500015258789,85.3499984741211,85.3499984741211,592100
2014-02-19,85.29000091552734,87.13999938964844,85.02999877929688,86.25,86.25,646600
2014-02-20,86.37999725341797,87.41999816894531,85.43000030517578,85.70999908447266,85.70999908447266,1243100
2014-02-21,85.9000015258789,86.19999694824219,84.77999877929688,84.87999725341797,84.87999725341797,394300
2014-02-24,84.98999786376953,86.19999694824219,84.86000061035156,85.44000244140625,85.44000244140625,335400
2014-02-25,85.62000274658203,85.62000274658203,84.41000366210938,84.47000122070312,84.47000122070312,384500
2014-02-26,84.68000030517578,85.72000122070312,83.88999938964844,85.08999633789062,85.08999633789062,368600
2014-02-27,84.91999816894531,86.20999908447266,84.16000366210938,86.11000061035156,86.11000061035156,345800
2014-02-28,86.19000244140625,87.54000091552734,86.0,86.20999908447266,86.20999908447266,399600
2014-03-03,85.3499984741211,86.08000183105469,84.94999694824219,85.44000244140625,85.44000244140625,348000
2014-03-04,86.0,86.5999984741211,85.56999969482422,85.7300033569336,85.7300033569336,510500
2014-03-05,85.94999694824219,86.0999984741211,84.3499984741211,85.12999725341797,85.12999725341797,736400
2014-03-06,85.19000244140625,86.31999969482422,85.19000244140625,85.7300033569336,85.7300033569336,582400
2014-03-07,86.18000030517578,87.26000213623047,86.0,86.33999633789062,86.33999633789062,319400
2014-03-10,86.33999633789062,86.77999877929688,85.20999908447266,86.19999694824219,86.19999694824219,325300
2014-03-11,87.22000122070312,87.30999755859375,85.30000305175781,85.9800033569336,85.9800033569336,642400
2014-03-12,85.41999816894531,85.41999816894531,84.58000183105469,84.9800033569336,84.9800033569336,366500
2014-03-13,85.0199966430664,85.16000366210938,81.87999725341797,82.45999908447266,82.45999908447266,596700
2014-03-14,82.16000366210938,83.36000061035156,82.16000366210938,82.55000305175781,82.55000305175781,239700
2014-03-17,82.93000030517578,83.61000061035156,82.79000091552734,83.31999969482422,83.31999969482422,321500
2014-03-18,83.58999633789062,84.54000091552734,83.41999816894531,84.44999694824219,84.44999694824219,542500
2014-03-19,84.55000305175781,84.68000030517578,83.58000183105469,84.08999633789062,84.08999633789062,492900
2014-03-20,83.73999786376953,83.88999938964844,82.88999938964844,82.88999938964844,82.88999938964844,301500
2014-03-21,82.88999938964844,82.98999786376953,81.7300033569336,81.86000061035156,81.86000061035156,572600
2014-03-24,82.33000183105469,82.4800033569336,79.83999633789062,81.30999755859375,81.30999755859375,846900
2014-03-25,82.04000091552734,83.52999877929688,82.02999877929688,82.62000274658203,82.62000274658203,578300
2014-03-26,82.75,83.3499984741211,80.55999755859375,80.58999633789062,80.58999633789062,777100
2014-03-27,80.58999633789062,82.01000213623047,79.94000244140625,81.94999694824219,81.94999694824219,612400
2014-03-28,82.3499984741211,83.18000030517578,81.75,81.87999725341797,81.87999725341797,376400
2014-03-31,82.69999694824219,83.29000091552734,82.30999755859375,83.22000122070312,83.22000122070312,621600
2014-04-01,85.1500015258789,87.13999938964844,84.91000366210938,85.51000213623047,85.51000213623047,1200400
2014-04-02,85.62000274658203,87.3499984741211,85.62000274658203,87.25,87.25,562800
2014-04-03,87.11000061035156,87.80999755859375,86.5199966430664,87.73999786376953,87.73999786376953,447300
2014-04-04,88.38999938964844,89.48999786376953,86.38999938964844,86.5,86.5,684800
2014-04-07,86.05999755859375,86.38999938964844,84.5,85.37999725341797,85.37999725341797,413900
2014-04-08,85.25,86.38999938964844,84.91000366210938,86.04000091552734,86.04000091552734,364900
2014-04-09,86.19999694824219,87.62999725341797,86.02999877929688,87.54000091552734,87.54000091552734,486000
2014-04-10,88.52999877929688,90.4000015258789,86.38999938964844,86.62999725341797,86.62999725341797,715800
2014-04-11,86.0,86.7699966430664,85.12000274658203,85.22000122070312,85.22000122070312,560000
2014-04-14,85.7699966430664,86.25,84.58000183105469,85.25,85.25,288800
2014-04-15,85.63999938964844,86.7300033569336,84.73999786376953,86.5,86.5,568000
2014-04-16,87.0,87.12000274658203,85.55999755859375,85.80000305175781,85.80000305175781,632500
2014-04-17,85.81999969482422,87.05999755859375,85.5199966430664,86.70999908447266,86.70999908447266,463400
2014-04-21,86.77999877929688,87.12000274658203,85.87000274658203,85.95999908447266,85.95999908447266,374000
2014-04-22,86.0999984741211,87.19999694824219,85.8499984741211,86.62000274658203,86.62000274658203,369000
2014-04-23,86.56999969482422,86.94999694824219,85.66999816894531,85.72000122070312,85.72000122070312,546500
2014-04-24,86.72000122070312,89.16999816894531,85.0,88.56999969482422,88.56999969482422,775000
2014-04-25,88.51000213623047,88.51000213623047,87.3499984741211,88.12000274658203,88.12000274658203,728700
2014-04-28,88.31999969482422,88.68000030517578,86.29000091552734,87.44999694824219,87.44999694824219,556500
2014-04-29,87.55000305175781,88.18000030517578,86.72000122070312,87.0199966430664,87.0199966430664,453900
2014-04-30,86.94999694824219,87.97000122070312,86.13999938964844,87.77999877929688,87.77999877929688,411600
2014-05-01,87.83000183105469,88.94000244140625,87.55000305175781,88.30999755859375,88.30999755859375,382500
2014-05-02,88.31999969482422,89.2300033569336,87.69999694824219,87.7699966430664,87.7699966430664,345600
2014-05-05,86.19999694824219,86.97000122070312,85.41000366210938,86.3499984741211,86.3499984741211,461000
2014-05-06,86.06999969482422,86.30000305175781,85.37000274658203,85.93000030517578,85.93000030517578,315100
2014-05-07,86.25,86.54000091552734,85.16999816894531,85.83999633789062,85.83999633789062,414400
2014-05-08,85.88999938964844,86.93000030517578,85.55000305175781,85.9800033569336,85.9800033569336,265600
2014-05-09,85.81999969482422,85.81999969482422,84.75,85.19999694824219,85.19999694824219,288600
2014-05-12,85.45999908447266,87.38999938964844,85.44999694824219,87.08000183105469,87.08000183105469,247900
2014-05-13,86.19999694824219,87.45999908447266,86.0999984741211,86.61000061035156,86.61000061035156,290600
2014-05-14,86.52999877929688,86.8499984741211,85.0,85.19999694824219,85.19999694824219,346900
2014-05-15,85.16999816894531,85.44999694824219,83.4800033569336,84.76000213623047,84.76000213623047,314000
2014-05-16,84.77999877929688,85.41000366210938,84.05999755859375,85.36000061035156,85.36000061035156,283200
2014-05-19,85.33999633789062,86.62999725341797,85.16000366210938,86.0,86.0,537700
2014-05-20,85.8499984741211,85.8499984741211,83.95999908447266,84.4000015258789,84.4000015258789,254900
2014-05-21,84.5199966430664,85.58999633789062,84.5199966430664,85.27999877929688,85.27999877929688,366700
2014-05-22,85.44000244140625,85.80999755859375,84.88999938964844,85.22000122070312,85.22000122070312,374700
2014-05-23,85.2300033569336,85.61000061035156,84.7699966430664,84.8499984741211,84.8499984741211,849000
2014-05-27,85.12999725341797,85.81999969482422,84.76000213623047,85.02999877929688,85.02999877929688,1020800
2014-05-28,85.13999938964844,85.80999755859375,84.66000366210938,85.41999816894531,85.41999816894531,710900
2014-05-29,85.98999786376953,86.63999938964844,84.72000122070312,85.69999694824219,85.69999694824219,616800
2014-05-30,85.68000030517578,85.8499984741211,85.02999877929688,85.41999816894531,85.41999816894531,290700
2014-06-02,85.41000366210938,86.01000213623047,84.51000213623047,85.97000122070312,85.97000122070312,390300
2014-06-03,85.66000366210938,86.55999755859375,85.44999694824219,86.44999694824219,86.44999694824219,302200
2014-06-04,86.55000305175781,87.93000030517578,86.47000122070312,87.58000183105469,87.58000183105469,328400
2014-06-05,87.61000061035156,89.79000091552734,87.48999786376953,89.54000091552734,89.54000091552734,659700
2014-06-06,89.83999633789062,91.23999786376953,89.83999633789062,91.19999694824219,91.19999694824219,362300
2014-06-09,91.19999694824219,92.87999725341797,90.62999725341797,92.61000061035156,92.61000061035156,518000
2014-06-10,92.69000244140625,93.06999969482422,91.80999755859375,93.06999969482422,93.06999969482422,534600
2014-06-11,92.62000274658203,92.73999786376953,91.9800033569336,92.52999877929688,92.52999877929688,290100
2014-06-12,92.33999633789062,92.73999786376953,90.43000030517578,90.73999786376953,90.73999786376953,638300
2014-06-13,90.5,90.94999694824219,90.26000213623047,90.5199966430664,90.5199966430664,311600
2014-06-16,90.48999786376953,90.88999938964844,89.70999908447266,90.19999694824219,90.19999694824219,267000
2014-06-17,89.80000305175781,90.47000122070312,89.52999877929688,89.9800033569336,89.9800033569336,389600
2014-06-18,90.04000091552734,90.83000183105469,89.75,90.77999877929688,90.77999877929688,185300
2014-06-19,90.72000122070312,90.73999786376953,89.51000213623047,89.73999786376953,89.73999786376953,376500
2014-06-20,89.55000305175781,90.36000061035156,89.20999908447266,90.33000183105469,90.33000183105469,216100
2014-06-23,90.44999694824219,90.55999755859375,89.16999816894531,89.41999816894531,89.41999816894531,227800
2014-06-24,89.31999969482422,89.47000122070312,87.56999969482422,87.69000244140625,87.69000244140625,379400
2014-06-25,87.69000244140625,88.23999786376953,87.12999725341797,87.66000366210938,87.66000366210938,442400
2014-06-26,87.6500015258789,87.95999908447266,86.56999969482422,87.3499984741211,87.3499984741211,316100
2014-06-27,87.16000366210938,87.7300033569336,86.58999633789062,86.80000305175781,86.80000305175781,312100
2014-06-30,86.73999786376953,87.0,86.13999938964844,86.37999725341797,86.37999725341797,493000
2014-07-01,86.69000244140625,87.30000305175781,86.33999633789062,87.02999877929688,87.02999877929688,605500
2014-07-02,86.44000244140625,87.08000183105469,86.1500015258789,86.33999633789062,86.33999633789062,400400
2014-07-03,86.33999633789062,88.30999755859375,86.29000091552734,87.86000061035156,87.86000061035156,564700
2014-07-07,87.98999786376953,88.05999755859375,86.52999877929688,86.6500015258789,86.6500015258789,448300
2014-07-08,86.19000244140625,86.6500015258789,85.30999755859375,85.88999938964844,85.88999938964844,405400
2014-07-09,85.81999969482422,86.1500015258789,85.19000244140625,85.68000030517578,85.68000030517578,296400
2014-07-10,84.19999694824219,85.16000366210938,83.22000122070312,84.97000122070312,84.97000122070312,495000
2014-07-11,84.51000213623047,84.51000213623047,83.0,83.37999725341797,83.37999725341797,469100
2014-07-14,84.01000213623047,84.27999877929688,83.66000366210938,84.0999984741211,84.0999984741211,411000
2014-07-15,83.70999908447266,84.30999755859375,83.5999984741211,84.05999755859375,84.05999755859375,292300
2014-07-16,84.41999816894531,84.72000122070312,83.98999786376953,84.44999694824219,84.44999694824219,239600
2014-07-17,84.47000122070312,84.54000091552734,82.97000122070312,83.02999877929688,83.02999877929688,267700
2014-07-18,83.0,83.68000030517578,82.73999786376953,83.5999984741211,83.5999984741211,330200
2014-07-21,83.44999694824219,83.77999877929688,83.11000061035156,83.63999938964844,83.63999938964844,329500
2014-07-22,83.98999786376953,84.8499984741211,83.7699966430664,84.27999877929688,84.27999877929688,404700
2014-07-23,84.25,84.91000366210938,83.66999816894531,84.31999969482422,84.31999969482422,661100
2014-07-24,82.31999969482422,84.13999938964844,80.98999786376953,83.18000030517578,83.18000030517578,1453100
2014-07-25,82.94000244140625,83.95999908447266,82.79000091552734,83.33000183105469,83.33000183105469,837900
2014-07-28,83.27999877929688,83.45999908447266,82.33999633789062,82.54000091552734,82.54000091552734,491400
2014-07-29,82.51000213623047,82.98999786376953,80.75,80.76000213623047,80.76000213623047,516100
2014-07-30,80.94999694824219,81.37999725341797,79.93000030517578,80.33999633789062,80.33999633789062,521000
2014-07-31,79.91000366210938,80.30000305175781,78.33000183105469,78.48999786376953,78.48999786376953,543400
2014-08-01,78.37999725341797,79.22000122070312,78.31999969482422,78.98999786376953,78.98999786376953,593200
2014-08-04,79.19999694824219,79.51000213623047,78.66000366210938,79.2300033569336,79.2300033569336,653500
2014-08-05,79.08999633789062,80.18000030517578,78.97000122070312,79.06999969482422,79.06999969482422,454900
2014-08-06,78.7300033569336,79.9800033569336,78.7300033569336,79.91999816894531,79.91999816894531,539100
2014-08-07,80.33000183105469,80.48999786376953,79.05999755859375,79.30000305175781,79.30000305175781,267300
2014-08-08,79.41000366210938,80.12999725341797,78.6500015258789,80.11000061035156,80.11000061035156,259200
2014-08-11,80.5199966430664,81.11000061035156,79.98999786376953,80.9000015258789,80.9000015258789,221700
2014-08-12,80.80000305175781,82.37000274658203,80.66000366210938,81.80000305175781,81.80000305175781,603900
2014-08-13,81.94999694824219,82.4000015258789,80.94999694824219,81.08000183105469,81.08000183105469,465700
2014-08-14,81.30999755859375,82.05999755859375,80.98999786376953,81.81999969482422,81.81999969482422,221600
2014-08-15,82.16999816894531,82.33999633789062,80.58999633789062,80.91999816894531,80.91999816894531,232300
2014-08-18,81.58999633789062,82.23999786376953,81.31999969482422,82.2300033569336,82.2300033569336,376400
2014-08-19,82.4800033569336,83.79000091552734,82.37999725341797,83.61000061035156,83.61000061035156,299600
2014-08-20,83.29000091552734,84.11000061035156,83.19000244140625,84.04000091552734,84.04000091552734,242700
2014-08-21,83.87999725341797,84.31999969482422,83.51000213623047,83.83999633789062,83.83999633789062,187400
2014-08-22,83.9000015258789,83.97000122070312,83.20999908447266,83.61000061035156,83.61000061035156,183300
2014-08-25,83.95999908447266,84.30000305175781,83.45999908447266,83.98999786376953,83.98999786376953,225400
2014-08-26,84.0,84.11000061035156,83.29000091552734,83.33999633789062,83.33999633789062,242900
2014-08-27,82.80000305175781,83.77999877929688,82.80000305175781,83.68000030517578,83.68000030517578,342700
2014-08-28,83.43000030517578,83.58999633789062,82.73999786376953,83.41000366210938,83.41000366210938,172800
2014-08-29,83.5199966430664,84.02999877929688,83.12999725341797,83.98999786376953,83.98999786376953,168400
2014-09-02,84.0,84.55999755859375,83.33000183105469,83.93000030517578,83.93000030517578,228600
2014-09-03,84.0,84.48999786376953,83.91999816894531,84.44000244140625,84.44000244140625,332100
2014-09-04,84.5999984741211,85.69000244140625,84.30999755859375,84.7300033569336,84.7300033569336,341500
2014-09-05,84.31999969482422,84.80999755859375,83.3499984741211,83.79000091552734,83.79000091552734,421200
2014-09-08,83.66999816894531,84.41999816894531,83.16000366210938,84.08999633789062,84.08999633789062,290700
2014-09-09,84.25,84.33000183105469,82.81999969482422,82.86000061035156,82.86000061035156,305400
2014-09-10,82.6500015258789,83.16000366210938,81.62000274658203,82.37999725341797,82.37999725341797,216900
2014-09-11,83.08999633789062,84.37000274658203,82.72000122070312,83.8499984741211,83.8499984741211,513800
2014-09-12,83.8499984741211,84.0,83.29000091552734,83.7699966430664,83.7699966430664,597000
2014-09-15,83.62000274658203,83.62000274658203,82.0999984741211,82.16999816894531,82.16999816894531,471500
2014-09-16,81.88999938964844,82.36000061035156,81.58000183105469,81.87999725341797,81.87999725341797,375100
2014-09-17,82.25,83.33999633789062,82.1500015258789,82.91999816894531,82.91999816894531,501000
2014-09-18,83.06999969482422,83.1500015258789,82.37999725341797,82.91000366210938,82.91000366210938,317700
2014-09-19,83.3499984741211,83.75,81.9800033569336,82.75,82.75,458000
2014-09-22,82.62000274658203,82.6500015258789,81.63999938964844,81.83000183105469,81.83000183105469,351100
2014-09-23,81.56999969482422,81.9800033569336,80.20999908447266,80.44999694824219,80.44999694824219,456300
2014-09-24,80.0,81.12999725341797,79.12000274658203,81.01000213623047,81.01000213623047,326200
2014-09-25,80.55000305175781,80.93000030517578,79.41000366210938,79.41000366210938,79.41000366210938,230200
2014-09-26,79.41000366210938,80.27999877929688,78.83000183105469,79.76000213623047,79.76000213623047,236300
2014-09-29,78.87999725341797,79.88999938964844,78.47000122070312,79.3499984741211,79.3499984741211,225500
2014-09-30,79.43000030517578,79.55999755859375,78.16999816894531,78.26000213623047,78.26000213623047,837300
2014-10-01,78.4000015258789,78.8499984741211,76.61000061035156,77.19000244140625,77.19000244140625,678500
2014-10-02,77.27999877929688,77.97000122070312,76.41999816894531,77.69999694824219,77.69999694824219,315900
2014-10-03,78.4000015258789,79.01000213623047,77.83999633789062,78.43000030517578,78.43000030517578,452700
2014-10-06,78.69000244140625,79.66999816894531,78.5199966430664,79.04000091552734,79.04000091552734,499100
2014-10-07,78.33000183105469,79.18000030517578,76.95999908447266,76.97000122070312,76.97000122070312,428700
2014-10-08,76.94999694824219,78.4000015258789,75.70999908447266,78.19000244140625,78.19000244140625,364000
2014-10-09,77.80000305175781,78.1500015258789,74.95999908447266,74.98999786376953,74.98999786376953,415400
2014-10-10,74.62999725341797,74.7699966430664,72.41000366210938,72.91999816894531,72.91999816894531,533700
2014-10-13,73.02999877929688,73.44000244140625,71.41999816894531,71.44000244140625,71.44000244140625,394400
2014-10-14,71.69999694824219,72.33999633789062,71.23999786376953,71.5999984741211,71.5999984741211,565000
2014-10-15,70.44000244140625,71.70999908447266,68.97000122070312,71.18000030517578,71.18000030517578,701300
2014-10-16,70.26000213623047,72.16000366210938,70.22000122070312,71.98999786376953,71.98999786376953,633100
2014-10-17,72.97000122070312,73.87999725341797,72.51000213623047,73.72000122070312,73.72000122070312,923700
2014-10-20,73.16000366210938,73.86000061035156,73.05999755859375,73.72000122070312,73.72000122070312,400300
2014-10-21,74.05000305175781,76.51000213623047,74.05000305175781,76.47000122070312,76.47000122070312,406500
2014-10-22,76.37000274658203,76.80000305175781,75.0,75.16999816894531,75.16999816894531,553700
2014-10-23,80.81999969482422,81.16000366210938,77.72000122070312,77.93000030517578,77.93000030517578,1287800
2014-10-24,77.9000015258789,78.1500015258789,76.69000244140625,77.13999938964844,77.13999938964844,1304500
2014-10-27,77.12999725341797,78.80000305175781,76.20999908447266,78.5,78.5,1351000
2014-10-28,78.91999816894531,80.0199966430664,78.80999755859375,79.45999908447266,79.45999908447266,449500
2014-10-29,79.5,79.62000274658203,78.5,79.2699966430664,79.2699966430664,590100
2014-10-30,79.08000183105469,80.12000274658203,78.38999938964844,79.69999694824219,79.69999694824219,491800
2014-10-31,80.91000366210938,82.54000091552734,79.77999877929688,82.41000366210938,82.41000366210938,748000
2014-11-03,82.58999633789062,83.55000305175781,81.91000366210938,83.06999969482422,83.06999969482422,653100
2014-11-04,83.18000030517578,83.7300033569336,82.69999694824219,83.08000183105469,83.08000183105469,681500
2014-11-05,83.91999816894531,84.81999969482422,83.11000061035156,84.77999877929688,84.77999877929688,679300
2014-11-06,84.69000244140625,85.83000183105469,84.33999633789062,85.6500015258789,85.6500015258789,921100
2014-11-07,85.80000305175781,86.72000122070312,85.19000244140625,86.30000305175781,86.30000305175781,499400
2014-11-10,86.5199966430664,86.87999725341797,85.9000015258789,86.54000091552734,86.54000091552734,399200
2014-11-11,86.36000061035156,86.91999816894531,85.8499984741211,86.55000305175781,86.55000305175781,366900
2014-11-12,86.08000183105469,86.55000305175781,85.37999725341797,86.19999694824219,86.19999694824219,463600
2014-11-13,85.9800033569336,86.2300033569336,85.0,85.51000213623047,85.51000213623047,295300
2014-11-14,85.30000305175781,86.2300033569336,85.0,85.83999633789062,85.83999633789062,412800
2014-11-17,85.23999786376953,85.8499984741211,84.72000122070312,85.44999694824219,85.44999694824219,360900
2014-11-18,85.27999877929688,86.05000305175781,84.83000183105469,84.93000030517578,84.93000030517578,462500
2014-11-19,84.94000244140625,85.2699966430664,84.06999969482422,84.81999969482422,84.81999969482422,352800
2014-11-20,84.47000122070312,85.61000061035156,83.94000244140625,84.94999694824219,84.94999694824219,337900
2014-11-21,85.75,86.54000091552734,85.0999984741211,85.45999908447266,85.45999908447266,406100
2014-11-24,85.80999755859375,86.02999877929688,84.37000274658203,84.48999786376953,84.48999786376953,1423200
2014-11-25,84.9800033569336,86.58999633789062,84.41999816894531,85.66000366210938,85.66000366210938,773900
2014-11-26,85.79000091552734,85.79000091552734,84.79000091552734,85.13999938964844,85.13999938964844,345800
2014-11-28,84.95999908447266,84.95999908447266,81.98999786376953,82.38999938964844,82.38999938964844,371700
2014-12-01,82.0,82.0,76.91000366210938,77.33000183105469,77.33000183105469,1758100
2014-12-02,77.81999969482422,78.22000122070312,76.72000122070312,77.1500015258789,77.1500015258789,1366600
2014-12-03,77.5199966430664,78.70999908447266,76.7699966430664,78.22000122070312,78.22000122070312,1133300
2014-12-04,77.83999633789062,77.95999908447266,77.18000030517578,77.77999877929688,77.77999877929688,730900
2014-12-05,77.98999786376953,78.0,75.27999877929688,75.80000305175781,75.80000305175781,1393100
2014-12-08,75.4000015258789,75.4000015258789,73.0,73.72000122070312,73.72000122070312,1152400
2014-12-09,73.2300033569336,74.54000091552734,72.4000015258789,74.51000213623047,74.51000213623047,659800
2014-12-10,74.13999938964844,74.83000183105469,72.31999969482422,72.51000213623047,72.51000213623047,945900
2014-12-11,72.55000305175781,73.66000366210938,72.55000305175781,72.9000015258789,72.9000015258789,1091300
2014-12-12,72.08999633789062,72.55999755859375,71.66999816894531,71.80999755859375,71.80999755859375,578600
2014-12-15,72.61000061035156,72.6500015258789,71.66999816894531,72.22000122070312,72.22000122070312,855700
2014-12-16,71.66999816894531,73.36000061035156,71.51000213623047,71.62999725341797,71.62999725341797,700000
2014-12-17,71.6500015258789,74.30000305175781,70.83000183105469,73.87000274658203,73.87000274658203,1138900
2014-12-18,75.48999786376953,76.61000061035156,74.41999816894531,76.37000274658203,76.37000274658203,1129500
2014-12-19,76.97000122070312,77.20999908447266,76.22000122070312,76.98999786376953,76.98999786376953,1083500
2014-12-22,76.91999816894531,77.26000213623047,75.66000366210938,77.20999908447266,77.20999908447266,677800
2014-12-23,77.69000244140625,78.37999725341797,77.2300033569336,77.91999816894531,77.91999816894531,635500
2014-12-24,77.87000274658203,78.33999633789062,77.41999816894531,77.79000091552734,77.79000091552734,289600
2014-12-26,78.2300033569336,78.68000030517578,77.79000091552734,78.0,78.0,217100
2014-12-29,77.77999877929688,78.54000091552734,77.6500015258789,77.97000122070312,77.97000122070312,383200
2014-12-30,77.41999816894531,77.5999984741211,76.23999786376953,76.77999877929688,76.77999877929688,549600
2014-12-31,76.9000015258789,77.26000213623047,76.08000183105469,76.20999908447266,76.20999908447266,603300
2015-01-02,76.41999816894531,77.4000015258789,75.30000305175781,76.0999984741211,76.0999984741211,611000
2015-01-05,75.4000015258789,75.5,73.58000183105469,73.94000244140625,73.94000244140625,576200
2015-01-06,73.79000091552734,73.97000122070312,71.76000213623047,72.72000122070312,72.72000122070312,684800
2015-01-07,73.1500015258789,73.80999755859375,71.95999908447266,72.16000366210938,72.16000366210938,829800
2015-01-08,72.68000030517578,73.04000091552734,72.27999877929688,72.75,72.75,901500
2015-01-09,73.0,73.0,71.73999786376953,71.83999633789062,71.83999633789062,467700
2015-01-12,71.77999877929688,71.77999877929688,69.98999786376953,70.76000213623047,70.76000213623047,388100
2015-01-13,71.08999633789062,71.83000183105469,68.81999969482422,69.33000183105469,69.33000183105469,808600
2015-01-14,67.76000213623047,68.2699966430664,66.8499984741211,67.16999816894531,67.16999816894531,1234100
2015-01-15,67.13999938964844,67.48999786376953,65.48999786376953,65.80000305175781,65.80000305175781,1732800
2015-01-16,65.61000061035156,66.62000274658203,65.37999725341797,66.56999969482422,66.56999969482422,1318700
2015-01-20,66.70999908447266,67.25,65.63999938964844,66.48999786376953,66.48999786376953,587800
2015-01-21,66.2699966430664,68.56999969482422,66.2699966430664,68.5199966430664,68.5199966430664,885000
2015-01-22,69.30999755859375,69.76000213623047,68.6500015258789,69.27999877929688,69.27999877929688,715400
2015-01-23,69.22000122070312,69.69000244140625,68.70999908447266,69.12999725341797,69.12999725341797,398600
2015-01-26,68.4000015258789,69.80999755859375,67.88999938964844,69.47000122070312,69.47000122070312,972500
2015-01-27,67.81999969482422,67.88999938964844,65.62999725341797,66.87000274658203,66.87000274658203,1037100
2015-01-28,67.29000091552734,67.5,66.0,66.52999877929688,66.52999877929688,983400
2015-01-29,66.80999755859375,68.1500015258789,65.4800033569336,67.22000122070312,67.22000122070312,1846200
2015-01-30,66.31999969482422,67.56999969482422,66.18000030517578,66.76000213623047,66.76000213623047,945000
2015-02-02,66.76000213623047,68.5999984741211,66.52999877929688,68.44999694824219,68.44999694824219,779600
2015-02-03,68.83000183105469,71.06999969482422,68.83000183105469,70.56999969482422,70.56999969482422,596700
2015-02-04,70.08000183105469,70.5,68.6500015258789,68.7300033569336,68.7300033569336,565400
2015-02-05,69.13999938964844,69.5,68.47000122070312,68.54000091552734,68.54000091552734,772000
2015-02-06,68.69999694824219,69.80999755859375,68.33999633789062,69.16000366210938,69.16000366210938,571200
2015-02-09,69.11000061035156,70.52999877929688,69.11000061035156,70.1500015258789,70.1500015258789,285200
2015-02-10,70.41000366210938,70.73999786376953,68.93000030517578,69.36000061035156,69.36000061035156,479800
2015-02-11,69.16000366210938,69.55999755859375,68.18000030517578,68.58000183105469,68.58000183105469,467300
2015-02-12,68.0,68.19999694824219,66.43000030517578,66.86000061035156,66.86000061035156,1415800
2015-02-13,66.88999938964844,68.9800033569336,66.73999786376953,68.19999694824219,68.19999694824219,1436600
2015-02-17,68.3499984741211,70.0199966430664,67.94000244140625,69.54000091552734,69.54000091552734,705600
2015-02-18,69.6500015258789,70.08000183105469,69.1500015258789,69.19000244140625,69.19000244140625,455000
2015-02-19,69.19000244140625,71.05000305175781,68.94000244140625,70.33999633789062,70.33999633789062,736100
2015-02-20,70.05000305175781,70.93000030517578,69.3499984741211,70.68000030517578,70.68000030517578,867100
2015-02-23,70.4800033569336,70.77999877929688,68.75,68.91000366210938,68.91000366210938,694800
2015-02-24,68.79000091552734,69.83999633789062,68.79000091552734,69.5,69.5,474600
2015-02-25,69.37999725341797,70.30000305175781,69.1500015258789,69.87999725341797,69.87999725341797,467000
2015-02-26,69.94999694824219,70.13999938964844,69.5199966430664,69.5999984741211,69.5999984741211,454900
2015-02-27,69.70999908447266,70.19999694824219,69.31999969482422,69.43000030517578,69.43000030517578,472500
2015-03-02,69.43000030517578,70.01000213623047,68.91000366210938,69.6500015258789,69.6500015258789,507500
2015-03-03,69.58999633789062,70.16000366210938,69.22000122070312,69.4000015258789,69.4000015258789,435600
2015-03-04,69.22000122070312,69.22000122070312,67.54000091552734,69.08999633789062,69.08999633789062,1707800
2015-03-05,67.75,69.63999938964844,67.75,69.1500015258789,69.1500015258789,974400
2015-03-06,68.5,69.91000366210938,68.48999786376953,69.7300033569336,69.7300033569336,1727500
2015-03-09,68.98999786376953,69.16999816894531,67.44000244140625,67.76000213623047,67.76000213623047,1659300
2015-03-10,67.41000366210938,68.1500015258789,67.26000213623047,67.5199966430664,67.5199966430664,1269900
2015-03-11,67.5,67.81999969482422,67.44999694824219,67.58999633789062,67.58999633789062,644300
2015-03-12,67.83000183105469,69.37999725341797,67.83000183105469,69.3499984741211,69.3499984741211,712400
2015-03-13,69.31999969482422,69.31999969482422,67.87999725341797,68.19000244140625,68.19000244140625,954700
2015-03-16,67.45999908447266,69.41000366210938,67.3499984741211,69.27999877929688,69.27999877929688,618700
2015-03-17,68.62999725341797,69.16999816894531,68.51000213623047,68.81999969482422,68.81999969482422,504600
2015-03-18,68.77999877929688,70.4000015258789,67.95999908447266,70.08999633789062,70.08999633789062,653100
2015-03-19,69.79000091552734,69.83999633789062,67.5999984741211,68.12000274658203,68.12000274658203,533800
2015-03-20,68.5999984741211,68.5999984741211,68.04000091552734,68.56999969482422,68.56999969482422,483900
2015-03-23,68.05000305175781,68.37999725341797,67.43000030517578,67.8499984741211,67.8499984741211,982600
2015-03-24,67.9000015258789,69.19999694824219,67.5,69.19999694824219,69.19999694824219,1359700
2015-03-25,69.66999816894531,70.33000183105469,68.87000274658203,69.8499984741211,69.8499984741211,1016200
2015-03-26,69.88999938964844,70.25,69.4800033569336,69.73999786376953,69.73999786376953,532200
2015-03-27,68.5,68.91999816894531,67.30999755859375,68.73999786376953,68.73999786376953,1326900
2015-03-30,69.08999633789062,70.41999816894531,68.75,70.25,70.25,689500
2015-03-31,69.9800033569336,70.16999816894531,69.11000061035156,69.88999938964844,69.88999938964844,511800
2015-04-01,69.48999786376953,70.47000122070312,69.19999694824219,69.58999633789062,69.58999633789062,283100
2015-04-02,69.31999969482422,70.02999877929688,69.2699966430664,69.68000030517578,69.68000030517578,352000
2015-04-06,69.16000366210938,70.87999725341797,69.12000274658203,70.30000305175781,70.30000305175781,1055200
2015-04-07,70.37999725341797,71.13999938964844,69.72000122070312,69.7300033569336,69.7300033569336,394100
2015-04-08,69.55000305175781,69.9800033569336,69.11000061035156,69.4000015258789,69.4000015258789,535500
2015-04-09,69.37999725341797,69.69999694824219,68.45999908447266,68.80000305175781,68.80000305175781,1004000
2015-04-10,68.93000030517578,69.30000305175781,68.58000183105469,69.20999908447266,69.20999908447266,505000
2015-04-13,68.94000244140625,69.33999633789062,68.3499984741211,68.5,68.5,600900
2015-04-14,68.87999725341797,70.19000244140625,68.45999908447266,70.01000213623047,70.01000213623047,574700
2015-04-15,70.54000091552734,72.6500015258789,70.25,72.33999633789062,72.33999633789062,749000
2015-04-16,71.9000015258789,72.22000122070312,70.83000183105469,71.30999755859375,71.30999755859375,532400
2015-04-17,70.68000030517578,70.75,69.13999938964844,69.41999816894531,69.41999816894531,728600
2015-04-20,69.05999755859375,70.06999969482422,68.97000122070312,69.0999984741211,69.0999984741211,608200
2015-04-21,69.08999633789062,70.0199966430664,68.30999755859375,69.80999755859375,69.80999755859375,676300
2015-04-22,70.13999938964844,70.13999938964844,69.04000091552734,69.94000244140625,69.94000244140625,421900
2015-04-23,66.77999877929688,71.83999633789062,66.51000213623047,70.75,70.75,1100500
2015-04-24,70.56999969482422,70.88999938964844,69.33999633789062,69.91000366210938,69.91000366210938,461500
2015-04-27,69.93000030517578,70.37000274658203,69.56999969482422,69.98999786376953,69.98999786376953,613500
2015-04-28,69.80000305175781,71.0,69.12999725341797,70.80000305175781,70.80000305175781,384800
2015-04-29,70.54000091552734,71.9000015258789,70.25,71.62999725341797,71.62999725341797,644000
2015-04-30,71.98999786376953,72.9000015258789,71.27999877929688,72.13999938964844,72.13999938964844,806100
2015-05-01,72.4000015258789,73.02999877929688,71.93000030517578,73.0,73.0,493100
2015-05-04,73.33999633789062,73.58999633789062,72.47000122070312,72.63999938964844,72.63999938964844,457600
2015-05-05,72.44999694824219,73.08000183105469,70.87000274658203,71.13999938964844,71.13999938964844,470800
2015-05-06,71.51000213623047,71.68000030517578,69.9000015258789,71.54000091552734,71.54000091552734,1444500
2015-05-07,71.47000122070312,71.47000122070312,70.5999984741211,70.87000274658203,70.87000274658203,714700
2015-05-08,71.58999633789062,71.73999786376953,70.94999694824219,71.30000305175781,71.30000305175781,746400
2015-05-11,71.37999725341797,72.08999633789062,70.75,71.63999938964844,71.63999938964844,346300
2015-05-12,71.44000244140625,71.69999694824219,70.3499984741211,71.63999938964844,71.63999938964844,423500
2015-05-13,71.91999816894531,72.37999725341797,71.36000061035156,72.27999877929688,72.27999877929688,446100
2015-05-14,72.5999984741211,72.9800033569336,72.1500015258789,72.87999725341797,72.87999725341797,413700
2015-05-15,73.08999633789062,74.04000091552734,72.94000244140625,73.8499984741211,73.8499984741211,583600
2015-05-18,73.70999908447266,74.29000091552734,73.20999908447266,73.70999908447266,73.70999908447266,385200
2015-05-19,74.16999816894531,74.16999816894531,72.70999908447266,73.3499984741211,73.3499984741211,422700
2015-05-20,73.81999969482422,73.93000030517578,72.94999694824219,73.36000061035156,73.36000061035156,419700
2015-05-21,73.2699966430664,74.61000061035156,73.2699966430664,73.79000091552734,73.79000091552734,521100
2015-05-22,73.62999725341797,74.18000030517578,73.23999786376953,73.37000274658203,73.37000274658203,274200
2015-05-26,73.18000030517578,73.45999908447266,71.80999755859375,72.01000213623047,72.01000213623047,389800
2015-05-27,72.43000030517578,73.19999694824219,71.55000305175781,72.87000274658203,72.87000274658203,370000
2015-05-28,72.5,72.76000213623047,71.56999969482422,72.08000183105469,72.08000183105469,566700
2015-05-29,72.12000274658203,72.4000015258789,71.62999725341797,71.86000061035156,71.86000061035156,447200
2015-06-01,72.2300033569336,72.69999694824219,71.5,72.43000030517578,72.43000030517578,523600
2015-06-02,72.25,73.66999816894531,72.02999877929688,73.4000015258789,73.4000015258789,383700
2015-06-03,73.6500015258789,74.2300033569336,73.19000244140625,74.19000244140625,74.19000244140625,333900
2015-06-04,73.87000274658203,73.87000274658203,72.94000244140625,73.31999969482422,73.31999969482422,546600
2015-06-05,73.31999969482422,74.2699966430664,72.86000061035156,74.19000244140625,74.19000244140625,447900
2015-06-08,74.0,74.3499984741211,72.91000366210938,72.93000030517578,72.93000030517578,390900
2015-06-09,73.19000244140625,73.80999755859375,72.8499984741211,73.2300033569336,73.2300033569336,295700
2015-06-10,73.66999816894531,74.0999984741211,73.25,73.62999725341797,73.62999725341797,392200
2015-06-11,73.83000183105469,73.98999786376953,72.91999816894531,73.26000213623047,73.26000213623047,314500
2015-06-12,73.05000305175781,73.19999694824219,72.51000213623047,72.62999725341797,72.62999725341797,265300
2015-06-15,72.06999969482422,72.69000244140625,71.4000015258789,72.55999755859375,72.55999755859375,421600
2015-06-16,72.5999984741211,72.98999786376953,72.16999816894531,72.33999633789062,72.33999633789062,369200
2015-06-17,72.58000183105469,73.16999816894531,72.11000061035156,72.43000030517578,72.43000030517578,719500
2015-06-18,72.68000030517578,73.16000366210938,72.26000213623047,72.66000366210938,72.66000366210938,269000
2015-06-19,72.76000213623047,73.20999908447266,72.61000061035156,72.83000183105469,72.83000183105469,329100
2015-06-22,73.08000183105469,73.54000091552734,72.7699966430664,73.33000183105469,73.33000183105469,810800
2015-06-23,73.41999816894531,73.88999938964844,73.01000213623047,73.12999725341797,73.12999725341797,497400
2015-06-24,73.16000366210938,73.26000213623047,72.29000091552734,72.47000122070312,72.47000122070312,506000
2015-06-25,72.47000122070312,72.56999969482422,71.52999877929688,71.69000244140625,71.69000244140625,444000
2015-06-26,71.91000366210938,72.63999938964844,71.5999984741211,72.12000274658203,72.12000274658203,401100
2015-06-29,71.30999755859375,71.36000061035156,68.5999984741211,68.75,68.75,816600
2015-06-30,69.33000183105469,69.69000244140625,67.94000244140625,68.63999938964844,68.63999938964844,786800
2015-07-01,69.12000274658203,69.56999969482422,68.52999877929688,68.75,68.75,559200
2015-07-02,69.11000061035156,69.4000015258789,68.69999694824219,69.0199966430664,69.0199966430664,383000
2015-07-06,68.26000213623047,69.12999725341797,67.93000030517578,68.2300033569336,68.2300033569336,332300
2015-07-07,68.1500015258789,68.56999969482422,66.94000244140625,68.25,68.25,511100
2015-07-08,67.66999816894531,68.0199966430664,66.36000061035156,66.70999908447266,66.70999908447266,245100
2015-07-09,66.58000183105469,67.66000366210938,66.23999786376953,66.5999984741211,66.5999984741211,403700
2015-07-10,67.16000366210938,67.4800033569336,66.30999755859375,66.47000122070312,66.47000122070312,341600
2015-07-13,67.11000061035156,67.9800033569336,66.5999984741211,67.93000030517578,67.93000030517578,294500
2015-07-14,67.94000244140625,68.66000366210938,67.5999984741211,68.4000015258789,68.4000015258789,313000
2015-07-15,68.12999725341797,68.43000030517578,66.88999938964844,66.9800033569336,66.9800033569336,265600
2015-07-16,67.3499984741211,68.19999694824219,67.33999633789062,67.95999908447266,67.95999908447266,349200
2015-07-17,67.73999786376953,68.16999816894531,66.87000274658203,67.12000274658203,67.12000274658203,412200
2015-07-20,67.05000305175781,67.5199966430664,66.81999969482422,66.94999694824219,66.94999694824219,284200
2015-07-21,66.75,66.83999633789062,65.79000091552734,66.0,66.0,470500
2015-07-22,65.75,66.44000244140625,65.47000122070312,65.76000213623047,65.76000213623047,669200
2015-07-23,63.5,64.0,61.279998779296875,62.29999923706055,62.29999923706055,2401100
2015-07-24,61.25,62.5,61.16999816894531,61.31999969482422,61.31999969482422,1154800
2015-07-27,60.77000045776367,60.77000045776367,59.33000183105469,59.439998626708984,59.439998626708984,851900
2015-07-28,59.83000183105469,60.11000061035156,59.16999816894531,59.540000915527344,59.540000915527344,2311500
2015-07-29,59.72999954223633,60.4900016784668,59.33000183105469,60.36000061035156,60.36000061035156,1657400
2015-07-30,60.29999923706055,60.689998626708984,59.77000045776367,60.29999923706055,60.29999923706055,919600
2015-07-31,60.29999923706055,61.54999923706055,60.150001525878906,61.36000061035156,61.36000061035156,710600
2015-08-03,61.33000183105469,61.33000183105469,59.86000061035156,59.9900016784668,59.9900016784668,760100
2015-08-04,60.11000061035156,60.560001373291016,58.540000915527344,58.70000076293945,58.70000076293945,462300
2015-08-05,58.869998931884766,59.65999984741211,58.34000015258789,58.630001068115234,58.630001068115234,699900
2015-08-06,58.70000076293945,58.90999984741211,57.91999816894531,58.20000076293945,58.20000076293945,630100
2015-08-07,58.130001068115234,58.66999816894531,56.66999816894531,56.880001068115234,56.880001068115234,591100
2015-08-10,57.34000015258789,58.06999969482422,57.08000183105469,58.02000045776367,58.02000045776367,834700
2015-08-11,57.439998626708984,57.63999938964844,56.84000015258789,57.2599983215332,57.2599983215332,311100
2015-08-12,56.79999923706055,57.459999084472656,56.630001068115234,57.40999984741211,57.40999984741211,512600
2015-08-13,57.18000030517578,57.18000030517578,55.88999938964844,56.33000183105469,56.33000183105469,432900
2015-08-14,56.31999969482422,57.04999923706055,56.2599983215332,56.79999923706055,56.79999923706055,371000
2015-08-17,56.56999969482422,57.029998779296875,56.02000045776367,56.9900016784668,56.9900016784668,602000
2015-08-18,56.7599983215332,57.099998474121094,56.5,56.95000076293945,56.95000076293945,448500
2015-08-19,56.5099983215332,56.689998626708984,55.59000015258789,55.91999816894531,55.91999816894531,364300
2015-08-20,55.529998779296875,55.86000061035156,54.630001068115234,54.65999984741211,54.65999984741211,443600
2015-08-21,53.970001220703125,54.20000076293945,52.90999984741211,53.04999923706055,53.04999923706055,853400
2015-08-24,51.130001068115234,54.0099983215332,50.91999816894531,51.91999816894531,51.91999816894531,1789900
2015-08-25,53.29999923706055,53.29999923706055,51.22999954223633,51.2400016784668,51.2400016784668,540600
2015-08-26,52.5,52.5,51.34000015258789,52.0099983215332,52.0099983215332,765000
2015-08-27,52.83000183105469,54.84000015258789,52.66999816894531,54.810001373291016,54.810001373291016,967600
2015-08-28,54.66999816894531,55.7599983215332,54.66999816894531,55.349998474121094,55.349998474121094,570200
2015-08-31,54.849998474121094,56.2400016784668,54.63999938964844,55.970001220703125,55.970001220703125,726000
2015-09-01,54.790000915527344,55.29999923706055,53.86000061035156,54.040000915527344,54.040000915527344,675900
2015-09-02,54.459999084472656,55.0,53.83000183105469,54.209999084472656,54.209999084472656,442300
2015-09-03,54.54999923706055,55.290000915527344,53.900001525878906,54.31999969482422,54.31999969482422,477100
2015-09-04,53.790000915527344,53.84000015258789,53.15999984741211,53.16999816894531,53.16999816894531,375000
2015-09-08,54.02000045776367,54.68000030517578,53.709999084472656,54.369998931884766,54.369998931884766,244600
2015-09-09,54.90999984741211,55.349998474121094,53.75,53.880001068115234,53.880001068115234,292200
2015-09-10,53.7599983215332,54.34000015258789,53.4900016784668,53.939998626708984,53.939998626708984,352400
2015-09-11,53.72999954223633,54.22999954223633,52.86000061035156,53.709999084472656,53.709999084472656,290400
2015-09-14,53.75,53.900001525878906,52.290000915527344,52.5099983215332,52.5099983215332,460200
2015-09-15,52.75,53.65999984741211,52.54999923706055,53.56999969482422,53.56999969482422,407700
2015-09-16,53.65999984741211,55.040000915527344,53.540000915527344,54.939998626708984,54.939998626708984,392800
2015-09-17,54.77000045776367,55.349998474121094,53.630001068115234,53.77000045776367,53.77000045776367,469200
2015-09-18,52.900001525878906,53.150001525878906,52.04999923706055,52.40999984741211,52.40999984741211,747200
2015-09-21,52.720001220703125,53.189998626708984,52.0099983215332,52.09000015258789,52.09000015258789,454800
2015-09-22,51.34000015258789,51.459999084472656,50.689998626708984,50.970001220703125,50.970001220703125,558300
2015-09-23,51.11000061035156,51.2400016784668,49.900001525878906,49.97999954223633,49.97999954223633,351900
2015-09-24,49.4900016784668,49.75,49.02000045776367,49.400001525878906,49.400001525878906,677900
2015-09-25,49.900001525878906,50.04999923706055,49.2400016784668,49.459999084472656,49.459999084472656,1098500
2015-09-28,49.27000045776367,50.4900016784668,47.27000045776367,47.380001068115234,47.380001068115234,804900
2015-09-29,47.08000183105469,47.459999084472656,46.400001525878906,46.4900016784668,46.4900016784668,1710800
2015-09-30,47.0,47.09000015258789,45.470001220703125,46.470001220703125,46.470001220703125,662300
2015-10-01,46.5,47.02000045776367,45.810001373291016,46.02000045776367,46.02000045776367,457300
2015-10-02,45.56999969482422,47.150001525878906,45.20000076293945,47.11000061035156,47.11000061035156,359100
2015-10-05,47.189998626708984,48.709999084472656,47.04999923706055,48.189998626708984,48.189998626708984,561400
2015-10-06,48.220001220703125,49.86000061035156,48.18000030517578,49.560001373291016,49.560001373291016,572800
2015-10-07,49.849998474121094,51.83000183105469,49.68000030517578,50.81999969482422,50.81999969482422,671100
2015-10-08,50.83000183105469,52.11000061035156,50.560001373291016,51.86000061035156,51.86000061035156,638600
2015-10-09,51.630001068115234,52.2599983215332,50.630001068115234,50.720001220703125,50.720001220703125,409100
2015-10-12,50.65999984741211,50.65999984741211,48.88999938964844,49.0099983215332,49.0099983215332,367700
2015-10-13,48.529998779296875,49.22999954223633,48.18000030517578,48.2599983215332,48.2599983215332,346200
2015-10-14,48.25,48.61000061035156,47.880001068115234,48.119998931884766,48.119998931884766,545800
2015-10-15,48.25,48.45000076293945,46.72999954223633,48.119998931884766,48.119998931884766,589500
2015-10-16,47.630001068115234,47.81999969482422,46.18000030517578,46.75,46.75,562500
2015-10-19,46.400001525878906,46.5,45.0,45.119998931884766,45.119998931884766,849800
2015-10-20,44.83000183105469,46.63999938964844,44.63999938964844,45.11000061035156,45.11000061035156,1717000
2015-10-21,45.060001373291016,45.560001373291016,44.31999969482422,44.65999984741211,44.65999984741211,895600
2015-10-22,45.75,50.25,44.83000183105469,49.20000076293945,49.20000076293945,1451300
2015-10-23,49.52000045776367,49.93000030517578,48.56999969482422,48.869998931884766,48.869998931884766,867700
2015-10-26,48.59000015258789,49.11000061035156,47.5,47.7599983215332,47.7599983215332,665700
2015-10-27,47.529998779296875,47.529998779296875,45.90999984741211,46.04999923706055,46.04999923706055,976800
2015-10-28,46.150001525878906,48.209999084472656,46.150001525878906,48.0099983215332,48.0099983215332,773900
2015-10-29,48.0,49.779998779296875,47.56999969482422,49.4900016784668,49.4900016784668,943600
2015-10-30,49.5,50.09000015258789,48.849998474121094,48.93000030517578,48.93000030517578,699200
2015-11-02,49.04999923706055,50.83000183105469,48.88999938964844,50.63999938964844,50.63999938964844,540400
2015-11-03,50.56999969482422,51.279998779296875,50.11000061035156,50.630001068115234,50.630001068115234,409600
2015-11-04,50.880001068115234,51.25,50.13999938964844,50.33000183105469,50.33000183105469,354800
2015-11-05,50.36000061035156,50.70000076293945,49.439998626708984,50.40999984741211,50.40999984741211,263800
2015-11-06,50.5099983215332,50.7599983215332,49.70000076293945,50.7400016784668,50.7400016784668,260800
2015-11-09,50.38999938964844,50.400001525878906,48.25,48.95000076293945,48.95000076293945,439600
2015-11-10,48.869998931884766,49.279998779296875,48.290000915527344,49.18000030517578,49.18000030517578,269700
2015-11-11,49.279998779296875,49.279998779296875,48.08000183105469,48.2400016784668,48.2400016784668,374000
2015-11-12,48.04999923706055,48.16999816894531,46.5099983215332,46.75,46.75,739600
2015-11-13,46.75,47.810001373291016,46.599998474121094,46.97999954223633,46.97999954223633,441400
2015-11-16,46.95000076293945,47.58000183105469,46.099998474121094,46.880001068115234,46.880001068115234,615900
2015-11-17,47.060001373291016,47.369998931884766,45.56999969482422,45.83000183105469,45.83000183105469,817800
2015-11-18,46.06999969482422,46.58000183105469,45.70000076293945,46.29999923706055,46.29999923706055,509600
2015-11-19,46.220001220703125,46.88999938964844,45.9900016784668,46.79999923706055,46.79999923706055,329700
2015-11-20,46.97999954223633,47.70000076293945,46.97999954223633,47.31999969482422,47.31999969482422,718900
2015-11-23,47.41999816894531,47.61000061035156,46.529998779296875,46.869998931884766,46.869998931884766,238700
2015-11-24,46.709999084472656,47.41999816894531,46.400001525878906,46.529998779296875,46.529998779296875,454200
2015-11-25,46.54999923706055,47.119998931884766,46.33000183105469,47.060001373291016,47.060001373291016,334100
2015-11-27,47.09000015258789,48.06999969482422,46.91999816894531,47.41999816894531,47.41999816894531,192100
2015-11-30,47.619998931884766,48.209999084472656,47.11000061035156,48.04999923706055,48.04999923706055,465200
2015-12-01,48.47999954223633,49.220001220703125,48.02000045776367,49.0,49.0,916700
2015-12-02,48.81999969482422,49.22999954223633,48.34000015258789,48.599998474121094,48.599998474121094,671900
2015-12-03,48.77000045776367,48.81999969482422,47.5,48.0,48.0,587900
2015-12-04,48.0,48.2400016784668,46.97999954223633,46.9900016784668,46.9900016784668,500000
2015-12-07,46.77000045776367,46.9900016784668,45.209999084472656,45.2400016784668,45.2400016784668,653700
2015-12-08,44.75,44.75,43.04999923706055,43.29999923706055,43.29999923706055,702600
2015-12-09,43.2400016784668,44.09000015258789,42.88999938964844,43.29999923706055,43.29999923706055,572800
2015-12-10,43.08000183105469,43.90999984741211,43.08000183105469,43.310001373291016,43.310001373291016,402100
2015-12-11,42.81999969482422,43.15999984741211,42.220001220703125,42.2599983215332,42.2599983215332,634300
2015-12-14,42.290000915527344,42.459999084472656,41.099998474121094,41.220001220703125,41.220001220703125,1410200
2015-12-15,41.63999938964844,44.0,41.2400016784668,42.900001525878906,42.900001525878906,1675200
2015-12-16,42.54999923706055,42.88999938964844,40.720001220703125,41.59000015258789,41.59000015258789,1668500
2015-12-17,41.54999923706055,41.790000915527344,39.689998626708984,40.040000915527344,40.040000915527344,1317000
2015-12-18,39.70000076293945,41.06999969482422,39.619998931884766,40.86000061035156,40.86000061035156,1123000
2015-12-21,41.06999969482422,41.79999923706055,40.900001525878906,41.029998779296875,41.029998779296875,516600
2015-12-22,41.16999816894531,42.90999984741211,41.150001525878906,42.630001068115234,42.630001068115234,538600
2015-12-23,43.029998779296875,44.09000015258789,43.0,44.08000183105469,44.08000183105469,426700
2015-12-24,44.08000183105469,44.66999816894531,44.08000183105469,44.33000183105469,44.33000183105469,164400
2015-12-28,44.0099983215332,44.2400016784668,42.86000061035156,42.95000076293945,42.95000076293945,323200
2015-12-29,43.400001525878906,43.90999984741211,42.880001068115234,43.84000015258789,43.84000015258789,249600
2015-12-30,43.66999816894531,44.369998931884766,43.560001373291016,44.31999969482422,44.31999969482422,526500
2015-12-31,44.20000076293945,44.41999816894531,43.68000030517578,43.68000030517578,43.68000030517578,520500
2016-01-04,43.09000015258789,44.13999938964844,42.849998474121094,44.09000015258789,44.09000015258789,582900
2016-01-05,44.25,44.38999938964844,43.27000045776367,43.869998931884766,43.869998931884766,467900
2016-01-06,43.22999954223633,43.900001525878906,42.439998626708984,43.36000061035156,43.36000061035156,1208100
2016-01-07,42.400001525878906,42.88999938964844,41.869998931884766,42.150001525878906,42.150001525878906,1005600
2016-01-08,42.45000076293945,42.84000015258789,40.720001220703125,40.77000045776367,40.77000045776367,539200
2016-01-11,40.75,40.97999954223633,39.15999984741211,39.619998931884766,39.619998931884766,837200
2016-01-12,40.06999969482422,40.290000915527344,38.29999923706055,39.2400016784668,39.2400016784668,1592100
2016-01-13,39.61000061035156,40.63999938964844,38.79999923706055,38.90999984741211,38.90999984741211,1080300
2016-01-14,38.93000030517578,39.06999969482422,37.47999954223633,38.68000030517578,38.68000030517578,683400
2016-01-15,37.5099983215332,38.0,36.77000045776367,37.91999816894531,37.91999816894531,348000
2016-01-19,38.25,38.63999938964844,35.83000183105469,36.31999969482422,36.31999969482422,686900
2016-01-20,35.5,36.2599983215332,34.0,36.04999923706055,36.04999923706055,1232800
2016-01-21,36.119998931884766,37.06999969482422,35.43000030517578,36.279998779296875,36.279998779296875,949400
2016-01-22,37.150001525878906,37.349998474121094,36.099998474121094,37.02000045776367,37.02000045776367,990300
2016-01-25,36.93000030517578,37.09000015258789,36.150001525878906,36.4900016784668,36.4900016784668,1125000
2016-01-26,36.86000061035156,37.5099983215332,36.220001220703125,37.380001068115234,37.380001068115234,804400
2016-01-27,37.29999923706055,37.63999938964844,36.470001220703125,36.900001525878906,36.900001525878906,1059500
2016-01-28,38.31999969482422,39.689998626708984,37.2599983215332,38.040000915527344,38.040000915527344,1762500
2016-01-29,37.90999984741211,40.380001068115234,37.119998931884766,40.380001068115234,40.380001068115234,1805500
2016-02-01,40.15999984741211,40.349998474121094,37.84000015258789,39.88999938964844,39.88999938964844,957000
2016-02-02,39.20000076293945,39.22999954223633,38.16999816894531,38.400001525878906,38.400001525878906,830700
2016-02-03,38.970001220703125,39.459999084472656,38.099998474121094,39.25,39.25,828100
2016-02-04,39.5099983215332,43.04999923706055,39.25,42.0,42.0,1353900
2016-02-05,41.79999923706055,43.369998931884766,41.709999084472656,42.20000076293945,42.20000076293945,1017700
2016-02-08,41.650001525878906,41.72999954223633,40.650001525878906,41.5,41.5,476600
2016-02-09,41.18000030517578,42.58000183105469,40.790000915527344,41.47999954223633,41.47999954223633,614100
2016-02-10,41.779998779296875,42.0099983215332,40.470001220703125,40.560001373291016,40.560001373291016,459100
2016-02-11,39.900001525878906,40.7599983215332,39.029998779296875,40.08000183105469,40.08000183105469,331000
2016-02-12,40.650001525878906,42.13999938964844,40.220001220703125,41.40999984741211,41.40999984741211,264500
2016-02-16,42.15999984741211,42.849998474121094,41.29999923706055,42.439998626708984,42.439998626708984,734100
2016-02-17,42.810001373291016,43.689998626708984,42.790000915527344,43.25,43.25,564500
2016-02-18,43.41999816894531,43.61000061035156,42.79999923706055,43.31999969482422,43.31999969482422,586400
2016-02-19,42.880001068115234,43.45000076293945,41.72999954223633,42.79999923706055,42.79999923706055,275100
2016-02-22,43.439998626708984,44.40999984741211,43.41999816894531,43.880001068115234,43.880001068115234,565900
2016-02-23,43.7599983215332,44.040000915527344,43.25,43.72999954223633,43.72999954223633,512200
2016-02-24,43.349998474121094,43.560001373291016,42.380001068115234,43.459999084472656,43.459999084472656,401700
2016-02-25,43.560001373291016,43.66999816894531,42.560001373291016,43.439998626708984,43.439998626708984,399800
2016-02-26,43.810001373291016,44.52000045776367,43.43000030517578,44.279998779296875,44.279998779296875,444800
2016-02-29,44.38999938964844,44.7400016784668,43.90999984741211,44.04999923706055,44.04999923706055,491400
2016-03-01,44.45000076293945,44.77000045776367,43.40999984741211,44.56999969482422,44.56999969482422,541900
2016-03-02,44.540000915527344,46.41999816894531,44.13999938964844,46.400001525878906,46.400001525878906,937900
2016-03-03,46.5099983215332,47.869998931884766,46.439998626708984,47.20000076293945,47.20000076293945,939000
2016-03-04,47.209999084472656,48.25,46.36000061035156,47.88999938964844,47.88999938964844,747300
2016-03-07,47.779998779296875,50.06999969482422,47.22999954223633,50.02000045776367,50.02000045776367,976600
2016-03-08,49.52000045776367,49.7599983215332,47.77000045776367,48.31999969482422,48.31999969482422,731500
2016-03-09,48.4900016784668,48.95000076293945,47.630001068115234,48.2599983215332,48.2599983215332,498900
2016-03-10,48.400001525878906,49.52000045776367,47.52000045776367,49.43000030517578,49.43000030517578,1190100
2016-03-11,49.849998474121094,50.540000915527344,49.439998626708984,49.630001068115234,49.630001068115234,776000
2016-03-14,49.33000183105469,51.29999923706055,49.119998931884766,51.060001373291016,51.060001373291016,941000
2016-03-15,50.38999938964844,51.09000015258789,49.88999938964844,50.439998626708984,50.439998626708984,1491100
2016-03-16,50.36000061035156,52.63999938964844,49.83000183105469,52.40999984741211,52.40999984741211,1156000
2016-03-17,52.380001068115234,54.880001068115234,52.380001068115234,54.29999923706055,54.29999923706055,1193800
2016-03-18,54.540000915527344,55.439998626708984,53.2599983215332,53.91999816894531,53.91999816894531,993600
2016-03-21,53.86000061035156,54.38999938964844,53.27000045776367,54.15999984741211,54.15999984741211,515800
2016-03-22,53.939998626708984,55.20000076293945,53.79999923706055,54.40999984741211,54.40999984741211,645800
2016-03-23,54.40999984741211,54.40999984741211,53.22999954223633,53.27000045776367,53.27000045776367,405900
2016-03-24,53.0,53.86000061035156,52.52000045776367,53.86000061035156,53.86000061035156,421700
2016-03-28,53.86000061035156,53.86000061035156,52.0099983215332,53.04999923706055,53.04999923706055,665400
2016-03-29,52.81999969482422,54.88999938964844,52.25,54.7400016784668,54.7400016784668,498600
2016-03-30,54.97999954223633,55.91999816894531,54.2599983215332,54.72999954223633,54.72999954223633,548300
2016-03-31,54.72999954223633,55.220001220703125,54.02000045776367,54.66999816894531,54.66999816894531,544100
2016-04-01,53.880001068115234,55.38999938964844,53.040000915527344,55.040000915527344,55.040000915527344,475700
2016-04-04,55.06999969482422,55.29999923706055,53.40999984741211,53.65999984741211,53.65999984741211,540400
2016-04-05,53.349998474121094,53.529998779296875,52.849998474121094,52.900001525878906,52.900001525878906,425400
2016-04-06,52.77000045776367,54.09000015258789,51.9900016784668,53.68000030517578,53.68000030517578,396900
2016-04-07,53.59000015258789,54.060001373291016,52.5099983215332,52.9900016784668,52.9900016784668,453500
2016-04-08,53.43000030517578,55.08000183105469,53.2599983215332,53.540000915527344,53.540000915527344,365300
2016-04-11,53.97999954223633,54.75,53.70000076293945,53.86000061035156,53.86000061035156,256000
2016-04-12,53.4900016784668,54.380001068115234,53.2599983215332,53.939998626708984,53.939998626708984,698400
2016-04-13,54.439998626708984,56.400001525878906,54.060001373291016,55.77000045776367,55.77000045776367,451900
2016-04-14,55.939998626708984,56.15999984741211,54.779998779296875,55.2400016784668,55.2400016784668,619100
2016-04-15,55.220001220703125,55.84000015258789,54.849998474121094,55.40999984741211,55.40999984741211,1147000
2016-04-18,55.5099983215332,57.0,54.93000030517578,56.31999969482422,56.31999969482422,478300
2016-04-19,56.619998931884766,57.56999969482422,56.22999954223633,56.25,56.25,545200
2016-04-20,56.290000915527344,57.27000045776367,55.7599983215332,57.09000015258789,57.09000015258789,440600
2016-04-21,57.15999984741211,57.880001068115234,56.66999816894531,56.9900016784668,56.9900016784668,328400
2016-04-22,56.849998474121094,57.650001525878906,56.689998626708984,57.540000915527344,57.540000915527344,537600
2016-04-25,57.459999084472656,57.540000915527344,55.75,56.290000915527344,56.290000915527344,394600
2016-04-26,56.529998779296875,58.22999954223633,56.529998779296875,57.90999984741211,57.90999984741211,430400
2016-04-27,57.65999984741211,58.939998626708984,57.56999969482422,58.349998474121094,58.349998474121094,661300
2016-04-28,58.0,59.54999923706055,56.709999084472656,56.709999084472656,56.709999084472656,1920500
2016-04-29,57.0,58.79999923706055,56.91999816894531,58.790000915527344,58.790000915527344,934700
2016-05-02,58.849998474121094,59.540000915527344,57.29999923706055,59.540000915527344,59.540000915527344,791600
2016-05-03,56.86000061035156,58.25,56.58000183105469,57.630001068115234,57.630001068115234,680300
2016-05-04,57.31999969482422,57.54999923706055,55.470001220703125,56.060001373291016,56.060001373291016,815800
2016-05-05,56.61000061035156,57.16999816894531,55.900001525878906,56.54999923706055,56.54999923706055,2450600
2016-05-06,56.439998626708984,57.630001068115234,56.439998626708984,57.56999969482422,57.56999969482422,1268900
2016-05-09,56.93000030517578,57.7400016784668,55.81999969482422,55.880001068115234,55.880001068115234,432500
2016-05-10,56.209999084472656,56.81999969482422,55.439998626708984,56.189998626708984,56.189998626708984,478700
2016-05-11,56.209999084472656,56.459999084472656,54.779998779296875,55.56999969482422,55.56999969482422,537500
2016-05-12,55.56999969482422,56.79999923706055,54.7599983215332,55.08000183105469,55.08000183105469,497600
2016-05-13,55.13999938964844,55.810001373291016,53.54999923706055,53.83000183105469,53.83000183105469,530500
2016-05-16,54.22999954223633,56.060001373291016,54.22999954223633,55.0099983215332,55.0099983215332,669000
2016-05-17,55.0,56.689998626708984,54.95000076293945,55.75,55.75,958700
2016-05-18,55.13999938964844,56.09000015258789,54.66999816894531,55.0099983215332,55.0099983215332,367400
2016-05-19,54.189998626708984,55.119998931884766,53.150001525878906,54.7400016784668,54.7400016784668,753800
2016-05-20,55.040000915527344,56.08000183105469,55.040000915527344,55.599998474121094,55.599998474121094,347600
2016-05-23,55.5,56.220001220703125,54.959999084472656,56.16999816894531,56.16999816894531,369600
2016-05-24,56.47999954223633,56.84000015258789,55.97999954223633,56.54999923706055,56.54999923706055,325300
2016-05-25,56.880001068115234,58.380001068115234,56.54999923706055,58.220001220703125,58.220001220703125,376500
2016-05-26,58.650001525878906,58.939998626708984,57.880001068115234,57.880001068115234,57.880001068115234,377800
2016-05-27,57.880001068115234,58.2599983215332,57.099998474121094,57.83000183105469,57.83000183105469,400000
2016-05-31,57.900001525878906,58.84000015258789,57.900001525878906,58.33000183105469,58.33000183105469,425400
2016-06-01,58.02000045776367,59.40999984741211,57.029998779296875,59.400001525878906,59.400001525878906,533400
2016-06-02,59.08000183105469,60.029998779296875,58.849998474121094,60.0,60.0,464200
2016-06-03,59.9900016784668,59.9900016784668,58.83000183105469,59.38999938964844,59.38999938964844,398300
2016-06-06,59.619998931884766,60.65999984741211,58.970001220703125,60.630001068115234,60.630001068115234,605400
2016-06-07,60.189998626708984,61.86000061035156,59.869998931884766,61.470001220703125,61.470001220703125,1177500
2016-06-08,61.68000030517578,62.65999984741211,61.20000076293945,61.59000015258789,61.59000015258789,313400
2016-06-09,60.83000183105469,60.83000183105469,59.0,59.959999084472656,59.959999084472656,397800
2016-06-10,59.369998931884766,59.369998931884766,57.220001220703125,57.880001068115234,57.880001068115234,476300
2016-06-13,56.88999938964844,57.68000030517578,56.5099983215332,56.5099983215332,56.5099983215332,573600
2016-06-14,56.18000030517578,57.040000915527344,55.029998779296875,56.04999923706055,56.04999923706055,546800
2016-06-15,56.33000183105469,56.849998474121094,55.65999984741211,55.84000015258789,55.84000015258789,426300
2016-06-16,55.279998779296875,55.56999969482422,53.779998779296875,55.369998931884766,55.369998931884766,543500
2016-06-17,55.869998931884766,57.52000045776367,55.630001068115234,56.66999816894531,56.66999816894531,563000
2016-06-20,57.56999969482422,58.29999923706055,57.349998474121094,57.459999084472656,57.459999084472656,772500
2016-06-21,57.45000076293945,57.45000076293945,55.779998779296875,56.5099983215332,56.5099983215332,370500
2016-06-22,56.7599983215332,57.70000076293945,56.31999969482422,56.61000061035156,56.61000061035156,319200
2016-06-23,57.18000030517578,58.33000183105469,57.18000030517578,57.97999954223633,57.97999954223633,383900
2016-06-24,55.619998931884766,55.650001525878906,53.7400016784668,54.5,54.5,855700
2016-06-27,53.81999969482422,53.81999969482422,50.939998626708984,51.16999816894531,51.16999816894531,538400
2016-06-28,52.0,52.380001068115234,50.63999938964844,51.150001525878906,51.150001525878906,1647400
2016-06-29,51.790000915527344,52.279998779296875,50.93000030517578,51.380001068115234,51.380001068115234,1474200
2016-06-30,51.630001068115234,52.189998626708984,50.83000183105469,51.4900016784668,51.4900016784668,1071400
2016-07-01,51.22999954223633,52.869998931884766,51.22999954223633,52.650001525878906,52.650001525878906,1116400
2016-07-05,52.15999984741211,52.18000030517578,50.65999984741211,51.11000061035156,51.11000061035156,747800
2016-07-06,49.7599983215332,51.13999938964844,49.66999816894531,50.849998474121094,50.849998474121094,1082300
2016-07-07,51.099998474121094,52.040000915527344,50.79999923706055,51.029998779296875,51.029998779296875,508800
2016-07-08,51.75,53.56999969482422,51.75,53.459999084472656,53.459999084472656,813000
2016-07-11,53.86000061035156,54.540000915527344,53.4900016784668,54.060001373291016,54.060001373291016,632100
2016-07-12,54.540000915527344,54.81999969482422,53.77000045776367,54.36000061035156,54.36000061035156,1030900
2016-07-13,54.400001525878906,54.66999816894531,53.43000030517578,53.63999938964844,53.63999938964844,1053600
2016-07-14,54.15999984741211,54.79999923706055,53.88999938964844,54.5099983215332,54.5099983215332,2252200
2016-07-15,54.689998626708984,55.2400016784668,54.11000061035156,54.959999084472656,54.959999084472656,1321900
2016-07-18,54.810001373291016,54.84000015258789,54.20000076293945,54.5099983215332,54.5099983215332,393600
2016-07-19,53.279998779296875,54.0,52.810001373291016,53.34000015258789,53.34000015258789,1497300
2016-07-20,53.310001373291016,53.939998626708984,52.77000045776367,53.38999938964844,53.38999938964844,815300
2016-07-21,53.400001525878906,54.099998474121094,53.09000015258789,53.2599983215332,53.2599983215332,571700
2016-07-22,53.119998931884766,53.61000061035156,52.5099983215332,53.47999954223633,53.47999954223633,516400
2016-07-25,52.2400016784668,53.81999969482422,52.2400016784668,53.40999984741211,53.40999984741211,563700
2016-07-26,53.5,54.470001220703125,53.33000183105469,54.43000030517578,54.43000030517578,574900
2016-07-27,54.529998779296875,54.880001068115234,53.459999084472656,54.029998779296875,54.029998779296875,617100
2016-07-28,54.029998779296875,58.33000183105469,54.029998779296875,57.84000015258789,57.84000015258789,1932200
2016-07-29,57.45000076293945,57.9900016784668,55.56999969482422,55.7400016784668,55.7400016784668,1148900
2016-08-01,56.77000045776367,57.130001068115234,55.90999984741211,56.16999816894531,56.16999816894531,958300
2016-08-02,56.34000015258789,56.47999954223633,54.61000061035156,54.619998931884766,54.619998931884766,542300
2016-08-03,54.540000915527344,55.25,54.08000183105469,54.7400016784668,54.7400016784668,408000
2016-08-04,53.650001525878906,55.310001373291016,52.939998626708984,54.869998931884766,54.869998931884766,337600
2016-08-05,55.2599983215332,56.61000061035156,55.2599983215332,56.209999084472656,56.209999084472656,351300
2016-08-08,56.45000076293945,56.810001373291016,55.939998626708984,56.400001525878906,56.400001525878906,495100
2016-08-09,56.31999969482422,56.70000076293945,55.68000030517578,56.029998779296875,56.029998779296875,326400
2016-08-10,56.25,56.439998626708984,55.880001068115234,55.91999816894531,55.91999816894531,245200
2016-08-11,56.16999816894531,56.959999084472656,56.16999816894531,56.849998474121094,56.849998474121094,429100
2016-08-12,56.650001525878906,57.56999969482422,56.31999969482422,57.060001373291016,57.060001373291016,4107900
2016-08-15,57.38999938964844,59.2400016784668,57.38999938964844,59.040000915527344,59.040000915527344,1343400
2016-08-16,58.93000030517578,59.38999938964844,58.369998931884766,58.95000076293945,58.95000076293945,643200
2016-08-17,58.689998626708984,59.869998931884766,58.2599983215332,58.88999938964844,58.88999938964844,849300
2016-08-18,58.709999084472656,59.2599983215332,58.5099983215332,59.130001068115234,59.130001068115234,777600
2016-08-19,58.209999084472656,59.33000183105469,58.04999923706055,59.060001373291016,59.060001373291016,713800
2016-08-22,58.79999923706055,59.72999954223633,58.380001068115234,59.59000015258789,59.59000015258789,711800
2016-08-23,60.0,60.4900016784668,59.560001373291016,60.290000915527344,60.290000915527344,629600
2016-08-24,61.52000045776367,62.06999969482422,61.0,61.40999984741211,61.40999984741211,849400
2016-08-25,61.029998779296875,61.869998931884766,60.84000015258789,61.65999984741211,61.65999984741211,669700
2016-08-26,62.0,62.599998474121094,61.650001525878906,62.40999984741211,62.40999984741211,808400
2016-08-29,62.27000045776367,62.779998779296875,62.029998779296875,62.66999816894531,62.66999816894531,788300
2016-08-30,62.459999084472656,63.29999923706055,62.400001525878906,63.25,63.25,599400
2016-08-31,63.04999923706055,63.34000015258789,61.540000915527344,62.15999984741211,62.15999984741211,998900
2016-09-01,62.369998931884766,62.869998931884766,60.77000045776367,62.33000183105469,62.33000183105469,855200
2016-09-02,62.63999938964844,63.5099983215332,62.5099983215332,63.33000183105469,63.33000183105469,595800
2016-09-06,63.4900016784668,63.900001525878906,62.58000183105469,62.93000030517578,62.93000030517578,1347800
2016-09-07,60.59000015258789,61.939998626708984,60.0,61.0,61.0,1301000
2016-09-08,61.02000045776367,61.52000045776367,60.709999084472656,61.130001068115234,61.130001068115234,738400
2016-09-09,60.529998779296875,61.0099983215332,57.779998779296875,57.86000061035156,57.86000061035156,1066600
2016-09-12,57.400001525878906,58.7400016784668,56.77000045776367,58.439998626708984,58.439998626708984,666700
2016-09-13,57.7599983215332,58.22999954223633,56.97999954223633,57.34000015258789,57.34000015258789,374000
2016-09-14,57.279998779296875,58.04999923706055,57.06999969482422,57.400001525878906,57.400001525878906,355500
2016-09-15,57.38999938964844,58.09000015258789,57.150001525878906,57.900001525878906,57.900001525878906,546200
2016-09-16,57.29999923706055,57.40999984741211,56.66999816894531,57.209999084472656,57.209999084472656,301000
2016-09-19,58.36000061035156,58.95000076293945,57.560001373291016,57.86000061035156,57.86000061035156,331200
2016-09-20,58.06999969482422,58.45000076293945,57.369998931884766,57.369998931884766,57.369998931884766,434900
2016-09-21,58.02000045776367,59.16999816894531,57.97999954223633,59.0,59.0,468800
2016-09-22,59.7400016784668,60.060001373291016,58.79999923706055,59.15999984741211,59.15999984741211,348300
2016-09-23,58.939998626708984,59.470001220703125,57.93000030517578,57.95000076293945,57.95000076293945,434900
2016-09-26,57.810001373291016,58.16999816894531,57.43000030517578,57.790000915527344,57.790000915527344,360000
2016-09-27,57.630001068115234,58.630001068115234,57.45000076293945,58.58000183105469,58.58000183105469,399500
2016-09-28,59.0099983215332,60.130001068115234,58.720001220703125,60.06999969482422,60.06999969482422,401200
2016-09-29,60.08000183105469,61.939998626708984,60.08000183105469,60.849998474121094,60.849998474121094,599200
2016-09-30,61.04999923706055,62.099998474121094,60.810001373291016,61.4900016784668,61.4900016784668,460000
2016-10-03,61.459999084472656,62.459999084472656,60.68000030517578,62.040000915527344,62.040000915527344,659200
2016-10-04,62.15999984741211,62.630001068115234,61.33000183105469,61.43000030517578,61.43000030517578,503700
2016-10-05,61.630001068115234,62.720001220703125,61.29999923706055,62.2400016784668,62.2400016784668,368800
2016-10-06,62.27000045776367,63.040000915527344,61.720001220703125,62.970001220703125,62.970001220703125,398200
2016-10-07,63.060001373291016,63.16999816894531,61.630001068115234,61.7400016784668,61.7400016784668,479900
2016-10-10,62.27000045776367,62.470001220703125,61.33000183105469,61.59000015258789,61.59000015258789,392900
2016-10-11,61.22999954223633,61.61000061035156,60.150001525878906,60.40999984741211,60.40999984741211,374300
2016-10-12,60.34000015258789,60.97999954223633,60.0099983215332,60.59000015258789,60.59000015258789,401500
2016-10-13,59.720001220703125,60.0,59.0,59.84000015258789,59.84000015258789,252300
2016-10-14,60.349998474121094,60.93000030517578,59.77000045776367,59.959999084472656,59.959999084472656,264800
2016-10-17,59.900001525878906,60.0,59.150001525878906,59.25,59.25,347000
2016-10-18,59.900001525878906,59.900001525878906,57.599998474121094,58.099998474121094,58.099998474121094,440300
2016-10-19,58.20000076293945,58.849998474121094,57.75,58.650001525878906,58.650001525878906,392600
2016-10-20,58.349998474121094,58.849998474121094,58.25,58.400001525878906,58.400001525878906,650700
2016-10-21,58.04999923706055,59.279998779296875,56.849998474121094,58.849998474121094,58.849998474121094,516200
2016-10-24,59.25,59.75,58.97999954223633,59.400001525878906,59.400001525878906,280500
2016-10-25,59.29999923706055,59.400001525878906,58.400001525878906,59.29999923706055,59.29999923706055,535000
2016-10-26,58.95000076293945,60.5,58.79999923706055,60.04999923706055,60.04999923706055,543100
2016-10-27,53.79999923706055,58.20000076293945,53.79999923706055,54.95000076293945,54.95000076293945,1581900
2016-10-28,53.54999923706055,56.5,53.29999923706055,55.150001525878906,55.150001525878906,917800
2016-10-31,55.099998474121094,55.400001525878906,53.849998474121094,54.20000076293945,54.20000076293945,1119700
2016-11-01,56.349998474121094,57.400001525878906,52.75,53.29999923706055,53.29999923706055,706000
2016-11-02,52.900001525878906,53.150001525878906,51.45000076293945,51.70000076293945,51.70000076293945,550400
2016-11-03,52.0,52.70000076293945,51.79999923706055,52.400001525878906,52.400001525878906,388200
2016-11-04,52.400001525878906,54.150001525878906,51.70000076293945,53.25,53.25,399200
2016-11-07,54.29999923706055,54.849998474121094,54.04999923706055,54.5,54.5,409900
2016-11-08,54.349998474121094,55.099998474121094,53.650001525878906,54.75,54.75,567900
2016-11-09,55.25,59.099998474121094,53.849998474121094,57.79999923706055,57.79999923706055,791600
2016-11-10,58.400001525878906,61.650001525878906,57.72999954223633,61.54999923706055,61.54999923706055,1002400
2016-11-11,61.150001525878906,62.599998474121094,60.29999923706055,62.349998474121094,62.349998474121094,527000
2016-11-14,62.599998474121094,64.9000015258789,62.29999923706055,64.25,64.25,1145700
2016-11-15,64.1500015258789,64.5,63.099998474121094,64.4000015258789,64.4000015258789,549400
2016-11-16,64.25,64.9000015258789,64.0,64.0999984741211,64.0999984741211,473200
2016-11-17,64.25,64.44999694824219,63.599998474121094,64.05000305175781,64.05000305175781,696200
2016-11-18,64.0999984741211,64.3499984741211,63.75,63.849998474121094,63.849998474121094,546500
2016-11-21,65.1500015258789,65.44999694824219,64.25,64.6500015258789,64.6500015258789,976900
2016-11-22,64.6500015258789,65.83000183105469,63.79999923706055,65.5999984741211,65.5999984741211,1002500
2016-11-23,65.4000015258789,66.3499984741211,65.1500015258789,66.30000305175781,66.30000305175781,408300
2016-11-25,66.25,66.69999694824219,65.4000015258789,66.55000305175781,66.55000305175781,121200
2016-11-28,66.44999694824219,66.94999694824219,66.0,66.25,66.25,877300
2016-11-29,65.9000015258789,66.25,65.5,65.94999694824219,65.94999694824219,402000
2016-11-30,66.5999984741211,68.48999786376953,66.5999984741211,67.9000015258789,67.9000015258789,1087200
2016-12-01,68.5999984741211,71.94999694824219,68.5999984741211,71.0,71.0,1435100
2016-12-02,71.0,72.4000015258789,70.5999984741211,71.8499984741211,71.8499984741211,738300
2016-12-05,72.5,73.4000015258789,71.1500015258789,71.30000305175781,71.30000305175781,1068100
2016-12-06,70.75,71.5,69.9000015258789,71.0,71.0,830200
2016-12-07,70.94999694824219,72.19999694824219,70.55000305175781,71.94999694824219,71.94999694824219,619600
2016-12-08,72.4000015258789,72.9000015258789,71.30000305175781,72.1500015258789,72.1500015258789,466700
2016-12-09,72.19999694824219,72.44999694824219,70.9000015258789,71.0999984741211,71.0999984741211,473000
2016-12-12,71.19999694824219,71.6500015258789,70.0999984741211,71.1500015258789,71.1500015258789,479100
2016-12-13,71.6500015258789,71.6500015258789,68.5999984741211,70.05000305175781,70.05000305175781,905500
2016-12-14,69.05000305175781,70.0,68.30000305175781,68.69999694824219,68.69999694824219,646300
2016-12-15,68.30000305175781,69.69999694824219,67.5999984741211,69.0999984741211,69.0999984741211,869600
2016-12-16,69.1500015258789,69.8499984741211,68.80000305175781,69.4000015258789,69.4000015258789,1002100
2016-12-19,69.05000305175781,69.5999984741211,68.69999694824219,69.30000305175781,69.30000305175781,335400
2016-12-20,69.80000305175781,71.0999984741211,69.58000183105469,70.0999984741211,70.0999984741211,477800
2016-12-21,69.9000015258789,70.44999694824219,69.62999725341797,69.69999694824219,69.69999694824219,405600
2016-12-22,69.5999984741211,70.0999984741211,68.80000305175781,68.94999694824219,68.94999694824219,283500
2016-12-23,68.9000015258789,69.3499984741211,68.44999694824219,68.55000305175781,68.55000305175781,326600
2016-12-27,69.0999984741211,69.5,68.55000305175781,68.80000305175781,68.80000305175781,241800
2016-12-28,69.0999984741211,69.19999694824219,67.55000305175781,67.80000305175781,67.80000305175781,273200
2016-12-29,67.80000305175781,68.27999877929688,67.1500015258789,67.5,67.5,359400
2016-12-30,67.6500015258789,67.6500015258789,66.05000305175781,66.55000305175781,66.55000305175781,346600
2017-01-03,67.6500015258789,68.69999694824219,66.80000305175781,67.55000305175781,67.55000305175781,484600
2017-01-04,67.55000305175781,68.5,67.05000305175781,68.3499984741211,68.3499984741211,586300
2017-01-05,68.25,69.25,66.8499984741211,67.94999694824219,67.94999694824219,1045500
2017-01-06,68.19999694824219,68.8499984741211,67.5999984741211,67.6500015258789,67.6500015258789,473300
2017-01-09,67.25,67.43000030517578,65.5,66.0999984741211,66.0999984741211,533100
2017-01-10,66.5999984741211,67.1500015258789,66.19999694824219,66.80000305175781,66.80000305175781,702900
2017-01-11,67.30000305175781,70.30000305175781,67.30000305175781,70.19999694824219,70.19999694824219,724800
2017-01-12,70.1500015258789,70.80000305175781,68.5,69.8499984741211,69.8499984741211,529000
2017-01-13,69.94999694824219,71.0,69.5,69.9000015258789,69.9000015258789,405800
2017-01-17,69.9000015258789,70.0999984741211,68.6500015258789,68.8499984741211,68.8499984741211,439500
2017-01-18,68.75,70.0,67.30000305175781,69.80000305175781,69.80000305175781,619900
2017-01-19,70.0999984741211,70.55000305175781,69.25,69.6500015258789,69.6500015258789,376900
2017-01-20,70.05000305175781,70.9000015258789,69.86000061035156,70.3499984741211,70.3499984741211,720700
2017-01-23,70.1500015258789,70.5999984741211,69.69999694824219,70.5,70.5,528800
2017-01-24,71.1500015258789,72.97000122070312,71.0999984741211,72.55000305175781,72.55000305175781,608800
2017-01-25,72.9000015258789,75.0,72.9000015258789,74.44999694824219,74.44999694824219,1137200
2017-01-26,73.55000305175781,76.1500015258789,71.6500015258789,74.1500015258789,74.1500015258789,1001700
2017-01-27,74.05000305175781,75.0,73.30000305175781,73.6500015258789,73.6500015258789,644400
2017-01-30,72.9000015258789,73.1500015258789,71.80000305175781,72.5999984741211,72.5999984741211,720600
2017-01-31,72.55000305175781,73.1500015258789,70.6500015258789,70.69999694824219,70.69999694824219,908300
2017-02-01,71.30000305175781,72.30000305175781,69.80000305175781,70.3499984741211,70.3499984741211,724600
2017-02-02,70.19999694824219,70.69999694824219,69.3499984741211,70.44999694824219,70.44999694824219,387600
2017-02-03,71.3499984741211,71.9000015258789,70.55000305175781,71.30000305175781,71.30000305175781,292700
2017-02-06,70.94999694824219,71.55000305175781,70.25,71.3499984741211,71.3499984741211,323600
2017-02-07,71.19999694824219,71.9800033569336,70.0,70.5999984741211,70.5999984741211,390600
2017-02-08,70.1500015258789,70.25,68.80000305175781,69.25,69.25,480600
2017-02-09,69.6500015258789,70.80000305175781,69.05000305175781,70.5999984741211,70.5999984741211,219800
2017-02-10,71.1500015258789,71.6500015258789,70.3499984741211,71.19999694824219,71.19999694824219,242000
2017-02-13,71.5,72.5999984741211,70.75,71.19999694824219,71.19999694824219,426900
2017-02-14,71.25,71.9000015258789,70.1500015258789,71.6500015258789,71.6500015258789,591400
2017-02-15,71.55000305175781,72.19999694824219,71.30000305175781,71.8499984741211,71.8499984741211,365000
2017-02-16,72.0,72.0,70.8499984741211,71.6500015258789,71.6500015258789,409900
2017-02-17,70.8499984741211,72.25,70.55000305175781,72.05000305175781,72.05000305175781,486600
2017-02-21,72.5999984741211,73.30000305175781,72.5,72.9000015258789,72.9000015258789,305800
2017-02-22,72.25,73.0999984741211,72.0999984741211,72.25,72.25,426000
2017-02-23,72.80000305175781,73.19999694824219,69.44999694824219,69.55000305175781,69.55000305175781,586800
2017-02-24,68.25,69.5999984741211,67.4000015258789,69.55000305175781,69.55000305175781,527800
2017-02-27,69.55000305175781,70.8499984741211,69.55000305175781,70.5,70.5,479400
2017-02-28,70.0999984741211,70.5,69.04000091552734,69.5,69.5,514400
2017-03-01,70.80000305175781,73.1500015258789,70.80000305175781,72.30000305175781,72.30000305175781,658400
2017-03-02,71.9000015258789,72.6500015258789,70.3499984741211,70.44999694824219,70.44999694824219,710900
2017-03-03,70.55000305175781,72.1500015258789,70.55000305175781,72.05000305175781,72.05000305175781,516000
2017-03-06,71.3499984741211,72.3499984741211,70.62999725341797,72.30000305175781,72.30000305175781,553900
2017-03-07,71.69999694824219,73.05000305175781,71.6500015258789,71.9000015258789,71.9000015258789,653500
2017-03-08,71.9000015258789,72.5999984741211,70.55000305175781,70.5999984741211,70.5999984741211,885900
2017-03-09,70.55000305175781,70.9000015258789,67.3499984741211,68.1500015258789,68.1500015258789,663200
2017-03-10,68.80000305175781,69.30000305175781,67.80000305175781,68.55000305175781,68.55000305175781,443100
2017-03-13,68.8499984741211,69.0999984741211,68.0999984741211,68.69999694824219,68.69999694824219,281300
2017-03-14,67.8499984741211,67.8499984741211,66.5,67.44999694824219,67.44999694824219,428500
2017-03-15,67.80000305175781,69.25,67.75,69.1500015258789,69.1500015258789,384800
2017-03-16,69.6500015258789,69.6500015258789,68.75,69.25,69.25,289900
2017-03-17,69.44999694824219,69.9000015258789,68.94999694824219,69.80000305175781,69.80000305175781,392000
2017-03-20,69.8499984741211,69.8499984741211,68.62999725341797,69.3499984741211,69.3499984741211,330100
2017-03-21,69.94999694824219,70.1500015258789,68.0999984741211,68.6500015258789,68.6500015258789,1014900
2017-03-22,68.4000015258789,68.8499984741211,67.4000015258789,68.5,68.5,414000
2017-03-23,68.4000015258789,68.9000015258789,67.55000305175781,68.25,68.25,600100
2017-03-24,68.3499984741211,69.0999984741211,67.30000305175781,67.80000305175781,67.80000305175781,240000
2017-03-27,65.94999694824219,67.94999694824219,64.25,67.69999694824219,67.69999694824219,450800
2017-03-28,67.69999694824219,68.80000305175781,67.19999694824219,68.1500015258789,68.1500015258789,453100
2017-03-29,67.94999694824219,69.44999694824219,67.9000015258789,68.6500015258789,68.6500015258789,403600
2017-03-30,70.05000305175781,70.05000305175781,68.4000015258789,68.80000305175781,68.80000305175781,238300
2017-03-31,68.4000015258789,70.05000305175781,68.4000015258789,69.55000305175781,69.55000305175781,388800
2017-04-03,69.55000305175781,70.08000183105469,68.25,69.25,69.25,530300
2017-04-04,69.25,70.05000305175781,68.80000305175781,69.0999984741211,69.0999984741211,415900
2017-04-05,69.80000305175781,70.80000305175781,68.9000015258789,69.0999984741211,69.0999984741211,700200
2017-04-06,69.3499984741211,70.6500015258789,68.69999694824219,70.44999694824219,70.44999694824219,428600
2017-04-07,70.44999694824219,70.94999694824219,69.68000030517578,69.80000305175781,69.80000305175781,408900
2017-04-10,69.9000015258789,70.9000015258789,69.30000305175781,69.75,69.75,347000
2017-04-11,69.75,70.69999694824219,68.75,70.5999984741211,70.5999984741211,249700
2017-04-12,70.19999694824219,70.19999694824219,66.87999725341797,67.4000015258789,67.4000015258789,823000
2017-04-13,66.94999694824219,67.55000305175781,65.27999877929688,65.3499984741211,65.3499984741211,792900
2017-04-17,65.9000015258789,66.80000305175781,65.05000305175781,65.75,65.75,750700
2017-04-18,64.44999694824219,64.9000015258789,63.5,63.849998474121094,63.849998474121094,896900
2017-04-19,65.0,65.5999984741211,64.1500015258789,64.6500015258789,64.6500015258789,743900
2017-04-20,65.5999984741211,65.6500015258789,64.25,65.30000305175781,65.30000305175781,996900
2017-04-21,65.44999694824219,65.55000305175781,64.4000015258789,65.0999984741211,65.0999984741211,537200
2017-04-24,66.0999984741211,66.6500015258789,65.55000305175781,66.0,66.0,782700
2017-04-25,66.55000305175781,67.5999984741211,66.55000305175781,67.4000015258789,67.4000015258789,825500
2017-04-26,66.94999694824219,68.8499984741211,66.94999694824219,68.0,68.0,942600
2017-04-27,62.54999923706055,66.19999694824219,62.150001525878906,62.599998474121094,62.599998474121094,1844100
2017-04-28,62.75,63.650001525878906,60.599998474121094,60.95000076293945,60.95000076293945,1399800
2017-05-01,61.04999923706055,61.25,59.650001525878906,60.5,60.5,843700
2017-05-02,63.29999923706055,64.4000015258789,61.650001525878906,61.900001525878906,61.900001525878906,1128800
2017-05-03,61.349998474121094,62.18000030517578,61.0,61.900001525878906,61.900001525878906,689700
2017-05-04,61.79999923706055,62.099998474121094,60.779998779296875,61.349998474121094,61.349998474121094,816300
2017-05-05,61.599998474121094,63.45000076293945,61.599998474121094,63.25,63.25,872200
2017-05-08,63.25,63.75,62.849998474121094,63.54999923706055,63.54999923706055,712100
2017-05-09,63.54999923706055,64.02999877929688,63.130001068115234,63.599998474121094,63.599998474121094,509500
2017-05-10,63.599998474121094,63.849998474121094,63.0,63.25,63.25,400500
2017-05-11,63.04999923706055,63.599998474121094,62.150001525878906,63.25,63.25,267500
2017-05-12,62.95000076293945,63.099998474121094,62.349998474121094,62.349998474121094,62.349998474121094,467600
2017-05-15,62.95000076293945,63.54999923706055,62.599998474121094,62.95000076293945,62.95000076293945,475600
2017-05-16,63.29999923706055,63.349998474121094,62.150001525878906,62.45000076293945,62.45000076293945,672800
2017-05-17,61.45000076293945,61.70000076293945,60.29999923706055,60.29999923706055,60.29999923706055,855600
2017-05-18,59.95000076293945,61.150001525878906,59.25,60.54999923706055,60.54999923706055,600300
2017-05-19,61.04999923706055,62.75,60.79999923706055,62.0,62.0,674600
2017-05-22,62.54999923706055,62.900001525878906,62.22999954223633,62.599998474121094,62.599998474121094,398100
2017-05-23,62.79999923706055,62.79999923706055,61.93000030517578,62.099998474121094,62.099998474121094,254000
2017-05-24,62.099998474121094,62.95000076293945,61.75,62.400001525878906,62.400001525878906,499300
2017-05-25,62.25,63.04999923706055,61.33000183105469,61.400001525878906,61.400001525878906,394900
2017-05-26,61.79999923706055,61.79999923706055,60.5,61.400001525878906,61.400001525878906,561900
2017-05-30,61.150001525878906,61.5,60.130001068115234,60.79999923706055,60.79999923706055,542900
2017-05-31,60.599998474121094,61.29999923706055,59.900001525878906,61.150001525878906,61.150001525878906,412800
2017-06-01,61.54999923706055,62.54999923706055,60.849998474121094,62.0,62.0,616800
2017-06-02,61.95000076293945,62.849998474121094,61.5,62.20000076293945,62.20000076293945,492900
2017-06-05,62.20000076293945,62.650001525878906,61.599998474121094,61.849998474121094,61.849998474121094,469700
2017-06-06,61.599998474121094,61.599998474121094,59.95000076293945,60.20000076293945,60.20000076293945,791200
2017-06-07,60.099998474121094,60.20000076293945,57.349998474121094,57.5,57.5,939600
2017-06-08,57.20000076293945,58.5,56.75,58.0,58.0,1104200
2017-06-09,58.25,60.54999923706055,58.0,60.29999923706055,60.29999923706055,687000
2017-06-12,60.349998474121094,61.25,59.630001068115234,60.04999923706055,60.04999923706055,452500
2017-06-13,60.099998474121094,60.54999923706055,59.599998474121094,60.54999923706055,60.54999923706055,349200
2017-06-14,60.54999923706055,60.54999923706055,58.13999938964844,58.45000076293945,58.45000076293945,560500
2017-06-15,58.0,58.95000076293945,57.650001525878906,58.0,58.0,925400
2017-06-16,58.20000076293945,58.20000076293945,57.08000183105469,57.29999923706055,57.29999923706055,763000
2017-06-19,57.25,57.650001525878906,56.650001525878906,57.349998474121094,57.349998474121094,876000
2017-06-20,57.099998474121094,57.349998474121094,55.75,55.79999923706055,55.79999923706055,728200
2017-06-21,56.099998474121094,56.099998474121094,53.630001068115234,53.95000076293945,53.95000076293945,851800
2017-06-22,53.95000076293945,54.29999923706055,53.599998474121094,54.25,54.25,640400
2017-06-23,54.400001525878906,55.650001525878906,54.099998474121094,55.599998474121094,55.599998474121094,762000
2017-06-26,55.849998474121094,56.150001525878906,55.400001525878906,55.79999923706055,55.79999923706055,460600
2017-06-27,55.900001525878906,56.29999923706055,55.5,55.599998474121094,55.599998474121094,348000
2017-06-28,56.099998474121094,57.150001525878906,55.75,56.54999923706055,56.54999923706055,358900
2017-06-29,56.79999923706055,57.79999923706055,56.599998474121094,56.900001525878906,56.900001525878906,349300
2017-06-30,57.5,57.650001525878906,56.400001525878906,57.29999923706055,57.29999923706055,334600
2017-07-03,57.79999923706055,58.599998474121094,57.70000076293945,58.400001525878906,58.400001525878906,139000
2017-07-05,58.349998474121094,58.45000076293945,56.150001525878906,56.900001525878906,56.900001525878906,560300
2017-07-06,56.95000076293945,57.150001525878906,56.150001525878906,56.70000076293945,56.70000076293945,404000
2017-07-07,56.70000076293945,57.099998474121094,55.70000076293945,56.900001525878906,56.900001525878906,297300
2017-07-10,56.54999923706055,57.349998474121094,56.099998474121094,57.04999923706055,57.04999923706055,488600
2017-07-11,57.20000076293945,57.25,55.45000076293945,57.150001525878906,57.150001525878906,617600
2017-07-12,57.900001525878906,58.599998474121094,54.75,55.349998474121094,55.349998474121094,1110200
2017-07-13,55.650001525878906,56.93000030517578,55.25,56.54999923706055,56.54999923706055,610800
2017-07-14,56.79999923706055,57.54999923706055,56.349998474121094,56.45000076293945,56.45000076293945,396900
2017-07-17,56.75,57.650001525878906,56.20000076293945,57.29999923706055,57.29999923706055,515100
2017-07-18,57.349998474121094,57.630001068115234,56.70000076293945,57.599998474121094,57.599998474121094,442500
2017-07-19,57.849998474121094,58.400001525878906,56.54999923706055,57.400001525878906,57.400001525878906,453700
2017-07-20,57.599998474121094,57.900001525878906,57.099998474121094,57.5,57.5,235700
2017-07-21,57.5,57.5,56.29999923706055,57.20000076293945,57.20000076293945,375300
2017-07-24,57.25,57.849998474121094,56.54999923706055,56.650001525878906,56.650001525878906,395000
2017-07-25,57.599998474121094,59.099998474121094,57.400001525878906,58.650001525878906,58.650001525878906,460500
2017-07-26,59.099998474121094,60.5,57.650001525878906,58.25,58.25,696300
2017-07-27,52.279998779296875,55.150001525878906,49.04999923706055,51.849998474121094,51.849998474121094,1942100
2017-07-28,51.70000076293945,51.900001525878906,49.70000076293945,51.5,51.5,704300
2017-07-31,51.45000076293945,52.20000076293945,50.400001525878906,51.25,51.25,463000
2017-08-01,51.5,52.25,50.400001525878906,50.54999923706055,50.54999923706055,400300
2017-08-02,50.349998474121094,50.599998474121094,49.95000076293945,50.400001525878906,50.400001525878906,255300
2017-08-03,50.29999923706055,51.38999938964844,50.04999923706055,51.0,51.0,497900
2017-08-04,51.29999923706055,52.400001525878906,51.150001525878906,52.150001525878906,52.150001525878906,278500
2017-08-07,52.20000076293945,53.150001525878906,51.95000076293945,52.25,52.25,489500
2017-08-08,52.349998474121094,53.099998474121094,51.95000076293945,52.150001525878906,52.150001525878906,507600
2017-08-09,52.0,52.349998474121094,51.70000076293945,52.150001525878906,52.150001525878906,296700
2017-08-10,52.099998474121094,52.97999954223633,51.5,51.54999923706055,51.54999923706055,488800
2017-08-11,50.54999923706055,52.150001525878906,50.099998474121094,51.099998474121094,51.099998474121094,401200
2017-08-14,51.54999923706055,51.75,51.08000183105469,51.599998474121094,51.599998474121094,284800
2017-08-15,51.95000076293945,52.900001525878906,51.95000076293945,52.20000076293945,52.20000076293945,564400
2017-08-16,52.20000076293945,52.400001525878906,51.04999923706055,51.20000076293945,51.20000076293945,452600
2017-08-17,51.0,51.54999923706055,50.20000076293945,50.29999923706055,50.29999923706055,310700
2017-08-18,50.20000076293945,50.95000076293945,50.0,50.04999923706055,50.04999923706055,384300
2017-08-21,50.0,50.29999923706055,49.650001525878906,49.849998474121094,49.849998474121094,568200
2017-08-22,50.04999923706055,50.54999923706055,49.900001525878906,50.25,50.25,265700
2017-08-23,49.79999923706055,50.45000076293945,49.79999923706055,49.849998474121094,49.849998474121094,190600
2017-08-24,50.0,50.52000045776367,49.650001525878906,49.75,49.75,197300
2017-08-25,50.20000076293945,50.79999923706055,50.099998474121094,50.25,50.25,234200
2017-08-28,50.349998474121094,50.70000076293945,49.20000076293945,49.599998474121094,49.599998474121094,242100
2017-08-29,49.25,49.900001525878906,48.95000076293945,49.900001525878906,49.900001525878906,329700
2017-08-30,49.79999923706055,50.599998474121094,49.54999923706055,50.099998474121094,50.099998474121094,246900
2017-08-31,50.45000076293945,50.79999923706055,50.04999923706055,50.45000076293945,50.45000076293945,391600
2017-09-01,50.70000076293945,51.150001525878906,50.45000076293945,50.79999923706055,50.79999923706055,247400
2017-09-05,50.70000076293945,51.0,49.95000076293945,50.29999923706055,50.29999923706055,265400
2017-09-06,50.599998474121094,50.900001525878906,50.150001525878906,50.599998474121094,50.599998474121094,390100
2017-09-07,50.75,50.75,49.349998474121094,50.45000076293945,50.45000076293945,322200
2017-09-08,50.400001525878906,51.45000076293945,50.20000076293945,51.349998474121094,51.349998474121094,421100
2017-09-11,51.599998474121094,53.599998474121094,51.599998474121094,53.150001525878906,53.150001525878906,431500
2017-09-12,53.349998474121094,54.380001068115234,52.75,53.95000076293945,53.95000076293945,371900
2017-09-13,53.900001525878906,54.849998474121094,53.779998779296875,54.75,54.75,312000
2017-09-14,54.70000076293945,55.0,54.349998474121094,54.45000076293945,54.45000076293945,348900
2017-09-15,54.54999923706055,54.54999923706055,53.70000076293945,54.25,54.25,619400
2017-09-18,54.400001525878906,55.20000076293945,54.29999923706055,55.099998474121094,55.099998474121094,321600
2017-09-19,55.099998474121094,55.25,54.79999923706055,54.95000076293945,54.95000076293945,271200
2017-09-20,55.25,56.25,55.04999923706055,55.95000076293945,55.95000076293945,347500
2017-09-21,56.0,56.599998474121094,55.72999954223633,56.25,56.25,225000
2017-09-22,56.150001525878906,56.400001525878906,55.54999923706055,56.150001525878906,56.150001525878906,511300
2017-09-25,56.20000076293945,57.54999923706055,56.16999816894531,57.349998474121094,57.349998474121094,523700
2017-09-26,57.349998474121094,57.95000076293945,57.0,57.75,57.75,348600
2017-09-27,58.0,58.79999923706055,56.95000076293945,58.0,58.0,283000
2017-09-28,57.95000076293945,58.349998474121094,57.25,58.29999923706055,58.29999923706055,225100
2017-09-29,58.400001525878906,58.79999923706055,58.08000183105469,58.25,58.25,294900
2017-10-02,58.25,59.20000076293945,57.849998474121094,59.150001525878906,59.150001525878906,207700
2017-10-03,59.45000076293945,59.779998779296875,58.75,59.400001525878906,59.400001525878906,264600
2017-10-04,59.400001525878906,59.45000076293945,58.54999923706055,58.70000076293945,58.70000076293945,220200
2017-10-05,58.900001525878906,59.54999923706055,58.45000076293945,59.29999923706055,59.29999923706055,269800
2017-10-06,59.25,59.599998474121094,57.75,58.099998474121094,58.099998474121094,452000
2017-10-09,58.20000076293945,58.45000076293945,57.70000076293945,58.0,58.0,293100
2017-10-10,58.349998474121094,58.95000076293945,57.79999923706055,58.0,58.0,367500
2017-10-11,57.70000076293945,58.099998474121094,57.25,57.900001525878906,57.900001525878906,316700
2017-10-12,57.70000076293945,59.099998474121094,57.70000076293945,59.099998474121094,59.099998474121094,346900
2017-10-13,59.54999923706055,59.70000076293945,58.70000076293945,58.849998474121094,58.849998474121094,238300
2017-10-16,59.150001525878906,59.75,58.900001525878906,59.45000076293945,59.45000076293945,253200
2017-10-17,59.650001525878906,61.20000076293945,59.5,60.79999923706055,60.79999923706055,606600
2017-10-18,60.75,61.54999923706055,59.849998474121094,59.95000076293945,59.95000076293945,550400
2017-10-19,59.650001525878906,60.25,58.900001525878906,60.20000076293945,60.20000076293945,261700
2017-10-20,60.5,61.04999923706055,60.29999923706055,60.79999923706055,60.79999923706055,251400
2017-10-23,60.75,61.349998474121094,60.5,61.349998474121094,61.349998474121094,422100
2017-10-24,61.45000076293945,62.349998474121094,60.79999923706055,60.900001525878906,60.900001525878906,578600
2017-10-25,60.900001525878906,61.20000076293945,58.95000076293945,59.25,59.25,594500
2017-10-26,61.20000076293945,64.25,59.54999923706055,62.95000076293945,62.95000076293945,1443800
2017-10-27,62.849998474121094,64.75,61.599998474121094,64.0,64.0,684800
2017-10-30,63.95000076293945,64.1500015258789,62.25,62.400001525878906,62.400001525878906,487200
2017-10-31,62.95000076293945,63.349998474121094,62.20000076293945,63.150001525878906,63.150001525878906,584900
2017-11-01,63.75,63.75,61.099998474121094,61.95000076293945,61.95000076293945,444600
2017-11-02,61.70000076293945,62.650001525878906,61.099998474121094,62.599998474121094,62.599998474121094,598500
2017-11-03,62.54999923706055,63.25,62.150001525878906,62.650001525878906,62.650001525878906,307500
2017-11-06,62.54999923706055,63.099998474121094,62.20000076293945,62.95000076293945,62.95000076293945,196800
2017-11-07,63.150001525878906,63.150001525878906,62.04999923706055,62.650001525878906,62.650001525878906,210900
2017-11-08,62.400001525878906,63.400001525878906,61.900001525878906,63.04999923706055,63.04999923706055,347100
2017-11-09,62.25,62.95000076293945,61.900001525878906,62.400001525878906,62.400001525878906,306100
2017-11-10,62.150001525878906,63.5,62.0,62.29999923706055,62.29999923706055,320300
2017-11-13,61.95000076293945,62.400001525878906,61.5,62.0,62.0,254400
2017-11-14,61.349998474121094,62.29999923706055,60.29999923706055,61.150001525878906,61.150001525878906,392000
2017-11-15,60.650001525878906,61.29999923706055,60.099998474121094,60.349998474121094,60.349998474121094,365100
2017-11-16,60.599998474121094,62.45000076293945,60.18000030517578,62.25,62.25,283800
2017-11-17,62.04999923706055,63.45000076293945,61.650001525878906,62.54999923706055,62.54999923706055,173000
2017-11-20,62.349998474121094,62.95000076293945,61.400001525878906,62.599998474121094,62.599998474121094,188800
2017-11-21,62.650001525878906,63.349998474121094,62.349998474121094,63.29999923706055,63.29999923706055,266800
2017-11-22,63.599998474121094,64.0,62.95000076293945,62.95000076293945,62.95000076293945,185400
2017-11-24,63.29999923706055,63.349998474121094,62.04999923706055,62.29999923706055,62.29999923706055,90300
2017-11-27,62.25,63.0,62.25,62.75,62.75,186100
2017-11-28,62.70000076293945,64.0999984741211,62.20000076293945,64.0,64.0,213600
2017-11-29,64.0,65.25,63.75,64.8499984741211,64.8499984741211,272500
2017-11-30,65.05000305175781,65.94999694824219,64.69999694824219,65.55000305175781,65.55000305175781,174200
2017-12-01,65.44999694824219,65.69999694824219,63.54999923706055,65.3499984741211,65.3499984741211,220100
2017-12-04,66.19999694824219,69.3499984741211,65.94999694824219,66.4000015258789,66.4000015258789,297200
2017-12-05,66.5999984741211,66.8499984741211,64.8499984741211,64.9000015258789,64.9000015258789,325300
2017-12-06,64.5999984741211,64.5999984741211,62.95000076293945,63.75,63.75,167400
2017-12-07,63.75,64.0999984741211,63.599998474121094,63.95000076293945,63.95000076293945,237800
2017-12-08,64.3499984741211,65.8499984741211,63.95000076293945,64.5,64.5,226700
2017-12-11,64.4000015258789,64.8499984741211,63.599998474121094,64.0999984741211,64.0999984741211,354400
2017-12-12,64.4000015258789,65.1500015258789,63.650001525878906,63.70000076293945,63.70000076293945,570700
2017-12-13,64.05000305175781,64.80000305175781,63.70000076293945,63.79999923706055,63.79999923706055,489500
2017-12-14,63.900001525878906,64.25,63.0,63.25,63.25,443300
2017-12-15,63.75,65.19999694824219,62.65999984741211,64.9000015258789,64.9000015258789,525000
2017-12-18,65.1500015258789,65.75,64.5,65.0,65.0,434800
2017-12-19,65.1500015258789,65.1500015258789,64.0,64.25,64.25,276500
2017-12-20,64.80000305175781,65.0999984741211,64.27999877929688,64.8499984741211,64.8499984741211,213400
2017-12-21,65.0,65.25,64.5999984741211,64.94999694824219,64.94999694824219,233800
2017-12-22,65.0,65.19999694824219,64.18000030517578,64.8499984741211,64.8499984741211,110400
2017-12-26,64.80000305175781,65.9000015258789,64.62999725341797,65.5,65.5,288600
2017-12-27,65.69999694824219,66.05000305175781,65.30000305175781,65.69999694824219,65.69999694824219,201400
2017-12-28,65.9000015258789,67.3499984741211,65.9000015258789,67.30000305175781,67.30000305175781,498700
2017-12-29,67.55000305175781,68.5999984741211,67.25,68.1500015258789,68.1500015258789,424700
2018-01-02,68.4000015258789,68.94999694824219,66.43000030517578,66.80000305175781,66.80000305175781,416400
2018-01-03,66.8499984741211,67.30000305175781,66.05000305175781,66.69999694824219,66.69999694824219,406200
2018-01-04,67.25,67.80000305175781,66.4000015258789,66.5999984741211,66.5999984741211,784700
2018-01-05,67.05000305175781,67.05000305175781,65.80000305175781,66.25,66.25,265000
2018-01-08,66.25,66.55000305175781,65.0,66.55000305175781,66.55000305175781,382800
2018-01-09,66.94999694824219,67.8499984741211,66.30000305175781,67.05000305175781,67.05000305175781,609100
2018-01-10,66.30000305175781,66.30000305175781,64.5999984741211,64.80000305175781,64.80000305175781,449100
2018-01-11,64.94999694824219,66.5999984741211,64.5999984741211,66.4000015258789,66.4000015258789,323400
2018-01-12,66.6500015258789,67.55000305175781,66.0999984741211,67.30000305175781,67.30000305175781,283300
2018-01-16,67.5999984741211,67.5999984741211,65.5,66.1500015258789,66.1500015258789,225400
2018-01-17,65.69999694824219,66.05000305175781,64.1500015258789,64.8499984741211,64.8499984741211,473700
2018-01-18,65.0999984741211,65.80000305175781,64.6500015258789,64.80000305175781,64.80000305175781,283000
2018-01-19,65.0999984741211,66.0,64.80000305175781,65.75,65.75,213100
2018-01-22,65.55000305175781,65.75,64.3499984741211,65.55000305175781,65.55000305175781,276400
2018-01-23,65.44999694824219,65.75,64.54000091552734,65.1500015258789,65.1500015258789,206800
2018-01-24,66.5,67.8499984741211,66.30000305175781,67.5,67.5,370300
2018-01-25,67.69999694824219,68.5999984741211,66.9000015258789,68.3499984741211,68.3499984741211,401100
2018-01-26,68.5999984741211,69.3499984741211,68.25,68.75,68.75,392700
2018-01-29,68.4000015258789,69.05000305175781,68.05000305175781,68.0999984741211,68.0999984741211,272700
2018-01-30,67.69999694824219,68.44999694824219,66.58000183105469,67.8499984741211,67.8499984741211,447400
2018-01-31,68.19999694824219,69.0,67.9000015258789,68.1500015258789,68.1500015258789,672700
2018-02-01,67.0,68.25,65.6500015258789,66.8499984741211,66.8499984741211,719100
2018-02-02,66.69999694824219,66.9000015258789,63.20000076293945,63.599998474121094,63.599998474121094,647600
2018-02-05,63.29999923706055,63.900001525878906,61.75,61.95000076293945,61.95000076293945,918600
2018-02-06,61.5,64.19999694824219,61.5,63.25,63.25,802900
2018-02-07,62.900001525878906,64.1500015258789,62.25,62.349998474121094,62.349998474121094,552300
2018-02-08,62.400001525878906,63.20000076293945,61.650001525878906,61.849998474121094,61.849998474121094,638500
2018-02-09,62.5,63.5,60.5,63.0,63.0,627900
2018-02-12,63.400001525878906,63.650001525878906,62.400001525878906,63.0,63.0,276400
2018-02-13,62.70000076293945,63.150001525878906,62.45000076293945,62.79999923706055,62.79999923706055,361800
2018-02-14,62.400001525878906,63.599998474121094,62.150001525878906,63.5,63.5,674600
2018-02-15,63.95000076293945,64.25,63.04999923706055,63.70000076293945,63.70000076293945,458800
2018-02-16,63.45000076293945,64.55000305175781,63.29999923706055,64.0,64.0,295800
2018-02-20,63.5,64.5999984741211,63.150001525878906,64.44999694824219,64.44999694824219,338700
2018-02-21,64.5,66.05000305175781,64.3499984741211,64.44999694824219,64.44999694824219,499100
2018-02-22,64.6500015258789,65.94999694824219,64.0999984741211,65.0,65.0,290300
2018-02-23,65.3499984741211,66.05000305175781,65.0999984741211,65.9000015258789,65.9000015258789,198200
2018-02-26,66.19999694824219,66.3499984741211,64.8499984741211,65.94999694824219,65.94999694824219,355300
2018-02-27,65.9000015258789,66.6500015258789,64.1500015258789,64.19999694824219,64.19999694824219,207700
2018-02-28,64.1500015258789,64.1500015258789,62.04999923706055,62.25,62.25,596900
2018-03-01,61.79999923706055,62.20000076293945,60.25,60.95000076293945,60.95000076293945,379100
2018-03-02,60.75,60.75,59.099998474121094,60.70000076293945,60.70000076293945,1056500
2018-03-05,60.45000076293945,61.54999923706055,60.0,61.54999923706055,61.54999923706055,465200
2018-03-06,62.29999923706055,63.0,61.650001525878906,62.400001525878906,62.400001525878906,197700
2018-03-07,61.54999923706055,62.25,61.349998474121094,61.79999923706055,61.79999923706055,432000
2018-03-08,61.79999923706055,62.70000076293945,61.29999923706055,62.599998474121094,62.599998474121094,497700
2018-03-09,63.150001525878906,64.8499984741211,62.599998474121094,64.19999694824219,64.19999694824219,426600
2018-03-12,64.0999984741211,64.5,63.45000076293945,63.70000076293945,63.70000076293945,200500
2018-03-13,64.0999984741211,64.75,63.45000076293945,63.45000076293945,63.45000076293945,648000
2018-03-14,63.900001525878906,64.3499984741211,63.20000076293945,64.05000305175781,64.05000305175781,468300
2018-03-15,64.0999984741211,65.4000015258789,63.150001525878906,63.25,63.25,165900
2018-03-16,63.25,65.9000015258789,63.25,65.44999694824219,65.44999694824219,519500
2018-03-19,65.0999984741211,65.5999984741211,64.33000183105469,65.44999694824219,65.44999694824219,375300
2018-03-20,65.6500015258789,66.18000030517578,64.9000015258789,65.25,65.25,325700
2018-03-21,65.25,66.22000122070312,64.1500015258789,65.30000305175781,65.30000305175781,349300
2018-03-22,64.55000305175781,64.8499984741211,62.54999923706055,62.599998474121094,62.599998474121094,240200
2018-03-23,62.95000076293945,63.900001525878906,60.099998474121094,60.349998474121094,60.349998474121094,415000
2018-03-26,61.349998474121094,61.849998474121094,60.5,61.650001525878906,61.650001525878906,363200
2018-03-27,61.900001525878906,61.900001525878906,60.099998474121094,60.5,60.5,200200
2018-03-28,60.5,61.47999954223633,60.04999923706055,60.5,60.5,426800
2018-03-29,60.95000076293945,62.5,60.95000076293945,62.04999923706055,62.04999923706055,194300
2018-04-02,61.75,62.25,60.650001525878906,61.45000076293945,61.45000076293945,362800
2018-04-03,61.75,62.29999923706055,61.29999923706055,62.25,62.25,346400
2018-04-04,61.25,63.04999923706055,60.79999923706055,62.650001525878906,62.650001525878906,535600
2018-04-05,62.95000076293945,64.5,62.849998474121094,64.0,64.0,439900
2018-04-06,63.54999923706055,63.880001068115234,61.04999923706055,62.04999923706055,62.04999923706055,356100
2018-04-09,62.349998474121094,62.54999923706055,61.43000030517578,61.5,61.5,340200
2018-04-10,62.29999923706055,63.04999923706055,62.20000076293945,62.5,62.5,252800
2018-04-11,61.70000076293945,62.04999923706055,60.849998474121094,61.599998474121094,61.599998474121094,294400
2018-04-12,61.75,63.43000030517578,61.75,62.900001525878906,62.900001525878906,256800
2018-04-13,63.54999923706055,63.650001525878906,61.5,62.0,62.0,355800
2018-04-16,62.349998474121094,63.25,62.20000076293945,62.849998474121094,62.849998474121094,273700
2018-04-17,63.150001525878906,63.599998474121094,62.5,62.599998474121094,62.599998474121094,291600
2018-04-18,63.099998474121094,64.1500015258789,63.099998474121094,63.5,63.5,334000
2018-04-19,64.0,64.4000015258789,63.099998474121094,63.70000076293945,63.70000076293945,203500
2018-04-20,63.70000076293945,63.75,62.58000183105469,63.20000076293945,63.20000076293945,235600
2018-04-23,63.04999923706055,63.400001525878906,62.650001525878906,62.95000076293945,62.95000076293945,193400
2018-04-24,63.29999923706055,63.779998779296875,61.150001525878906,61.900001525878906,61.900001525878906,311000
2018-04-25,61.75,62.349998474121094,61.150001525878906,61.849998474121094,61.849998474121094,686200
2018-04-26,62.54999923706055,63.5,56.79999923706055,58.099998474121094,58.099998474121094,2302500
2018-04-27,58.349998474121094,59.5,58.150001525878906,59.099998474121094,59.099998474121094,811100
2018-04-30,59.0,59.599998474121094,58.849998474121094,59.54999923706055,59.54999923706055,406500
2018-05-01,59.5,59.54999923706055,56.95000076293945,57.79999923706055,57.79999923706055,652100
2018-05-02,57.70000076293945,59.95000076293945,57.70000076293945,58.849998474121094,58.849998474121094,510000
2018-05-03,58.75,58.900001525878906,57.5,58.70000076293945,58.70000076293945,414600
2018-05-04,58.54999923706055,60.5,58.43000030517578,59.95000076293945,59.95000076293945,305800
2018-05-07,60.04999923706055,60.54999923706055,58.95000076293945,59.75,59.75,351200
2018-05-08,60.099998474121094,60.45000076293945,59.54999923706055,60.150001525878906,60.150001525878906,587100
2018-05-09,60.54999923706055,60.70000076293945,60.04999923706055,60.349998474121094,60.349998474121094,345200
2018-05-10,60.349998474121094,60.70000076293945,59.900001525878906,60.45000076293945,60.45000076293945,475700
2018-05-11,60.70000076293945,61.29999923706055,60.349998474121094,60.45000076293945,60.45000076293945,175800
2018-05-14,60.5,60.599998474121094,59.650001525878906,59.650001525878906,59.650001525878906,389100
2018-05-15,59.54999923706055,59.900001525878906,59.099998474121094,59.54999923706055,59.54999923706055,503700
2018-05-16,59.45000076293945,60.20000076293945,59.0,59.45000076293945,59.45000076293945,596100
2018-05-17,59.29999923706055,59.650001525878906,58.900001525878906,59.04999923706055,59.04999923706055,959600
2018-05-18,59.099998474121094,59.599998474121094,58.849998474121094,59.29999923706055,59.29999923706055,506900
2018-05-21,59.400001525878906,61.45000076293945,59.25,60.54999923706055,60.54999923706055,712600
2018-05-22,60.900001525878906,61.20000076293945,59.54999923706055,59.599998474121094,59.599998474121094,286400
2018-05-23,59.349998474121094,59.5,58.900001525878906,59.20000076293945,59.20000076293945,367600
2018-05-24,59.150001525878906,59.29999923706055,58.400001525878906,59.099998474121094,59.099998474121094,518600
2018-05-25,58.75,59.349998474121094,58.599998474121094,58.95000076293945,58.95000076293945,401800
2018-05-29,58.599998474121094,59.900001525878906,58.400001525878906,59.25,59.25,460900
2018-05-30,59.650001525878906,61.04999923706055,59.5,60.29999923706055,60.29999923706055,282800
2018-05-31,60.150001525878906,60.75,58.79999923706055,59.349998474121094,59.349998474121094,371200
2018-06-01,59.75,61.0,59.75,60.54999923706055,60.54999923706055,593600
2018-06-04,60.79999923706055,61.099998474121094,60.099998474121094,60.29999923706055,60.29999923706055,198200
2018-06-05,60.400001525878906,61.20000076293945,60.29999923706055,61.0,61.0,256300
2018-06-06,61.04999923706055,61.150001525878906,60.0,60.25,60.25,273500
2018-06-07,60.400001525878906,61.900001525878906,60.400001525878906,61.75,61.75,544300
2018-06-08,61.599998474121094,61.900001525878906,60.650001525878906,61.70000076293945,61.70000076293945,434200
2018-06-11,61.5,62.029998779296875,61.45000076293945,61.75,61.75,165600
2018-06-12,61.849998474121094,63.0,61.45000076293945,62.400001525878906,62.400001525878906,412500
2018-06-13,62.45000076293945,62.95000076293945,61.43000030517578,62.20000076293945,62.20000076293945,628900
2018-06-14,62.20000076293945,62.400001525878906,61.349998474121094,62.20000076293945,62.20000076293945,379700
2018-06-15,60.599998474121094,62.20000076293945,60.599998474121094,62.0,62.0,479000
2018-06-18,62.849998474121094,62.849998474121094,61.599998474121094,62.5,62.5,415900
2018-06-19,62.0,62.25,60.849998474121094,61.849998474121094,61.849998474121094,649700
2018-06-20,61.900001525878906,62.279998779296875,60.29999923706055,60.400001525878906,60.400001525878906,820500
2018-06-21,60.20000076293945,60.20000076293945,58.599998474121094,58.79999923706055,58.79999923706055,432400
2018-06-22,59.400001525878906,60.25,59.29999923706055,59.95000076293945,59.95000076293945,731000
2018-06-25,59.900001525878906,60.099998474121094,58.79999923706055,59.5,59.5,950400
2018-06-26,60.849998474121094,60.849998474121094,57.20000076293945,57.45000076293945,57.45000076293945,1044600
2018-06-27,56.650001525878906,57.65999984741211,55.54999923706055,56.349998474121094,56.349998474121094,928400
2018-06-28,56.150001525878906,56.75,55.29999923706055,56.650001525878906,56.650001525878906,799900
2018-06-29,56.79999923706055,57.70000076293945,56.79999923706055,57.099998474121094,57.099998474121094,453100
2018-07-02,56.54999923706055,57.599998474121094,55.95000076293945,57.54999923706055,57.54999923706055,405000
2018-07-03,57.599998474121094,58.349998474121094,57.20000076293945,57.650001525878906,57.650001525878906,272900
2018-07-05,58.0,58.0,57.04999923706055,57.75,57.75,320900
2018-07-06,57.75,58.45000076293945,57.20000076293945,58.099998474121094,58.099998474121094,291500
2018-07-09,58.29999923706055,59.650001525878906,58.150001525878906,59.20000076293945,59.20000076293945,762300
2018-07-10,58.95000076293945,59.599998474121094,58.04999923706055,58.29999923706055,58.29999923706055,408400
2018-07-11,57.5,58.900001525878906,57.04999923706055,58.5,58.5,393800
2018-07-12,59.099998474121094,59.099998474121094,57.75,58.150001525878906,58.150001525878906,544300
2018-07-13,58.29999923706055,58.900001525878906,58.29999923706055,58.400001525878906,58.400001525878906,274500
2018-07-16,58.54999923706055,58.54999923706055,57.650001525878906,58.25,58.25,214600
2018-07-17,58.349998474121094,58.95000076293945,58.29999923706055,58.650001525878906,58.650001525878906,291800
2018-07-18,58.900001525878906,59.599998474121094,58.54999923706055,59.20000076293945,59.20000076293945,362900
2018-07-19,59.0,59.849998474121094,58.75,59.5,59.5,332200
2018-07-20,59.099998474121094,59.849998474121094,58.849998474121094,59.349998474121094,59.349998474121094,211800
2018-07-23,59.400001525878906,59.95000076293945,59.25,59.599998474121094,59.599998474121094,226900
2018-07-24,60.0,60.29999923706055,58.79999923706055,58.79999923706055,58.79999923706055,226500
2018-07-25,58.5,58.70000076293945,57.779998779296875,58.25,58.25,285500
2018-07-26,58.29999923706055,59.349998474121094,58.04999923706055,58.95000076293945,58.95000076293945,246900
2018-07-27,59.0,59.25,58.20000076293945,58.650001525878906,58.650001525878906,406100
2018-07-30,58.75,59.45000076293945,58.20000076293945,58.54999923706055,58.54999923706055,675600
2018-07-31,58.75,61.33000183105469,58.400001525878906,61.0,61.0,653200
2018-08-01,60.79999923706055,61.25,59.849998474121094,60.150001525878906,60.150001525878906,758700
2018-08-02,59.0,60.45000076293945,56.95000076293945,57.79999923706055,57.79999923706055,1110800
2018-08-03,58.099998474121094,59.900001525878906,57.70000076293945,59.04999923706055,59.04999923706055,696400
2018-08-06,59.150001525878906,60.150001525878906,59.04999923706055,59.75,59.75,493100
2018-08-07,59.95000076293945,61.04999923706055,59.95000076293945,60.849998474121094,60.849998474121094,446500
2018-08-08,60.599998474121094,60.849998474121094,59.150001525878906,60.0,60.0,319500
2018-08-09,59.95000076293945,60.77000045776367,59.56999969482422,59.849998474121094,59.849998474121094,247900
2018-08-10,59.650001525878906,59.650001525878906,58.400001525878906,58.95000076293945,58.95000076293945,245900
2018-08-13,59.150001525878906,59.150001525878906,58.150001525878906,58.70000076293945,58.70000076293945,468600
2018-08-14,58.79999923706055,59.25,58.599998474121094,59.04999923706055,59.04999923706055,201600
2018-08-15,58.75,58.75,57.75,58.349998474121094,58.349998474121094,582000
2018-08-16,58.900001525878906,60.5,58.83000183105469,60.099998474121094,60.099998474121094,387600
2018-08-17,59.75,60.29999923706055,59.150001525878906,59.70000076293945,59.70000076293945,342500
2018-08-20,59.75,60.75,59.650001525878906,60.29999923706055,60.29999923706055,367200
2018-08-21,60.599998474121094,61.849998474121094,60.349998474121094,61.70000076293945,61.70000076293945,197500
2018-08-22,61.45000076293945,61.849998474121094,61.209999084472656,61.70000076293945,61.70000076293945,176700
2018-08-23,61.54999923706055,61.650001525878906,60.650001525878906,61.150001525878906,61.150001525878906,271100
2018-08-24,61.29999923706055,61.650001525878906,60.650001525878906,61.45000076293945,61.45000076293945,224100
2018-08-27,61.650001525878906,62.79999923706055,61.400001525878906,61.79999923706055,61.79999923706055,229500
2018-08-28,61.79999923706055,62.70000076293945,61.75,62.20000076293945,62.20000076293945,433900
2018-08-29,62.25,62.5,61.29999923706055,61.849998474121094,61.849998474121094,138100
2018-08-30,61.95000076293945,61.95000076293945,60.70000076293945,60.79999923706055,60.79999923706055,169500
2018-08-31,60.45000076293945,61.349998474121094,60.099998474121094,61.150001525878906,61.150001525878906,231000
2018-09-04,61.099998474121094,61.400001525878906,60.150001525878906,60.70000076293945,60.70000076293945,304800
2018-09-05,60.349998474121094,61.04999923706055,60.20000076293945,60.400001525878906,60.400001525878906,233300
2018-09-06,60.45000076293945,61.0,59.599998474121094,59.900001525878906,59.900001525878906,240700
2018-09-07,59.5,59.5,57.79999923706055,58.04999923706055,58.04999923706055,343300
2018-09-10,58.150001525878906,60.20000076293945,57.900001525878906,59.75,59.75,491100
2018-09-11,59.70000076293945,60.279998779296875,59.20000076293945,60.04999923706055,60.04999923706055,288300
2018-09-12,59.95000076293945,60.79999923706055,59.75,60.29999923706055,60.29999923706055,302400
2018-09-13,60.54999923706055,60.95000076293945,60.45000076293945,60.900001525878906,60.900001525878906,136100
2018-09-14,60.900001525878906,61.900001525878906,60.54999923706055,60.54999923706055,60.54999923706055,391100
2018-09-17,60.599998474121094,61.25,60.29999923706055,60.349998474121094,60.349998474121094,248500
2018-09-18,60.400001525878906,61.70000076293945,59.650001525878906,61.349998474121094,61.349998474121094,252600
2018-09-19,61.349998474121094,62.5,61.349998474121094,61.54999923706055,61.54999923706055,311500
2018-09-20,61.900001525878906,62.5,61.900001525878906,62.400001525878906,62.400001525878906,282600
2018-09-21,62.70000076293945,63.20000076293945,62.099998474121094,62.20000076293945,62.20000076293945,293500
2018-09-24,61.900001525878906,62.0,60.650001525878906,61.099998474121094,61.099998474121094,257800
2018-09-25,61.29999923706055,61.599998474121094,60.650001525878906,61.349998474121094,61.349998474121094,158400
2018-09-26,61.349998474121094,61.70000076293945,60.900001525878906,60.95000076293945,60.95000076293945,177100
2018-09-27,61.25,61.75,61.0,61.099998474121094,61.099998474121094,231300
2018-09-28,60.900001525878906,62.20000076293945,60.900001525878906,61.45000076293945,61.45000076293945,225500
2018-10-01,61.59000015258789,61.959999084472656,59.86000061035156,60.34000015258789,60.34000015258789,223200
2018-10-02,60.34000015258789,61.150001525878906,59.959999084472656,60.06999969482422,60.06999969482422,336900
2018-10-03,60.20000076293945,61.220001220703125,59.75,61.119998931884766,61.119998931884766,241500
2018-10-04,61.130001068115234,61.130001068115234,59.630001068115234,60.189998626708984,60.189998626708984,250300
2018-10-05,60.189998626708984,60.75,59.06999969482422,59.13999938964844,59.13999938964844,533000
2018-10-08,58.849998474121094,58.849998474121094,57.58000183105469,58.20000076293945,58.20000076293945,637500
2018-10-09,58.150001525878906,58.5099983215332,57.29999923706055,57.88999938964844,57.88999938964844,346900
2018-10-10,57.4900016784668,57.880001068115234,54.040000915527344,54.220001220703125,54.220001220703125,1021500
2018-10-11,54.06999969482422,54.099998474121094,52.060001373291016,52.119998931884766,52.119998931884766,1110300
2018-10-12,53.060001373291016,53.060001373291016,51.439998626708984,51.81999969482422,51.81999969482422,948300
2018-10-15,51.849998474121094,54.099998474121094,51.849998474121094,53.56999969482422,53.56999969482422,1061200
2018-10-16,53.20000076293945,54.43000030517578,52.279998779296875,54.0,54.0,656800
2018-10-17,53.95000076293945,54.189998626708984,53.15999984741211,53.54999923706055,53.54999923706055,468300
2018-10-18,52.880001068115234,53.869998931884766,52.380001068115234,52.790000915527344,52.790000915527344,582300
2018-10-19,52.959999084472656,53.560001373291016,52.540000915527344,52.86000061035156,52.86000061035156,492000
2018-10-22,52.810001373291016,53.099998474121094,51.939998626708984,52.11000061035156,52.11000061035156,538100
2018-10-23,51.0099983215332,51.29999923706055,50.349998474121094,50.91999816894531,50.91999816894531,564200
2018-10-24,51.060001373291016,51.5,48.11000061035156,48.13999938964844,48.13999938964844,638400
2018-10-25,48.95000076293945,49.25,48.2400016784668,48.52000045776367,48.52000045776367,435200
2018-10-26,47.849998474121094,49.060001373291016,47.439998626708984,48.59000015258789,48.59000015258789,405500
2018-10-29,49.20000076293945,49.959999084472656,48.02000045776367,48.529998779296875,48.529998779296875,365100
2018-10-30,48.34000015258789,49.59000015258789,47.81999969482422,49.369998931884766,49.369998931884766,442900
2018-10-31,50.16999816894531,51.040000915527344,49.7599983215332,50.18000030517578,50.18000030517578,481300
2018-11-01,51.68000030517578,53.77000045776367,49.88999938964844,53.36000061035156,53.36000061035156,1018100
2018-11-02,53.810001373291016,54.9900016784668,53.18000030517578,53.68000030517578,53.68000030517578,546100
2018-11-05,53.79999923706055,54.36000061035156,53.130001068115234,53.529998779296875,53.529998779296875,623000
2018-11-06,53.099998474121094,54.650001525878906,53.099998474121094,53.9900016784668,53.9900016784668,1325000
2018-11-07,54.66999816894531,55.79999923706055,53.93000030517578,55.79999923706055,55.79999923706055,1213800
2018-11-08,55.650001525878906,56.18000030517578,54.189998626708984,54.34000015258789,54.34000015258789,687000
2018-11-09,53.9900016784668,54.2400016784668,52.560001373291016,53.459999084472656,53.459999084472656,803000
2018-11-12,53.459999084472656,53.459999084472656,51.9900016784668,52.209999084472656,52.209999084472656,488900
2018-11-13,52.380001068115234,53.66999816894531,52.099998474121094,52.290000915527344,52.290000915527344,630400
2018-11-14,52.939998626708984,53.599998474121094,51.970001220703125,52.220001220703125,52.220001220703125,339900
2018-11-15,51.90999984741211,53.5,51.22999954223633,53.11000061035156,53.11000061035156,576400
2018-11-16,52.83000183105469,53.52000045776367,52.459999084472656,53.130001068115234,53.130001068115234,515100
2018-11-19,52.97999954223633,53.400001525878906,51.95000076293945,52.150001525878906,52.150001525878906,591700
2018-11-20,51.36000061035156,51.79999923706055,50.41999816894531,50.83000183105469,50.83000183105469,432000
2018-11-21,51.380001068115234,53.08000183105469,51.11000061035156,52.34000015258789,52.34000015258789,459100
2018-11-23,51.7599983215332,52.119998931884766,51.08000183105469,51.349998474121094,51.349998474121094,150700
2018-11-26,51.75,53.119998931884766,51.5099983215332,52.7400016784668,52.7400016784668,479900
2018-11-27,52.22999954223633,52.779998779296875,51.939998626708984,52.18000030517578,52.18000030517578,337200
2018-11-28,52.33000183105469,53.25,51.06999969482422,53.25,53.25,346900
2018-11-29,53.130001068115234,53.72999954223633,52.880001068115234,52.90999984741211,52.90999984741211,501400
2018-11-30,52.650001525878906,53.650001525878906,52.54999923706055,53.40999984741211,53.40999984741211,595500
2018-12-03,54.40999984741211,54.97999954223633,53.06999969482422,53.66999816894531,53.66999816894531,543000
2018-12-04,53.560001373291016,54.369998931884766,50.849998474121094,50.970001220703125,50.970001220703125,369400
2018-12-06,49.75,51.15999984741211,49.45000076293945,51.15999984741211,51.15999984741211,741700
2018-12-07,51.18000030517578,51.81999969482422,49.720001220703125,49.93000030517578,49.93000030517578,660300
2018-12-10,49.689998626708984,50.09000015258789,48.4900016784668,49.27000045776367,49.27000045776367,400300
2018-12-11,50.18000030517578,51.47999954223633,49.06999969482422,49.16999816894531,49.16999816894531,418700
2018-12-12,50.150001525878906,50.790000915527344,49.88999938964844,50.15999984741211,50.15999984741211,303900
2018-12-13,50.650001525878906,50.650001525878906,49.310001373291016,49.560001373291016,49.560001373291016,370400
2018-12-14,48.970001220703125,49.900001525878906,48.630001068115234,48.72999954223633,48.72999954223633,752100
2018-12-17,48.619998931884766,49.540000915527344,47.9900016784668,48.130001068115234,48.130001068115234,393600
2018-12-18,48.279998779296875,48.970001220703125,47.939998626708984,48.0,48.0,420700
2018-12-19,47.900001525878906,48.630001068115234,46.5099983215332,47.0,47.0,470600
2018-12-20,46.5099983215332,47.16999816894531,45.290000915527344,46.130001068115234,46.130001068115234,439400
2018-12-21,46.16999816894531,46.63999938964844,45.290000915527344,45.349998474121094,45.349998474121094,522400
2018-12-24,44.689998626708984,45.0,44.040000915527344,44.09000015258789,44.09000015258789,103400
2018-12-26,44.2599983215332,46.4900016784668,43.939998626708984,46.40999984741211,46.40999984741211,350900
2018-12-27,45.58000183105469,47.25,44.84000015258789,47.25,47.25,550100
2018-12-28,47.290000915527344,47.90999984741211,46.880001068115234,47.06999969482422,47.06999969482422,345300
2018-12-31,47.36000061035156,48.0099983215332,46.81999969482422,48.0,48.0,483800
2019-01-02,47.150001525878906,48.61000061035156,46.59000015258789,48.040000915527344,48.040000915527344,404400
2019-01-03,47.68000030517578,48.20000076293945,46.470001220703125,47.290000915527344,47.290000915527344,444600
2019-01-04,48.22999954223633,48.939998626708984,48.0099983215332,48.810001373291016,48.810001373291016,440800
2019-01-07,49.15999984741211,49.61000061035156,48.36000061035156,48.83000183105469,48.83000183105469,525100
2019-01-08,49.439998626708984,50.0,49.029998779296875,49.7400016784668,49.7400016784668,498100
2019-01-09,49.900001525878906,50.470001220703125,49.720001220703125,50.150001525878906,50.150001525878906,374300
2019-01-10,49.880001068115234,50.900001525878906,49.63999938964844,50.65999984741211,50.65999984741211,485600
2019-01-11,50.369998931884766,51.72999954223633,50.279998779296875,51.5099983215332,51.5099983215332,299900
2019-01-14,51.040000915527344,51.66999816894531,50.79999923706055,50.84000015258789,50.84000015258789,294600
2019-01-15,51.09000015258789,51.40999984741211,50.31999969482422,51.06999969482422,51.06999969482422,370000
2019-01-16,51.130001068115234,51.869998931884766,50.900001525878906,51.43000030517578,51.43000030517578,274600
2019-01-17,51.38999938964844,53.08000183105469,51.38999938964844,52.77000045776367,52.77000045776367,396000
2019-01-18,53.29999923706055,54.0,52.9900016784668,53.599998474121094,53.599998474121094,422200
2019-01-22,53.27000045776367,53.36000061035156,52.34000015258789,52.650001525878906,52.650001525878906,421200
2019-01-23,52.88999938964844,53.31999969482422,51.529998779296875,51.720001220703125,51.720001220703125,435300
2019-01-24,51.810001373291016,52.290000915527344,51.540000915527344,52.20000076293945,52.20000076293945,332500
2019-01-25,52.970001220703125,53.439998626708984,52.54999923706055,52.939998626708984,52.939998626708984,463000
2019-01-28,52.5,53.119998931884766,52.11000061035156,52.58000183105469,52.58000183105469,379400
2019-01-29,52.72999954223633,53.5099983215332,52.599998474121094,53.33000183105469,53.33000183105469,667100
2019-01-30,53.86000061035156,54.52000045776367,53.029998779296875,54.29999923706055,54.29999923706055,853100
2019-01-31,53.84000015258789,53.869998931884766,51.84000015258789,52.400001525878906,52.400001525878906,1373700
2019-02-01,52.099998474121094,53.880001068115234,52.099998474121094,52.75,52.75,1155400
2019-02-04,53.02000045776367,54.41999816894531,52.81999969482422,54.189998626708984,54.189998626708984,675700
2019-02-05,54.09000015258789,54.75,53.75,54.18000030517578,54.18000030517578,367200
2019-02-06,54.04999923706055,54.400001525878906,53.650001525878906,53.709999084472656,53.709999084472656,389700
2019-02-07,53.470001220703125,53.849998474121094,53.0,53.52000045776367,53.52000045776367,499900
2019-02-08,53.27000045776367,53.810001373291016,52.43000030517578,53.02000045776367,53.02000045776367,371400
2019-02-11,53.09000015258789,53.709999084472656,53.060001373291016,53.56999969482422,53.56999969482422,563600
2019-02-12,54.130001068115234,54.97999954223633,54.099998474121094,54.56999969482422,54.56999969482422,489900
2019-02-13,54.959999084472656,55.099998474121094,54.5,54.63999938964844,54.63999938964844,528100
2019-02-14,54.33000183105469,54.849998474121094,54.150001525878906,54.59000015258789,54.59000015258789,950600
2019-02-15,55.060001373291016,55.810001373291016,55.060001373291016,55.66999816894531,55.66999816894531,521900
2019-02-19,55.5,55.97999954223633,55.5,55.720001220703125,55.720001220703125,336600
2019-02-20,55.79999923706055,56.29999923706055,55.27000045776367,56.15999984741211,56.15999984741211,608300
2019-02-21,56.11000061035156,56.61000061035156,55.9900016784668,56.2599983215332,56.2599983215332,484300
2019-02-22,56.63999938964844,56.650001525878906,55.7400016784668,55.9900016784668,55.9900016784668,460700
2019-02-25,56.22999954223633,56.7400016784668,56.09000015258789,56.15999984741211,56.15999984741211,680800
2019-02-26,56.119998931884766,56.27000045776367,55.06999969482422,55.099998474121094,55.099998474121094,558500
2019-02-27,54.9900016784668,55.68000030517578,54.9900016784668,55.18000030517578,55.18000030517578,494400
2019-02-28,55.09000015258789,55.09000015258789,54.290000915527344,54.45000076293945,54.45000076293945,455900
2019-03-01,54.7400016784668,55.349998474121094,54.34000015258789,54.66999816894531,54.66999816894531,557300
2019-03-04,54.7400016784668,55.209999084472656,54.04999923706055,54.38999938964844,54.38999938964844,434500
2019-03-05,54.599998474121094,54.88999938964844,53.63999938964844,53.709999084472656,53.709999084472656,582500
2019-03-06,53.72999954223633,53.810001373291016,52.86000061035156,52.869998931884766,52.869998931884766,437800
2019-03-07,52.88999938964844,52.88999938964844,51.72999954223633,52.40999984741211,52.40999984741211,456500
2019-03-08,51.81999969482422,52.02000045776367,51.34000015258789,51.88999938964844,51.88999938964844,438200
2019-03-11,51.88999938964844,52.790000915527344,51.810001373291016,52.7599983215332,52.7599983215332,407600
2019-03-12,52.900001525878906,53.220001220703125,52.779998779296875,52.939998626708984,52.939998626708984,354000
2019-03-13,53.189998626708984,53.84000015258789,53.09000015258789,53.47999954223633,53.47999954223633,429300
2019-03-14,53.459999084472656,53.459999084472656,52.599998474121094,53.0,53.0,526000
2019-03-15,52.7400016784668,53.189998626708984,52.68000030517578,52.75,52.75,397400
2019-03-18,54.08000183105469,54.08000183105469,53.5,53.72999954223633,53.72999954223633,530100
2019-03-19,53.959999084472656,54.56999969482422,53.13999938964844,53.22999954223633,53.22999954223633,341700
2019-03-20,53.0,53.029998779296875,52.040000915527344,52.459999084472656,52.459999084472656,438700
2019-03-21,52.279998779296875,53.619998931884766,52.279998779296875,53.31999969482422,53.31999969482422,270700
2019-03-22,52.97999954223633,52.97999954223633,51.040000915527344,51.04999923706055,51.04999923706055,429600
2019-03-25,51.029998779296875,51.77000045776367,50.810001373291016,51.18000030517578,51.18000030517578,358500
2019-03-26,51.65999984741211,51.959999084472656,51.119998931884766,51.70000076293945,51.70000076293945,354800
2019-03-27,51.7400016784668,52.45000076293945,51.4900016784668,52.220001220703125,52.220001220703125,322900
2019-03-28,52.31999969482422,53.06999969482422,51.97999954223633,52.90999984741211,52.90999984741211,343300
2019-03-29,53.33000183105469,53.599998474121094,52.81999969482422,53.0099983215332,53.0099983215332,302900
2019-04-01,53.5099983215332,54.68000030517578,53.4900016784668,54.5099983215332,54.5099983215332,290000
2019-04-02,54.540000915527344,54.7400016784668,53.939998626708984,54.18000030517578,54.18000030517578,882000
2019-04-03,54.630001068115234,54.810001373291016,54.22999954223633,54.36000061035156,54.36000061035156,671900
2019-04-04,54.33000183105469,55.22999954223633,54.31999969482422,54.7599983215332,54.7599983215332,1021000
2019-04-05,54.58000183105469,55.36000061035156,54.5,55.130001068115234,55.130001068115234,457000
2019-04-08,54.939998626708984,55.68000030517578,54.75,55.2599983215332,55.2599983215332,534300
2019-04-09,55.189998626708984,55.189998626708984,53.68000030517578,53.79999923706055,53.79999923706055,404500
2019-04-10,53.61000061035156,54.31999969482422,53.5,54.06999969482422,54.06999969482422,467900
2019-04-11,54.43000030517578,55.689998626708984,54.22999954223633,55.45000076293945,55.45000076293945,979400
2019-04-12,55.869998931884766,56.349998474121094,55.43000030517578,55.65999984741211,55.65999984741211,485700
2019-04-15,55.720001220703125,56.119998931884766,55.310001373291016,55.630001068115234,55.630001068115234,584100
2019-04-16,55.84000015258789,56.380001068115234,55.4900016784668,55.849998474121094,55.849998474121094,282100
2019-04-17,56.08000183105469,56.81999969482422,56.08000183105469,56.459999084472656,56.459999084472656,479000
2019-04-18,56.68000030517578,57.0099983215332,56.220001220703125,56.70000076293945,56.70000076293945,589900
2019-04-22,56.54999923706055,56.810001373291016,55.709999084472656,56.0099983215332,56.0099983215332,372700
2019-04-23,56.209999084472656,57.220001220703125,56.0,57.04999923706055,57.04999923706055,411700
2019-04-24,57.0,57.83000183105469,56.880001068115234,57.529998779296875,57.529998779296875,462700
2019-04-25,57.2599983215332,57.4900016784668,56.2599983215332,56.58000183105469,56.58000183105469,285400
2019-04-26,56.630001068115234,57.130001068115234,56.47999954223633,57.02000045776367,57.02000045776367,201900
2019-04-29,57.060001373291016,57.5,56.97999954223633,57.130001068115234,57.130001068115234,374100
2019-04-30,57.029998779296875,57.52000045776367,56.5,57.2400016784668,57.2400016784668,478100
2019-05-01,57.4900016784668,57.939998626708984,56.68000030517578,56.959999084472656,56.959999084472656,1005300
2019-05-02,55.16999816894531,56.20000076293945,53.36000061035156,54.88999938964844,54.88999938964844,1672200
2019-05-03,55.220001220703125,57.15999984741211,55.11000061035156,57.09000015258789,57.09000015258789,723100
2019-05-06,55.65999984741211,55.849998474121094,55.08000183105469,55.709999084472656,55.709999084472656,862200
2019-05-07,54.029998779296875,54.65999984741211,52.790000915527344,53.2400016784668,53.2400016784668,569400
2019-05-08,53.150001525878906,53.849998474121094,52.79999923706055,53.7400016784668,53.7400016784668,1100400
2019-05-09,53.119998931884766,54.63999938964844,53.119998931884766,54.2400016784668,54.2400016784668,842100
2019-05-10,54.0,54.45000076293945,52.90999984741211,54.029998779296875,54.029998779296875,764100
2019-05-13,52.7599983215332,52.959999084472656,51.459999084472656,51.65999984741211,51.65999984741211,781000
2019-05-14,51.88999938964844,51.970001220703125,51.22999954223633,51.77000045776367,51.77000045776367,729700
2019-05-15,51.16999816894531,51.97999954223633,51.02000045776367,51.79999923706055,51.79999923706055,450700
2019-05-16,51.81999969482422,52.310001373291016,51.72999954223633,51.939998626708984,51.939998626708984,655900
2019-05-17,51.4900016784668,52.150001525878906,51.099998474121094,51.529998779296875,51.529998779296875,547100
2019-05-20,50.91999816894531,51.540000915527344,50.790000915527344,51.09000015258789,51.09000015258789,419300
2019-05-21,51.130001068115234,51.81999969482422,51.060001373291016,51.650001525878906,51.650001525878906,529400
2019-05-22,51.349998474121094,51.369998931884766,50.0099983215332,50.02000045776367,50.02000045776367,642200
2019-05-23,49.2400016784668,49.58000183105469,48.25,48.68000030517578,48.68000030517578,715500
2019-05-24,49.119998931884766,49.2400016784668,48.630001068115234,49.060001373291016,49.060001373291016,468400
2019-05-28,49.22999954223633,49.22999954223633,48.06999969482422,48.20000076293945,48.20000076293945,708400
2019-05-29,47.75,48.380001068115234,47.41999816894531,48.33000183105469,48.33000183105469,700100
2019-05-30,48.34000015258789,48.91999816894531,47.34000015258789,47.810001373291016,47.810001373291016,531100
2019-05-31,47.029998779296875,47.209999084472656,46.40999984741211,46.83000183105469,46.83000183105469,591700
2019-06-03,46.9900016784668,47.97999954223633,46.58000183105469,47.81999969482422,47.81999969482422,675900
2019-06-04,48.459999084472656,49.650001525878906,48.310001373291016,49.58000183105469,49.58000183105469,428400
2019-06-05,49.66999816894531,50.5,48.369998931884766,48.880001068115234,48.880001068115234,507000
2019-06-06,48.90999984741211,49.310001373291016,47.77000045776367,48.68000030517578,48.68000030517578,533400
2019-06-07,48.849998474121094,49.20000076293945,48.56999969482422,48.900001525878906,48.900001525878906,349600
2019-06-10,49.150001525878906,49.939998626708984,49.04999923706055,49.45000076293945,49.45000076293945,564100
2019-06-11,49.43000030517578,49.75,48.939998626708984,49.08000183105469,49.08000183105469,796800
2019-06-12,49.0,49.040000915527344,48.16999816894531,48.689998626708984,48.689998626708984,614000
2019-06-13,48.95000076293945,49.43000030517578,48.470001220703125,49.220001220703125,49.220001220703125,509000
2019-06-14,48.4900016784668,48.56999969482422,47.529998779296875,47.93000030517578,47.93000030517578,520000
2019-06-17,47.880001068115234,48.02000045776367,47.34000015258789,47.63999938964844,47.63999938964844,735000
2019-06-18,48.189998626708984,49.41999816894531,48.189998626708984,49.11000061035156,49.11000061035156,503000
2019-06-19,48.86000061035156,49.77000045776367,48.83000183105469,49.529998779296875,49.529998779296875,626700
2019-06-20,50.29999923706055,50.560001373291016,49.83000183105469,50.38999938964844,50.38999938964844,450300
2019-06-21,50.22999954223633,50.36000061035156,49.630001068115234,49.630001068115234,49.630001068115234,614100
2019-06-24,49.709999084472656,50.0,49.40999984741211,49.54999923706055,49.54999923706055,528700
2019-06-25,49.54999923706055,50.5,49.369998931884766,50.02000045776367,50.02000045776367,653500
2019-06-26,50.349998474121094,50.58000183105469,49.66999816894531,49.97999954223633,49.97999954223633,469900
2019-06-27,50.11000061035156,50.75,50.11000061035156,50.58000183105469,50.58000183105469,362800
2019-06-28,50.849998474121094,51.34000015258789,50.2400016784668,50.650001525878906,50.650001525878906,696600
2019-07-01,51.459999084472656,52.27000045776367,50.08000183105469,50.77000045776367,50.77000045776367,530400
2019-07-02,50.66999816894531,50.66999816894531,49.68000030517578,50.029998779296875,50.029998779296875,574800
2019-07-03,50.13999938964844,50.18000030517578,49.54999923706055,50.119998931884766,50.119998931884766,283500
2019-07-05,49.869998931884766,50.41999816894531,49.310001373291016,50.38999938964844,50.38999938964844,319600
2019-07-08,50.130001068115234,50.29999923706055,49.61000061035156,49.779998779296875,49.779998779296875,410700
2019-07-09,49.5099983215332,49.779998779296875,48.59000015258789,49.310001373291016,49.310001373291016,673100
2019-07-10,49.150001525878906,49.349998474121094,48.599998474121094,49.06999969482422,49.06999969482422,650400
2019-07-11,48.9900016784668,49.15999984741211,48.130001068115234,48.90999984741211,48.90999984741211,538100
2019-07-12,48.900001525878906,50.380001068115234,48.75,50.18000030517578,50.18000030517578,306300
2019-07-15,50.380001068115234,50.709999084472656,49.65999984741211,50.04999923706055,50.04999923706055,448300
2019-07-16,49.97999954223633,50.79999923706055,49.790000915527344,50.45000076293945,50.45000076293945,434700
2019-07-17,50.38999938964844,50.38999938964844,49.0,49.04999923706055,49.04999923706055,525800
2019-07-18,48.83000183105469,48.83000183105469,48.11000061035156,48.310001373291016,48.310001373291016,680000
2019-07-19,48.47999954223633,48.88999938964844,48.220001220703125,48.45000076293945,48.45000076293945,422700
2019-07-22,48.61000061035156,48.939998626708984,47.95000076293945,47.95000076293945,47.95000076293945,523600
2019-07-23,48.20000076293945,49.689998626708984,48.20000076293945,49.619998931884766,49.619998931884766,544500
2019-07-24,49.31999969482422,51.2400016784668,49.290000915527344,51.11000061035156,51.11000061035156,411500
2019-07-25,51.09000015258789,51.18000030517578,50.33000183105469,50.5,50.5,439400
2019-07-26,50.650001525878906,51.11000061035156,50.34000015258789,50.72999954223633,50.72999954223633,495100
2019-07-29,50.619998931884766,50.779998779296875,50.220001220703125,50.5099983215332,50.5099983215332,266800
2019-07-30,50.09000015258789,51.130001068115234,50.09000015258789,50.97999954223633,50.97999954223633,293700
2019-07-31,51.040000915527344,51.40999984741211,50.2400016784668,50.7400016784668,50.7400016784668,517700
2019-08-01,48.95000076293945,49.970001220703125,46.58000183105469,46.689998626708984,46.689998626708984,1146000
2019-08-02,45.349998474121094,45.560001373291016,43.77000045776367,45.0099983215332,45.0099983215332,1509300
2019-08-05,44.119998931884766,45.11000061035156,43.59000015258789,44.7599983215332,44.7599983215332,875700
2019-08-06,45.38999938964844,45.7599983215332,44.9900016784668,45.63999938964844,45.63999938964844,744800
2019-08-07,44.84000015258789,46.099998474121094,44.529998779296875,45.79999923706055,45.79999923706055,688800
2019-08-08,46.150001525878906,46.599998474121094,45.869998931884766,46.380001068115234,46.380001068115234,709100
2019-08-09,46.29999923706055,46.439998626708984,45.47999954223633,45.650001525878906,45.650001525878906,615000
2019-08-12,45.279998779296875,45.709999084472656,44.470001220703125,44.52000045776367,44.52000045776367,705000
2019-08-13,44.41999816894531,45.810001373291016,44.189998626708984,44.65999984741211,44.65999984741211,450100
2019-08-14,43.75,43.810001373291016,42.31999969482422,42.59000015258789,42.59000015258789,759400
2019-08-15,42.68000030517578,42.7599983215332,42.029998779296875,42.599998474121094,42.599998474121094,353600
2019-08-16,42.90999984741211,44.79999923706055,42.7599983215332,43.72999954223633,43.72999954223633,595900
2019-08-19,44.47999954223633,44.79999923706055,42.029998779296875,44.290000915527344,44.290000915527344,477200
2019-08-20,44.119998931884766,44.220001220703125,43.310001373291016,43.439998626708984,43.439998626708984,405500
2019-08-21,43.90999984741211,44.0,43.2400016784668,43.279998779296875,43.279998779296875,196800
2019-08-22,44.2599983215332,44.43000030517578,43.20000076293945,43.70000076293945,43.70000076293945,391000
2019-08-23,43.25,43.34000015258789,42.290000915527344,42.720001220703125,42.720001220703125,698500
2019-08-26,43.099998474121094,43.27000045776367,42.310001373291016,42.779998779296875,42.779998779296875,284800
2019-08-27,43.099998474121094,43.11000061035156,42.22999954223633,42.619998931884766,42.619998931884766,594700
2019-08-28,42.529998779296875,43.52000045776367,42.36000061035156,43.290000915527344,43.290000915527344,284500
2019-08-29,43.77000045776367,44.650001525878906,43.77000045776367,44.5,44.5,277500
2019-08-30,45.0,45.27000045776367,44.72999954223633,45.08000183105469,45.08000183105469,330600
2019-09-03,44.470001220703125,44.59000015258789,42.959999084472656,43.5,43.5,312900
2019-09-04,44.060001373291016,44.31999969482422,43.779998779296875,44.220001220703125,44.220001220703125,237200
2019-09-05,44.81999969482422,46.27000045776367,44.61000061035156,46.029998779296875,46.029998779296875,404400
2019-09-06,45.97999954223633,46.380001068115234,45.439998626708984,46.25,46.25,343000
2019-09-09,46.599998474121094,47.790000915527344,46.599998474121094,47.689998626708984,47.689998626708984,311400
2019-09-10,47.529998779296875,48.47999954223633,47.02000045776367,48.400001525878906,48.400001525878906,477900
2019-09-11,48.7400016784668,49.34000015258789,47.70000076293945,49.310001373291016,49.310001373291016,337700
2019-09-12,49.02000045776367,49.279998779296875,47.790000915527344,48.849998474121094,48.849998474121094,322800
2019-09-13,49.34000015258789,49.959999084472656,49.0099983215332,49.18000030517578,49.18000030517578,348400
2019-09-16,48.88999938964844,49.540000915527344,48.77000045776367,49.18000030517578,49.18000030517578,300900
2019-09-17,48.7400016784668,48.75,47.79999923706055,48.09000015258789,48.09000015258789,351600
2019-09-18,47.81999969482422,47.81999969482422,46.779998779296875,47.349998474121094,47.349998474121094,399900
2019-09-19,47.45000076293945,47.619998931884766,46.66999816894531,46.83000183105469,46.83000183105469,349400
2019-09-20,46.88999938964844,47.41999816894531,46.47999954223633,46.5,46.5,456600
2019-09-23,45.599998474121094,46.72999954223633,45.310001373291016,46.43000030517578,46.43000030517578,466300
2019-09-24,46.400001525878906,46.650001525878906,45.029998779296875,45.310001373291016,45.310001373291016,566900
2019-09-25,45.2599983215332,46.97999954223633,45.2599983215332,46.79999923706055,46.79999923706055,325700
2019-09-26,46.709999084472656,47.20000076293945,46.34000015258789,46.75,46.75,293200
2019-09-27,46.90999984741211,47.58000183105469,46.77000045776367,47.279998779296875,47.279998779296875,243400
2019-09-30,47.029998779296875,47.97999954223633,47.029998779296875,47.77000045776367,47.77000045776367,359500
2019-10-01,48.15999984741211,48.470001220703125,45.119998931884766,45.43000030517578,45.43000030517578,431400
2019-10-02,44.86000061035156,45.25,44.130001068115234,45.189998626708984,45.189998626708984,345700
2019-10-03,44.70000076293945,45.0,44.02000045776367,44.709999084472656,44.709999084472656,247300
2019-10-04,44.93000030517578,45.61000061035156,44.77000045776367,45.54999923706055,45.54999923706055,307000
2019-10-07,45.54999923706055,45.81999969482422,45.06999969482422,45.08000183105469,45.08000183105469,274300
2019-10-08,44.400001525878906,44.84000015258789,44.029998779296875,44.16999816894531,44.16999816894531,254000
2019-10-09,44.58000183105469,44.81999969482422,43.970001220703125,44.189998626708984,44.189998626708984,197100
2019-10-10,44.189998626708984,45.220001220703125,44.130001068115234,44.869998931884766,44.869998931884766,159600
2019-10-11,45.869998931884766,47.599998474121094,45.869998931884766,46.709999084472656,46.709999084472656,308500
2019-10-14,46.400001525878906,46.86000061035156,46.08000183105469,46.630001068115234,46.630001068115234,208600
2019-10-15,46.689998626708984,47.41999816894531,46.20000076293945,47.02000045776367,47.02000045776367,198700
2019-10-16,46.849998474121094,47.459999084472656,46.47999954223633,46.63999938964844,46.63999938964844,197100
2019-10-17,46.95000076293945,47.650001525878906,46.7400016784668,47.400001525878906,47.400001525878906,175500
2019-10-18,47.2400016784668,48.0099983215332,47.08000183105469,47.56999969482422,47.56999969482422,295400
2019-10-21,48.13999938964844,48.68000030517578,47.77000045776367,47.790000915527344,47.790000915527344,398400
2019-10-22,47.86000061035156,49.33000183105469,47.290000915527344,49.18000030517578,49.18000030517578,629400
2019-10-23,48.900001525878906,49.939998626708984,48.459999084472656,49.5099983215332,49.5099983215332,488900
2019-10-24,49.72999954223633,50.119998931884766,49.15999984741211,49.70000076293945,49.70000076293945,424800
2019-10-25,49.599998474121094,50.560001373291016,49.599998474121094,50.43000030517578,50.43000030517578,268900
2019-10-28,50.75,51.25,50.34000015258789,50.36000061035156,50.36000061035156,215400
2019-10-29,50.290000915527344,50.779998779296875,50.13999938964844,50.40999984741211,50.40999984741211,282900
2019-10-30,50.540000915527344,50.939998626708984,49.7400016784668,50.77000045776367,50.77000045776367,663600
2019-10-31,47.2400016784668,50.66999816894531,45.9900016784668,50.150001525878906,50.150001525878906,1053300
2019-11-01,50.79999923706055,54.560001373291016,50.619998931884766,54.2400016784668,54.2400016784668,1039000
2019-11-04,54.93000030517578,55.54999923706055,53.27000045776367,53.470001220703125,53.470001220703125,842700
2019-11-05,53.939998626708984,54.779998779296875,53.65999984741211,54.0099983215332,54.0099983215332,547200
2019-11-06,54.06999969482422,54.31999969482422,53.45000076293945,53.790000915527344,53.790000915527344,619200
2019-11-07,54.0,54.47999954223633,53.68000030517578,53.88999938964844,53.88999938964844,422200
2019-11-08,53.970001220703125,54.29999923706055,53.68000030517578,54.04999923706055,54.04999923706055,459600
2019-11-11,53.630001068115234,54.56999969482422,53.47999954223633,54.4900016784668,54.4900016784668,307500
2019-11-12,54.7400016784668,54.90999984741211,54.25,54.52000045776367,54.52000045776367,205200
2019-11-13,54.02000045776367,54.2599983215332,53.459999084472656,53.56999969482422,53.56999969482422,322100
2019-11-14,53.5099983215332,53.79999923706055,53.40999984741211,53.68000030517578,53.68000030517578,157600
2019-11-15,54.04999923706055,54.650001525878906,53.79999923706055,54.11000061035156,54.11000061035156,259500
2019-11-18,53.970001220703125,53.970001220703125,53.290000915527344,53.560001373291016,53.560001373291016,532900
2019-11-19,53.84000015258789,53.939998626708984,52.91999816894531,52.97999954223633,52.97999954223633,402600
2019-11-20,52.599998474121094,53.119998931884766,52.47999954223633,53.06999969482422,53.06999969482422,458900
2019-11-21,53.2400016784668,53.45000076293945,52.470001220703125,53.08000183105469,53.08000183105469,337600
2019-11-22,53.11000061035156,53.349998474121094,51.849998474121094,53.189998626708984,53.189998626708984,598500
2019-11-25,53.470001220703125,54.45000076293945,53.0099983215332,53.619998931884766,53.619998931884766,586000
2019-11-26,53.65999984741211,53.81999969482422,53.150001525878906,53.380001068115234,53.380001068115234,478500
2019-11-27,53.61000061035156,53.61000061035156,52.84000015258789,53.459999084472656,53.459999084472656,304200
2019-11-29,53.36000061035156,53.36000061035156,52.5099983215332,52.619998931884766,52.619998931884766,105500
2019-12-02,52.81999969482422,53.400001525878906,52.16999816894531,52.2400016784668,52.2400016784668,369400
2019-12-03,51.529998779296875,52.060001373291016,51.0,52.029998779296875,52.029998779296875,373300
2019-12-04,52.290000915527344,52.810001373291016,51.849998474121094,51.900001525878906,51.900001525878906,257100
2019-12-05,53.709999084472656,54.61000061035156,53.599998474121094,54.08000183105469,54.08000183105469,991600
2019-12-06,54.91999816894531,55.36000061035156,54.470001220703125,55.209999084472656,55.209999084472656,869500
2019-12-09,55.0,55.470001220703125,54.849998474121094,54.869998931884766,54.869998931884766,326100
2019-12-10,55.70000076293945,56.349998474121094,54.900001525878906,55.560001373291016,55.560001373291016,822900
2019-12-11,56.0099983215332,56.119998931884766,55.13999938964844,56.04999923706055,56.04999923706055,451700
2019-12-12,56.119998931884766,57.45000076293945,55.83000183105469,57.18000030517578,57.18000030517578,743800
2019-12-13,56.900001525878906,57.380001068115234,55.83000183105469,56.08000183105469,56.08000183105469,774200
2019-12-16,56.47999954223633,56.540000915527344,55.91999816894531,56.279998779296875,56.279998779296875,509700
2019-12-17,56.5099983215332,56.779998779296875,55.63999938964844,56.150001525878906,56.150001525878906,598500
2019-12-18,56.2400016784668,56.61000061035156,55.349998474121094,55.52000045776367,55.52000045776367,555100
2019-12-19,55.630001068115234,55.72999954223633,55.22999954223633,55.540000915527344,55.540000915527344,708600
2019-12-20,55.439998626708984,56.45000076293945,55.15999984741211,55.9900016784668,55.9900016784668,940600
2019-12-23,56.150001525878906,56.150001525878906,55.529998779296875,55.709999084472656,55.709999084472656,263800
2019-12-24,58.619998931884766,59.849998474121094,58.47999954223633,58.56999969482422,58.56999969482422,1422700
2019-12-26,58.599998474121094,58.70000076293945,57.540000915527344,57.790000915527344,57.790000915527344,691600
2019-12-27,58.5,61.02000045776367,58.5,59.310001373291016,59.310001373291016,1144900
2019-12-30,59.689998626708984,60.369998931884766,59.22999954223633,59.9900016784668,59.9900016784668,573300
2019-12-31,59.65999984741211,60.34000015258789,59.310001373291016,59.38999938964844,59.38999938964844,328000
2020-01-02,60.0,60.0,58.20000076293945,58.880001068115234,58.880001068115234,1567700
2020-01-03,58.7599983215332,61.31999969482422,58.7599983215332,58.95000076293945,58.95000076293945,2559700
2020-01-06,59.15999984741211,59.369998931884766,58.310001373291016,58.5,58.5,987300
2020-01-07,58.95000076293945,59.72999954223633,58.5099983215332,59.38999938964844,59.38999938964844,815300
2020-01-08,59.400001525878906,60.02000045776367,59.369998931884766,59.529998779296875,59.529998779296875,683300
2020-01-09,58.56999969482422,59.13999938964844,57.880001068115234,58.540000915527344,58.540000915527344,1622400
2020-01-10,59.0,59.0,57.58000183105469,58.13999938964844,58.13999938964844,693300
2020-01-13,59.15999984741211,59.529998779296875,56.029998779296875,56.43000030517578,56.43000030517578,3297700
2020-01-14,56.709999084472656,56.79999923706055,56.09000015258789,56.400001525878906,56.400001525878906,2399500
2020-01-15,56.02000045776367,56.40999984741211,55.04999923706055,55.599998474121094,55.599998474121094,1481200
2020-01-16,55.91999816894531,56.20000076293945,55.5,56.0,56.0,929900
2020-01-17,56.290000915527344,56.290000915527344,55.560001373291016,55.81999969482422,55.81999969482422,1509200
2020-01-21,55.66999816894531,55.790000915527344,54.970001220703125,55.15999984741211,55.15999984741211,994900
2020-01-22,55.150001525878906,55.5099983215332,54.91999816894531,54.95000076293945,54.95000076293945,548200
2020-01-23,54.72999954223633,54.81999969482422,53.720001220703125,53.90999984741211,53.90999984741211,1367600
2020-01-24,53.900001525878906,54.310001373291016,52.97999954223633,53.13999938964844,53.13999938964844,1048000
2020-01-27,52.209999084472656,52.63999938964844,51.95000076293945,52.0,52.0,1337700
2020-01-28,52.20000076293945,53.029998779296875,51.75,52.68000030517578,52.68000030517578,588600
2020-01-29,52.95000076293945,53.189998626708984,52.54999923706055,52.619998931884766,52.619998931884766,709700
2020-01-30,51.959999084472656,52.529998779296875,49.5,50.63999938964844,50.63999938964844,2061800
2020-01-31,50.25,50.470001220703125,48.310001373291016,48.40999984741211,48.40999984741211,1622500
2020-02-03,48.529998779296875,49.290000915527344,48.439998626708984,48.5,48.5,1072300
2020-02-04,49.5,49.599998474121094,48.630001068115234,48.70000076293945,48.70000076293945,1404500
2020-02-05,49.25,50.220001220703125,48.81999969482422,50.20000076293945,50.20000076293945,1273000
2020-02-06,50.47999954223633,50.5099983215332,49.060001373291016,49.220001220703125,49.220001220703125,760700
2020-02-07,49.0,49.0,47.77000045776367,47.84000015258789,47.84000015258789,565900
2020-02-10,47.66999816894531,47.84000015258789,46.81999969482422,47.27000045776367,47.27000045776367,769800
2020-02-11,47.470001220703125,47.93000030517578,47.15999984741211,47.349998474121094,47.349998474121094,751500
2020-02-12,47.900001525878906,49.310001373291016,47.63999938964844,47.72999954223633,47.72999954223633,658900
2020-02-13,47.900001525878906,48.45000076293945,47.0099983215332,48.31999969482422,48.31999969482422,640200
2020-02-14,48.189998626708984,48.93000030517578,47.880001068115234,48.349998474121094,48.349998474121094,867900
2020-02-18,48.189998626708984,48.65999984741211,47.869998931884766,47.959999084472656,47.959999084472656,923300
2020-02-19,48.29999923706055,49.0,48.18000030517578,48.93000030517578,48.93000030517578,733300
2020-02-20,48.70000076293945,49.189998626708984,48.59000015258789,48.779998779296875,48.779998779296875,628900
2020-02-21,48.4900016784668,48.5,47.630001068115234,48.29999923706055,48.29999923706055,601600
2020-02-24,46.66999816894531,47.29999923706055,45.93000030517578,46.25,46.25,959800
2020-02-25,46.2400016784668,46.40999984741211,43.209999084472656,43.7400016784668,43.7400016784668,885300
2020-02-26,44.27000045776367,45.27000045776367,43.349998474121094,43.63999938964844,43.63999938964844,889900
2020-02-27,42.43000030517578,43.619998931884766,41.59000015258789,41.619998931884766,41.619998931884766,1047900
2020-02-28,40.41999816894531,41.72999954223633,39.83000183105469,40.56999969482422,40.56999969482422,1171800
2020-03-02,40.939998626708984,41.869998931884766,39.15999984741211,41.56999969482422,41.56999969482422,1256200
2020-03-03,41.56999969482422,41.77000045776367,38.20000076293945,39.029998779296875,39.029998779296875,1482600
2020-03-04,39.540000915527344,39.81999969482422,38.130001068115234,39.18000030517578,39.18000030517578,1159000
2020-03-05,37.90999984741211,38.25,35.220001220703125,35.849998474121094,35.849998474121094,1288700
2020-03-06,35.040000915527344,35.040000915527344,32.290000915527344,33.81999969482422,33.81999969482422,1784500
2020-03-09,31.1200008392334,31.1200008392334,27.079999923706055,27.170000076293945,27.170000076293945,1792000
2020-03-10,28.8799991607666,32.06999969482422,28.709999084472656,31.950000762939453,31.950000762939453,2064200
2020-03-11,30.799999237060547,31.139999389648438,27.940000534057617,28.489999771118164,28.489999771118164,1387100
2020-03-12,25.959999084472656,27.899999618530273,22.520000457763672,25.530000686645508,25.530000686645508,1549600
2020-03-13,27.360000610351562,27.450000762939453,23.729999542236328,25.479999542236328,25.479999542236328,1047000
2020-03-16,21.93000030517578,23.709999084472656,21.1200008392334,22.059999465942383,22.059999465942383,1482100
2020-03-17,22.3700008392334,22.510000228881836,19.5,22.43000030517578,22.43000030517578,2237900
2020-03-18,20.530000686645508,20.530000686645508,13.520000457763672,15.770000457763672,15.770000457763672,1824000
2020-03-19,15.359999656677246,17.84000015258789,14.510000228881836,17.389999389648438,17.389999389648438,1772200
2020-03-20,18.010000228881836,19.100000381469727,17.030000686645508,17.639999389648438,17.639999389648438,1282100
2020-03-23,17.200000762939453,19.360000610351562,16.399999618530273,18.649999618530273,18.649999618530273,1230200
2020-03-24,20.280000686645508,22.270000457763672,20.020000457763672,22.040000915527344,22.040000915527344,1527300
2020-03-25,22.450000762939453,26.1299991607666,21.549999237060547,25.100000381469727,25.100000381469727,1618500
2020-03-26,25.6200008392334,27.290000915527344,24.850000381469727,26.34000015258789,26.34000015258789,1092800
2020-03-27,25.049999237060547,25.190000534057617,22.3700008392334,22.959999084472656,22.959999084472656,963500
2020-03-30,22.8700008392334,23.270000457763672,21.239999771118164,22.280000686645508,22.280000686645508,1049700
2020-03-31,22.280000686645508,23.329999923706055,21.920000076293945,22.850000381469727,22.850000381469727,824700
2020-04-01,21.079999923706055,23.360000610351562,20.889999389648438,22.350000381469727,22.350000381469727,1349600
2020-04-02,22.270000457763672,22.950000762939453,20.459999084472656,22.75,22.75,924900
2020-04-03,22.639999389648438,22.799999237060547,20.360000610351562,21.469999313354492,21.469999313354492,797400
2020-04-06,23.15999984741211,24.450000762939453,22.65999984741211,24.229999542236328,24.229999542236328,823300
2020-04-07,26.0,26.670000076293945,23.260000228881836,23.540000915527344,23.540000915527344,2002900
2020-04-08,24.0,24.950000762939453,23.030000686645508,24.809999465942383,24.809999465942383,881000
2020-04-09,25.989999771118164,27.760000228881836,25.43000030517578,26.489999771118164,26.489999771118164,1341900
2020-04-13,27.25,27.25,25.1200008392334,26.030000686645508,26.030000686645508,697000
2020-04-14,26.670000076293945,27.010000228881836,24.299999237060547,25.309999465942383,25.309999465942383,708700
2020-04-15,23.8799991607666,24.450000762939453,22.93000030517578,23.770000457763672,23.770000457763672,878100
2020-04-16,23.56999969482422,23.690000534057617,22.100000381469727,22.65999984741211,22.65999984741211,1082100
2020-04-17,23.860000610351562,24.479999542236328,23.579999923706055,24.3700008392334,24.3700008392334,1085100
2020-04-20,23.3799991607666,24.15999984741211,22.56999969482422,23.190000534057617,23.190000534057617,755900
2020-04-21,22.399999618530273,22.709999084472656,21.969999313354492,22.389999389648438,22.389999389648438,710800
2020-04-22,23.260000228881836,23.510000228881836,21.860000610351562,21.940000534057617,21.940000534057617,689900
2020-04-23,22.239999771118164,23.149999618530273,21.979999542236328,22.34000015258789,22.34000015258789,758400
2020-04-24,22.469999313354492,23.229999542236328,22.049999237060547,23.040000915527344,23.040000915527344,735100
2020-04-27,23.5,25.25,23.350000381469727,25.0,25.0,967700
2020-04-28,26.229999542236328,27.6299991607666,25.850000381469727,27.290000915527344,27.290000915527344,1078800
2020-04-29,28.510000228881836,29.770000457763672,27.829999923706055,29.1200008392334,29.1200008392334,1215700
2020-04-30,28.100000381469727,28.920000076293945,24.84000015258789,25.8700008392334,25.8700008392334,2596700
2020-05-01,25.809999465942383,27.0,24.809999465942383,26.950000762939453,26.950000762939453,1268600
2020-05-04,27.420000076293945,27.43000030517578,25.020000457763672,25.850000381469727,25.850000381469727,1191000
2020-05-05,26.780000686645508,28.5,25.760000228881836,25.93000030517578,25.93000030517578,839400
2020-05-06,26.0,26.59000015258789,25.040000915527344,25.43000030517578,25.43000030517578,837900
2020-05-07,25.760000228881836,26.700000762939453,25.760000228881836,26.280000686645508,26.280000686645508,708300
2020-05-08,26.799999237060547,27.979999542236328,26.68000030517578,27.719999313354492,27.719999313354492,764100
2020-05-11,27.0,27.43000030517578,25.600000381469727,26.940000534057617,26.940000534057617,798500
2020-05-12,26.690000534057617,27.1299991607666,25.790000915527344,25.850000381469727,25.850000381469727,773400
2020-05-13,25.5,25.549999237060547,23.760000228881836,24.229999542236328,24.229999542236328,1058500
2020-05-14,23.280000686645508,25.59000015258789,22.18000030517578,25.09000015258789,25.09000015258789,668600
2020-05-15,24.93000030517578,26.079999923706055,24.489999771118164,25.68000030517578,25.68000030517578,946500
2020-05-18,27.309999465942383,28.65999984741211,27.010000228881836,28.100000381469727,28.100000381469727,1342700
2020-05-19,27.899999618530273,28.139999389648438,26.06999969482422,26.489999771118164,26.489999771118164,766900
2020-05-20,27.110000610351562,28.139999389648438,27.040000915527344,27.709999084472656,27.709999084472656,844800
2020-05-21,27.56999969482422,28.399999618530273,27.299999237060547,27.809999465942383,27.809999465942383,683800
2020-05-22,28.0,28.020000457763672,27.010000228881836,27.700000762939453,27.700000762939453,506500
2020-05-26,29.290000915527344,31.290000915527344,29.170000076293945,30.8799991607666,30.8799991607666,1221600
2020-05-27,32.290000915527344,33.66999816894531,31.8700008392334,33.45000076293945,33.45000076293945,1123700
2020-05-28,33.900001525878906,33.900001525878906,32.06999969482422,32.18000030517578,32.18000030517578,796300
2020-05-29,31.479999542236328,33.540000915527344,31.200000762939453,33.29999923706055,33.29999923706055,1130800
2020-06-01,32.77000045776367,34.959999084472656,32.56999969482422,34.40999984741211,34.40999984741211,1155100
2020-06-02,34.939998626708984,36.47999954223633,34.72999954223633,36.060001373291016,36.060001373291016,996500
2020-06-03,37.099998474121094,39.13999938964844,36.68000030517578,37.380001068115234,37.380001068115234,1227000
2020-06-04,37.220001220703125,38.38999938964844,36.43000030517578,38.290000915527344,38.290000915527344,1098000
2020-06-05,41.25,42.40999984741211,39.849998474121094,40.220001220703125,40.220001220703125,1486000
2020-06-08,41.970001220703125,42.459999084472656,40.18000030517578,40.380001068115234,40.380001068115234,1260600
2020-06-09,38.81999969482422,39.470001220703125,38.0099983215332,38.459999084472656,38.459999084472656,820400
2020-06-10,38.709999084472656,38.970001220703125,37.0,37.75,37.75,986200
2020-06-11,35.310001373291016,35.4900016784668,34.0099983215332,34.720001220703125,34.720001220703125,1386100
2020-06-12,36.70000076293945,37.56999969482422,35.59000015258789,37.0,37.0,1602900
2020-06-15,35.040000915527344,38.27000045776367,34.97999954223633,38.0,38.0,1104500
2020-06-16,40.18000030517578,41.34000015258789,39.689998626708984,40.52000045776367,40.52000045776367,1976000
2020-06-17,40.599998474121094,40.9900016784668,39.15999984741211,39.290000915527344,39.290000915527344,1154400
2020-06-18,38.849998474121094,39.38999938964844,37.88999938964844,38.34000015258789,38.34000015258789,998500
2020-06-19,39.209999084472656,39.52000045776367,36.13999938964844,37.630001068115234,37.630001068115234,1978200
2020-06-22,37.560001373291016,39.02000045776367,37.11000061035156,38.75,38.75,2339000
2020-06-23,38.38999938964844,38.38999938964844,36.68000030517578,37.220001220703125,37.220001220703125,1451200
2020-06-24,36.61000061035156,37.0,35.040000915527344,35.810001373291016,35.810001373291016,2374300
2020-06-25,35.349998474121094,37.310001373291016,34.459999084472656,37.18000030517578,37.18000030517578,2437500
2020-06-26,36.59000015258789,37.099998474121094,33.7400016784668,33.93000030517578,33.93000030517578,6082700
2020-06-29,34.83000183105469,35.59000015258789,34.310001373291016,34.810001373291016,34.810001373291016,1397600
2020-06-30,34.65999984741211,35.310001373291016,33.91999816894531,35.11000061035156,35.11000061035156,1034400
2020-07-01,35.119998931884766,35.650001525878906,32.54999923706055,32.56999969482422,32.56999969482422,1239300
2020-07-02,33.59000015258789,34.40999984741211,32.040000915527344,32.18000030517578,32.18000030517578,1227400
2020-07-06,33.130001068115234,34.63999938964844,32.790000915527344,34.47999954223633,34.47999954223633,1573700
2020-07-07,33.7599983215332,33.83000183105469,32.869998931884766,33.25,33.25,1841600
2020-07-08,33.40999984741211,34.65999984741211,33.06999969482422,34.599998474121094,34.599998474121094,1605100
2020-07-09,34.880001068115234,35.29999923706055,33.61000061035156,35.0,35.0,2748300
2020-07-10,34.970001220703125,35.91999816894531,34.470001220703125,35.72999954223633,35.72999954223633,2039300
2020-07-13,36.33000183105469,37.279998779296875,35.599998474121094,36.41999816894531,36.41999816894531,1141800
2020-07-14,36.20000076293945,37.849998474121094,36.06999969482422,37.7599983215332,37.7599983215332,991500
2020-07-15,39.22999954223633,41.5,39.09000015258789,41.34000015258789,41.34000015258789,1753000
2020-07-16,41.060001373291016,42.13999938964844,40.630001068115234,41.90999984741211,41.90999984741211,1200400
2020-07-17,42.18000030517578,43.36000061035156,41.849998474121094,43.04999923706055,43.04999923706055,927700
2020-07-20,42.90999984741211,43.20000076293945,42.20000076293945,42.630001068115234,42.630001068115234,1041800
2020-07-21,42.77000045776367,44.08000183105469,42.77000045776367,43.04999923706055,43.04999923706055,734700
2020-07-22,42.939998626708984,44.06999969482422,42.619998931884766,43.7599983215332,43.7599983215332,960100
2020-07-23,43.33000183105469,43.779998779296875,42.810001373291016,43.130001068115234,43.130001068115234,880400
2020-07-24,43.11000061035156,43.18000030517578,42.029998779296875,42.79999923706055,42.79999923706055,640700
2020-07-27,42.7599983215332,43.0,41.77000045776367,42.29999923706055,42.29999923706055,921300
2020-07-28,42.0,42.27000045776367,40.189998626708984,40.22999954223633,40.22999954223633,721900
2020-07-29,40.5099983215332,40.619998931884766,39.810001373291016,40.43000030517578,40.43000030517578,737000
2020-07-30,39.47999954223633,39.93000030517578,38.880001068115234,39.36000061035156,39.36000061035156,530100
2020-07-31,38.88999938964844,39.290000915527344,37.720001220703125,38.869998931884766,38.869998931884766,662300
2020-08-03,39.0,39.7400016784668,38.380001068115234,39.349998474121094,39.349998474121094,614000
2020-08-04,38.900001525878906,40.25,38.810001373291016,40.0,40.0,640400
2020-08-05,40.779998779296875,42.029998779296875,40.4900016784668,41.7400016784668,41.7400016784668,707300
2020-08-06,41.56999969482422,41.56999969482422,40.83000183105469,41.36000061035156,41.36000061035156,382000
2020-08-07,41.34000015258789,42.54999923706055,41.11000061035156,42.41999816894531,42.41999816894531,536900
2020-08-10,42.599998474121094,43.75,42.599998474121094,43.4900016784668,43.4900016784668,550500
2020-08-11,44.31999969482422,45.189998626708984,43.16999816894531,43.41999816894531,43.41999816894531,865100
2020-08-12,44.29999923706055,44.900001525878906,43.52000045776367,43.900001525878906,43.900001525878906,891900
2020-08-13,47.709999084472656,49.869998931884766,46.209999084472656,47.15999984741211,47.15999984741211,2487200
2020-08-14,47.5,48.279998779296875,46.349998474121094,47.36000061035156,47.36000061035156,1604300
2020-08-17,47.400001525878906,47.790000915527344,46.2400016784668,46.560001373291016,46.560001373291016,760900
2020-08-18,46.88999938964844,47.15999984741211,46.2599983215332,46.77000045776367,46.77000045776367,719300
2020-08-19,46.790000915527344,47.31999969482422,46.439998626708984,46.77000045776367,46.77000045776367,805300
2020-08-20,46.02000045776367,46.7599983215332,45.61000061035156,46.41999816894531,46.41999816894531,572100
2020-08-21,45.81999969482422,46.220001220703125,44.959999084472656,45.630001068115234,45.630001068115234,500300
2020-08-24,46.13999938964844,47.279998779296875,45.650001525878906,46.619998931884766,46.619998931884766,492400
2020-08-25,46.88999938964844,47.16999816894531,45.939998626708984,46.88999938964844,46.88999938964844,426100
2020-08-26,46.95000076293945,47.310001373291016,46.20000076293945,47.18000030517578,47.18000030517578,465000
2020-08-27,47.22999954223633,47.790000915527344,46.5,47.47999954223633,47.47999954223633,535000
2020-08-28,47.58000183105469,48.4900016784668,47.33000183105469,48.34000015258789,48.34000015258789,388100
2020-08-31,48.34000015258789,48.34000015258789,46.84000015258789,46.849998474121094,46.849998474121094,643300
2020-09-01,46.70000076293945,48.15999984741211,46.52000045776367,47.97999954223633,47.97999954223633,618700
2020-09-02,47.970001220703125,48.47999954223633,46.220001220703125,47.27000045776367,47.27000045776367,603400
2020-09-03,47.400001525878906,47.650001525878906,44.68000030517578,44.86000061035156,44.86000061035156,675800
2020-09-04,46.0,46.220001220703125,43.88999938964844,45.5099983215332,45.5099983215332,620300
2020-09-08,44.75,45.93000030517578,44.029998779296875,44.95000076293945,44.95000076293945,670500
2020-09-09,45.83000183105469,46.43000030517578,45.2400016784668,45.939998626708984,45.939998626708984,633000
2020-09-10,45.970001220703125,46.20000076293945,44.459999084472656,44.5099983215332,44.5099983215332,437100
2020-09-11,45.040000915527344,45.470001220703125,44.310001373291016,45.20000076293945,45.20000076293945,431100
2020-09-14,45.79999923706055,46.380001068115234,45.310001373291016,45.70000076293945,45.70000076293945,509900
2020-09-15,46.220001220703125,46.33000183105469,43.68000030517578,43.70000076293945,43.70000076293945,690300
2020-09-16,44.279998779296875,45.52000045776367,44.209999084472656,44.619998931884766,44.619998931884766,857000
2020-09-17,43.720001220703125,45.27000045776367,43.27000045776367,44.869998931884766,44.869998931884766,462900
2020-09-18,44.91999816894531,46.040000915527344,44.400001525878906,44.779998779296875,44.779998779296875,1172800
2020-09-21,43.650001525878906,43.70000076293945,42.06999969482422,42.79999923706055,42.79999923706055,819100
2020-09-22,42.7599983215332,43.58000183105469,42.7599983215332,43.2599983215332,43.2599983215332,399100
2020-09-23,42.95000076293945,43.900001525878906,40.970001220703125,41.189998626708984,41.189998626708984,577800
2020-09-24,41.11000061035156,42.599998474121094,40.20000076293945,41.59000015258789,41.59000015258789,480600
2020-09-25,41.06999969482422,42.0,40.849998474121094,41.65999984741211,41.65999984741211,611200
2020-09-28,42.709999084472656,44.68000030517578,42.34000015258789,43.72999954223633,43.72999954223633,420800
2020-09-29,43.88999938964844,43.88999938964844,42.689998626708984,43.529998779296875,43.529998779296875,333900
2020-09-30,43.72999954223633,45.20000076293945,43.5099983215332,44.02000045776367,44.02000045776367,344300
2020-10-01,44.34000015258789,44.709999084472656,43.619998931884766,44.66999816894531,44.66999816894531,492700
2020-10-02,43.40999984741211,46.45000076293945,43.11000061035156,46.189998626708984,46.189998626708984,449900
2020-10-05,46.88999938964844,48.29999923706055,46.849998474121094,47.81999969482422,47.81999969482422,539200
2020-10-06,48.540000915527344,48.68000030517578,46.529998779296875,46.810001373291016,46.810001373291016,492400
2020-10-07,47.75,48.77000045776367,47.720001220703125,48.349998474121094,48.349998474121094,503900
2020-10-08,48.79999923706055,49.15999984741211,47.630001068115234,48.95000076293945,48.95000076293945,342700
2020-10-09,49.779998779296875,49.779998779296875,48.040000915527344,48.09000015258789,48.09000015258789,321100
2020-10-12,48.029998779296875,48.900001525878906,47.650001525878906,48.02000045776367,48.02000045776367,566200
2020-10-13,47.13999938964844,47.220001220703125,45.5,45.630001068115234,45.630001068115234,566200
2020-10-14,45.630001068115234,46.779998779296875,45.630001068115234,45.970001220703125,45.970001220703125,1367300
2020-10-15,45.09000015258789,47.310001373291016,45.09000015258789,47.029998779296875,47.029998779296875,615500
2020-10-16,47.41999816894531,47.689998626708984,46.439998626708984,46.439998626708984,46.439998626708984,320000
2020-10-19,46.7599983215332,47.04999923706055,44.939998626708984,44.9900016784668,44.9900016784668,438300
2020-10-20,45.650001525878906,46.54999923706055,45.36000061035156,46.0,46.0,400500
2020-10-21,46.06999969482422,46.779998779296875,44.560001373291016,44.65999984741211,44.65999984741211,387500
2020-10-22,45.130001068115234,45.619998931884766,44.22999954223633,44.97999954223633,44.97999954223633,492200
2020-10-23,45.56999969482422,46.060001373291016,44.81999969482422,45.5,45.5,212700
2020-10-26,44.540000915527344,44.56999969482422,42.310001373291016,43.72999954223633,43.72999954223633,615200
2020-10-27,43.45000076293945,43.880001068115234,41.68000030517578,41.900001525878906,41.900001525878906,334100
2020-10-28,40.40999984741211,40.959999084472656,39.77000045776367,40.099998474121094,40.099998474121094,796800
2020-10-29,39.81999969482422,41.2599983215332,39.45000076293945,40.779998779296875,40.779998779296875,600800
2020-10-30,40.66999816894531,41.2599983215332,39.959999084472656,41.2400016784668,41.2400016784668,552000
2020-11-02,42.02000045776367,44.33000183105469,41.5,43.95000076293945,43.95000076293945,443900
2020-11-03,44.79999923706055,46.0,44.63999938964844,45.709999084472656,45.709999084472656,554000
2020-11-04,44.11000061035156,45.2599983215332,42.72999954223633,43.95000076293945,43.95000076293945,867600
2020-11-05,46.66999816894531,52.33000183105469,46.41999816894531,52.150001525878906,52.150001525878906,2259100
2020-11-06,52.790000915527344,55.08000183105469,51.52000045776367,55.0,55.0,1118200
2020-11-09,58.790000915527344,61.79999923706055,55.709999084472656,55.83000183105469,55.83000183105469,774600
2020-11-10,56.54999923706055,58.41999816894531,56.209999084472656,57.70000076293945,57.70000076293945,723400
2020-11-11,57.90999984741211,58.119998931884766,56.43000030517578,58.11000061035156,58.11000061035156,463700
2020-11-12,57.209999084472656,58.45000076293945,56.310001373291016,57.15999984741211,57.15999984741211,574500
2020-11-13,58.16999816894531,59.439998626708984,57.66999816894531,58.91999816894531,58.91999816894531,521800
2020-11-16,60.61000061035156,63.0,59.689998626708984,62.34000015258789,62.34000015258789,880000
2020-11-17,61.689998626708984,62.77000045776367,60.20000076293945,62.2400016784668,62.2400016784668,529100
2020-11-18,62.68000030517578,64.58999633789062,61.91999816894531,62.38999938964844,62.38999938964844,624100
2020-11-19,62.029998779296875,62.869998931884766,61.060001373291016,62.81999969482422,62.81999969482422,311200
2020-11-20,62.47999954223633,62.56999969482422,61.04999923706055,62.0,62.0,523500
2020-11-23,63.0099983215332,64.79000091552734,62.7599983215332,64.33999633789062,64.33999633789062,442200
2020-11-24,65.33999633789062,68.16000366210938,64.55999755859375,67.33999633789062,67.33999633789062,462600
2020-11-25,66.25,66.77999877929688,64.27999877929688,66.44000244140625,66.44000244140625,289500
2020-11-27,66.0,67.01000213623047,65.73999786376953,66.87999725341797,66.87999725341797,147200
2020-11-30,66.43000030517578,66.61000061035156,65.08000183105469,65.22000122070312,65.22000122070312,295700
2020-12-01,66.66000366210938,66.80999755859375,65.12000274658203,66.36000061035156,66.36000061035156,405000
2020-12-02,66.0,66.66999816894531,65.43000030517578,66.3499984741211,66.3499984741211,401300
2020-12-03,66.23999786376953,67.91999816894531,65.5,66.91999816894531,66.91999816894531,435800
2020-12-04,67.5199966430664,68.95999908447266,67.12999725341797,68.70999908447266,68.70999908447266,293900
2020-12-07,68.22000122070312,69.47000122070312,67.45999908447266,68.95999908447266,68.95999908447266,384200
2020-12-08,70.0,72.72000122070312,69.63999938964844,71.70999908447266,71.70999908447266,535500
2020-12-09,71.87000274658203,72.9800033569336,71.37999725341797,72.51000213623047,72.51000213623047,370500
2020-12-10,71.12000274658203,72.69999694824219,71.12000274658203,71.69000244140625,71.69000244140625,400000
2020-12-11,72.5199966430664,74.95999908447266,71.7300033569336,74.45999908447266,74.45999908447266,683600
2020-12-14,75.36000061035156,75.87000274658203,73.25,73.97000122070312,73.97000122070312,562300
2020-12-15,74.77999877929688,77.04000091552734,74.61000061035156,76.98999786376953,76.98999786376953,436100
2020-12-16,77.12999725341797,77.93000030517578,76.0,76.45999908447266,76.45999908447266,501700
2020-12-17,76.6500015258789,77.44000244140625,75.75,77.29000091552734,77.29000091552734,375000
2020-12-18,77.25,77.44999694824219,74.5999984741211,75.48999786376953,75.48999786376953,832000
2020-12-21,73.06999969482422,75.30000305175781,72.37999725341797,75.26000213623047,75.26000213623047,321400
2020-12-22,76.76000213623047,76.79000091552734,74.83999633789062,75.7699966430664,75.7699966430664,348500
2020-12-23,76.06999969482422,76.5,74.5999984741211,75.95999908447266,75.95999908447266,329100
2020-12-24,76.72000122070312,76.91999816894531,75.75,76.69000244140625,76.69000244140625,81700
2020-12-28,77.93000030517578,78.94999694824219,77.26000213623047,77.68000030517578,77.68000030517578,372800
2020-12-29,77.55999755859375,77.55999755859375,76.2699966430664,77.13999938964844,77.13999938964844,288400
2020-12-30,76.88999938964844,78.58999633789062,76.88999938964844,78.36000061035156,78.36000061035156,219500
2020-12-31,78.44999694824219,79.55000305175781,77.29000091552734,78.5,78.5,307300
2021-01-04,79.05000305175781,79.69000244140625,75.63999938964844,76.58000183105469,76.58000183105469,335000
2021-01-05,76.12000274658203,80.02999877929688,75.91000366210938,78.9000015258789,78.9000015258789,374800
2021-01-06,80.41000366210938,84.91999816894531,80.41000366210938,84.29000091552734,84.29000091552734,450400
2021-01-07,84.77999877929688,86.91000366210938,83.2300033569336,86.56999969482422,86.56999969482422,313500
2021-01-08,86.7300033569336,86.7300033569336,83.33999633789062,85.51000213623047,85.51000213623047,301400
2021-01-11,83.91000366210938,85.0199966430664,83.20999908447266,83.83000183105469,83.83000183105469,462000
2021-01-12,84.0199966430664,86.3499984741211,83.62999725341797,85.66999816894531,85.66999816894531,303300
2021-01-13,87.44000244140625,87.62999725341797,83.44000244140625,84.31999969482422,84.31999969482422,437600
2021-01-14,85.02999877929688,87.83999633789062,84.68000030517578,86.63999938964844,86.63999938964844,306300
2021-01-15,84.58999633789062,86.38999938964844,81.5999984741211,85.70999908447266,85.70999908447266,431400
2021-01-19,86.47000122070312,87.8499984741211,85.75,86.01000213623047,86.01000213623047,467900
2021-01-20,86.41999816894531,86.97000122070312,85.04000091552734,85.80000305175781,85.80000305175781,241800
2021-01-21,85.80000305175781,86.38999938964844,84.1500015258789,84.5199966430664,84.5199966430664,267500
2021-01-22,83.62999725341797,84.2300033569336,82.62999725341797,84.05999755859375,84.05999755859375,399100
2021-01-25,83.37000274658203,83.37000274658203,80.80000305175781,81.7300033569336,81.7300033569336,446800
2021-01-26,82.58999633789062,83.44000244140625,78.69000244140625,79.04000091552734,79.04000091552734,419900
2021-01-27,76.76000213623047,78.8499984741211,73.7699966430664,75.9800033569336,75.9800033569336,748800
2021-01-28,77.61000061035156,80.80999755859375,77.18000030517578,78.80000305175781,78.80000305175781,369000
2021-01-29,78.38999938964844,78.87999725341797,75.04000091552734,76.11000061035156,76.11000061035156,521400
2021-02-01,77.47000122070312,81.20999908447266,77.47000122070312,80.91999816894531,80.91999816894531,306800
2021-02-02,82.0,83.66000366210938,80.66999816894531,82.58999633789062,82.58999633789062,370100
2021-02-03,82.19999694824219,84.55000305175781,81.19999694824219,84.51000213623047,84.51000213623047,281400
2021-02-04,84.51000213623047,85.8499984741211,84.12999725341797,85.54000091552734,85.54000091552734,317300
2021-02-05,85.91999816894531,87.16999816894531,85.31999969482422,86.7699966430664,86.7699966430664,336100
2021-02-08,87.3499984741211,89.52999877929688,87.30999755859375,89.33000183105469,89.33000183105469,429800
2021-02-09,75.4000015258789,77.4800033569336,70.48999786376953,76.62000274658203,76.62000274658203,3186500
2021-02-10,78.51000213623047,82.93000030517578,76.76000213623047,77.30999755859375,77.30999755859375,1382600
2021-02-11,77.4000015258789,78.48999786376953,75.30000305175781,76.80000305175781,76.80000305175781,682000
2021-02-12,76.0,81.36000061035156,75.83000183105469,80.44000244140625,80.44000244140625,1284800
2021-02-16,81.88999938964844,83.08000183105469,81.20999908447266,82.05000305175781,82.05000305175781,529300
2021-02-17,81.05000305175781,82.08000183105469,80.19999694824219,80.47000122070312,80.47000122070312,534300
2021-02-18,79.68000030517578,81.33999633789062,77.63999938964844,78.86000061035156,78.86000061035156,366700
2021-02-19,79.73999786376953,82.58000183105469,79.73999786376953,81.52999877929688,81.52999877929688,444500
2021-02-22,80.86000061035156,82.37999725341797,80.16000366210938,80.62999725341797,80.62999725341797,563400
2021-02-23,80.0,81.86000061035156,77.01000213623047,81.20999908447266,81.20999908447266,397600
2021-02-24,81.66999816894531,84.12999725341797,80.9800033569336,84.0999984741211,84.0999984741211,539600
2021-02-25,83.80000305175781,84.4000015258789,80.05999755859375,80.2699966430664,80.2699966430664,603100
2021-02-26,80.77999877929688,81.91999816894531,78.5999984741211,80.27999877929688,80.27999877929688,368200
2021-03-01,82.55999755859375,86.5,82.31999969482422,85.8499984741211,85.8499984741211,517200
2021-03-02,85.61000061035156,87.13999938964844,85.27999877929688,85.81999969482422,85.81999969482422,403400
2021-03-03,86.06999969482422,88.77999877929688,85.41000366210938,86.48999786376953,86.48999786376953,382300
2021-03-04,86.58000183105469,88.95999908447266,80.1500015258789,83.18000030517578,83.18000030517578,932500
2021-03-05,85.0,86.58000183105469,79.4000015258789,86.44000244140625,86.44000244140625,556800
2021-03-08,87.5199966430664,89.70999908447266,86.62999725341797,88.72000122070312,88.72000122070312,504800
2021-03-09,89.6500015258789,90.4800033569336,86.22000122070312,87.52999877929688,87.52999877929688,472300
2021-03-10,87.83000183105469,90.58000183105469,87.41999816894531,90.05000305175781,90.05000305175781,356600
2021-03-11,92.04000091552734,93.08999633789062,90.51000213623047,91.44000244140625,91.44000244140625,415400
2021-03-12,92.0,93.25,90.88999938964844,92.13999938964844,92.13999938964844,318200
2021-03-15,91.8499984741211,92.9000015258789,90.30999755859375,92.79000091552734,92.79000091552734,227900
2021-03-16,93.36000061035156,93.36000061035156,89.08999633789062,89.37000274658203,89.37000274658203,437100
2021-03-17,90.0199966430664,93.29000091552734,88.97000122070312,93.2300033569336,93.2300033569336,327600
2021-03-18,92.72000122070312,95.19000244140625,89.30000305175781,89.66000366210938,89.66000366210938,337900
2021-03-19,90.36000061035156,91.7699966430664,85.0,91.0,91.0,732200
2021-03-22,91.44000244140625,91.45999908447266,88.58999633789062,90.18000030517578,90.18000030517578,272100
2021-03-23,88.6500015258789,89.70999908447266,82.1500015258789,82.91999816894531,82.91999816894531,559500
2021-03-24,84.6500015258789,87.36000061035156,81.2699966430664,81.48999786376953,81.48999786376953,514300
2021-03-25,80.2699966430664,85.19999694824219,79.0999984741211,84.16000366210938,84.16000366210938,481700
2021-03-26,85.79000091552734,86.36000061035156,83.37999725341797,85.80000305175781,85.80000305175781,438300
2021-03-29,85.0,88.0,82.68000030517578,83.04000091552734,83.04000091552734,374900
2021-03-30,82.76000213623047,86.06999969482422,82.30999755859375,85.80000305175781,85.80000305175781,306000
2021-03-31,86.37000274658203,87.8499984741211,84.51000213623047,86.52999877929688,86.52999877929688,405800
2021-04-01,87.69999694824219,87.9800033569336,85.55000305175781,87.04000091552734,87.04000091552734,294800
2021-04-05,88.62000274658203,89.9800033569336,88.0999984741211,89.1500015258789,89.1500015258789,205500
2021-04-06,88.9000015258789,90.11000061035156,87.27999877929688,87.37999725341797,87.37999725341797,326000
2021-04-07,87.47000122070312,87.52999877929688,84.44000244140625,84.63999938964844,84.63999938964844,327400
2021-04-08,85.33999633789062,86.4000015258789,83.5,86.08000183105469,86.08000183105469,274300
2021-04-09,86.20999908447266,87.91000366210938,85.0,87.41000366210938,87.41000366210938,247600
2021-04-12,88.23999786376953,90.08000183105469,87.63999938964844,89.7699966430664,89.7699966430664,273200
2021-04-13,89.13999938964844,89.13999938964844,85.16000366210938,86.37000274658203,86.37000274658203,387200
2021-04-14,86.70999908447266,87.83999633789062,84.7699966430664,84.77999877929688,84.77999877929688,431500
2021-04-15,85.81999969482422,86.12000274658203,83.87999725341797,85.73999786376953,85.73999786376953,343100
2021-04-16,86.4800033569336,87.30000305175781,85.26000213623047,86.91000366210938,86.91000366210938,446500
2021-04-19,86.18000030517578,86.55000305175781,84.22000122070312,84.91000366210938,84.91000366210938,483200
2021-04-20,83.9800033569336,85.08000183105469,82.16999816894531,84.20999908447266,84.20999908447266,301400
2021-04-21,83.26000213623047,86.30999755859375,82.29000091552734,86.05000305175781,86.05000305175781,181400
2021-04-22,86.41999816894531,88.45999908447266,85.01000213623047,87.69999694824219,87.69999694824219,533900
2021-04-23,88.5999984741211,91.01000213623047,87.87999725341797,90.52999877929688,90.52999877929688,345400
2021-04-26,91.20999908447266,92.33000183105469,90.75,91.04000091552734,91.04000091552734,346700
2021-04-27,90.62999725341797,91.58000183105469,89.5199966430664,91.38999938964844,91.38999938964844,341300
2021-04-28,91.26000213623047,92.44000244140625,90.26000213623047,92.04000091552734,92.04000091552734,285500
2021-04-29,93.81999969482422,93.81999969482422,91.08999633789062,93.33000183105469,93.33000183105469,384300
2021-04-30,92.5,93.2300033569336,91.38999938964844,91.72000122070312,91.72000122070312,630900
2021-05-03,93.06999969482422,93.76000213623047,90.66999816894531,91.45999908447266,91.45999908447266,304500
2021-05-04,91.02999877929688,92.76000213623047,89.41000366210938,92.69000244140625,92.69000244140625,326700
2021-05-05,93.69000244140625,94.73999786376953,91.62000274658203,93.9800033569336,93.9800033569336,480300
2021-05-06,102.1500015258789,105.8499984741211,99.41999816894531,102.95999908447266,102.95999908447266,930800
2021-05-07,103.0199966430664,109.61000061035156,101.0,109.48999786376953,109.48999786376953,725000
2021-05-10,110.0,111.94999694824219,107.63999938964844,107.6500015258789,107.6500015258789,486700
2021-05-11,106.43000030517578,108.0,104.66999816894531,106.25,106.25,569600
2021-05-12,104.8499984741211,105.66999816894531,101.33000183105469,102.11000061035156,102.11000061035156,524100
2021-05-13,102.62000274658203,108.80000305175781,102.62000274658203,107.91999816894531,107.91999816894531,472600
2021-05-14,108.63999938964844,110.86000061035156,107.54000091552734,110.31999969482422,110.31999969482422,306200
2021-05-17,109.2300033569336,110.0,107.30000305175781,108.83000183105469,108.83000183105469,247600
2021-05-18,108.19000244140625,109.08000183105469,106.66000366210938,106.68000030517578,106.68000030517578,369200
2021-05-19,105.08000183105469,105.20999908447266,103.44999694824219,104.5,104.5,369000
2021-05-20,104.12000274658203,104.9800033569336,102.36000061035156,103.91000366210938,103.91000366210938,409200
2021-05-21,105.44999694824219,106.0199966430664,103.27999877929688,103.91999816894531,103.91999816894531,311200
2021-05-24,104.02999877929688,105.9000015258789,102.68000030517578,105.19999694824219,105.19999694824219,216000
2021-05-25,106.0,107.05000305175781,103.41999816894531,103.66999816894531,103.66999816894531,278300
2021-05-26,104.33999633789062,106.98999786376953,103.23999786376953,106.62999725341797,106.62999725341797,248900
2021-05-27,108.0,108.5199966430664,106.47000122070312,106.62999725341797,106.62999725341797,392700
2021-05-28,107.16000366210938,107.44000244140625,105.19000244140625,106.56999969482422,106.56999969482422,139000
2021-06-01,108.29000091552734,110.5199966430664,108.29000091552734,109.56999969482422,109.56999969482422,350100
2021-06-02,109.62999725341797,110.0,107.80999755859375,108.01000213623047,108.01000213623047,350800
2021-06-03,107.61000061035156,109.51000213623047,106.62999725341797,108.5199966430664,108.5199966430664,206200
2021-06-04,109.4000015258789,109.4000015258789,107.66000366210938,109.04000091552734,109.04000091552734,211800
2021-06-07,109.02999877929688,110.51000213623047,108.48999786376953,110.2300033569336,110.2300033569336,344700
2021-06-08,110.41000366210938,113.0999984741211,108.91000366210938,112.3499984741211,112.3499984741211,345400
2021-06-09,112.2699966430664,112.2699966430664,109.37000274658203,109.6500015258789,109.6500015258789,405500
2021-06-10,111.16000366210938,111.45999908447266,109.2699966430664,110.0,110.0,410300
2021-06-11,110.19999694824219,111.83999633789062,110.05999755859375,111.0,111.0,230300
2021-06-14,110.37999725341797,110.4800033569336,108.55000305175781,110.13999938964844,110.13999938964844,927100
2021-06-15,110.12000274658203,111.83999633789062,109.37999725341797,110.58999633789062,110.58999633789062,299400
2021-06-16,109.19999694824219,110.48999786376953,106.51000213623047,108.30999755859375,108.30999755859375,368000
2021-06-17,108.06999969482422,108.06999969482422,100.05999755859375,102.58999633789062,102.58999633789062,465400
2021-06-18,100.5,101.79000091552734,98.7300033569336,98.76000213623047,98.76000213623047,540300
2021-06-21,100.48999786376953,103.5,99.51000213623047,102.30999755859375,102.30999755859375,466700
2021-06-22,101.68000030517578,102.23999786376953,99.62999725341797,101.7699966430664,101.7699966430664,314500
2021-06-23,101.75,103.56999969482422,101.55999755859375,102.18000030517578,102.18000030517578,303000
2021-06-24,103.18000030517578,104.19999694824219,101.5999984741211,103.62000274658203,103.62000274658203,457500
2021-06-25,104.3499984741211,104.5199966430664,102.13999938964844,102.33999633789062,102.33999633789062,1674600
2021-06-28,102.33999633789062,102.44999694824219,99.83000183105469,100.76000213623047,100.76000213623047,300700
2021-06-29,101.33999633789062,102.91000366210938,100.75,101.30999755859375,101.30999755859375,301100
2021-06-30,100.5999984741211,103.0999984741211,100.5999984741211,102.81999969482422,102.81999969482422,265600
2021-07-01,103.70999908447266,104.44000244140625,102.56999969482422,103.83000183105469,103.83000183105469,212300
2021-07-02,103.9000015258789,104.47000122070312,102.75,103.73999786376953,103.73999786376953,276000
2021-07-06,103.9000015258789,104.30000305175781,98.63999938964844,100.05000305175781,100.05000305175781,254800
2021-07-07,99.52999877929688,102.95999908447266,99.52999877929688,102.51000213623047,102.51000213623047,258900
2021-07-08,100.08999633789062,102.7699966430664,98.5999984741211,100.2300033569336,100.2300033569336,203200
2021-07-09,102.30000305175781,104.54000091552734,102.30000305175781,104.0999984741211,104.0999984741211,151900
2021-07-12,102.77999877929688,105.0,101.77999877929688,104.52999877929688,104.52999877929688,186400
2021-07-13,103.20999908447266,103.83000183105469,101.8499984741211,102.19000244140625,102.19000244140625,152800
2021-07-14,103.75,104.51000213623047,100.72000122070312,101.30999755859375,101.30999755859375,163900
2021-07-15,100.56999969482422,102.43000030517578,99.9000015258789,101.13999938964844,101.13999938964844,160000
2021-07-16,102.51000213623047,103.41999816894531,98.30000305175781,98.61000061035156,98.61000061035156,186400
2021-07-19,95.30000305175781,97.36000061035156,93.80000305175781,95.11000061035156,95.11000061035156,279300
2021-07-20,96.08000183105469,101.2300033569336,95.5999984741211,100.30000305175781,100.30000305175781,261800
2021-07-21,101.44999694824219,103.6500015258789,100.95999908447266,102.41000366210938,102.41000366210938,166800
2021-07-22,101.76000213623047,101.80999755859375,99.44999694824219,99.87000274658203,99.87000274658203,237900
2021-07-23,101.23999786376953,101.73999786376953,99.8499984741211,101.62999725341797,101.62999725341797,133600
2021-07-26,101.72000122070312,102.97000122070312,101.23999786376953,102.41000366210938,102.41000366210938,192400
2021-07-27,101.19000244140625,102.29000091552734,100.37000274658203,101.5999984741211,101.5999984741211,141500
2021-07-28,102.2300033569336,104.9800033569336,100.79000091552734,103.13999938964844,103.13999938964844,311800
2021-07-29,105.30999755859375,107.5,103.7300033569336,106.22000122070312,106.22000122070312,257700
2021-07-30,105.23999786376953,106.91999816894531,105.0,106.44999694824219,106.44999694824219,184300
2021-08-02,107.77999877929688,109.23999786376953,104.79000091552734,105.33999633789062,105.33999633789062,255200
2021-08-03,106.69000244140625,109.0,104.44999694824219,108.08000183105469,108.08000183105469,253700
2021-08-04,106.44000244140625,107.12000274658203,105.5,105.8499984741211,105.8499984741211,405600
2021-08-05,109.52999877929688,113.80999755859375,108.12999725341797,111.62999725341797,111.62999725341797,491200
2021-08-06,115.55000305175781,116.36000061035156,113.04000091552734,114.9800033569336,114.9800033569336,246200
2021-08-09,114.70999908447266,114.8499984741211,111.93000030517578,113.4800033569336,113.4800033569336,251100
2021-08-10,113.69999694824219,117.1500015258789,112.93000030517578,117.08999633789062,117.08999633789062,176700
2021-08-11,117.69999694824219,119.51000213623047,115.02999877929688,119.44999694824219,119.44999694824219,204800
2021-08-12,119.58999633789062,119.91999816894531,117.05000305175781,117.80999755859375,117.80999755859375,231100
2021-08-13,117.56999969482422,118.0,115.86000061035156,117.08000183105469,117.08000183105469,147800
2021-08-16,115.9000015258789,116.51000213623047,114.30999755859375,114.72000122070312,114.72000122070312,214600
2021-08-17,112.94999694824219,112.97000122070312,109.55999755859375,111.02999877929688,111.02999877929688,195900
2021-08-18,110.12999725341797,112.5199966430664,109.94999694824219,110.16000366210938,110.16000366210938,245500
2021-08-19,108.22000122070312,109.98999786376953,107.5,108.86000061035156,108.86000061035156,374800
2021-08-20,109.01000213623047,110.5999984741211,108.47000122070312,109.9800033569336,109.9800033569336,233400
2021-08-23,110.62999725341797,112.79000091552734,110.08999633789062,112.55000305175781,112.55000305175781,170300
2021-08-24,113.13999938964844,116.48999786376953,113.13999938964844,116.05000305175781,116.05000305175781,216100
2021-08-25,116.05000305175781,118.1500015258789,115.6500015258789,117.4800033569336,117.4800033569336,203800
2021-08-26,117.05999755859375,117.27999877929688,115.22000122070312,116.27999877929688,116.27999877929688,218800
2021-08-27,116.27999877929688,120.73999786376953,116.27999877929688,120.30000305175781,120.30000305175781,302500
2021-08-30,120.30000305175781,121.19000244140625,118.61000061035156,119.16999816894531,119.16999816894531,170400
2021-08-31,118.95999908447266,119.62000274658203,116.94999694824219,117.0199966430664,117.0199966430664,231300
2021-09-01,117.12000274658203,117.12000274658203,114.22000122070312,115.54000091552734,115.54000091552734,191000
2021-09-02,116.61000061035156,117.08000183105469,114.05000305175781,116.7300033569336,116.7300033569336,154700
2021-09-03,115.94999694824219,116.61000061035156,114.73999786376953,115.54000091552734,115.54000091552734,96300
2021-09-07,114.7699966430664,115.23999786376953,113.3499984741211,113.38999938964844,113.38999938964844,154000
2021-09-08,112.7699966430664,114.05000305175781,111.01000213623047,112.08999633789062,112.08999633789062,211500
2021-09-09,111.80000305175781,114.16999816894531,111.4000015258789,112.69000244140625,112.69000244140625,190300
2021-09-10,113.93000030517578,114.87999725341797,112.5,112.79000091552734,112.79000091552734,193500
2021-09-13,113.66999816894531,113.66999816894531,111.44999694824219,112.9000015258789,112.9000015258789,226000
2021-09-14,113.62000274658203,114.62000274658203,110.80000305175781,111.68000030517578,111.68000030517578,338100
2021-09-15,111.62999725341797,116.08000183105469,111.62999725341797,115.7699966430664,115.7699966430664,252200
2021-09-16,115.37000274658203,116.45999908447266,113.69999694824219,115.0,115.0,325100
2021-09-17,115.0,115.87999725341797,112.12999725341797,113.83000183105469,113.83000183105469,753000
2021-09-20,110.5,113.16999816894531,109.3499984741211,112.7300033569336,112.7300033569336,404800
2021-09-21,114.30000305175781,114.30000305175781,109.69999694824219,110.41000366210938,110.41000366210938,325500
2021-09-22,111.44000244140625,114.19000244140625,110.45999908447266,113.18000030517578,113.18000030517578,313800
2021-09-23,113.97000122070312,117.69000244140625,113.87000274658203,116.81999969482422,116.81999969482422,260000
2021-09-24,116.47000122070312,118.0199966430664,115.38999938964844,117.5,117.5,208000
2021-09-27,117.52999877929688,120.2300033569336,117.52999877929688,119.73999786376953,119.73999786376953,365600
2021-09-28,119.66999816894531,119.98999786376953,116.33999633789062,116.47000122070312,116.47000122070312,260200
2021-09-29,117.69000244140625,118.7699966430664,116.9000015258789,117.43000030517578,117.43000030517578,234000
2021-09-30,118.12000274658203,118.41999816894531,114.62999725341797,115.31999969482422,115.31999969482422,413900
2021-10-01,116.06999969482422,120.73999786376953,115.44000244140625,120.0,120.0,555000
2021-10-04,120.0,121.5,117.93000030517578,119.80999755859375,119.80999755859375,436600
2021-10-05,120.05000305175781,123.2699966430664,119.05999755859375,121.66000366210938,121.66000366210938,417900
2021-10-06,120.30000305175781,121.19999694824219,115.27999877929688,117.43000030517578,117.43000030517578,321400
2021-10-07,118.41999816894531,120.3499984741211,118.16999816894531,119.94999694824219,119.94999694824219,265900
2021-10-08,120.20999908447266,120.20999908447266,116.66000366210938,116.70999908447266,116.70999908447266,213500
2021-10-11,116.62999725341797,120.0199966430664,116.41000366210938,118.31999969482422,118.31999969482422,154600
2021-10-12,118.7300033569336,120.0999984741211,118.19000244140625,119.81999969482422,119.81999969482422,229800
2021-10-13,119.80000305175781,119.80000305175781,117.2300033569336,118.75,118.75,166300
2021-10-14,120.3499984741211,122.08000183105469,119.58999633789062,121.83999633789062,121.83999633789062,318700
2021-10-15,125.54000091552734,127.52999877929688,123.9000015258789,124.80999755859375,124.80999755859375,438100
2021-10-18,123.61000061035156,126.18000030517578,123.56999969482422,125.9800033569336,125.9800033569336,191400
2021-10-19,126.68000030517578,127.0,125.01000213623047,125.9000015258789,125.9000015258789,142400
2021-10-20,126.3499984741211,128.57000732421875,125.79000091552734,128.10000610351562,128.10000610351562,279700
2021-10-21,127.44999694824219,128.3699951171875,125.33000183105469,127.30999755859375,127.30999755859375,211800
2021-10-22,128.13999938964844,129.0500030517578,125.48999786376953,125.48999786376953,125.48999786376953,169400
2021-10-25,125.41000366210938,128.5,125.37999725341797,128.05999755859375,128.05999755859375,231800
2021-10-26,128.32000732421875,128.32000732421875,124.4800033569336,124.81999969482422,124.81999969482422,191000
2021-10-27,124.68000030517578,126.22000122070312,123.37999725341797,125.0,125.0,413000
2021-10-28,125.94000244140625,130.7899932861328,125.80999755859375,130.77000427246094,130.77000427246094,303600
2021-10-29,130.94000244140625,132.17999267578125,128.47999572753906,129.55999755859375,129.55999755859375,490900
2021-11-01,129.69000244140625,134.13999938964844,129.69000244140625,132.52000427246094,132.52000427246094,284400
2021-11-02,133.10000610351562,134.2100067138672,131.97999572753906,133.44000244140625,133.44000244140625,334600
2021-11-03,133.0,135.8800048828125,133.0,135.1999969482422,135.1999969482422,381100
2021-11-04,137.0,137.69000244140625,129.00999450683594,131.4600067138672,131.4600067138672,542800
2021-11-05,136.52000427246094,139.1699981689453,134.0500030517578,136.5800018310547,136.5800018310547,400100
2021-11-08,139.44000244140625,140.9199981689453,135.44000244140625,135.9499969482422,135.9499969482422,248700
2021-11-09,135.36000061035156,136.8800048828125,133.42999267578125,134.11000061035156,134.11000061035156,312700
2021-11-10,133.4499969482422,134.75,132.14999389648438,133.8800048828125,133.8800048828125,402800
2021-11-11,133.5800018310547,137.0800018310547,133.02999877929688,136.9199981689453,136.9199981689453,238400
2021-11-12,137.42999267578125,139.27000427246094,136.5399932861328,138.6300048828125,138.6300048828125,294100
2021-11-15,138.6300048828125,139.13999938964844,136.61000061035156,137.30999755859375,137.30999755859375,368200
2021-11-16,136.5,138.75999450683594,136.1300048828125,136.60000610351562,136.60000610351562,254300
2021-11-17,136.17999267578125,136.6699981689453,134.5500030517578,136.16000366210938,136.16000366210938,285600
2021-11-18,136.72999572753906,137.89999389648438,135.0800018310547,136.52000427246094,136.52000427246094,321100
2021-11-19,135.25999450683594,137.7899932861328,134.7899932861328,136.2100067138672,136.2100067138672,209700
2021-11-22,137.69000244140625,140.38999938964844,136.9499969482422,137.02000427246094,137.02000427246094,283500
2021-11-23,136.99000549316406,139.1300048828125,136.14999389648438,137.0800018310547,137.0800018310547,423800
2021-11-24,136.47000122070312,138.57000732421875,136.14999389648438,136.17999267578125,136.17999267578125,298100
2021-11-26,131.0,131.9199981689453,127.52999877929688,131.38999938964844,131.38999938964844,265900
2021-11-29,134.0,134.9499969482422,128.5399932861328,130.35000610351562,130.35000610351562,360900
2021-11-30,128.75999450683594,128.94000244140625,123.5999984741211,124.12999725341797,124.12999725341797,541200
2021-12-01,128.22999572753906,128.3800048828125,119.81999969482422,119.83000183105469,119.83000183105469,395500
2021-12-02,121.13999938964844,126.97000122070312,120.08999633789062,126.23999786376953,126.23999786376953,402600
2021-12-03,126.83999633789062,127.16000366210938,122.68000030517578,123.62999725341797,123.62999725341797,257000
2021-12-06,124.20999908447266,127.4000015258789,123.83000183105469,126.11000061035156,126.11000061035156,286900
2021-12-07,127.95999908447266,133.2100067138672,127.95999908447266,131.4199981689453,131.4199981689453,323500
2021-12-08,132.16000366210938,132.92999267578125,129.55999755859375,129.6300048828125,129.6300048828125,227700
2021-12-09,128.1699981689453,128.69000244140625,126.55000305175781,127.11000061035156,127.11000061035156,287500
2021-12-10,127.72000122070312,128.50999450683594,123.55999755859375,125.87999725341797,125.87999725341797,434300
2021-12-13,124.8499984741211,125.43000030517578,122.51000213623047,122.77999877929688,122.77999877929688,319000
2021-12-14,121.19000244140625,123.9000015258789,119.83999633789062,121.83000183105469,121.83000183105469,508600
2021-12-15,121.33000183105469,123.91999816894531,118.94999694824219,123.54000091552734,123.54000091552734,327600
2021-12-16,125.61000061035156,125.61000061035156,119.0,119.80000305175781,119.80000305175781,400700
2021-12-17,118.41000366210938,122.20999908447266,116.80999755859375,120.1500015258789,120.1500015258789,535400
2021-12-20,118.7300033569336,118.87000274658203,115.08000183105469,118.38999938964844,118.38999938964844,435200
2021-12-21,120.12000274658203,124.38999938964844,119.5199966430664,124.20999908447266,124.20999908447266,468600
2021-12-22,124.23999786376953,124.94000244140625,122.2300033569336,124.66999816894531,124.66999816894531,274800
2021-12-23,125.97000122070312,128.25,125.97000122070312,127.16000366210938,127.16000366210938,153800
2021-12-27,127.83000183105469,130.30999755859375,126.51000213623047,130.25,130.25,178200
2021-12-28,129.72999572753906,131.24000549316406,129.61000061035156,130.25999450683594,130.25999450683594,106900
2021-12-29,130.5,131.91000366210938,130.1999969482422,131.72000122070312,131.72000122070312,128600
2021-12-30,131.5800018310547,132.35000610351562,129.8000030517578,129.9199981689453,129.9199981689453,146800
2021-12-31,129.02000427246094,132.6199951171875,129.02000427246094,131.58999633789062,131.58999633789062,173700
2022-01-03,132.0800018310547,134.66000366210938,130.00999450683594,131.4199981689453,131.4199981689453,334700
2022-01-04,132.9199981689453,137.50999450683594,132.9199981689453,137.25999450683594,137.25999450683594,483800
2022-01-05,136.47000122070312,139.0,130.25999450683594,130.25999450683594,130.25999450683594,651000
2022-01-06,131.7899932861328,134.49000549316406,130.2899932861328,134.14999389648438,134.14999389648438,431200
2022-01-07,133.52000427246094,134.58999633789062,128.67999267578125,128.69000244140625,128.69000244140625,205600
2022-01-10,127.79000091552734,128.0,122.52999877929688,126.18000030517578,126.18000030517578,326400
2022-01-11,126.31999969482422,129.86000061035156,124.5199966430664,129.69000244140625,129.69000244140625,335800
2022-01-12,131.10000610351562,135.0,131.10000610351562,134.2100067138672,134.2100067138672,544800
2022-01-13,135.16000366210938,137.16000366210938,133.4199981689453,134.44000244140625,134.44000244140625,264000
2022-01-14,132.94000244140625,136.02999877929688,130.38999938964844,134.25,134.25,279000
2022-01-18,131.19000244140625,131.24000549316406,128.07000732421875,128.1699981689453,128.1699981689453,295300
2022-01-19,129.82000732421875,129.82000732421875,124.86000061035156,125.61000061035156,125.61000061035156,264800
2022-01-20,125.9800033569336,128.55999755859375,122.6500015258789,122.83000183105469,122.83000183105469,150300
2022-01-21,122.77999877929688,126.16999816894531,120.55000305175781,122.25,122.25,394100
2022-01-24,119.29000091552734,125.16000366210938,115.45999908447266,124.58000183105469,124.58000183105469,595900
2022-01-25,121.66999816894531,122.94000244140625,118.25,120.97000122070312,120.97000122070312,312700
2022-01-26,123.33999633789062,126.98999786376953,121.4000015258789,122.81999969482422,122.81999969482422,491900
2022-01-27,124.9000015258789,125.58000183105469,117.69999694824219,119.16999816894531,119.16999816894531,237100
2022-01-28,118.9000015258789,119.16999816894531,114.06999969482422,118.87999725341797,118.87999725341797,504500
2022-01-31,119.4800033569336,122.4800033569336,118.3499984741211,121.88999938964844,121.88999938964844,935400
2022-02-01,122.44999694824219,125.43000030517578,120.5999984741211,124.45999908447266,124.45999908447266,481100
2022-02-02,125.44999694824219,126.76000213623047,123.20999908447266,125.0999984741211,125.0999984741211,304200
2022-02-03,123.0,126.80999755859375,122.0999984741211,122.18000030517578,122.18000030517578,218900
2022-02-04,121.27999877929688,121.41000366210938,118.05000305175781,119.55000305175781,119.55000305175781,356300
2022-02-07,120.93000030517578,122.6500015258789,120.05000305175781,121.43000030517578,121.43000030517578,406700
2022-02-08,122.43000030517578,126.55999755859375,122.43000030517578,125.8499984741211,125.8499984741211,436500
2022-02-09,127.41000366210938,131.0399932861328,127.41000366210938,131.0,131.0,257600
2022-02-10,128.0,131.72000122070312,126.55999755859375,127.30999755859375,127.30999755859375,339500
2022-02-11,127.55999755859375,129.2100067138672,121.5999984741211,123.5,123.5,490200
2022-02-14,125.69999694824219,126.41999816894531,120.8499984741211,123.47000122070312,123.47000122070312,614500
2022-02-15,127.55999755859375,131.9600067138672,126.54000091552734,130.89999389648438,130.89999389648438,943600
2022-02-16,131.88999938964844,132.19000244140625,127.51000213623047,129.1199951171875,129.1199951171875,503600
2022-02-17,127.26000213623047,127.4000015258789,121.91000366210938,122.08999633789062,122.08999633789062,671200
2022-02-18,121.70999908447266,125.44999694824219,121.70999908447266,122.45999908447266,122.45999908447266,574700
2022-02-22,122.19999694824219,124.7699966430664,121.08000183105469,123.02999877929688,123.02999877929688,545700
2022-02-23,123.68000030517578,124.77999877929688,117.2699966430664,117.5,117.5,548200
2022-02-24,113.12000274658203,122.12000274658203,112.47000122070312,121.94000244140625,121.94000244140625,708700
2022-02-25,121.66000366210938,125.06999969482422,119.61000061035156,123.70999908447266,123.70999908447266,422800
2022-02-28,121.12999725341797,123.31999969482422,119.68000030517578,121.7300033569336,121.7300033569336,360200
2022-03-01,120.66999816894531,122.38999938964844,115.30000305175781,116.0999984741211,116.0999984741211,486500
2022-03-02,117.66999816894531,122.51000213623047,116.68000030517578,121.68000030517578,121.68000030517578,382800
2022-03-03,122.08000183105469,123.19000244140625,118.36000061035156,119.91999816894531,119.91999816894531,307100
2022-03-04,117.45999908447266,118.9800033569336,113.04000091552734,114.02999877929688,114.02999877929688,504000
2022-03-07,113.87000274658203,114.0,105.45999908447266,107.0199966430664,107.0199966430664,794200
2022-03-08,107.55000305175781,112.7699966430664,106.37000274658203,109.69000244140625,109.69000244140625,736600
2022-03-09,114.18000030517578,115.94000244140625,113.27999877929688,114.12000274658203,114.12000274658203,491800
2022-03-10,110.88999938964844,116.51000213623047,110.02999877929688,116.38999938964844,116.38999938964844,405400
2022-03-11,117.97000122070312,121.0999984741211,117.08999633789062,120.0,120.0,561400
2022-03-14,121.5,124.37999725341797,120.08999633789062,120.83000183105469,120.83000183105469,533600
2022-03-15,121.87000274658203,125.44999694824219,121.26000213623047,125.41000366210938,125.41000366210938,468600
2022-03-16,127.08000183105469,131.6300048828125,126.37999725341797,131.47999572753906,131.47999572753906,558300
2022-03-17,129.97999572753906,133.6199951171875,129.1199951171875,133.57000732421875,133.57000732421875,291100
2022-03-18,131.55999755859375,132.50999450683594,128.8000030517578,131.83999633789062,131.83999633789062,567200
2022-03-21,130.69000244140625,132.9199981689453,128.1199951171875,131.02000427246094,131.02000427246094,331800
2022-03-22,132.10000610351562,133.86000061035156,130.00999450683594,131.1199951171875,131.1199951171875,417400
2022-03-23,130.13999938964844,131.08999633789062,128.3699951171875,129.50999450683594,129.50999450683594,322000
2022-03-24,130.05999755859375,131.97000122070312,128.82000732421875,131.9499969482422,131.9499969482422,252100
2022-03-25,132.5800018310547,133.35000610351562,130.35000610351562,132.85000610351562,132.85000610351562,388000
2022-03-28,132.49000549316406,132.49000549316406,128.38999938964844,130.9499969482422,130.9499969482422,379400
2022-03-29,132.9600067138672,135.97000122070312,132.10000610351562,134.44000244140625,134.44000244140625,377000
2022-03-30,133.75,134.8800048828125,130.55999755859375,130.75,130.75,301500
2022-03-31,130.1699981689453,132.9199981689453,129.7899932861328,130.13999938964844,130.13999938964844,342300
2022-04-01,130.57000732421875,133.5800018310547,130.57000732421875,132.0,132.0,461900
2022-04-04,131.52000427246094,132.2100067138672,128.86000061035156,129.4199981689453,129.4199981689453,440100
2022-04-05,128.67999267578125,129.9199981689453,125.75,126.06999969482422,126.06999969482422,458700
2022-04-06,123.87999725341797,126.3499984741211,122.97000122070312,124.4800033569336,124.4800033569336,449500
2022-04-07,124.43000030517578,124.55000305175781,119.4000015258789,119.54000091552734,119.54000091552734,464200
2022-04-08,119.55000305175781,121.63999938964844,117.91000366210938,118.30000305175781,118.30000305175781,372200
2022-04-11,116.93000030517578,121.05999755859375,115.05000305175781,116.86000061035156,116.86000061035156,360700
2022-04-12,118.48999786376953,121.80999755859375,117.7300033569336,119.87000274658203,119.87000274658203,488000
2022-04-13,119.87999725341797,124.18000030517578,119.87999725341797,123.91000366210938,123.91000366210938,357700
2022-04-14,124.22000122070312,126.54000091552734,123.12000274658203,123.19000244140625,123.19000244140625,348500
2022-04-18,122.63999938964844,125.45999908447266,122.19999694824219,123.75,123.75,169900
2022-04-19,123.9800033569336,130.4499969482422,123.41999816894531,129.82000732421875,129.82000732421875,253500
2022-04-20,130.6199951171875,133.58999633789062,129.86000061035156,130.47999572753906,130.47999572753906,254000
2022-04-21,134.0800018310547,136.38999938964844,132.14999389648438,133.17999267578125,133.17999267578125,661100
2022-04-22,131.6199951171875,131.6199951171875,124.45999908447266,125.68000030517578,125.68000030517578,358000
2022-04-25,123.73999786376953,125.68000030517578,120.20999908447266,125.44999694824219,125.44999694824219,395700
2022-04-26,124.12000274658203,125.0199966430664,119.9800033569336,120.16999816894531,120.16999816894531,437600
2022-04-27,119.66000366210938,124.48999786376953,118.9800033569336,123.19000244140625,123.19000244140625,466600
2022-04-28,125.31999969482422,128.5500030517578,119.4000015258789,127.25,127.25,640700
2022-04-29,126.19999694824219,128.25,122.18000030517578,123.26000213623047,123.26000213623047,474200
2022-05-02,123.58999633789062,125.19999694824219,118.62000274658203,122.62000274658203,122.62000274658203,332400
2022-05-03,121.51000213623047,127.1500015258789,121.44999694824219,126.83000183105469,126.83000183105469,403700
2022-05-04,126.9000015258789,132.60000610351562,125.69000244140625,132.55999755859375,132.55999755859375,467500
2022-05-05,137.44000244140625,144.42999267578125,135.5399932861328,140.13999938964844,140.13999938964844,1437900
2022-05-06,142.50999450683594,143.07000732421875,136.97000122070312,140.25,140.25,728800
2022-05-09,137.0800018310547,140.16000366210938,129.6699981689453,130.83999633789062,130.83999633789062,779200
2022-05-10,130.9199981689453,133.35000610351562,124.7699966430664,128.25999450683594,128.25999450683594,687000
2022-05-11,128.69000244140625,129.39999389648438,120.26000213623047,120.52999877929688,120.52999877929688,919700
2022-05-12,119.04000091552734,121.63999938964844,117.41000366210938,120.06999969482422,120.06999969482422,859100
2022-05-13,122.05999755859375,126.38999938964844,121.95999908447266,124.66999816894531,124.66999816894531,489500
2022-05-16,124.51000213623047,125.44999694824219,119.7300033569336,122.02999877929688,122.02999877929688,487700
2022-05-17,125.52999877929688,129.00999450683594,124.16000366210938,126.30999755859375,126.30999755859375,466800
2022-05-18,124.58999633789062,127.05999755859375,119.79000091552734,121.12999725341797,121.12999725341797,361400
2022-05-19,119.0,123.23999786376953,117.91000366210938,120.68000030517578,120.68000030517578,392200
2022-05-20,122.4000015258789,122.94999694824219,114.93000030517578,117.29000091552734,117.29000091552734,496800
2022-05-23,119.27999877929688,121.41000366210938,117.79000091552734,118.63999938964844,118.63999938964844,451500
2022-05-24,116.8499984741211,116.8499984741211,112.26000213623047,113.7699966430664,113.7699966430664,530000
2022-05-25,112.66000366210938,118.01000213623047,112.66000366210938,115.44999694824219,115.44999694824219,337200
2022-05-26,116.08999633789062,122.5999984741211,116.08999633789062,122.04000091552734,122.04000091552734,384200
2022-05-27,123.29000091552734,127.05000305175781,123.2699966430664,126.80000305175781,126.80000305175781,331300
2022-05-31,125.22000122070312,127.4800033569336,122.93000030517578,125.58000183105469,125.58000183105469,405700
2022-06-01,129.24000549316406,134.9499969482422,127.05000305175781,132.2899932861328,132.2899932861328,795700
2022-06-02,133.19000244140625,136.6300048828125,133.00999450683594,136.4600067138672,136.4600067138672,467800
2022-06-03,136.0,138.9199981689453,133.7100067138672,138.6199951171875,138.6199951171875,492700
2022-06-06,139.02999877929688,139.72000122070312,134.63999938964844,135.74000549316406,135.74000549316406,568500
2022-06-07,133.5,144.2899932861328,132.72999572753906,143.8800048828125,143.8800048828125,765700
2022-06-08,142.82000732421875,142.82000732421875,135.94000244140625,136.5500030517578,136.5500030517578,648800
2022-06-09,135.6999969482422,136.02000427246094,133.6199951171875,133.67999267578125,133.67999267578125,355100
2022-06-10,130.0,132.10000610351562,126.94999694824219,127.16999816894531,127.16999816894531,347300
2022-06-13,123.33000183105469,124.22000122070312,119.56999969482422,120.25,120.25,605600
2022-06-14,120.18000030517578,121.83000183105469,118.79000091552734,120.20999908447266,120.20999908447266,470300
2022-06-15,122.05000305175781,124.02999877929688,118.5199966430664,120.68000030517578,120.68000030517578,552500
2022-06-16,116.93000030517578,117.9000015258789,107.69000244140625,109.83999633789062,109.83999633789062,864900
2022-06-17,110.51000213623047,110.63999938964844,105.26000213623047,106.61000061035156,106.61000061035156,963800
2022-06-21,108.69999694824219,110.54000091552734,106.31999969482422,107.44000244140625,107.44000244140625,942500
2022-06-22,104.20999908447266,106.55999755859375,100.93000030517578,104.44999694824219,104.44999694824219,1023400
2022-06-23,103.6500015258789,105.06999969482422,100.61000061035156,103.6500015258789,103.6500015258789,795300
2022-06-24,105.41000366210938,113.58000183105469,104.47000122070312,113.58000183105469,113.58000183105469,6282200
2022-06-27,114.36000061035156,114.73999786376953,110.66999816894531,112.05000305175781,112.05000305175781,713500
2022-06-28,113.70999908447266,115.63999938964844,109.9800033569336,110.30000305175781,110.30000305175781,447800
2022-06-29,109.9000015258789,111.68000030517578,105.5,107.44000244140625,107.44000244140625,432200
2022-06-30,104.75,109.7699966430664,103.41000366210938,107.0999984741211,107.0999984741211,829700
2022-07-01,106.58000183105469,109.19000244140625,103.33000183105469,105.83000183105469,105.83000183105469,778200
2022-07-05,103.16999816894531,103.44000244140625,100.33999633789062,103.23999786376953,103.23999786376953,719400
2022-07-06,102.52999877929688,105.01000213623047,100.19999694824219,101.30000305175781,101.30000305175781,1005100
2022-07-07,104.0999984741211,108.18000030517578,103.73999786376953,107.26000213623047,107.26000213623047,710000
2022-07-08,107.88999938964844,108.01000213623047,105.26000213623047,106.97000122070312,106.97000122070312,319200
2022-07-11,105.33999633789062,106.76000213623047,104.20999908447266,106.0,106.0,402900
2022-07-12,106.0,109.66000366210938,105.22000122070312,105.7699966430664,105.7699966430664,593000
2022-07-13,103.05000305175781,104.7300033569336,101.43000030517578,104.16999816894531,104.16999816894531,630600
2022-07-14,101.16000366210938,102.38999938964844,99.0,101.94000244140625,101.94000244140625,363300
2022-07-15,103.93000030517578,104.44000244140625,101.87000274658203,104.23999786376953,104.23999786376953,304800
2022-07-18,106.30999755859375,107.51000213623047,102.8499984741211,103.66999816894531,103.66999816894531,372400
2022-07-19,105.7300033569336,109.80000305175781,105.7300033569336,109.77999877929688,109.77999877929688,610700
2022-07-20,109.70999908447266,113.27999877929688,108.51000213623047,113.2699966430664,113.2699966430664,588800
2022-07-21,112.72000122070312,113.9800033569336,110.55999755859375,113.76000213623047,113.76000213623047,446200
2022-07-22,114.4000015258789,114.81999969482422,112.19999694824219,112.63999938964844,112.63999938964844,439800
2022-07-25,113.19000244140625,114.25,111.16999816894531,114.11000061035156,114.11000061035156,289900
2022-07-26,114.0999984741211,116.06999969482422,112.9000015258789,114.04000091552734,114.04000091552734,355500
2022-07-27,115.61000061035156,118.3499984741211,114.19000244140625,118.08000183105469,118.08000183105469,294300
2022-07-28,119.52999877929688,122.91000366210938,117.88999938964844,122.83999633789062,122.83999633789062,473500
2022-07-29,124.4000015258789,128.99000549316406,124.37000274658203,127.83999633789062,127.83999633789062,574700
2022-08-01,126.80000305175781,129.7899932861328,124.97000122070312,128.97999572753906,128.97999572753906,463000
2022-08-02,128.0,130.99000549316406,125.98999786376953,127.9000015258789,127.9000015258789,434100
2022-08-03,128.8000030517578,130.2899932861328,126.70999908447266,129.72000122070312,129.72000122070312,495600
2022-08-04,128.05999755859375,132.72000122070312,125.36000061035156,130.5,130.5,1000800
2022-08-05,130.1699981689453,133.1300048828125,128.13999938964844,132.44000244140625,132.44000244140625,581300
2022-08-08,134.0,135.57000732421875,132.88999938964844,133.19000244140625,133.19000244140625,421000
2022-08-09,134.0500030517578,135.3300018310547,132.25,132.57000732421875,132.57000732421875,543400
2022-08-10,136.19000244140625,137.25999450683594,135.02000427246094,135.41000366210938,135.41000366210938,258000
2022-08-11,137.22000122070312,139.02999877929688,136.36000061035156,137.3699951171875,137.3699951171875,425500
2022-08-12,137.49000549316406,140.3000030517578,137.00999450683594,140.24000549316406,140.24000549316406,289900
2022-08-15,138.42999267578125,143.35000610351562,137.57000732421875,142.3300018310547,142.3300018310547,395000
2022-08-16,141.05999755859375,144.4199981689453,141.05999755859375,143.6199951171875,143.6199951171875,394300
2022-08-17,141.4600067138672,142.25,140.27000427246094,142.02999877929688,142.02999877929688,505800
2022-08-18,142.49000549316406,143.97999572753906,141.49000549316406,141.7899932861328,141.7899932861328,598200
2022-08-19,140.0,140.27000427246094,136.50999450683594,137.27000427246094,137.27000427246094,507800
2022-08-22,133.88999938964844,135.0500030517578,133.0,133.22000122070312,133.22000122070312,336000
2022-08-23,133.44000244140625,136.07000732421875,132.38999938964844,134.27000427246094,134.27000427246094,200800
2022-08-24,134.1300048828125,135.9499969482422,133.41000366210938,135.00999450683594,135.00999450683594,246400
2022-08-25,135.4199981689453,141.57000732421875,135.4199981689453,141.25,141.25,342700
2022-08-26,141.0,142.33999633789062,135.3800048828125,135.61000061035156,135.61000061035156,302900
2022-08-29,134.0800018310547,137.8800048828125,133.42999267578125,136.61000061035156,136.61000061035156,306900
2022-08-30,137.25999450683594,137.25999450683594,131.35000610351562,132.0500030517578,132.0500030517578,341700
2022-08-31,132.5399932861328,133.5399932861328,130.58999633789062,131.67999267578125,131.67999267578125,313100
2022-09-01,129.8300018310547,131.74000549316406,127.5,131.47000122070312,131.47000122070312,454200
2022-09-02,133.6300048828125,134.67999267578125,130.8699951171875,131.86000061035156,131.86000061035156,294900
2022-09-06,133.0500030517578,134.5,130.52000427246094,133.5800018310547,133.5800018310547,459200
2022-09-07,134.0,138.3000030517578,133.36000061035156,138.02000427246094,138.02000427246094,336800
2022-09-08,135.7100067138672,138.41000366210938,134.1199951171875,138.25999450683594,138.25999450683594,458000
2022-09-09,140.2100067138672,145.64999389648438,139.72000122070312,144.63999938964844,144.63999938964844,729700
2022-09-12,146.0500030517578,147.0500030517578,141.8699951171875,142.52999877929688,142.52999877929688,492700
2022-09-13,138.02000427246094,140.00999450683594,137.27999877929688,137.97999572753906,137.97999572753906,491100
2022-09-14,137.82000732421875,138.4199981689453,132.24000549316406,134.16000366210938,134.16000366210938,533000
2022-09-15,133.2899932861328,136.24000549316406,132.13999938964844,132.85000610351562,132.85000610351562,312300
2022-09-16,128.8800048828125,129.8800048828125,125.95999908447266,127.2699966430664,127.2699966430664,1107400
2022-09-19,125.47000122070312,131.3699951171875,125.47000122070312,129.97999572753906,129.97999572753906,345900
2022-09-20,129.00999450683594,129.4199981689453,127.12999725341797,128.22000122070312,128.22000122070312,381400
2022-09-21,129.6699981689453,130.88999938964844,125.19000244140625,125.31999969482422,125.31999969482422,307100
2022-09-22,125.20999908447266,125.23999786376953,120.80999755859375,120.80999755859375,120.80999755859375,343300
2022-09-23,118.41999816894531,119.1500015258789,113.61000061035156,115.91000366210938,115.91000366210938,540800
2022-09-26,114.27999877929688,116.37999725341797,112.08000183105469,112.19000244140625,112.19000244140625,588500
2022-09-27,114.16000366210938,116.33000183105469,112.26000213623047,115.0999984741211,115.0999984741211,655000
2022-09-28,114.69999694824219,119.76000213623047,114.69999694824219,119.0,119.0,357000
2022-09-29,116.7699966430664,117.91999816894531,114.33000183105469,116.9000015258789,116.9000015258789,239600
2022-09-30,118.08999633789062,123.27999877929688,116.94999694824219,119.37999725341797,119.37999725341797,852800
2022-10-03,120.7699966430664,124.38999938964844,120.68000030517578,122.9000015258789,122.9000015258789,340300
2022-10-04,126.23999786376953,129.97999572753906,126.23999786376953,129.64999389648438,129.64999389648438,518500
2022-10-05,127.80000305175781,131.22999572753906,126.4000015258789,130.4600067138672,130.4600067138672,432200
2022-10-06,128.9600067138672,131.16000366210938,127.83000183105469,128.02999877929688,128.02999877929688,278000
2022-10-07,126.25,127.06999969482422,123.62999725341797,124.3499984741211,124.3499984741211,160100
2022-10-10,125.08999633789062,125.80000305175781,122.44000244140625,123.20999908447266,123.20999908447266,359500
2022-10-11,122.44000244140625,125.36000061035156,120.97000122070312,123.01000213623047,123.01000213623047,320700
2022-10-12,123.05000305175781,123.05000305175781,120.58000183105469,121.2300033569336,121.2300033569336,219900
2022-10-13,118.5,126.06999969482422,116.66000366210938,125.4000015258789,125.4000015258789,493400
2022-10-14,126.44000244140625,127.2699966430664,117.55999755859375,117.80999755859375,117.80999755859375,397700
2022-10-17,122.19999694824219,125.41999816894531,121.30000305175781,124.72000122070312,124.72000122070312,413000
2022-10-18,128.8000030517578,130.92999267578125,125.68000030517578,127.44999694824219,127.44999694824219,287200
2022-10-19,125.62999725341797,126.12999725341797,123.06999969482422,124.4800033569336,124.4800033569336,229800
2022-10-20,123.98999786376953,125.56999969482422,119.47000122070312,120.87000274658203,120.87000274658203,444600
2022-10-21,121.22000122070312,126.95999908447266,119.9000015258789,126.95999908447266,126.95999908447266,411600
2022-10-24,128.36000061035156,130.80999755859375,127.16000366210938,130.72999572753906,130.72999572753906,583100
2022-10-25,130.1699981689453,134.02000427246094,130.1699981689453,133.41000366210938,133.41000366210938,254700
2022-10-26,133.41000366210938,136.25999450683594,131.3699951171875,134.0,134.0,331900
2022-10-27,136.80999755859375,137.17999267578125,133.9600067138672,134.1999969482422,134.1999969482422,310200
2022-10-28,135.22999572753906,138.6300048828125,133.5800018310547,137.82000732421875,137.82000732421875,339300
2022-10-31,136.75999450683594,139.6999969482422,135.8800048828125,137.77000427246094,137.77000427246094,351400
2022-11-01,140.0,142.02999877929688,137.72999572753906,140.3000030517578,140.3000030517578,505500
2022-11-02,139.22999572753906,143.77000427246094,136.6999969482422,137.27999877929688,137.27999877929688,849600
2022-11-03,127.66999816894531,128.0,114.0,116.47000122070312,116.47000122070312,1808400
2022-11-04,117.69999694824219,122.5999984741211,115.5,119.97000122070312,119.97000122070312,1316800
2022-11-07,121.30000305175781,121.45999908447266,116.79000091552734,120.0,120.0,599600
2022-11-08,120.13999938964844,125.0,119.18000030517578,122.05999755859375,122.05999755859375,414900
2022-11-09,120.12999725341797,121.83000183105469,119.41999816894531,120.62999725341797,120.62999725341797,379700
2022-11-10,128.35000610351562,130.6699981689453,125.87000274658203,126.66000366210938,126.66000366210938,688200
2022-11-11,127.63999938964844,133.27000427246094,127.01000213623047,132.1300048828125,132.1300048828125,851800
2022-11-14,130.72000122070312,134.8800048828125,130.72000122070312,131.36000061035156,131.36000061035156,711500
2022-11-15,134.32000732421875,134.32000732421875,127.12999725341797,128.77999877929688,128.77999877929688,704500
2022-11-16,127.4800033569336,128.80999755859375,125.98999786376953,128.5,128.5,404200
2022-11-17,126.3499984741211,126.38999938964844,124.16999816894531,124.48999786376953,124.48999786376953,451500
2022-11-18,127.31999969482422,127.31999969482422,123.62000274658203,126.8499984741211,126.8499984741211,535900
2022-11-21,126.70999908447266,126.91999816894531,124.29000091552734,125.54000091552734,125.54000091552734,364100
2022-11-22,127.05999755859375,128.4499969482422,125.33000183105469,127.13999938964844,127.13999938964844,431900
2022-11-23,126.29000091552734,128.4499969482422,126.29000091552734,126.87000274658203,126.87000274658203,179700
2022-11-25,126.69000244140625,129.1999969482422,126.0199966430664,127.80000305175781,127.80000305175781,82700
2022-11-28,126.04000091552734,127.06999969482422,123.43000030517578,124.01000213623047,124.01000213623047,286600
2022-11-29,124.30000305175781,126.47000122070312,123.52999877929688,126.04000091552734,126.04000091552734,337200
2022-11-30,125.8499984741211,129.16000366210938,124.0,128.9199981689453,128.9199981689453,392200
2022-12-01,129.25,130.88999938964844,127.08999633789062,127.44999694824219,127.44999694824219,397300
2022-12-02,125.48999786376953,128.82000732421875,125.16999816894531,127.88999938964844,127.88999938964844,244900
2022-12-05,126.31999969482422,126.31999969482422,120.86000061035156,121.63999938964844,121.63999938964844,455800
2022-12-06,122.12999725341797,122.55999755859375,119.33999633789062,121.20999908447266,121.20999908447266,465200
2022-12-07,119.9000015258789,124.51000213623047,119.9000015258789,123.18000030517578,123.18000030517578,235300
2022-12-08,124.20999908447266,125.51000213623047,123.18000030517578,123.29000091552734,123.29000091552734,264800
2022-12-09,122.37999725341797,123.77999877929688,121.04000091552734,121.29000091552734,121.29000091552734,305800
2022-12-12,121.2699966430664,124.7699966430664,120.7300033569336,124.31999969482422,124.31999969482422,367900
2022-12-13,129.8300018310547,130.0399932861328,127.51000213623047,128.22999572753906,128.22999572753906,617200
2022-12-14,127.31999969482422,129.0800018310547,125.4000015258789,126.55000305175781,126.55000305175781,346600
2022-12-15,124.12000274658203,124.33000183105469,121.05999755859375,121.13999938964844,121.13999938964844,371800
2022-12-16,119.5,120.9800033569336,118.30000305175781,120.30999755859375,120.30999755859375,460600
2022-12-19,120.55999755859375,123.05999755859375,119.69000244140625,121.77999877929688,121.77999877929688,505300
2022-12-20,121.91000366210938,124.5199966430664,121.0999984741211,121.19999694824219,121.19999694824219,390000
2022-12-21,122.88999938964844,124.7699966430664,121.91000366210938,124.72000122070312,124.72000122070312,340300
2022-12-22,122.94000244140625,124.33999633789062,117.12000274658203,120.83000183105469,120.83000183105469,404300
2022-12-23,121.06999969482422,123.19999694824219,120.29000091552734,123.19000244140625,123.19000244140625,135900
2022-12-27,123.79000091552734,125.18000030517578,122.73999786376953,123.95999908447266,123.95999908447266,288400
2022-12-28,123.44000244140625,125.04000091552734,119.75,119.75,119.75,239800
2022-12-29,121.41999816894531,124.66999816894531,121.41999816894531,124.26000213623047,124.26000213623047,226900
2022-12-30,123.4000015258789,125.8499984741211,122.41000366210938,125.19999694824219,125.19999694824219,258900
2023-01-03,126.2699966430664,126.5,121.52999877929688,124.7300033569336,124.7300033569336,530600
2023-01-04,126.12999725341797,128.22000122070312,124.4000015258789,128.02999877929688,128.02999877929688,473500
2023-01-05,127.30000305175781,127.4000015258789,124.41999816894531,125.7300033569336,125.7300033569336,630900
2023-01-06,127.95999908447266,130.6999969482422,126.27999877929688,130.22999572753906,130.22999572753906,383200
2023-01-09,131.16000366210938,133.7899932861328,131.0,132.4600067138672,132.4600067138672,372400
2023-01-10,131.60000610351562,137.25999450683594,131.22999572753906,136.86000061035156,136.86000061035156,456800
2023-01-11,137.27000427246094,138.8800048828125,134.6699981689453,135.57000732421875,135.57000732421875,510400
2023-01-12,136.0,138.89999389648438,136.0,136.85000610351562,136.85000610351562,512900
2023-01-13,135.3800048828125,137.63999938964844,133.83999633789062,137.02999877929688,137.02999877929688,250400
2023-01-17,136.44000244140625,139.49000549316406,135.8300018310547,136.30999755859375,136.30999755859375,374300
2023-01-18,136.69000244140625,139.08999633789062,133.66000366210938,133.9199981689453,133.9199981689453,649400
2023-01-19,131.7899932861328,132.72000122070312,128.13999938964844,132.0,132.0,500800
2023-01-20,132.69000244140625,136.39999389648438,131.5399932861328,136.05999755859375,136.05999755859375,283100
2023-01-23,137.4600067138672,138.2100067138672,136.85000610351562,138.0,138.0,367400
2023-01-24,136.52999877929688,138.5399932861328,135.61000061035156,138.25999450683594,138.25999450683594,335800
2023-01-25,135.80999755859375,139.30999755859375,134.89999389648438,138.72999572753906,138.72999572753906,379200
2023-01-26,140.0,143.3300018310547,138.1199951171875,143.13999938964844,143.13999938964844,325800
2023-01-27,143.27999877929688,145.94000244140625,141.75999450683594,145.4600067138672,145.4600067138672,338000
2023-01-30,143.92999267578125,145.6999969482422,142.91000366210938,144.0500030517578,144.0500030517578,397900
2023-01-31,144.57000732421875,149.4199981689453,144.0,149.00999450683594,149.00999450683594,563300
2023-02-01,147.72999572753906,152.25999450683594,147.1199951171875,151.66000366210938,151.66000366210938,353200
2023-02-02,153.1999969482422,154.4600067138672,150.85000610351562,151.97000122070312,151.97000122070312,626600
2023-02-03,150.3699951171875,155.0,150.3699951171875,152.77999877929688,152.77999877929688,614500
2023-02-06,151.3000030517578,153.32000732421875,150.5,152.7100067138672,152.7100067138672,278600
2023-02-07,151.74000549316406,154.99000549316406,151.22999572753906,154.19000244140625,154.19000244140625,336700
2023-02-08,153.4199981689453,154.39999389648438,150.72999572753906,151.6699981689453,151.6699981689453,451100
2023-02-09,152.6300048828125,153.2899932861328,148.1699981689453,148.86000061035156,148.86000061035156,570300
2023-02-10,148.0,149.6699981689453,147.0800018310547,148.77999877929688,148.77999877929688,753100
2023-02-13,148.69000244140625,153.8000030517578,148.05999755859375,153.17999267578125,153.17999267578125,839500
2023-02-14,158.77000427246094,168.72000122070312,158.0399932861328,165.74000549316406,165.74000549316406,1384800
2023-02-15,169.22999572753906,172.38999938964844,165.9600067138672,172.1999969482422,172.1999969482422,781100
2023-02-16,171.32000732421875,172.91000366210938,169.4600067138672,171.9600067138672,171.9600067138672,481000
2023-02-17,171.66000366210938,171.9600067138672,168.50999450683594,168.7100067138672,168.7100067138672,710200
2023-02-21,165.92999267578125,167.72999572753906,161.7899932861328,162.3699951171875,162.3699951171875,565900
2023-02-22,161.80999755859375,163.30999755859375,160.27999877929688,161.80999755859375,161.80999755859375,422800
2023-02-23,163.61000061035156,164.16000366210938,160.9199981689453,162.72000122070312,162.72000122070312,395300
2023-02-24,160.19000244140625,164.86000061035156,160.0800018310547,163.8800048828125,163.8800048828125,308700
2023-02-27,164.8800048828125,166.99000549316406,164.8800048828125,166.19000244140625,166.19000244140625,379000
2023-02-28,165.8699951171875,168.3300018310547,165.57000732421875,165.5800018310547,165.5800018310547,408000
2023-03-01,165.1699981689453,169.63999938964844,165.1699981689453,168.5500030517578,168.5500030517578,378600
2023-03-02,166.77999877929688,170.3800048828125,165.17999267578125,170.1199951171875,170.1199951171875,426000
2023-03-03,170.6199951171875,173.0,169.10000610351562,172.69000244140625,172.69000244140625,419300
2023-03-06,173.3800048828125,175.0,171.17999267578125,171.27999877929688,171.27999877929688,401900
2023-03-07,170.85000610351562,173.30999755859375,169.17999267578125,170.52000427246094,170.52000427246094,518600
2023-03-08,170.1999969482422,172.47000122070312,169.5800018310547,172.25999450683594,172.25999450683594,343500
2023-03-09,172.08999633789062,173.35000610351562,166.25,166.33999633789062,166.33999633789062,427100
2023-03-10,165.60000610351562,165.60000610351562,157.11000061035156,158.63999938964844,158.63999938964844,737000
2023-03-13,154.74000549316406,156.27999877929688,148.7100067138672,152.08999633789062,152.08999633789062,887000
2023-03-14,158.0399932861328,159.92999267578125,153.41000366210938,155.25999450683594,155.25999450683594,512100
2023-03-15,150.22000122070312,150.47000122070312,141.0,144.60000610351562,144.60000610351562,1110700
2023-03-16,142.36000061035156,148.00999450683594,140.77999877929688,147.25,147.25,1071000
2023-03-17,144.61000061035156,145.39999389648438,138.22000122070312,138.6199951171875,138.6199951171875,850600
2023-03-20,140.86000061035156,144.6999969482422,139.08999633789062,141.72000122070312,141.72000122070312,719700
2023-03-21,145.6300048828125,148.6300048828125,145.0,147.55999755859375,147.55999755859375,674200
2023-03-22,147.2899932861328,148.99000549316406,143.89999389648438,144.11000061035156,144.11000061035156,544600
2023-03-23,144.82000732421875,147.66000366210938,138.55999755859375,140.9199981689453,140.9199981689453,515800
2023-03-24,138.52999877929688,139.91000366210938,135.72999572753906,138.13999938964844,138.13999938964844,733700
2023-03-27,140.16000366210938,143.16000366210938,139.33999633789062,141.72000122070312,141.72000122070312,312900
2023-03-28,141.3800048828125,145.41000366210938,140.60000610351562,142.97999572753906,142.97999572753906,466500
2023-03-29,145.33999633789062,149.3800048828125,145.00999450683594,148.58999633789062,148.58999633789062,606300
2023-03-30,150.27000427246094,153.66000366210938,149.86000061035156,150.83999633789062,150.83999633789062,622700
2023-03-31,152.32000732421875,154.75,151.58999633789062,154.5399932861328,154.5399932861328,489800
2023-04-03,154.55999755859375,156.66000366210938,150.85000610351562,152.00999450683594,152.00999450683594,457300
2023-04-04,152.39999389648438,152.91000366210938,140.22000122070312,142.5399932861328,142.5399932861328,817600
2023-04-05,140.64999389648438,142.07000732421875,135.75999450683594,138.58999633789062,138.58999633789062,781900
2023-04-06,137.38999938964844,138.52000427246094,133.52000427246094,133.92999267578125,133.92999267578125,700000
2023-04-10,134.10000610351562,137.82000732421875,134.10000610351562,136.89999389648438,136.89999389648438,698100
2023-04-11,137.1300048828125,138.4600067138672,135.88999938964844,136.39999389648438,136.39999389648438,581600
2023-04-12,138.27000427246094,139.58999633789062,136.3300018310547,136.94000244140625,136.94000244140625,617200
2023-04-13,135.89999389648438,138.14999389648438,133.1300048828125,137.0399932861328,137.0399932861328,551100
2023-04-14,137.8800048828125,139.5500030517578,135.86000061035156,137.4199981689453,137.4199981689453,315600
2023-04-17,138.1699981689453,139.57000732421875,137.58999633789062,139.39999389648438,139.39999389648438,235000
2023-04-18,140.22000122070312,143.69000244140625,140.22000122070312,143.39999389648438,143.39999389648438,515200
2023-04-19,142.77000427246094,143.9499969482422,139.50999450683594,141.94000244140625,141.94000244140625,364400
2023-04-20,140.30999755859375,144.3800048828125,139.9600067138672,142.89999389648438,142.89999389648438,326500
2023-04-21,142.44000244140625,144.00999450683594,141.3699951171875,142.10000610351562,142.10000610351562,407000
2023-04-24,142.5800018310547,144.25999450683594,141.52999877929688,142.94000244140625,142.94000244140625,268300
2023-04-25,143.0500030517578,146.77999877929688,141.22000122070312,141.89999389648438,141.89999389648438,562000
2023-04-26,140.6699981689453,141.3699951171875,136.6999969482422,136.9199981689453,136.9199981689453,574700
2023-04-27,138.4600067138672,143.4600067138672,138.11000061035156,142.89999389648438,142.89999389648438,419000
2023-04-28,142.19000244140625,145.5,141.0399932861328,144.0,144.0,511500
2023-05-01,143.77000427246094,145.97000122070312,142.8699951171875,143.57000732421875,143.57000732421875,372300
2023-05-02,143.47999572753906,144.00999450683594,139.38999938964844,143.27999877929688,143.27999877929688,615700
2023-05-03,143.64999389648438,148.00999450683594,143.64999389648438,144.0800018310547,144.0800018310547,915100
2023-05-04,125.37000274658203,135.89999389648438,121.91000366210938,122.87000274658203,122.87000274658203,2231000
2023-05-05,127.08000183105469,131.64999389648438,125.51000213623047,129.97000122070312,129.97000122070312,1396400
2023-05-08,131.97999572753906,133.17999267578125,128.24000549316406,129.8800048828125,129.8800048828125,842700
2023-05-09,128.9499969482422,131.33999633789062,128.25,130.72999572753906,130.72999572753906,657200
2023-05-10,133.2100067138672,133.2100067138672,127.29000091552734,128.9499969482422,128.9499969482422,665600
2023-05-11,127.16000366210938,129.0,125.88999938964844,127.91000366210938,127.91000366210938,511100
2023-05-12,129.02000427246094,130.1300048828125,126.77999877929688,128.19000244140625,128.19000244140625,434700
2023-05-15,128.92999267578125,133.6300048828125,127.87999725341797,132.24000549316406,132.24000549316406,771900
2023-05-16,130.5,131.61000061035156,127.77999877929688,128.05999755859375,128.05999755859375,729700
2023-05-17,129.64999389648438,134.27999877929688,129.17999267578125,132.4199981689453,132.4199981689453,615500
2023-05-18,132.27000427246094,137.08999633789062,131.58999633789062,136.25999450683594,136.25999450683594,652900
2023-05-19,137.94000244140625,137.94000244140625,133.2899932861328,134.2100067138672,134.2100067138672,666300
2023-05-22,133.97000122070312,135.3000030517578,132.5800018310547,134.2100067138672,134.2100067138672,354500
2023-05-23,133.11000061035156,134.67999267578125,130.42999267578125,130.5399932861328,130.5399932861328,476300
2023-05-24,129.33999633789062,129.4499969482422,125.7699966430664,127.7300033569336,127.7300033569336,546500
2023-05-25,128.2100067138672,133.80999755859375,128.2100067138672,133.61000061035156,133.61000061035156,662500
2023-05-26,136.3000030517578,146.9600067138672,135.27999877929688,146.0800018310547,146.0800018310547,1238700
2023-05-30,146.7100067138672,148.27999877929688,143.6999969482422,144.07000732421875,144.07000732421875,848200
2023-05-31,142.75999450683594,143.89999389648438,136.64999389648438,137.3800048828125,137.3800048828125,922300
2023-06-01,136.63999938964844,138.1199951171875,132.91000366210938,136.2899932861328,136.2899932861328,783600
2023-06-02,139.7100067138672,147.36000061035156,139.00999450683594,146.13999938964844,146.13999938964844,1011900
2023-06-05,148.27999877929688,149.32000732421875,143.13999938964844,148.2899932861328,148.2899932861328,990800
2023-06-06,146.6199951171875,151.66000366210938,146.6199951171875,148.8300018310547,148.8300018310547,816800
2023-06-07,149.92999267578125,156.47000122070312,149.7100067138672,153.6199951171875,153.6199951171875,869300
2023-06-08,152.8699951171875,156.0399932861328,152.86000061035156,155.66000366210938,155.66000366210938,718800
2023-06-09,156.58999633789062,156.64999389648438,153.9600067138672,154.72000122070312,154.72000122070312,590100
2023-06-12,154.86000061035156,161.52999877929688,154.3000030517578,161.02000427246094,161.02000427246094,935200
2023-06-13,161.6999969482422,167.36000061035156,161.6999969482422,166.3800048828125,166.3800048828125,882700
2023-06-14,166.11000061035156,167.38999938964844,163.02999877929688,164.00999450683594,164.00999450683594,717100
2023-06-15,162.47999572753906,169.0,161.52000427246094,168.6699981689453,168.6699981689453,922200
2023-06-16,168.9600067138672,170.3300018310547,166.0,168.0500030517578,168.0500030517578,7823100
2023-06-20,166.3800048828125,170.75999450683594,164.77999877929688,170.22000122070312,170.22000122070312,961100
2023-06-21,171.22999572753906,174.80999755859375,170.7899932861328,173.38999938964844,173.38999938964844,927500
2023-06-22,171.99000549316406,172.61000061035156,167.49000549316406,167.60000610351562,167.60000610351562,738900
2023-06-23,165.07000732421875,168.07000732421875,163.67999267578125,167.89999389648438,167.89999389648438,1408000
2023-06-26,167.50999450683594,171.6699981689453,166.6199951171875,166.75,166.75,434500
2023-06-27,167.3699951171875,173.8300018310547,167.1699981689453,173.39999389648438,173.39999389648438,666500
2023-06-28,173.0500030517578,176.36000061035156,171.00999450683594,176.2100067138672,176.2100067138672,607900
2023-06-29,176.30999755859375,178.00999450683594,174.92999267578125,175.5399932861328,175.5399932861328,507300
2023-06-30,178.14999389648438,180.0800018310547,175.35000610351562,179.05999755859375,179.05999755859375,598000
2023-07-03,178.13999938964844,179.0,177.22000122070312,177.9199981689453,177.9199981689453,216400
2023-07-05,176.0399932861328,178.3300018310547,174.75999450683594,176.72000122070312,176.72000122070312,427700
2023-07-06,174.77000427246094,175.57000732421875,172.1300048828125,175.1999969482422,175.1999969482422,438300
2023-07-07,175.49000549316406,180.02000427246094,175.49000549316406,178.41000366210938,178.41000366210938,422800
2023-07-10,177.42999267578125,183.1699981689453,176.9499969482422,183.10000610351562,183.10000610351562,517300
2023-07-11,183.5800018310547,185.22999572753906,176.00999450683594,179.0,179.0,907700
2023-07-12,182.1300048828125,182.88999938964844,177.57000732421875,178.11000061035156,178.11000061035156,591900
2023-07-13,178.91000366210938,180.80999755859375,176.6699981689453,178.1300048828125,178.1300048828125,869500
2023-07-14,177.89999389648438,177.89999389648438,170.6699981689453,172.30999755859375,172.30999755859375,889200
2023-07-17,172.0,173.97000122070312,171.17999267578125,172.24000549316406,172.24000549316406,501500
2023-07-18,171.7100067138672,176.77000427246094,171.35000610351562,176.02000427246094,176.02000427246094,547100
2023-07-19,175.08999633789062,177.9499969482422,174.02000427246094,174.9499969482422,174.9499969482422,544100
2023-07-20,175.8800048828125,176.8800048828125,173.30999755859375,176.17999267578125,176.17999267578125,426600
2023-07-21,178.50999450683594,178.50999450683594,173.0,174.69000244140625,174.69000244140625,504500
2023-07-24,174.75,176.57000732421875,173.75,175.0800018310547,175.0800018310547,299800
2023-07-25,174.0,176.27000427246094,172.0,175.3699951171875,175.3699951171875,496900
2023-07-26,174.11000061035156,175.11000061035156,169.0399932861328,169.5500030517578,169.5500030517578,781700
2023-07-27,169.5,171.58999633789062,168.14999389648438,169.1300048828125,169.1300048828125,588400
2023-07-28,170.85000610351562,171.7100067138672,169.3699951171875,171.49000549316406,171.49000549316406,398000
2023-07-31,172.86000061035156,175.83999633789062,171.72000122070312,175.57000732421875,175.57000732421875,425000
2023-08-01,173.97999572753906,182.80999755859375,173.50999450683594,180.30999755859375,180.30999755859375,705200
2023-08-02,178.16000366210938,183.38999938964844,177.38999938964844,179.4600067138672,179.4600067138672,771800
2023-08-03,146.85000610351562,157.47999572753906,143.97999572753906,153.2899932861328,153.2899932861328,3194700
2023-08-04,154.2100067138672,157.91000366210938,152.57000732421875,153.1699981689453,153.1699981689453,1296900
2023-08-07,153.69000244140625,155.5500030517578,151.38999938964844,153.8300018310547,153.8300018310547,615800
2023-08-08,151.4499969482422,152.97000122070312,149.94000244140625,152.3000030517578,152.3000030517578,474000
2023-08-09,152.52000427246094,153.50999450683594,150.85000610351562,151.3300018310547,151.3300018310547,315100
2023-08-10,151.22999572753906,153.47000122070312,150.6199951171875,153.25999450683594,153.25999450683594,407100
2023-08-11,153.22999572753906,157.1300048828125,153.22999572753906,155.5500030517578,155.5500030517578,547000
2023-08-14,153.92999267578125,157.13999938964844,153.27000427246094,156.86000061035156,156.86000061035156,545900
2023-08-15,155.75,156.8000030517578,154.13999938964844,154.4199981689453,154.4199981689453,554400
2023-08-16,153.8300018310547,156.1699981689453,151.4499969482422,151.64999389648438,151.64999389648438,382800
2023-08-17,151.88999938964844,153.0800018310547,148.8699951171875,149.22000122070312,149.22000122070312,433200
2023-08-18,147.63999938964844,152.88999938964844,147.22000122070312,152.61000061035156,152.61000061035156,409400
2023-08-21,153.30999755859375,154.35000610351562,151.72000122070312,153.58999633789062,153.58999633789062,356200
2023-08-22,154.5800018310547,155.24000549316406,152.8699951171875,153.0,153.0,369300
2023-08-23,153.3699951171875,156.0,151.7899932861328,155.9499969482422,155.9499969482422,299700
2023-08-24,156.1999969482422,157.2100067138672,153.47000122070312,155.44000244140625,155.44000244140625,401900
2023-08-25,156.69000244140625,157.47000122070312,152.9600067138672,155.5800018310547,155.5800018310547,351700
2023-08-28,155.8800048828125,161.22000122070312,155.8699951171875,159.0500030517578,159.0500030517578,389500
2023-08-29,158.52000427246094,162.0800018310547,156.83999633789062,161.41000366210938,161.41000366210938,247900
2023-08-30,161.2100067138672,163.82000732421875,161.14999389648438,162.24000549316406,162.24000549316406,232200
2023-08-31,162.27000427246094,164.19000244140625,161.55999755859375,161.85000610351562,161.85000610351562,349700
2023-09-01,163.77000427246094,164.5500030517578,161.2899932861328,163.27999877929688,163.27999877929688,356100
2023-09-05,161.1999969482422,162.75999450683594,156.25,156.6699981689453,156.6699981689453,453800
2023-09-06,157.57000732421875,161.24000549316406,156.92999267578125,158.02000427246094,158.02000427246094,483900
2023-09-07,156.1699981689453,157.66000366210938,154.14999389648438,156.0,156.0,442500
2023-09-08,155.6999969482422,160.7899932861328,155.6999969482422,158.00999450683594,158.00999450683594,873600
2023-09-11,159.30999755859375,160.39999389648438,154.97999572753906,156.69000244140625,156.69000244140625,394000
2023-09-12,155.75,160.6199951171875,155.52000427246094,156.49000549316406,156.49000549316406,726600
2023-09-13,155.25,156.10000610351562,151.97999572753906,154.0399932861328,154.0399932861328,372400
2023-09-14,155.2899932861328,157.07000732421875,152.86000061035156,155.22999572753906,155.22999572753906,474800
2023-09-15,154.11000061035156,155.44000244140625,152.3699951171875,153.13999938964844,153.13999938964844,993200
2023-09-18,154.49000549316406,154.6699981689453,152.2100067138672,153.83999633789062,153.83999633789062,302700
2023-09-19,153.2100067138672,154.4199981689453,151.2899932861328,152.38999938964844,152.38999938964844,312800
2023-09-20,153.69000244140625,155.60000610351562,150.47000122070312,150.5500030517578,150.5500030517578,329100
2023-09-21,149.39999389648438,150.0,146.5,146.5500030517578,146.5500030517578,340200
2023-09-22,146.63999938964844,148.6999969482422,146.16000366210938,147.13999938964844,147.13999938964844,407700
2023-09-25,146.52000427246094,148.88999938964844,146.52000427246094,147.44000244140625,147.44000244140625,318300
2023-09-26,145.85000610351562,148.19000244140625,145.72000122070312,146.52000427246094,146.52000427246094,408300
2023-09-27,148.0,148.8699951171875,144.39999389648438,145.5399932861328,145.5399932861328,556500
2023-09-28,145.5800018310547,147.80999755859375,144.22999572753906,146.25999450683594,146.25999450683594,520800
2023-09-29,147.91000366210938,148.92999267578125,143.58999633789062,143.82000732421875,143.82000732421875,559700
2023-10-02,143.66000366210938,144.1699981689453,140.33999633789062,141.41000366210938,141.41000366210938,559700
2023-10-03,140.72999572753906,141.94000244140625,137.83999633789062,138.00999450683594,138.00999450683594,453200
2023-10-04,138.0800018310547,141.1699981689453,136.72000122070312,140.5800018310547,140.5800018310547,529300
2023-10-05,140.3699951171875,141.00999450683594,138.1199951171875,139.8300018310547,139.8300018310547,384200
2023-10-06,141.97999572753906,147.72999572753906,140.74000549316406,145.55999755859375,145.55999755859375,475000
2023-10-09,144.75,148.1199951171875,144.24000549316406,147.94000244140625,147.94000244140625,268200
2023-10-10,149.00999450683594,149.36000061035156,145.9499969482422,146.72000122070312,146.72000122070312,377900
2023-10-11,146.75999450683594,147.8300018310547,145.77999877929688,147.8000030517578,147.8000030517578,322900
2023-10-12,148.38999938964844,148.39999389648438,143.7100067138672,145.4199981689453,145.4199981689453,455600
2023-10-13,143.17999267578125,143.25999450683594,132.16000366210938,133.6999969482422,133.6999969482422,1289800
2023-10-16,135.60000610351562,138.8699951171875,135.38999938964844,137.9199981689453,137.9199981689453,584100
2023-10-17,136.72999572753906,141.22000122070312,136.30999755859375,138.89999389648438,138.89999389648438,567200
2023-10-18,136.36000061035156,136.36000061035156,132.0,132.8000030517578,132.8000030517578,553100
2023-10-19,132.17999267578125,134.07000732421875,129.8300018310547,130.6699981689453,130.6699981689453,496200
2023-10-20,129.55999755859375,130.2899932861328,125.12999725341797,125.56999969482422,125.56999969482422,962800
2023-10-23,125.66000366210938,127.43000030517578,124.94000244140625,125.87999725341797,125.87999725341797,626700
2023-10-24,126.77999877929688,127.33999633789062,125.02999877929688,125.95999908447266,125.95999908447266,585700
2023-10-25,125.6500015258789,125.70999908447266,122.30000305175781,123.66000366210938,123.66000366210938,451900
2023-10-26,124.3499984741211,127.3499984741211,123.97000122070312,126.61000061035156,126.61000061035156,544400
2023-10-27,127.11000061035156,128.8300018310547,125.61000061035156,126.0,126.0,515300
2023-10-30,127.61000061035156,128.67999267578125,125.33999633789062,128.1300048828125,128.1300048828125,390200
2023-10-31,127.80000305175781,129.25999450683594,125.05000305175781,128.1999969482422,128.1999969482422,417500
2023-11-01,127.72000122070312,131.38999938964844,125.7699966430664,131.0800018310547,131.0800018310547,884200
2023-11-02,138.7100067138672,141.47000122070312,131.3800048828125,135.97000122070312,135.97000122070312,1041000
2023-11-03,138.57000732421875,144.77999877929688,138.25,142.8000030517578,142.8000030517578,893600
2023-11-06,142.57000732421875,143.0,139.13999938964844,139.6199951171875,139.6199951171875,714500
2023-11-07,138.2899932861328,138.8000030517578,136.8000030517578,138.1699981689453,138.1699981689453,466700
2023-11-08,138.4499969482422,140.1699981689453,135.72999572753906,136.63999938964844,136.63999938964844,468700
2023-11-09,138.22000122070312,140.58999633789062,137.10000610351562,137.2899932861328,137.2899932861328,600500
2023-11-10,138.02000427246094,141.8699951171875,137.5500030517578,141.13999938964844,141.13999938964844,363300
2023-11-13,140.85000610351562,141.41000366210938,139.38999938964844,140.7100067138672,140.7100067138672,304400
2023-11-14,144.94000244140625,148.82000732421875,144.94000244140625,148.6699981689453,148.6699981689453,449100
2023-11-15,148.94000244140625,151.1199951171875,147.36000061035156,147.39999389648438,147.39999389648438,329100
2023-11-16,146.6199951171875,148.74000549316406,145.74000549316406,146.92999267578125,146.92999267578125,327900
2023-11-17,148.17999267578125,153.14999389648438,147.5,151.80999755859375,151.80999755859375,697300
2023-11-20,151.85000610351562,153.91000366210938,151.13999938964844,153.3000030517578,153.3000030517578,406800
2023-11-21,152.10000610351562,153.27000427246094,151.69000244140625,152.02000427246094,152.02000427246094,392300
2023-11-22,152.52000427246094,153.91000366210938,151.50999450683594,152.64999389648438,152.64999389648438,306400
2023-11-24,153.16000366210938,155.55999755859375,153.16000366210938,154.35000610351562,154.35000610351562,124900
2023-11-27,153.3800048828125,155.8000030517578,152.77999877929688,154.66000366210938,154.66000366210938,378100
2023-11-28,153.75,155.2899932861328,150.99000549316406,151.82000732421875,151.82000732421875,260500
2023-11-29,153.9199981689453,156.0,152.5,155.22999572753906,155.22999572753906,348400
2023-11-30,156.42999267578125,157.41000366210938,154.97000122070312,155.85000610351562,155.85000610351562,425000
2023-12-01,156.3800048828125,163.30999755859375,156.3800048828125,162.49000549316406,162.49000549316406,497900
2023-12-04,160.17999267578125,164.5399932861328,159.5500030517578,162.64999389648438,162.64999389648438,332400
2023-12-05,161.61000061035156,162.27999877929688,158.3699951171875,159.25,159.25,360600
2023-12-06,161.3699951171875,163.77999877929688,157.5800018310547,157.6199951171875,157.6199951171875,515200
2023-12-07,158.27000427246094,158.9499969482422,157.07000732421875,157.6999969482422,157.6999969482422,311000
2023-12-08,157.2899932861328,162.30999755859375,157.2899932861328,160.9600067138672,160.9600067138672,347900
2023-12-11,160.9199981689453,166.6300048828125,160.9199981689453,166.38999938964844,166.38999938964844,359400
2023-12-12,166.47999572753906,168.0,165.6699981689453,167.07000732421875,167.07000732421875,298700
2023-12-13,167.63999938964844,171.1699981689453,163.16000366210938,169.86000061035156,169.86000061035156,475000
2023-12-14,172.52000427246094,179.64999389648438,172.47999572753906,177.69000244140625,177.69000244140625,683800
2023-12-15,176.7100067138672,178.08999633789062,173.97999572753906,174.89999389648438,174.89999389648438,636900
2023-12-18,176.02000427246094,176.02000427246094,174.0800018310547,174.57000732421875,174.57000732421875,290000
2023-12-19,176.00999450683594,177.30999755859375,175.16000366210938,175.94000244140625,175.94000244140625,308100
2023-12-20,175.19000244140625,177.4600067138672,171.6699981689453,171.92999267578125,171.92999267578125,350100
2023-12-21,174.05999755859375,175.52999877929688,173.02000427246094,175.39999389648438,175.39999389648438,293500
2023-12-22,175.75,177.72000122070312,174.6999969482422,176.17999267578125,176.17999267578125,149100
2023-12-26,176.64999389648438,177.55999755859375,175.80999755859375,176.3300018310547,176.3300018310547,154900
2023-12-27,176.88999938964844,177.14999389648438,174.99000549316406,175.5399932861328,175.5399932861328,205900
2023-12-28,175.00999450683594,177.4199981689453,174.83999633789062,177.07000732421875,177.07000732421875,281500
2023-12-29,176.39999389648438,176.77999877929688,172.80999755859375,173.8800048828125,173.8800048828125,245900
2024-01-02,172.52000427246094,174.72999572753906,171.75999450683594,173.5399932861328,173.5399932861328,335700
2024-01-03,170.6999969482422,171.36000061035156,167.94000244140625,168.6199951171875,168.6199951171875,296500
2024-01-04,168.4499969482422,170.66000366210938,168.05999755859375,168.6999969482422,168.6999969482422,327700
2024-01-05,167.94000244140625,170.75999450683594,167.94000244140625,168.83999633789062,168.83999633789062,279400
2024-01-08,168.92999267578125,173.10000610351562,167.72999572753906,172.77000427246094,172.77000427246094,245300
2024-01-09,169.99000549316406,173.1300048828125,168.9600067138672,172.9199981689453,172.9199981689453,170900
2024-01-10,172.6699981689453,173.9499969482422,170.7899932861328,172.60000610351562,172.60000610351562,199500
2024-01-11,171.85000610351562,173.0800018310547,169.27999877929688,172.64999389648438,172.64999389648438,153500
2024-01-12,174.97000122070312,175.16000366210938,169.42999267578125,169.6699981689453,169.6699981689453,211800
2024-01-16,167.86000061035156,169.9499969482422,167.72999572753906,169.47999572753906,169.47999572753906,323000
2024-01-17,167.94000244140625,171.1999969482422,167.94000244140625,169.1199951171875,169.1199951171875,320800
2024-01-18,171.30999755859375,172.75,169.10000610351562,171.97999572753906,171.97999572753906,288900
2024-01-19,171.97999572753906,174.6699981689453,169.67999267578125,174.60000610351562,174.60000610351562,242100
2024-01-22,175.6999969482422,177.3300018310547,174.80999755859375,175.66000366210938,175.66000366210938,226300
2024-01-23,177.42999267578125,177.77000427246094,172.66000366210938,172.8800048828125,172.8800048828125,208400
2024-01-24,174.91000366210938,175.02999877929688,170.5,170.6999969482422,170.6999969482422,199400
2024-01-25,173.75999450683594,174.99000549316406,172.4199981689453,173.3300018310547,173.3300018310547,265400
2024-01-26,174.3300018310547,175.36000061035156,171.17999267578125,171.3800048828125,171.3800048828125,200800
2024-01-29,170.94000244140625,174.63999938964844,170.69000244140625,174.22000122070312,174.22000122070312,198500
2024-01-30,173.50999450683594,177.1699981689453,172.6699981689453,175.61000061035156,175.61000061035156,460300
2024-01-31,175.17999267578125,177.91000366210938,172.89999389648438,173.52000427246094,173.52000427246094,377700
2024-02-01,175.38999938964844,177.3300018310547,173.0,176.24000549316406,176.24000549316406,371000
2024-02-02,175.5,185.72999572753906,175.47999572753906,184.1300048828125,184.1300048828125,462800
2024-02-05,181.7100067138672,183.25,178.0,181.0,181.0,283000
2024-02-06,180.5800018310547,184.75,180.2899932861328,184.60000610351562,184.60000610351562,389600
2024-02-07,186.0,188.5500030517578,184.5399932861328,188.2100067138672,188.2100067138672,393700
2024-02-08,188.6199951171875,191.17999267578125,188.1999969482422,190.8699951171875,190.8699951171875,397600
2024-02-09,190.9499969482422,193.9600067138672,189.3800048828125,193.8300018310547,193.8300018310547,337600
2024-02-12,193.47999572753906,195.42999267578125,191.4199981689453,192.52999877929688,192.52999877929688,618200
2024-02-13,152.0,158.5500030517578,132.3699951171875,132.58999633789062,132.58999633789062,4869600
2024-02-14,139.27999877929688,146.3000030517578,138.6699981689453,143.0500030517578,143.0500030517578,2799600
2024-02-15,143.55999755859375,150.22000122070312,143.25,147.44000244140625,147.44000244140625,1506900
2024-02-16,145.94000244140625,150.2899932861328,145.3699951171875,145.67999267578125,145.67999267578125,777600
2024-02-20,143.91000366210938,145.0399932861328,142.72999572753906,145.02999877929688,145.02999877929688,662400
2024-02-21,143.97999572753906,144.7899932861328,141.02000427246094,142.5500030517578,142.5500030517578,821300
2024-02-22,144.10000610351562,146.14999389648438,143.75999450683594,144.52000427246094,144.52000427246094,599200
2024-02-23,145.4600067138672,147.75,144.8000030517578,145.47999572753906,145.47999572753906,599400
2024-02-26,144.1300048828125,145.39999389648438,143.52000427246094,144.60000610351562,144.60000610351562,550100
2024-02-27,145.47999572753906,146.52999877929688,144.27000427246094,144.35000610351562,144.35000610351562,591100
2024-02-28,143.49000549316406,147.61000061035156,143.49000549316406,146.0399932861328,146.0399932861328,682200
2024-02-29,146.8000030517578,149.6300048828125,146.3699951171875,149.49000549316406,149.49000549316406,747700
2024-03-01,150.27000427246094,152.57000732421875,149.14999389648438,152.07000732421875,152.07000732421875,709400
2024-03-04,153.1300048828125,154.25,150.39999389648438,150.8000030517578,150.8000030517578,622200
2024-03-05,150.47999572753906,155.10000610351562,150.16000366210938,154.61000061035156,154.61000061035156,1229700
2024-03-06,156.60000610351562,156.99000549316406,154.35000610351562,154.8699951171875,154.8699951171875,716300
2024-03-07,156.72000122070312,161.0399932861328,156.00999450683594,160.2899932861328,160.2899932861328,1233800
2024-03-08,161.61000061035156,163.39999389648438,158.85000610351562,159.77999877929688,159.77999877929688,639600
2024-03-11,158.25999450683594,158.25999450683594,154.50999450683594,157.49000549316406,157.49000549316406,430400
2024-03-12,158.4199981689453,162.17999267578125,156.9499969482422,162.02000427246094,162.02000427246094,492600
2024-03-13,161.6699981689453,164.55999755859375,161.22000122070312,163.24000549316406,163.24000549316406,553200
2024-03-14,163.02999877929688,163.02999877929688,158.11000061035156,159.52999877929688,159.52999877929688,443500
2024-03-15,158.14999389648438,161.7899932861328,157.83999633789062,160.1300048828125,160.1300048828125,755000
2024-03-18,161.1999969482422,162.57000732421875,160.00999450683594,161.97999572753906,161.97999572753906,396700
2024-03-19,161.3699951171875,164.67999267578125,161.07000732421875,164.19000244140625,164.19000244140625,409300
2024-03-20,163.99000549316406,166.5800018310547,163.3300018310547,166.0800018310547,166.0800018310547,677500
2024-03-21,167.99000549316406,170.5500030517578,165.9600067138672,169.8300018310547,169.8300018310547,620300
2024-03-22,169.1199951171875,169.99000549316406,166.8800048828125,169.13999938964844,169.13999938964844,467700
2024-03-25,168.25999450683594,169.13999938964844,167.44000244140625,168.19000244140625,168.19000244140625,267600
2024-03-26,169.52999877929688,170.0500030517578,168.00999450683594,168.47000122070312,168.47000122070312,303800
2024-03-27,169.72000122070312,171.19000244140625,168.14999389648438,170.85000610351562,170.85000610351562,283700
2024-03-28,170.75,172.16000366210938,170.25,171.27999877929688,171.27999877929688,427500
2024-04-01,171.35000610351562,175.8800048828125,168.97000122070312,175.58999633789062,175.58999633789062,715600
2024-04-02,173.58999633789062,173.58999633789062,169.91000366210938,171.44000244140625,171.44000244140625,757000
2024-04-03,170.77999877929688,175.0800018310547,170.77999877929688,174.2100067138672,174.2100067138672,669700
2024-04-04,177.0,177.6199951171875,169.3699951171875,170.1999969482422,170.1999969482422,739400
2024-04-05,171.42999267578125,173.0,170.64999389648438,171.7899932861328,171.7899932861328,270500
2024-04-08,173.1300048828125,173.6699981689453,171.14999389648438,172.5399932861328,172.5399932861328,310100
2024-04-09,173.3800048828125,174.3300018310547,170.1300048828125,172.77999877929688,172.77999877929688,402100
2024-04-10,169.24000549316406,170.10000610351562,166.25999450683594,167.02000427246094,167.02000427246094,411500
2024-04-11,165.8699951171875,167.2100067138672,163.42999267578125,165.50999450683594,165.50999450683594,594900
2024-04-12,164.75999450683594,165.6199951171875,160.89999389648438,161.55999755859375,161.55999755859375,669800
2024-04-15,164.1300048828125,164.75999450683594,159.00999450683594,159.9199981689453,159.9199981689453,530800
2024-04-16,158.0399932861328,158.35000610351562,154.4499969482422,154.7899932861328,154.7899932861328,601800
2024-04-17,155.25,157.08999633789062,152.39999389648438,152.52000427246094,152.52000427246094,403900
2024-04-18,153.6999969482422,156.75999450683594,152.97000122070312,153.44000244140625,153.44000244140625,511900
2024-04-19,152.97999572753906,155.1999969482422,152.30999755859375,154.00999450683594,154.00999450683594,508400
2024-04-22,155.0800018310547,157.1999969482422,154.0399932861328,155.99000549316406,155.99000549316406,488700
2024-04-23,157.25999450683594,160.30999755859375,155.38999938964844,159.16000366210938,159.16000366210938,396200
2024-04-24,159.6999969482422,162.0,157.57000732421875,159.58999633789062,159.58999633789062,427700
2024-04-25,157.8800048828125,159.5,154.83999633789062,157.3000030517578,157.3000030517578,674900
2024-04-26,157.17999267578125,157.99000549316406,155.0,155.8000030517578,155.8000030517578,1269200
2024-04-29,157.57000732421875,158.97999572753906,154.91000366210938,158.14999389648438,158.14999389648438,1268200
2024-04-30,156.42999267578125,158.5399932861328,152.69000244140625,152.75,152.75,596600
2024-05-01,151.97000122070312,157.8699951171875,151.3000030517578,154.39999389648438,154.39999389648438,800300
2024-05-02,158.14999389648438,172.57000732421875,158.14999389648438,165.0800018310547,165.0800018310547,1871900
2024-05-03,168.27999877929688,169.1699981689453,166.72999572753906,167.6999969482422,167.6999969482422,754900
2024-05-06,171.0800018310547,172.92999267578125,169.8699951171875,172.88999938964844,172.88999938964844,880400
2024-05-07,173.99000549316406,180.72999572753906,173.8800048828125,180.47999572753906,180.47999572753906,1013500
2024-05-08,172.91000366210938,176.1300048828125,169.5,173.67999267578125,173.67999267578125,1757400
2024-05-09,174.8699951171875,176.58999633789062,173.86000061035156,175.25,175.25,992800
2024-05-10,176.02999877929688,176.47000122070312,174.13999938964844,175.8800048828125,175.8800048828125,562500
2024-05-13,176.69000244140625,178.77999877929688,176.27999877929688,177.8300018310547,177.8300018310547,854000
2024-05-14,179.72999572753906,181.14999389648438,178.6300048828125,179.60000610351562,179.60000610351562,780100
2024-05-15,181.92999267578125,186.33999633789062,181.5,186.30999755859375,186.30999755859375,1003300
2024-05-16,185.32000732421875,186.97000122070312,180.85000610351562,181.92999267578125,181.92999267578125,1164000
2024-05-17,182.52999877929688,185.67999267578125,181.41000366210938,185.0500030517578,185.0500030517578,1107800
2024-05-20,185.8300018310547,190.0,184.8000030517578,188.0,188.0,793100
2024-05-21,186.8800048828125,189.00999450683594,185.91000366210938,188.3000030517578,188.3000030517578,846800
2024-05-22,188.1999969482422,190.17999267578125,187.02000427246094,187.86000061035156,187.86000061035156,787700
2024-05-23,191.44000244140625,191.82000732421875,186.4600067138672,186.6199951171875,186.6199951171875,615900
2024-05-24,188.0500030517578,192.0,186.19000244140625,191.17999267578125,191.17999267578125,920100
2024-05-28,191.1699981689453,191.1699981689453,184.42999267578125,185.52000427246094,185.52000427246094,588000
2024-05-29,180.22000122070312,180.57000732421875,176.35000610351562,176.85000610351562,176.85000610351562,1351400
2024-05-30,177.50999450683594,182.36000061035156,177.5,178.86000061035156,178.86000061035156,1245200
2024-05-31,179.72999572753906,181.77999877929688,176.25999450683594,179.49000549316406,179.49000549316406,780200
2024-06-03,181.4600067138672,181.47999572753906,174.4499969482422,177.1699981689453,177.1699981689453,764800
2024-06-04,175.3800048828125,177.11000061035156,171.02000427246094,172.60000610351562,172.60000610351562,740300
2024-06-05,173.41000366210938,178.16000366210938,172.61000061035156,177.97999572753906,177.97999572753906,722000
2024-06-06,176.7899932861328,178.6999969482422,175.30999755859375,175.38999938964844,175.38999938964844,879700
2024-06-07,174.27000427246094,176.47000122070312,173.35000610351562,176.3800048828125,176.3800048828125,724200
2024-06-10,174.4600067138672,181.0,174.4600067138672,179.74000549316406,179.74000549316406,1126200
2024-06-11,178.77999877929688,178.77999877929688,174.72000122070312,175.11000061035156,175.11000061035156,603100
2024-06-12,179.2899932861328,183.77999877929688,177.75999450683594,178.02999877929688,178.02999877929688,669800
2024-06-13,176.42999267578125,177.35000610351562,174.2100067138672,174.6300048828125,174.6300048828125,414500
2024-06-14,170.19000244140625,170.19000244140625,161.5,166.58999633789062,166.58999633789062,1124600
2024-06-17,166.58999633789062,167.11000061035156,163.8800048828125,165.38999938964844,165.38999938964844,550800
2024-06-18,164.91000366210938,165.30999755859375,161.82000732421875,163.72000122070312,163.72000122070312,812500
2024-06-20,163.99000549316406,168.77999877929688,162.75999450683594,164.0399932861328,164.0399932861328,992500
2024-06-21,163.63999938964844,164.55999755859375,160.91000366210938,164.17999267578125,164.17999267578125,2443700
2024-06-24,163.91000366210938,166.6300048828125,163.05999755859375,163.88999938964844,163.88999938964844,569700
2024-06-25,163.60000610351562,163.7100067138672,157.8699951171875,160.2899932861328,160.2899932861328,880500
2024-06-26,158.82000732421875,160.0,156.77000427246094,157.60000610351562,157.60000610351562,658400
2024-06-27,157.4199981689453,160.11000061035156,156.4499969482422,158.3000030517578,158.3000030517578,511500
2024-06-28,159.22999572753906,161.85000610351562,157.39999389648438,158.52000427246094,158.52000427246094,1061600
2024-07-01,160.25,161.07000732421875,154.83999633789062,155.14999389648438,155.14999389648438,671500
2024-07-02,154.75999450683594,157.57000732421875,154.75999450683594,157.38999938964844,157.38999938964844,352800
2024-07-03,157.39999389648438,160.00999450683594,156.91000366210938,159.24000549316406,159.24000549316406,283900
2024-07-05,158.1699981689453,158.72999572753906,154.25999450683594,154.4600067138672,154.4600067138672,717300
2024-07-08,156.83999633789062,158.6999969482422,154.82000732421875,156.66000366210938,156.66000366210938,532800
2024-07-09,156.49000549316406,158.1699981689453,153.97000122070312,154.1199951171875,154.1199951171875,382700
2024-07-10,155.19000244140625,159.25,153.88999938964844,158.80999755859375,158.80999755859375,488500
2024-07-11,162.38999938964844,166.41000366210938,160.08999633789062,165.47999572753906,165.47999572753906,864000
2024-07-12,169.52000427246094,174.89999389648438,166.9199981689453,170.27000427246094,170.27000427246094,1254300
2024-07-15,171.97000122070312,175.9600067138672,171.10000610351562,174.17999267578125,174.17999267578125,680400
2024-07-16,175.9199981689453,184.08999633789062,174.8000030517578,183.24000549316406,183.24000549316406,837700
2024-07-17,178.6300048828125,181.0800018310547,174.27999877929688,175.75,175.75,831900
2024-07-18,175.75999450683594,180.57000732421875,170.69000244140625,171.3000030517578,171.3000030517578,824200
2024-07-19,171.3800048828125,172.13999938964844,167.25999450683594,169.44000244140625,169.44000244140625,538200
