Date,Open,High,Low,Close,Adj Close,Volume
2006-12-08,24.0,26.25,24.0,25.100000381469727,20.330381393432617,5542000
2006-12-11,25.100000381469727,27.829999923706055,24.799999237060547,26.299999237060547,21.302349090576172,707200
2006-12-12,25.8799991607666,26.950000762939453,25.559999465942383,26.06999969482422,21.116052627563477,227000
2006-12-13,26.049999237060547,27.399999618530273,26.049999237060547,26.850000381469727,21.747833251953125,330800
2006-12-14,26.260000228881836,28.700000762939453,26.260000228881836,27.84000015258789,22.54970932006836,295000
2006-12-15,28.639999389648438,28.790000915527344,26.610000610351562,27.649999618530273,22.395816802978516,234700
2006-12-18,27.649999618530273,28.290000915527344,26.950000762939453,27.549999237060547,22.314815521240234,96700
2006-12-19,26.8799991607666,26.989999771118164,26.139999389648438,26.489999771118164,21.456235885620117,155300
2006-12-20,26.690000534057617,27.200000762939453,26.510000228881836,27.100000381469727,21.950326919555664,113400
2006-12-21,27.239999771118164,27.59000015258789,26.739999771118164,27.56999969482422,22.331012725830078,142600
2006-12-22,27.059999465942383,28.0,27.010000228881836,27.229999542236328,22.055625915527344,108000
2006-12-26,27.959999084472656,27.959999084472656,27.209999084472656,27.520000457763672,22.29051971435547,30700
2006-12-27,27.290000915527344,28.0,27.290000915527344,27.920000076293945,22.614513397216797,42400
2006-12-28,27.899999618530273,28.399999618530273,27.75,27.899999618530273,22.598302841186523,58400
2006-12-29,28.1200008392334,28.200000762939453,27.780000686645508,28.059999465942383,22.7278995513916,31800
2007-01-03,28.360000610351562,28.360000610351562,27.510000228881836,27.770000457763672,22.49300765991211,98400
2007-01-04,27.479999542236328,28.3700008392334,27.479999542236328,27.770000457763672,22.49300765991211,95200
2007-01-05,27.600000381469727,27.850000381469727,27.260000228881836,27.75,22.476806640625,93700
2007-01-08,27.90999984741211,27.90999984741211,26.68000030517578,26.979999542236328,21.85312843322754,134100
2007-01-09,27.25,27.399999618530273,26.75,26.989999771118164,21.861228942871094,102800
2007-01-10,26.940000534057617,27.329999923706055,25.829999923706055,26.969999313354492,21.845027923583984,196500
2007-01-11,26.950000762939453,27.450000762939453,26.510000228881836,27.360000610351562,22.160919189453125,77100
2007-01-12,27.5,28.299999237060547,27.420000076293945,28.25,22.881799697875977,92300
2007-01-16,28.5,29.90999984741211,27.149999618530273,29.579999923706055,23.959068298339844,233000
2007-01-17,30.0,30.899999618530273,29.75,30.0,24.299259185791016,105900
2007-01-18,30.049999237060547,30.520000457763672,29.549999237060547,30.190000534057617,24.453149795532227,53800
2007-01-19,30.0,30.0,29.209999084472656,29.510000228881836,23.90237045288086,49400
2007-01-22,29.020000457763672,29.75,26.780000686645508,29.670000076293945,24.031967163085938,206200
2007-01-23,29.0,32.369998931884766,28.149999618530273,31.1299991607666,25.214527130126953,224700
2007-01-24,31.549999237060547,32.7400016784668,31.149999618530273,32.31999969482422,26.178390502929688,108200
2007-01-25,32.5,32.5,31.780000686645508,31.979999542236328,25.903003692626953,98200
2007-01-26,32.59000015258789,32.75,31.780000686645508,32.0,25.919208526611328,30900
2007-01-29,32.4900016784668,32.5,31.719999313354492,31.850000381469727,25.79770851135254,142200
2007-01-30,32.130001068115234,32.79999923706055,31.5,32.59000015258789,26.3970890045166,53200
2007-01-31,32.08000183105469,34.15999984741211,32.0,33.25,26.931673049926758,141600
2007-02-01,33.459999084472656,34.16999816894531,33.04999923706055,34.04999923706055,27.579654693603516,110600
2007-02-02,34.5,35.06999969482422,33.880001068115234,34.939998626708984,28.3005313873291,77800
2007-02-05,35.099998474121094,36.11000061035156,34.66999816894531,35.20000076293945,28.511127471923828,141900
2007-02-06,34.7599983215332,35.70000076293945,33.5099983215332,34.029998779296875,27.563457489013672,59900
2007-02-07,34.5,34.5,33.61000061035156,34.06999969482422,27.59584617614746,70300
2007-02-08,34.08000183105469,34.56999969482422,32.83000183105469,33.45000076293945,27.093673706054688,144100
2007-02-09,33.54999923706055,33.54999923706055,32.79999923706055,33.2599983215332,26.939767837524414,166400
2007-02-12,33.02000045776367,33.29999923706055,32.27000045776367,32.91999816894531,26.66437530517578,213400
2007-02-13,33.61000061035156,33.61000061035156,32.45000076293945,32.709999084472656,26.494285583496094,177100
2007-02-14,32.36000061035156,33.0,32.15999984741211,33.0,26.729183197021484,189500
2007-02-15,33.29999923706055,33.29999923706055,31.969999313354492,32.84000015258789,26.599580764770508,19700
2007-02-16,33.25,34.77000045776367,32.369998931884766,34.77000045776367,28.162837982177734,110700
2007-02-20,34.849998474121094,36.45000076293945,34.849998474121094,35.470001220703125,28.729814529418945,107400
2007-02-21,35.779998779296875,36.2400016784668,33.90999984741211,35.0,28.349130630493164,99500
2007-02-22,36.130001068115234,36.5099983215332,33.5,34.4900016784668,27.936044692993164,112100
2007-02-23,33.65999984741211,35.02000045776367,33.369998931884766,33.5,27.134170532226562,66200
2007-02-26,33.720001220703125,35.11000061035156,33.720001220703125,34.63999938964844,28.057533264160156,54800
2007-02-27,34.130001068115234,34.41999816894531,32.59000015258789,32.95000076293945,26.688678741455078,49500
2007-02-28,32.95000076293945,34.650001525878906,30.15999984741211,34.459999084472656,27.9117488861084,101100
2007-03-01,33.27000045776367,35.0,32.86000061035156,34.439998626708984,27.895545959472656,68000
2007-03-02,33.290000915527344,34.95000076293945,33.290000915527344,33.95000076293945,27.4986515045166,38700
2007-03-05,34.900001525878906,35.06999969482422,33.369998931884766,34.08000183105469,27.603954315185547,67900
2007-03-06,34.20000076293945,34.58000183105469,31.8799991607666,32.56999969482422,26.380895614624023,119200
2007-03-07,31.84000015258789,33.75,31.84000015258789,33.599998474121094,27.215164184570312,223200
2007-03-08,33.599998474121094,33.81999969482422,33.060001373291016,33.75,27.336658477783203,60900
2007-03-09,32.88999938964844,33.75,32.04999923706055,32.439998626708984,26.27559471130371,47000
2007-03-12,31.610000610351562,32.400001525878906,31.0,31.200000762939453,25.27122688293457,130600
2007-03-13,31.40999984741211,31.40999984741211,30.600000381469727,31.010000228881836,25.117326736450195,62200
2007-03-14,31.5,31.5,30.690000534057617,31.06999969482422,25.165922164916992,76000
2007-03-15,30.59000015258789,32.0,30.59000015258789,32.0,25.919208526611328,50800
2007-03-16,31.5,31.770000457763672,31.09000015258789,31.649999618530273,25.635719299316406,33900
2007-03-19,31.420000076293945,32.0,31.420000076293945,31.649999618530273,25.635719299316406,26400
2007-03-20,31.889999389648438,33.58000183105469,31.889999389648438,33.349998474121094,27.012672424316406,62200
2007-03-21,33.720001220703125,33.91999816894531,32.599998474121094,33.18000030517578,26.874975204467773,61000
2007-03-22,33.5,33.75,31.8799991607666,33.599998474121094,27.215164184570312,30800
2007-03-23,33.75,33.75,32.72999954223633,32.9900016784668,26.721080780029297,34200
2007-03-26,33.400001525878906,33.599998474121094,32.619998931884766,32.779998779296875,26.550987243652344,16600
2007-03-27,32.54999923706055,33.52000045776367,31.5,32.0,25.919208526611328,87200
2007-03-28,31.989999771118164,31.989999771118164,31.100000381469727,31.25,25.311725616455078,103400
2007-03-29,31.950000762939453,31.950000762939453,31.100000381469727,31.469999313354492,25.489919662475586,26400
2007-03-30,31.260000228881836,32.72999954223633,31.260000228881836,31.5,25.51421546936035,414200
2007-04-02,31.5,31.959999084472656,31.049999237060547,31.649999618530273,25.635719299316406,99700
2007-04-03,32.380001068115234,32.779998779296875,31.809999465942383,32.75,26.526687622070312,89500
2007-04-04,32.5,32.599998474121094,31.299999237060547,31.59000015258789,25.587112426757812,45500
2007-04-05,31.770000457763672,32.2400016784668,31.479999542236328,32.040000915527344,25.95160484313965,41400
2007-04-09,32.470001220703125,32.470001220703125,31.719999313354492,32.0099983215332,25.927305221557617,54400
2007-04-10,31.489999771118164,32.689998626708984,31.299999237060547,32.20000076293945,26.081199645996094,61100
2007-04-11,32.459999084472656,32.459999084472656,31.6200008392334,32.369998931884766,26.218891143798828,49400
2007-04-12,32.56999969482422,32.599998474121094,32.0,32.529998779296875,26.34848976135254,73400
2007-04-13,32.7400016784668,33.060001373291016,31.739999771118164,33.060001373291016,26.77777671813965,33400
2007-04-16,33.099998474121094,33.099998474121094,32.310001373291016,32.709999084472656,26.494285583496094,57000
2007-04-17,32.689998626708984,32.689998626708984,31.489999771118164,32.060001373291016,25.967805862426758,55700
2007-04-18,31.850000381469727,32.4900016784668,31.850000381469727,32.04999923706055,25.959699630737305,18800
2007-04-19,31.81999969482422,32.709999084472656,31.610000610351562,32.2599983215332,26.129802703857422,26000
2007-04-20,32.7400016784668,32.7400016784668,31.770000457763672,31.8799991607666,25.82200813293457,34100
2007-04-23,31.75,32.5099983215332,31.75,32.29999923706055,26.16219711303711,43400
2007-04-24,33.029998779296875,33.9900016784668,32.849998474121094,33.88999938964844,27.450057983398438,323500
2007-04-25,33.66999816894531,33.9900016784668,32.849998474121094,33.2400016784668,26.92357635498047,133000
2007-04-26,33.15999984741211,33.619998931884766,32.689998626708984,32.7599983215332,26.5347843170166,66300
2007-04-27,32.599998474121094,33.40999984741211,31.799999237060547,32.0,25.919208526611328,37800
2007-04-30,31.84000015258789,32.15999984741211,31.110000610351562,32.09000015258789,25.99210548400879,124500
2007-05-01,32.25,34.95000076293945,31.920000076293945,34.88999938964844,28.260032653808594,117300
2007-05-02,35.650001525878906,35.650001525878906,32.54999923706055,34.70000076293945,28.106142044067383,228900
2007-05-03,34.95000076293945,35.0,32.22999954223633,34.16999816894531,27.67684555053711,71900
2007-05-04,34.119998931884766,35.0,32.86000061035156,33.349998474121094,27.012672424316406,88500
2007-05-07,33.13999938964844,33.470001220703125,32.09000015258789,32.279998779296875,26.14599609375,89700
2007-05-08,31.010000228881836,32.0,31.010000228881836,31.969999313354492,25.894906997680664,194300
2007-05-09,31.75,31.940000534057617,31.290000915527344,31.8700008392334,25.81390953063965,62400
2007-05-10,31.65999984741211,31.8799991607666,30.219999313354492,30.280000686645508,24.52605438232422,85600
2007-05-11,30.270000457763672,30.90999984741211,29.780000686645508,30.040000915527344,24.33165740966797,232600
2007-05-14,29.959999084472656,30.239999771118164,28.899999618530273,29.200000762939453,23.651273727416992,105900
2007-05-15,29.139999389648438,29.139999389648438,27.75,27.760000228881836,22.48490333557129,74800
2007-05-16,27.75,28.280000686645508,27.530000686645508,28.040000915527344,22.71170425415039,167200
2007-05-17,28.059999465942383,30.15999984741211,28.059999465942383,30.0,24.299259185791016,138400
2007-05-18,30.030000686645508,30.450000762939453,29.84000015258789,30.190000534057617,24.453149795532227,84100
2007-05-21,30.110000610351562,31.329999923706055,30.09000015258789,31.200000762939453,25.27122688293457,74500
2007-05-22,31.100000381469727,31.649999618530273,30.469999313354492,31.520000457763672,25.530418395996094,82200
2007-05-23,31.6200008392334,32.150001525878906,31.190000534057617,31.93000030517578,25.862506866455078,140600
2007-05-24,31.950000762939453,32.31999969482422,31.850000381469727,32.150001525878906,26.04070281982422,1870000
2007-05-25,32.0,32.22999954223633,31.610000610351562,31.760000228881836,25.724809646606445,754600
2007-05-29,31.770000457763672,32.18000030517578,31.719999313354492,32.15999984741211,26.048803329467773,432100
2007-05-30,31.760000228881836,31.8799991607666,31.600000381469727,31.81999969482422,25.773408889770508,216600
2007-05-31,31.780000686645508,31.959999084472656,31.1299991607666,31.75,25.716712951660156,522000
2007-06-01,31.899999618530273,32.54999923706055,31.5,32.22999954223633,26.105497360229492,138500
2007-06-04,32.349998474121094,32.880001068115234,31.670000076293945,32.38999938964844,26.235095977783203,166400
2007-06-05,32.41999816894531,32.41999816894531,31.829999923706055,32.0,25.919208526611328,131400
2007-06-06,31.989999771118164,32.02000045776367,31.489999771118164,31.68000030517578,25.660015106201172,75800
2007-06-07,31.469999313354492,31.940000534057617,31.200000762939453,31.690000534057617,25.668113708496094,141700
2007-06-08,31.469999313354492,31.860000610351562,31.290000915527344,31.729999542236328,25.700511932373047,294100
2007-06-11,31.610000610351562,31.899999618530273,31.209999084472656,31.389999389648438,25.425121307373047,79000
2007-06-12,31.190000534057617,31.729999542236328,30.850000381469727,30.889999389648438,25.02013397216797,45800
2007-06-13,30.93000030517578,31.920000076293945,30.43000030517578,31.84000015258789,25.789608001708984,119400
2007-06-14,31.84000015258789,32.810001373291016,31.649999618530273,32.40999984741211,26.251293182373047,44700
2007-06-15,32.91999816894531,33.36000061035156,32.400001525878906,32.900001525878906,26.648183822631836,95700
2007-06-18,32.68000030517578,33.2599983215332,32.5,32.5,26.324190139770508,39100
2007-06-19,32.459999084472656,32.75,31.829999923706055,32.25,26.1216983795166,32300
2007-06-20,32.209999084472656,32.849998474121094,31.93000030517578,32.349998474121094,26.20269203186035,74400
2007-06-21,32.15999984741211,33.04999923706055,31.93000030517578,32.58000183105469,26.388994216918945,86400
2007-06-22,32.63999938964844,33.380001068115234,32.61000061035156,33.380001068115234,27.03697395324707,213900
2007-06-25,33.2400016784668,33.2400016784668,31.6299991607666,32.20000076293945,26.081199645996094,218200
2007-06-26,32.540000915527344,32.72999954223633,30.850000381469727,31.600000381469727,25.59520721435547,103600
2007-06-27,31.350000381469727,31.809999465942383,30.40999984741211,30.959999084472656,25.07683753967285,82000
2007-06-28,31.0,32.029998779296875,31.0,31.59000015258789,25.587112426757812,139200
2007-06-29,31.760000228881836,31.799999237060547,30.739999771118164,30.739999771118164,24.89864158630371,107700
2007-07-02,30.84000015258789,31.149999618530273,30.690000534057617,31.1299991607666,25.214527130126953,97600
2007-07-03,31.190000534057617,31.3700008392334,30.920000076293945,31.350000381469727,25.392719268798828,91000
2007-07-05,31.299999237060547,31.8700008392334,30.3799991607666,31.6200008392334,25.611417770385742,69800
2007-07-06,31.40999984741211,32.5099983215332,31.40999984741211,32.31999969482422,26.178390502929688,46600
2007-07-09,32.459999084472656,32.459999084472656,31.110000610351562,31.489999771118164,25.506114959716797,30800
2007-07-10,31.270000457763672,31.360000610351562,30.18000030517578,30.989999771118164,25.10112953186035,71900
2007-07-11,30.90999984741211,31.780000686645508,30.600000381469727,31.709999084472656,25.684314727783203,42700
2007-07-12,31.850000381469727,32.310001373291016,31.520000457763672,31.920000076293945,25.85441017150879,55200
2007-07-13,32.0,32.06999969482422,31.399999618530273,31.940000534057617,25.8706111907959,28500
2007-07-16,31.75,32.0,31.540000915527344,31.790000915527344,25.749113082885742,25100
2007-07-17,31.8799991607666,33.9900016784668,31.8799991607666,33.5099983215332,27.14226531982422,89300
2007-07-18,33.2599983215332,33.2599983215332,31.93000030517578,33.04999923706055,26.769676208496094,48500
2007-07-19,33.119998931884766,33.119998931884766,32.29999923706055,32.5,26.324190139770508,17600
2007-07-20,32.43000030517578,32.43000030517578,31.93000030517578,31.950000762939453,25.87870979309082,44400
2007-07-23,32.150001525878906,32.41999816894531,31.81999969482422,32.08000183105469,25.984004974365234,94000
2007-07-24,31.75,31.920000076293945,31.25,31.600000381469727,25.59520721435547,175100
2007-07-25,31.670000076293945,31.719999313354492,31.190000534057617,31.6299991607666,25.61951446533203,100100
2007-07-26,31.110000610351562,31.690000534057617,30.760000228881836,31.139999389648438,25.222620010375977,272800
2007-07-27,31.15999984741211,31.15999984741211,30.530000686645508,30.959999084472656,25.07683753967285,76600
2007-07-30,30.84000015258789,30.84000015258789,29.600000381469727,30.18000030517578,24.44504737854004,38000
2007-07-31,30.43000030517578,30.43000030517578,29.18000030517578,29.389999389648438,23.805171966552734,61300
2007-08-01,29.350000381469727,31.0,28.799999237060547,30.799999237060547,24.947235107421875,160200
2007-08-02,30.920000076293945,31.489999771118164,29.920000076293945,30.09000015258789,24.372154235839844,105000
2007-08-03,30.139999389648438,30.5,29.920000076293945,30.350000381469727,24.582746505737305,102100
2007-08-06,30.030000686645508,31.329999923706055,29.90999984741211,30.860000610351562,24.995834350585938,115200
2007-08-07,32.5,34.0,32.20000076293945,33.4900016784668,27.126070022583008,309500
2007-08-08,33.599998474121094,34.0,33.099998474121094,33.79999923706055,27.37716293334961,380400
2007-08-09,33.25,33.650001525878906,31.09000015258789,31.440000534057617,25.465618133544922,212700
2007-08-10,30.959999084472656,31.93000030517578,29.0,30.520000457763672,24.72044563293457,162400
2007-08-13,30.93000030517578,31.3799991607666,30.25,30.850000381469727,24.987735748291016,162800
2007-08-14,30.670000076293945,30.969999313354492,30.219999313354492,30.84000015258789,24.979633331298828,90100
2007-08-15,30.829999923706055,31.0,30.18000030517578,30.18000030517578,24.44504737854004,116600
2007-08-16,30.049999237060547,30.760000228881836,29.75,30.739999771118164,24.89864158630371,121600
2007-08-17,31.329999923706055,31.329999923706055,30.309999465942383,30.489999771118164,24.696142196655273,218300
2007-08-20,30.530000686645508,30.850000381469727,30.399999618530273,30.520000457763672,24.72044563293457,92700
2007-08-21,30.5,30.540000915527344,29.59000015258789,30.09000015258789,24.372154235839844,89900
2007-08-22,30.440000534057617,30.65999984741211,29.989999771118164,29.989999771118164,24.291156768798828,34200
2007-08-23,30.25,30.760000228881836,29.950000762939453,30.5,24.704248428344727,41000
2007-08-24,30.440000534057617,30.549999237060547,29.600000381469727,30.219999313354492,24.477447509765625,63500
2007-08-27,30.06999969482422,30.299999237060547,30.010000228881836,30.200000762939453,24.461244583129883,40800
2007-08-28,29.959999084472656,30.260000228881836,29.559999465942383,29.670000076293945,24.031967163085938,89900
2007-08-29,29.600000381469727,29.780000686645508,29.100000381469727,29.25,23.691776275634766,38300
2007-08-30,29.149999618530273,29.209999084472656,28.670000076293945,28.84000015258789,23.35968589782715,75400
2007-08-31,29.0,29.389999389648438,28.600000381469727,29.0,23.489276885986328,47200
2007-09-04,28.860000610351562,29.84000015258789,27.559999465942383,28.40999984741211,23.011394500732422,132400
2007-09-05,28.34000015258789,28.549999237060547,28.170000076293945,28.299999237060547,22.92229652404785,71000
2007-09-06,28.670000076293945,30.350000381469727,28.530000686645508,29.940000534057617,24.250654220581055,125700
2007-09-07,29.90999984741211,30.219999313354492,29.239999771118164,29.969999313354492,24.27495574951172,136200
2007-09-10,30.15999984741211,30.200000762939453,29.100000381469727,29.139999389648438,23.602676391601562,55100
2007-09-11,29.350000381469727,30.0,29.0,29.950000762939453,24.258760452270508,46100
2007-09-12,29.75,30.280000686645508,29.639999389648438,29.780000686645508,24.121063232421875,43800
2007-09-13,30.030000686645508,30.030000686645508,29.200000762939453,29.729999542236328,24.080562591552734,43900
2007-09-14,30.0,30.329999923706055,29.84000015258789,30.299999237060547,24.54224395751953,21300
2007-09-17,30.18000030517578,30.18000030517578,29.75,29.809999465942383,24.14535903930664,23400
2007-09-18,30.110000610351562,30.1200008392334,29.780000686645508,30.06999969482422,24.355955123901367,46200
2007-09-19,30.059999465942383,30.219999313354492,29.790000915527344,30.040000915527344,24.33165740966797,70100
2007-09-20,30.100000381469727,30.5,29.75,29.770000457763672,24.11296272277832,75400
2007-09-21,30.040000915527344,30.040000915527344,29.31999969482422,29.950000762939453,24.258760452270508,77200
2007-09-24,29.8700008392334,29.950000762939453,27.75,27.8799991607666,22.58210563659668,80700
2007-09-25,27.959999084472656,29.56999969482422,27.899999618530273,29.43000030517578,23.83756446838379,259200
2007-09-26,29.110000610351562,30.68000030517578,29.110000610351562,30.18000030517578,24.44504737854004,278400
2007-09-27,30.329999923706055,30.329999923706055,29.670000076293945,29.989999771118164,24.291156768798828,34400
2007-09-28,29.889999389648438,30.389999389648438,29.729999542236328,30.31999969482422,24.558446884155273,28600
2007-10-01,30.299999237060547,31.059999465942383,29.899999618530273,31.059999465942383,25.157827377319336,70600
2007-10-02,31.0,31.940000534057617,30.739999771118164,31.899999618530273,25.838205337524414,63200
2007-10-03,31.899999618530273,31.899999618530273,30.43000030517578,31.3799991607666,25.417016983032227,53100
2007-10-04,31.520000457763672,32.54999923706055,31.329999923706055,32.2400016784668,26.113601684570312,81900
2007-10-05,32.2599983215332,33.0,32.0,32.900001525878906,26.648183822631836,152500
2007-10-08,32.7599983215332,32.7599983215332,31.190000534057617,31.850000381469727,25.79770851135254,127200
2007-10-09,31.81999969482422,32.09000015258789,31.3700008392334,32.08000183105469,25.984004974365234,64600
2007-10-10,31.93000030517578,33.15999984741211,31.59000015258789,33.15999984741211,26.858776092529297,77100
2007-10-11,33.189998626708984,34.33000183105469,33.040000915527344,33.779998779296875,27.360963821411133,223900
2007-10-12,33.689998626708984,34.599998474121094,33.54999923706055,34.5,27.94413948059082,41100
2007-10-15,34.29999923706055,34.54999923706055,33.849998474121094,34.0,27.539159774780273,104700
2007-10-16,33.97999954223633,34.20000076293945,33.720001220703125,34.0,27.539159774780273,53500
2007-10-17,34.189998626708984,38.25,34.0,38.20000076293945,30.941055297851562,153600
2007-10-18,37.599998474121094,37.599998474121094,35.41999816894531,36.619998931884766,29.661285400390625,90400
2007-10-19,36.5,36.5099983215332,35.470001220703125,35.81999969482422,29.013309478759766,77000
2007-10-22,35.27000045776367,37.29999923706055,34.79999923706055,37.279998779296875,30.195877075195312,64400
2007-10-23,37.310001373291016,37.959999084472656,36.45000076293945,37.959999084472656,30.746658325195312,44100
2007-10-24,37.95000076293945,37.95000076293945,35.5,36.209999084472656,29.329195022583008,153000
2007-10-25,36.130001068115234,37.09000015258789,35.02000045776367,36.970001220703125,29.944780349731445,64900
2007-10-26,37.20000076293945,37.97999954223633,36.79999923706055,37.90999984741211,30.70615577697754,72500
2007-10-29,37.900001525878906,38.41999816894531,37.119998931884766,38.40999984741211,31.111148834228516,58500
2007-10-30,38.33000183105469,38.7400016784668,36.43000030517578,36.97999954223633,29.952884674072266,219400
2007-10-31,36.61000061035156,37.08000183105469,35.25,36.02000045776367,29.175304412841797,184500
2007-11-01,35.88999938964844,35.88999938964844,31.520000457763672,34.83000183105469,28.211437225341797,251600
2007-11-02,35.060001373291016,35.79999923706055,34.93000030517578,35.79999923706055,28.997114181518555,47500
2007-11-05,35.439998626708984,35.72999954223633,33.84000015258789,34.75,28.146635055541992,35100
2007-11-06,34.650001525878906,36.34000015258789,33.150001525878906,34.4900016784668,27.936044692993164,268600
2007-11-07,33.70000076293945,34.369998931884766,32.54999923706055,32.65999984741211,26.453786849975586,244800
2007-11-08,32.619998931884766,32.7599983215332,31.520000457763672,32.150001525878906,26.04070281982422,72000
2007-11-09,31.889999389648438,32.0,31.219999313354492,31.59000015258789,25.587112426757812,95200
2007-11-12,31.68000030517578,32.900001525878906,31.68000030517578,32.45000076293945,26.283695220947266,93200
2007-11-13,32.15999984741211,32.5,31.829999923706055,32.189998626708984,26.073095321655273,142100
2007-11-14,32.27000045776367,32.27000045776367,31.350000381469727,31.559999465942383,25.56281280517578,72200
2007-11-15,31.389999389648438,31.549999237060547,30.81999969482422,31.010000228881836,25.117326736450195,110000
2007-11-16,31.030000686645508,31.959999084472656,30.889999389648438,31.530000686645508,25.53851890563965,182700
2007-11-19,31.31999969482422,32.400001525878906,31.209999084472656,32.189998626708984,26.073095321655273,174000
2007-11-20,32.119998931884766,32.38999938964844,31.510000228881836,32.04999923706055,25.959699630737305,158100
2007-11-21,32.0,32.34000015258789,31.530000686645508,31.649999618530273,25.635719299316406,114000
2007-11-23,31.719999313354492,32.7599983215332,31.5,32.720001220703125,26.50238800048828,38000
2007-11-26,32.63999938964844,32.91999816894531,31.829999923706055,31.920000076293945,25.85441017150879,110400
2007-11-27,32.5099983215332,32.540000915527344,31.68000030517578,32.220001220703125,26.097400665283203,40300
2007-11-28,32.2599983215332,34.61000061035156,31.75,34.5099983215332,27.95223617553711,153100
2007-11-29,34.52000045776367,34.72999954223633,33.08000183105469,33.869998931884766,27.43385887145996,51000
2007-11-30,34.040000915527344,35.4900016784668,34.040000915527344,35.400001525878906,28.67312240600586,62600
2007-12-03,35.0099983215332,35.0099983215332,32.75,32.86000061035156,26.615787506103516,103500
2007-12-04,32.83000183105469,34.959999084472656,32.83000183105469,34.22999954223633,27.725448608398438,78000
2007-12-05,34.9900016784668,34.9900016784668,32.95000076293945,33.4900016784668,27.126070022583008,59400
2007-12-06,33.84000015258789,35.119998931884766,33.84000015258789,34.59000015258789,28.017040252685547,64100
2007-12-07,34.529998779296875,36.58000183105469,34.220001220703125,36.459999084472656,29.531696319580078,92400
2007-12-10,36.439998626708984,36.439998626708984,34.150001525878906,34.150001525878906,27.66065788269043,67300
2007-12-11,34.2400016784668,34.84000015258789,33.33000183105469,33.59000015258789,27.207067489624023,85800
2007-12-12,34.2599983215332,34.36000061035156,32.11000061035156,32.86000061035156,26.615787506103516,91100
2007-12-13,32.65999984741211,33.97999954223633,32.310001373291016,33.97999954223633,27.522947311401367,68200
2007-12-14,33.689998626708984,33.880001068115234,32.7400016784668,33.18000030517578,26.874975204467773,56000
2007-12-17,32.9900016784668,33.2400016784668,32.20000076293945,32.220001220703125,26.097400665283203,112600
2007-12-18,32.470001220703125,33.86000061035156,31.959999084472656,33.790000915527344,27.369056701660156,66900
2007-12-19,33.720001220703125,34.290000915527344,32.599998474121094,33.790000915527344,27.369056701660156,39800
2007-12-20,34.060001373291016,34.400001525878906,32.97999954223633,34.400001525878906,27.8631534576416,67900
2007-12-21,34.630001068115234,35.439998626708984,34.40999984741211,34.970001220703125,28.32483673095703,108800
2007-12-24,34.959999084472656,35.31999969482422,34.5099983215332,34.529998779296875,27.968441009521484,14100
2007-12-26,34.86000061035156,34.86000061035156,33.369998931884766,33.68000030517578,27.279964447021484,43800
2007-12-27,33.29999923706055,33.45000076293945,32.84000015258789,32.91999816894531,26.66437530517578,28400
2007-12-28,33.220001220703125,33.970001220703125,32.5,33.63999938964844,27.247568130493164,43400
2007-12-31,33.43000030517578,33.79999923706055,32.13999938964844,32.13999938964844,26.03260040283203,71800
2008-01-02,32.06999969482422,32.459999084472656,29.049999237060547,29.190000534057617,23.64317512512207,98800
2008-01-03,29.610000610351562,31.3799991607666,29.209999084472656,30.75,24.906734466552734,74500
2008-01-04,30.389999389648438,30.799999237060547,28.6200008392334,28.68000030517578,23.230083465576172,141600
2008-01-07,28.75,29.489999771118164,28.670000076293945,29.260000228881836,23.699872970581055,99400
2008-01-08,29.489999771118164,29.489999771118164,25.799999237060547,26.049999237060547,21.099851608276367,166300
2008-01-09,25.979999542236328,26.489999771118164,25.25,25.600000381469727,20.73536491394043,171100
2008-01-10,25.350000381469727,26.360000610351562,25.350000381469727,25.739999771118164,20.848756790161133,101500
2008-01-11,25.639999389648438,26.049999237060547,23.719999313354492,23.729999542236328,19.2207088470459,238500
2008-01-14,23.780000686645508,24.760000228881836,23.389999389648438,24.200000762939453,19.60140037536621,204000
2008-01-15,24.040000915527344,24.670000076293945,23.450000762939453,23.969999313354492,19.415103912353516,68600
2008-01-16,23.950000762939453,25.049999237060547,23.729999542236328,24.049999237060547,19.479902267456055,61100
2008-01-17,24.440000534057617,24.450000762939453,23.260000228881836,23.40999984741211,18.961519241333008,59900
2008-01-18,23.40999984741211,24.170000076293945,19.969999313354492,21.010000228881836,17.017578125,160100
2008-01-22,20.5,25.809999465942383,20.190000534057617,25.5,20.654361724853516,419400
2008-01-23,24.290000915527344,27.1299991607666,23.459999084472656,26.760000228881836,21.674936294555664,215000
2008-01-24,26.969999313354492,27.200000762939453,23.3700008392334,23.889999389648438,19.35030746459961,265000
2008-01-25,23.110000610351562,24.809999465942383,22.3799991607666,24.020000457763672,19.455604553222656,177400
2008-01-28,24.0,24.940000534057617,23.520000457763672,23.899999618530273,19.35840606689453,135000
2008-01-29,23.780000686645508,24.5,23.040000915527344,23.780000686645508,19.261211395263672,99000
2008-01-30,24.479999542236328,27.989999771118164,24.479999542236328,26.610000610351562,21.55344009399414,315900
2008-01-31,27.079999923706055,32.189998626708984,26.639999389648438,31.280000686645508,25.33602523803711,410700
2008-02-01,31.559999465942383,31.559999465942383,28.760000228881836,29.540000915527344,23.926666259765625,322100
2008-02-04,29.399999618530273,30.969999313354492,29.399999618530273,30.780000686645508,24.93103790283203,244600
2008-02-05,30.219999313354492,31.34000015258789,29.040000915527344,31.0,25.109228134155273,255900
2008-02-06,31.31999969482422,32.18000030517578,30.15999984741211,31.3700008392334,25.408926010131836,129000
2008-02-07,31.139999389648438,31.860000610351562,29.899999618530273,30.040000915527344,24.33165740966797,134700
2008-02-08,29.989999771118164,31.920000076293945,29.989999771118164,30.260000228881836,24.50985336303711,146500
2008-02-11,30.020000457763672,30.899999618530273,30.0,30.25,24.501747131347656,109900
2008-02-12,30.25,31.079999923706055,30.139999389648438,30.420000076293945,24.639446258544922,82900
2008-02-13,30.549999237060547,30.549999237060547,29.719999313354492,30.0,24.299259185791016,235700
2008-02-14,30.15999984741211,30.229999542236328,27.520000457763672,27.6299991607666,22.379613876342773,332600
2008-02-15,27.479999542236328,28.100000381469727,27.049999237060547,27.889999389648438,22.59020233154297,144000
2008-02-19,28.15999984741211,28.469999313354492,27.520000457763672,27.920000076293945,22.614513397216797,88600
2008-02-20,27.920000076293945,28.489999771118164,27.290000915527344,27.93000030517578,22.62261199951172,130500
2008-02-21,27.979999542236328,28.6299991607666,27.690000534057617,28.6200008392334,23.181488037109375,141500
2008-02-22,28.610000610351562,28.610000610351562,27.709999084472656,27.809999465942383,22.52541160583496,118000
2008-02-25,27.889999389648438,28.600000381469727,27.889999389648438,28.389999389648438,22.995193481445312,117000
2008-02-26,28.399999618530273,28.5,28.18000030517578,28.459999084472656,23.051889419555664,101100
2008-02-27,28.15999984741211,29.09000015258789,28.15999984741211,28.540000915527344,23.116689682006836,141400
2008-02-28,28.40999984741211,28.8799991607666,27.3799991607666,28.040000915527344,22.71170425415039,120500
2008-02-29,28.399999618530273,28.59000015258789,27.010000228881836,27.209999084472656,22.0394229888916,82400
2008-03-03,27.649999618530273,27.850000381469727,25.959999084472656,27.299999237060547,22.112319946289062,97800
2008-03-04,26.979999542236328,27.709999084472656,26.690000534057617,27.690000534057617,22.428213119506836,134200
2008-03-05,27.8799991607666,28.440000534057617,26.969999313354492,27.649999618530273,22.395816802978516,93400
2008-03-06,27.0,27.18000030517578,25.719999313354492,25.940000534057617,21.010761260986328,137900
2008-03-07,25.690000534057617,26.530000686645508,25.65999984741211,26.190000534057617,21.213247299194336,102300
2008-03-10,26.1200008392334,26.530000686645508,25.479999542236328,25.639999389648438,20.76776695251465,89400
2008-03-11,26.239999771118164,27.190000534057617,26.229999542236328,27.0,21.869333267211914,123300
2008-03-12,26.979999542236328,26.979999542236328,24.459999084472656,24.6299991607666,19.94968605041504,153500
2008-03-13,24.40999984741211,25.75,24.010000228881836,24.1299991607666,19.544700622558594,105100
2008-03-14,24.3700008392334,24.3700008392334,22.8799991607666,23.1299991607666,18.73472785949707,100700
2008-03-17,22.68000030517578,23.399999618530273,22.520000457763672,23.010000228881836,18.637527465820312,134600
2008-03-18,23.399999618530273,25.18000030517578,22.920000076293945,25.15999984741211,20.37897491455078,95800
2008-03-19,25.209999084472656,25.40999984741211,23.709999084472656,23.709999084472656,19.20450210571289,91300
2008-03-20,23.729999542236328,24.969999313354492,23.520000457763672,24.25,19.641902923583984,203700
2008-03-24,23.920000076293945,26.059999465942383,23.450000762939453,25.239999771118164,20.443771362304688,274300
2008-03-25,25.110000610351562,25.90999984741211,25.100000381469727,25.8700008392334,20.954057693481445,64100
2008-03-26,25.639999389648438,26.0,24.920000076293945,25.280000686645508,20.476173400878906,102800
2008-03-27,25.420000076293945,25.889999389648438,25.100000381469727,25.5,20.654361724853516,58900
2008-03-28,25.639999389648438,25.729999542236328,25.100000381469727,25.3700008392334,20.54906463623047,100100
2008-03-31,25.59000015258789,26.84000015258789,25.389999389648438,26.420000076293945,21.3995418548584,69100
2008-04-01,26.860000610351562,27.3700008392334,26.540000915527344,26.889999389648438,21.780229568481445,96200
2008-04-02,26.860000610351562,27.690000534057617,26.139999389648438,26.860000610351562,21.75593376159668,82600
2008-04-03,26.559999465942383,28.040000915527344,25.920000076293945,27.40999984741211,22.201417922973633,100800
2008-04-04,27.350000381469727,27.860000610351562,26.799999237060547,27.510000228881836,22.28242301940918,92200
2008-04-07,27.860000610351562,28.020000457763672,26.3799991607666,27.010000228881836,21.87743377685547,84400
2008-04-08,26.739999771118164,26.8700008392334,26.190000534057617,26.440000534057617,21.415742874145508,112100
2008-04-09,26.1200008392334,26.3799991607666,25.25,25.729999542236328,20.84065818786621,129000
2008-04-10,25.809999465942383,25.850000381469727,25.329999923706055,25.489999771118164,20.646272659301758,78800
2008-04-11,25.299999237060547,25.450000762939453,24.450000762939453,24.709999084472656,20.014488220214844,126100
2008-04-14,24.56999969482422,25.399999618530273,24.3799991607666,24.520000457763672,19.860595703125,115500
2008-04-15,24.780000686645508,24.81999969482422,24.079999923706055,24.09000015258789,19.512300491333008,99900
2008-04-16,24.450000762939453,24.809999465942383,24.25,24.3799991607666,19.747196197509766,76100
2008-04-17,24.420000076293945,24.969999313354492,23.40999984741211,23.549999237060547,19.07491683959961,232500
2008-04-18,23.969999313354492,24.420000076293945,23.399999618530273,23.5,19.0344181060791,178800
2008-04-21,23.31999969482422,23.75,22.850000381469727,23.200000762939453,18.791425704956055,131200
2008-04-22,23.1200008392334,23.209999084472656,20.360000610351562,20.649999618530273,16.725982666015625,240800
2008-04-23,20.969999313354492,20.969999313354492,20.25,20.68000030517578,16.750288009643555,155900
2008-04-24,20.770000457763672,20.770000457763672,19.649999618530273,20.420000076293945,16.539691925048828,115000
2008-04-25,20.280000686645508,20.559999465942383,19.649999618530273,20.100000381469727,16.280502319335938,99500
2008-04-28,20.149999618530273,21.139999389648438,20.149999618530273,20.799999237060547,16.847482681274414,341300
2008-04-29,24.700000762939453,28.719999313354492,24.0,27.809999465942383,22.52541160583496,494500
2008-04-30,27.799999237060547,27.940000534057617,26.709999084472656,27.25,22.071821212768555,204800
2008-05-01,27.1299991607666,28.93000030517578,26.229999542236328,28.739999771118164,23.278682708740234,186900
2008-05-02,28.440000534057617,28.540000915527344,26.90999984741211,27.989999771118164,22.67120361328125,110800
2008-05-05,27.760000228881836,28.209999084472656,27.43000030517578,27.75,22.476806640625,172700
2008-05-06,27.450000762939453,27.850000381469727,26.899999618530273,27.170000076293945,22.00702476501465,201500
2008-05-07,27.299999237060547,27.40999984741211,25.549999237060547,26.020000457763672,21.075551986694336,226800
2008-05-08,26.15999984741211,27.170000076293945,25.899999618530273,26.40999984741211,21.39144515991211,106500
2008-05-09,26.030000686645508,26.15999984741211,23.950000762939453,25.049999237060547,20.289880752563477,184900
2008-05-12,25.209999084472656,25.520000457763672,24.350000381469727,25.290000915527344,20.484268188476562,128800
2008-05-13,25.280000686645508,25.299999237060547,24.690000534057617,24.8700008392334,20.14408302307129,110900
2008-05-14,24.90999984741211,25.079999923706055,24.719999313354492,24.850000381469727,20.12788200378418,158200
2008-05-15,24.479999542236328,24.93000030517578,24.3799991607666,24.65999984741211,19.97398567199707,104400
2008-05-16,24.760000228881836,24.760000228881836,23.510000228881836,23.8799991607666,19.342205047607422,137800
2008-05-19,23.799999237060547,24.229999542236328,22.729999542236328,23.030000686645508,18.653732299804688,154600
2008-05-20,22.969999313354492,23.6200008392334,21.969999313354492,22.200000762939453,17.981456756591797,215400
2008-05-21,22.670000076293945,22.670000076293945,20.510000228881836,20.639999389648438,16.7178897857666,177700
2008-05-22,20.799999237060547,21.700000762939453,20.799999237060547,21.149999618530273,17.13097381591797,164100
2008-05-23,21.139999389648438,21.219999313354492,20.510000228881836,20.780000686645508,16.831283569335938,95600
2008-05-27,20.969999313354492,22.479999542236328,20.350000381469727,22.450000762939453,18.18393898010254,343200
2008-05-28,22.670000076293945,22.809999465942383,21.510000228881836,21.760000228881836,17.62506103515625,181700
2008-05-29,21.709999084472656,22.329999923706055,21.190000534057617,21.68000030517578,17.560258865356445,296500
2008-05-30,21.709999084472656,21.760000228881836,20.639999389648438,20.899999618530273,16.928485870361328,308500
2008-06-02,20.8799991607666,21.190000534057617,20.290000915527344,20.5,16.604494094848633,170900
2008-06-03,20.5,20.65999984741211,19.899999618530273,19.920000076293945,16.134708404541016,169400
2008-06-04,19.899999618530273,20.56999969482422,19.799999237060547,20.469999313354492,16.5801944732666,245200
2008-06-05,20.5,22.350000381469727,20.5,21.239999771118164,17.203874588012695,191000
2008-06-06,21.200000762939453,21.200000762939453,20.200000762939453,20.719999313354492,16.782684326171875,137900
2008-06-09,20.90999984741211,22.030000686645508,20.809999465942383,22.0,17.81945037841797,226200
2008-06-10,21.549999237060547,21.979999542236328,21.209999084472656,21.290000915527344,17.244373321533203,321200
2008-06-11,21.190000534057617,21.989999771118164,20.940000534057617,21.149999618530273,17.13097381591797,220300
2008-06-12,21.34000015258789,21.780000686645508,19.729999542236328,19.950000762939453,16.159006118774414,381800
2008-06-13,20.170000076293945,21.649999618530273,20.170000076293945,21.299999237060547,17.252471923828125,339900
2008-06-16,20.739999771118164,23.989999771118164,20.219999313354492,23.90999984741211,19.36650276184082,319900
2008-06-17,23.93000030517578,24.43000030517578,23.219999313354492,24.3799991607666,19.747196197509766,196000
2008-06-18,24.1299991607666,24.25,21.93000030517578,22.610000610351562,18.313541412353516,287000
2008-06-19,22.290000915527344,24.040000915527344,22.170000076293945,24.040000915527344,19.4718017578125,118600
2008-06-20,23.790000915527344,23.809999465942383,22.219999313354492,22.790000915527344,18.459335327148438,146500
2008-06-23,22.84000015258789,23.65999984741211,21.190000534057617,21.440000534057617,17.365869522094727,139300
2008-06-24,21.25,22.93000030517578,20.75,21.34000015258789,17.28487205505371,126600
2008-06-25,21.3799991607666,23.1200008392334,20.829999923706055,22.719999313354492,18.402637481689453,373400
2008-06-26,22.399999618530273,22.399999618530273,21.010000228881836,21.209999084472656,17.179574966430664,206200
2008-06-27,21.25,21.25,19.639999389648438,20.1299991607666,16.30480194091797,1393600
2008-06-30,20.170000076293945,20.170000076293945,18.520000457763672,18.59000015258789,15.057440757751465,460300
2008-07-01,18.260000228881836,18.420000076293945,17.0,17.329999923706055,14.036872863769531,409800
2008-07-02,17.1299991607666,18.5,17.1299991607666,17.5,14.174565315246582,386600
2008-07-03,17.510000228881836,18.049999237060547,17.170000076293945,17.600000381469727,14.255563735961914,173800
2008-07-07,17.739999771118164,18.229999542236328,17.350000381469727,18.0,14.57955265045166,320800
2008-07-08,18.100000381469727,19.729999542236328,17.950000762939453,19.469999313354492,15.77021598815918,417800
2008-07-09,19.309999465942383,19.309999465942383,18.360000610351562,18.3799991607666,14.887348175048828,158100
2008-07-10,18.389999389648438,18.899999618530273,17.5,17.889999389648438,14.490452766418457,150800
2008-07-11,17.469999313354492,18.5,16.65999984741211,17.1299991607666,13.874874114990234,167800
2008-07-14,17.34000015258789,18.010000228881836,17.049999237060547,17.270000457763672,13.98827075958252,264700
2008-07-15,17.020000457763672,18.149999618530273,15.890000343322754,17.450000762939453,14.134065628051758,392900
2008-07-16,17.670000076293945,20.420000076293945,17.239999771118164,20.399999618530273,16.52349090576172,641200
2008-07-17,20.600000381469727,24.0,19.809999465942383,23.18000030517578,18.775222778320312,588600
2008-07-18,22.969999313354492,24.43000030517578,21.989999771118164,23.979999542236328,19.423200607299805,436300
2008-07-21,23.8799991607666,23.8799991607666,22.09000015258789,22.510000228881836,18.232542037963867,328300
2008-07-22,24.079999923706055,25.43000030517578,23.1200008392334,25.059999465942383,20.2979793548584,569300
2008-07-23,24.75,24.75,22.0,22.389999389648438,18.135343551635742,875300
2008-07-24,22.489999771118164,23.459999084472656,21.360000610351562,21.399999618530273,17.333463668823242,498500
2008-07-25,21.799999237060547,22.15999984741211,20.600000381469727,21.969999313354492,17.795154571533203,372500
2008-07-28,21.809999465942383,22.209999084472656,21.110000610351562,21.65999984741211,17.5440673828125,294300
2008-07-29,21.649999618530273,24.469999313354492,21.15999984741211,24.350000381469727,19.7228946685791,323200
2008-07-30,24.739999771118164,25.479999542236328,23.0,24.469999313354492,19.820091247558594,533700
2008-07-31,23.729999542236328,25.200000762939453,23.049999237060547,24.68000030517578,19.990184783935547,163300
2008-08-01,24.579999923706055,24.790000915527344,23.329999923706055,24.020000457763672,19.455604553222656,234200
2008-08-04,23.290000915527344,25.59000015258789,23.290000915527344,25.040000915527344,20.281780242919922,306200
2008-08-05,25.059999465942383,28.0,25.059999465942383,27.809999465942383,22.52541160583496,365800
2008-08-06,27.6200008392334,28.209999084472656,26.219999313354492,27.510000228881836,22.28242301940918,236400
2008-08-07,27.170000076293945,27.25,25.850000381469727,26.670000076293945,21.602039337158203,229500
2008-08-08,26.350000381469727,29.280000686645508,26.229999542236328,29.0,23.489276885986328,346400
2008-08-11,29.020000457763672,30.8700008392334,28.700000762939453,30.280000686645508,24.52605438232422,392600
2008-08-12,30.219999313354492,31.40999984741211,29.530000686645508,29.790000915527344,24.129159927368164,650000
2008-08-13,30.0,30.139999389648438,27.649999618530273,28.799999237060547,23.32728385925293,356800
2008-08-14,28.59000015258789,30.0,28.0,29.40999984741211,23.821365356445312,165900
2008-08-15,30.010000228881836,31.280000686645508,29.68000030517578,31.020000457763672,25.125431060791016,359200
2008-08-18,31.170000076293945,32.13999938964844,30.260000228881836,30.690000534057617,24.858142852783203,218900
2008-08-19,31.239999771118164,31.59000015258789,29.450000762939453,29.75,24.09676170349121,286500
2008-08-20,29.8799991607666,31.31999969482422,28.40999984741211,29.290000915527344,23.724172592163086,239300
2008-08-21,28.860000610351562,29.809999465942383,28.510000228881836,29.200000762939453,23.651273727416992,194400
2008-08-22,29.260000228881836,30.75,28.90999984741211,30.610000610351562,24.793336868286133,423000
2008-08-25,30.5,30.65999984741211,29.309999465942383,29.84000015258789,24.16965675354004,326400
2008-08-26,30.329999923706055,30.329999923706055,28.0,28.540000915527344,23.116689682006836,575600
2008-08-27,28.600000381469727,29.31999969482422,27.440000534057617,29.18000030517578,23.635080337524414,266900
2008-08-28,29.799999237060547,30.389999389648438,28.690000534057617,30.040000915527344,24.33165740966797,340800
2008-08-29,29.920000076293945,31.030000686645508,28.959999084472656,31.010000228881836,25.117326736450195,224000
2008-09-02,31.899999618530273,32.439998626708984,31.270000457763672,31.969999313354492,25.894906997680664,406100
2008-09-03,31.959999084472656,33.83000183105469,30.489999771118164,33.2599983215332,26.939767837524414,436300
2008-09-04,33.150001525878906,33.150001525878906,31.5,32.43000030517578,26.267494201660156,489200
2008-09-05,32.06999969482422,33.18000030517578,31.559999465942383,32.099998474121094,26.00020408630371,283900
2008-09-08,32.81999969482422,32.81999969482422,30.280000686645508,32.22999954223633,26.105497360229492,407300
2008-09-09,32.369998931884766,34.97999954223633,32.33000183105469,33.540000915527344,27.16657066345215,589100
2008-09-10,34.0,34.31999969482422,31.65999984741211,32.029998779296875,25.943498611450195,302500
2008-09-11,31.450000762939453,32.9900016784668,30.809999465942383,32.119998931884766,26.016401290893555,431700
2008-09-12,31.780000686645508,32.13999938964844,30.690000534057617,30.889999389648438,25.02013397216797,289200
2008-09-15,31.040000915527344,34.4900016784668,31.040000915527344,31.8700008392334,25.81390953063965,385100
2008-09-16,32.45000076293945,35.119998931884766,30.899999618530273,35.0,28.349130630493164,590000
2008-09-17,34.63999938964844,35.20000076293945,32.400001525878906,32.79999923706055,26.567184448242188,311800
2008-09-18,33.779998779296875,35.27000045776367,32.0,35.13999938964844,28.462526321411133,353500
2008-09-19,35.939998626708984,35.939998626708984,33.56999969482422,33.91999816894531,27.47435188293457,452900
2008-09-22,35.2400016784668,35.2400016784668,32.52000045776367,32.720001220703125,26.50238800048828,136300
2008-09-23,32.68000030517578,34.369998931884766,32.41999816894531,32.529998779296875,26.34848976135254,140700
2008-09-24,32.689998626708984,33.709999084472656,31.09000015258789,31.450000762939453,25.47371482849121,127300
2008-09-25,31.719999313354492,32.540000915527344,30.530000686645508,31.940000534057617,25.8706111907959,139500
2008-09-26,31.3700008392334,33.65999984741211,30.780000686645508,33.630001068115234,27.239463806152344,113500
2008-09-29,32.900001525878906,35.209999084472656,30.899999618530273,33.75,27.336658477783203,198300
2008-09-30,33.970001220703125,35.45000076293945,32.369998931884766,35.31999969482422,28.608333587646484,334200
2008-10-01,34.45000076293945,35.7400016784668,34.099998474121094,34.5099983215332,27.95223617553711,291400
2008-10-02,34.31999969482422,35.2599983215332,33.91999816894531,34.20000076293945,27.701148986816406,284500
2008-10-03,34.779998779296875,35.0,27.549999237060547,30.56999969482422,24.760942459106445,753800
2008-10-06,29.610000610351562,30.6299991607666,27.809999465942383,29.399999618530273,23.81327247619629,299400
2008-10-07,30.079999923706055,31.309999465942383,28.229999542236328,28.31999969482422,22.938491821289062,175400
2008-10-08,27.309999465942383,28.360000610351562,26.15999984741211,26.239999771118164,21.253747940063477,258100
2008-10-09,26.25,28.15999984741211,25.479999542236328,25.489999771118164,20.646272659301758,268500
2008-10-10,24.950000762939453,26.040000915527344,23.520000457763672,26.030000686645508,21.083650588989258,239000
2008-10-13,26.940000534057617,32.88999938964844,26.940000534057617,32.0,25.919208526611328,233600
2008-10-14,32.650001525878906,32.7400016784668,29.260000228881836,29.520000457763672,23.910472869873047,240600
2008-10-15,29.829999923706055,30.5,28.059999465942383,28.25,22.881799697875977,221200
2008-10-16,28.670000076293945,32.5,28.15999984741211,32.380001068115234,26.22699737548828,298000
2008-10-17,32.459999084472656,35.54999923706055,31.309999465942383,34.560001373291016,27.992746353149414,409300
2008-10-20,34.7599983215332,35.84000015258789,34.29999923706055,35.459999084472656,28.721710205078125,217000
2008-10-21,34.77000045776367,36.689998626708984,34.0,35.810001373291016,29.005218505859375,721100
2008-10-22,35.099998474121094,38.290000915527344,35.099998474121094,36.029998779296875,29.183408737182617,630300
2008-10-23,36.20000076293945,38.63999938964844,35.83000183105469,38.29999923706055,31.022052764892578,423500
2008-10-24,36.099998474121094,37.75,34.529998779296875,36.83000183105469,29.831388473510742,294500
2008-10-27,36.369998931884766,37.459999084472656,33.099998474121094,33.86000061035156,27.425756454467773,255800
2008-10-28,34.7400016784668,35.97999954223633,33.060001373291016,35.25,28.5516300201416,293300
2008-10-29,35.65999984741211,36.16999816894531,33.40999984741211,34.709999084472656,28.114233016967773,241000
2008-10-30,36.119998931884766,36.77000045776367,33.060001373291016,36.7400016784668,29.75848388671875,152900
2008-10-31,36.4900016784668,40.9900016784668,36.22999954223633,39.83000183105469,32.26131057739258,564100
2008-11-03,40.84000015258789,43.099998474121094,38.84000015258789,39.04999923706055,31.629531860351562,385000
2008-11-04,41.38999938964844,41.810001373291016,39.439998626708984,40.900001525878906,33.12799072265625,365200
2008-11-05,40.400001525878906,41.5,39.349998474121094,39.75,32.196510314941406,194800
2008-11-06,38.970001220703125,39.83000183105469,36.619998931884766,36.84000015258789,29.83948516845703,392100
2008-11-07,36.81999969482422,37.369998931884766,35.4900016784668,35.9900016784668,29.151012420654297,157500
2008-11-10,37.0,37.0,34.15999984741211,34.41999816894531,27.87933921813965,228200
2008-11-11,34.04999923706055,37.880001068115234,34.02000045776367,36.7400016784668,29.75848388671875,211800
2008-11-12,36.0,38.36000061035156,35.20000076293945,37.869998931884766,30.673755645751953,488700
2008-11-13,38.0,42.7599983215332,35.150001525878906,42.2400016784668,34.21334457397461,522500
2008-11-14,41.439998626708984,42.43000030517578,39.9900016784668,40.290000915527344,32.63390350341797,227400
2008-11-17,39.95000076293945,40.119998931884766,37.040000915527344,37.38999938964844,30.28497886657715,233400
2008-11-18,37.599998474121094,38.47999954223633,36.29999923706055,36.77000045776367,29.782798767089844,243200
2008-11-19,36.86000061035156,37.959999084472656,34.5,34.849998474121094,28.227630615234375,242000
2008-11-20,34.790000915527344,39.04999923706055,32.41999816894531,37.060001373291016,30.017675399780273,664200
2008-11-21,37.2599983215332,39.099998474121094,35.599998474121094,38.970001220703125,31.564727783203125,525700
2008-11-24,40.290000915527344,41.810001373291016,39.540000915527344,41.70000076293945,33.77595901489258,305300
2008-11-25,34.310001373291016,40.68000030517578,34.310001373291016,40.38999938964844,32.71489715576172,420500
2008-11-26,40.0,43.63999938964844,38.61000061035156,43.56999969482422,35.290626525878906,477000
2008-11-28,43.06999969482422,44.58000183105469,42.75,43.13999938964844,34.942325592041016,151700
2008-12-01,42.0099983215332,42.70000076293945,38.619998931884766,38.790000915527344,31.418941497802734,388900
2008-12-02,39.75,40.70000076293945,37.06999969482422,39.20000076293945,31.75102424621582,490800
2008-12-03,37.939998626708984,39.9900016784668,37.2400016784668,39.849998474121094,32.277503967285156,448100
2008-12-04,39.279998779296875,39.79999923706055,37.5,37.959999084472656,30.746658325195312,302600
2008-12-05,37.45000076293945,41.400001525878906,37.25,41.18000030517578,33.354774475097656,348600
2008-12-08,41.689998626708984,43.459999084472656,40.279998779296875,42.900001525878906,34.7479248046875,288000
2008-12-09,42.31999969482422,45.11000061035156,41.72999954223633,44.0,35.63890075683594,384000
2008-12-10,44.650001525878906,44.970001220703125,40.9900016784668,41.81999969482422,33.8731689453125,455100
2008-12-11,41.209999084472656,41.209999084472656,38.40999984741211,39.529998779296875,32.01831817626953,519800
2008-12-12,39.040000915527344,43.4900016784668,39.040000915527344,43.08000183105469,34.89372634887695,438700
2008-12-15,43.38999938964844,43.38999938964844,41.29999923706055,41.93000030517578,33.96226501464844,301900
2008-12-16,42.16999816894531,45.5,41.880001068115234,45.290000915527344,36.68376159667969,442700
2008-12-17,44.83000183105469,47.34000015258789,43.06999969482422,46.59000015258789,37.73673629760742,438500
2008-12-18,45.83000183105469,46.59000015258789,43.869998931884766,44.56999969482422,36.100589752197266,559600
2008-12-19,45.77000045776367,45.77000045776367,43.40999984741211,44.95000076293945,36.40837860107422,781400
2008-12-22,45.5,46.380001068115234,44.790000915527344,46.150001525878906,37.380348205566406,423000
2008-12-23,46.52000045776367,47.45000076293945,45.81999969482422,47.0,38.0688362121582,236400
2008-12-24,47.349998474121094,48.47999954223633,46.869998931884766,46.9900016784668,38.06073760986328,148900
2008-12-26,47.630001068115234,47.91999816894531,46.939998626708984,47.7400016784668,38.668216705322266,86500
2008-12-29,47.79999923706055,48.91999816894531,46.349998474121094,48.619998931884766,39.380985260009766,434200
2008-12-30,48.83000183105469,48.869998931884766,47.56999969482422,48.5,39.28380584716797,213200
2008-12-31,48.70000076293945,49.060001373291016,47.9900016784668,48.56999969482422,39.34048843383789,270300
2009-01-02,48.97999954223633,48.97999954223633,43.15999984741211,43.7599983215332,35.44451141357422,579600
2009-01-05,42.70000076293945,42.72999954223633,39.47999954223633,40.630001068115234,32.90929412841797,1717200
2009-01-06,40.630001068115234,41.25,39.4900016784668,40.7599983215332,33.01459884643555,905900
2009-01-07,40.619998931884766,41.5,40.18000030517578,40.75,33.00648880004883,844800
2009-01-08,40.86000061035156,41.95000076293945,40.560001373291016,41.790000915527344,33.84886169433594,622500
2009-01-09,41.209999084472656,41.22999954223633,40.0,40.0099983215332,32.40711212158203,341400
2009-01-12,40.06999969482422,40.5,38.61000061035156,38.84000015258789,31.459421157836914,495000
2009-01-13,39.150001525878906,39.150001525878906,36.02000045776367,36.68000030517578,29.70988655090332,1233000
2009-01-14,37.45000076293945,37.5,35.790000915527344,36.060001373291016,29.20771598815918,752500
2009-01-15,36.45000076293945,38.13999938964844,33.290000915527344,37.25,30.171571731567383,1637700
2009-01-16,37.349998474121094,40.41999816894531,37.349998474121094,39.279998779296875,31.815832138061523,799000
2009-01-20,40.0099983215332,41.59000015258789,38.369998931884766,38.869998931884766,31.483732223510742,799800
2009-01-21,39.58000183105469,39.95000076293945,36.790000915527344,38.849998474121094,31.467527389526367,412800
2009-01-22,38.0,39.400001525878906,37.11000061035156,38.27000045776367,30.99774932861328,345000
2009-01-23,37.81999969482422,39.130001068115234,37.279998779296875,38.31999969482422,31.03824234008789,481200
2009-01-26,38.0,38.689998626708984,37.16999816894531,37.90999984741211,30.70615577697754,445100
2009-01-27,41.380001068115234,41.79999923706055,35.29999923706055,35.900001525878906,29.078102111816406,1346300
2009-01-28,35.16999816894531,39.33000183105469,35.16999816894531,38.150001525878906,30.900550842285156,935900
2009-01-29,37.599998474121094,37.97999954223633,35.56999969482422,35.970001220703125,29.134809494018555,371600
2009-01-30,36.22999954223633,37.0,35.56999969482422,35.7599983215332,28.964698791503906,432000
2009-02-02,36.65999984741211,36.65999984741211,34.08000183105469,34.959999084472656,28.31673240661621,418900
2009-02-03,35.41999816894531,35.70000076293945,33.47999954223633,34.459999084472656,27.9117488861084,387300
2009-02-04,34.84000015258789,36.0,32.38999938964844,33.0,26.729183197021484,550200
2009-02-05,33.150001525878906,34.70000076293945,32.63999938964844,34.380001068115234,27.846946716308594,637600
2009-02-06,34.45000076293945,36.97999954223633,34.220001220703125,36.43000030517578,29.50739097595215,556300
2009-02-09,36.18000030517578,36.90999984741211,35.36000061035156,35.630001068115234,28.859411239624023,236400
2009-02-10,36.2400016784668,36.43000030517578,35.02000045776367,35.18000030517578,28.49492645263672,294300
2009-02-11,35.209999084472656,35.25,33.20000076293945,33.630001068115234,27.239463806152344,481300
2009-02-12,33.5,34.5,33.45000076293945,34.2599983215332,27.74974822998047,417000
2009-02-13,34.290000915527344,35.2599983215332,34.20000076293945,34.33000183105469,27.806455612182617,173900
2009-02-17,33.5,34.189998626708984,32.779998779296875,33.400001525878906,27.05316925048828,258800
2009-02-18,34.04999923706055,34.709999084472656,33.349998474121094,33.97999954223633,27.522947311401367,492300
2009-02-19,34.290000915527344,35.20000076293945,33.68000030517578,33.9900016784668,27.531055450439453,436700
2009-02-20,34.0,35.040000915527344,33.18000030517578,34.4900016784668,27.936044692993164,510200
2009-02-23,34.52000045776367,35.2400016784668,33.810001373291016,33.869998931884766,27.43385887145996,358200
2009-02-24,34.58000183105469,35.279998779296875,33.900001525878906,34.790000915527344,28.179039001464844,431100
2009-02-25,34.619998931884766,34.709999084472656,33.25,33.4900016784668,27.126070022583008,529100
2009-02-26,33.619998931884766,34.439998626708984,33.25,33.95000076293945,27.4986515045166,494400
2009-02-27,33.43000030517578,36.15999984741211,33.099998474121094,34.31999969482422,27.798349380493164,572300
2009-03-02,34.59000015258789,34.59000015258789,32.70000076293945,33.439998626708984,27.085575103759766,445700
2009-03-03,33.91999816894531,34.83000183105469,32.25,34.11000061035156,27.628253936767578,649100
2009-03-04,34.54999923706055,35.970001220703125,33.66999816894531,35.310001373291016,28.600221633911133,263200
2009-03-05,34.619998931884766,35.7599983215332,33.34000015258789,33.83000183105469,27.40146827697754,456600
2009-03-06,33.79999923706055,34.0,32.06999969482422,33.439998626708984,27.085575103759766,468400
2009-03-09,33.7400016784668,36.54999923706055,33.529998779296875,34.9900016784668,28.341039657592773,748800
2009-03-10,35.959999084472656,39.70000076293945,35.79999923706055,39.13999938964844,31.702415466308594,830700
2009-03-11,40.25,40.61000061035156,38.34000015258789,38.91999816894531,31.524234771728516,648200
2009-03-12,38.630001068115234,41.459999084472656,38.13999938964844,41.08000183105469,33.27378845214844,355700
2009-03-13,41.09000015258789,41.65999984741211,39.58000183105469,39.77000045776367,32.21271514892578,538000
2009-03-16,40.349998474121094,41.529998779296875,37.5099983215332,37.77000045776367,30.592754364013672,428600
2009-03-17,37.86000061035156,39.61000061035156,36.06999969482422,39.59000015258789,32.06690979003906,408600
2009-03-18,39.209999084472656,42.369998931884766,38.93000030517578,40.75,33.00648880004883,363700
2009-03-19,41.18000030517578,41.18000030517578,37.810001373291016,38.02000045776367,30.795257568359375,420000
2009-03-20,38.02000045776367,38.709999084472656,37.220001220703125,38.11000061035156,30.8681583404541,389800
2009-03-23,39.119998931884766,41.099998474121094,38.369998931884766,40.90999984741211,33.13608932495117,380400
2009-03-24,40.52000045776367,41.83000183105469,39.970001220703125,41.220001220703125,33.387184143066406,294700
2009-03-25,41.7599983215332,42.9900016784668,40.5099983215332,42.459999084472656,34.39154052734375,336400
2009-03-26,42.599998474121094,44.15999984741211,42.4900016784668,43.650001525878906,35.35541534423828,382200
2009-03-27,43.63999938964844,44.25,42.970001220703125,43.5,35.23392105102539,388900
2009-03-30,42.29999923706055,44.380001068115234,41.86000061035156,44.0,35.63890075683594,326900
2009-03-31,44.619998931884766,46.209999084472656,44.349998474121094,45.459999084472656,36.82147979736328,756000
2009-04-01,42.11000061035156,45.279998779296875,40.529998779296875,44.400001525878906,35.962913513183594,851000
2009-04-02,45.189998626708984,49.41999816894531,43.869998931884766,49.099998474121094,39.76978302001953,775000
2009-04-03,49.099998474121094,49.119998931884766,44.93000030517578,45.41999816894531,36.7890739440918,721200
2009-04-06,46.38999938964844,47.7400016784668,45.869998931884766,47.150001525878906,38.19032669067383,270500
2009-04-07,46.65999984741211,49.130001068115234,46.5099983215332,48.47999954223633,39.26759719848633,446200
2009-04-08,48.599998474121094,49.13999938964844,46.380001068115234,47.41999816894531,38.40900421142578,536900
2009-04-09,48.4900016784668,51.02000045776367,47.79999923706055,48.9900016784668,39.68067932128906,1369900
2009-04-13,49.400001525878906,55.310001373291016,48.099998474121094,54.27000045776367,43.95735549926758,1392000
2009-04-14,52.93000030517578,53.5,52.0099983215332,53.15999984741211,43.05827331542969,762700
2009-04-15,54.0,55.0,51.5,52.459999084472656,42.491302490234375,824200
2009-04-16,53.790000915527344,55.54999923706055,50.7599983215332,54.95000076293945,44.50814437866211,543100
2009-04-17,55.0,55.720001220703125,52.18000030517578,52.720001220703125,42.701881408691406,525700
2009-04-20,53.61000061035156,55.0,51.04999923706055,54.70000076293945,44.30564498901367,755900
2009-04-21,54.63999938964844,57.52000045776367,53.20000076293945,56.56999969482422,45.820289611816406,840700
2009-04-22,56.0,56.47999954223633,54.209999084472656,55.22999954223633,44.734928131103516,702900
2009-04-23,56.529998779296875,56.529998779296875,52.349998474121094,52.970001220703125,42.904380798339844,842600
2009-04-24,53.220001220703125,53.4900016784668,47.310001373291016,49.060001373291016,39.73738098144531,1340200
2009-04-27,48.02000045776367,50.279998779296875,46.029998779296875,49.88999938964844,40.40966033935547,773900
2009-04-28,49.63999938964844,51.84000015258789,48.150001525878906,50.0099983215332,40.506858825683594,457800
2009-04-29,49.90999984741211,53.09000015258789,49.90999984741211,52.65999984741211,42.653289794921875,354500
2009-04-30,51.7599983215332,52.93000030517578,51.40999984741211,52.040000915527344,42.15110397338867,513700
2009-05-01,51.75,53.4900016784668,50.38999938964844,51.060001373291016,41.357337951660156,417000
2009-05-04,51.0,56.189998626708984,50.27000045776367,55.459999084472656,44.92121124267578,814200
2009-05-05,53.040000915527344,53.040000915527344,51.0,51.619998931884766,41.81092071533203,1064000
2009-05-06,50.5,50.7400016784668,47.599998474121094,47.810001373291016,38.72489929199219,2947500
2009-05-07,48.119998931884766,48.81999969482422,43.04999923706055,43.880001068115234,35.54172134399414,1851600
2009-05-08,43.97999954223633,44.619998931884766,42.560001373291016,43.90999984741211,35.566001892089844,785200
2009-05-11,42.97999954223633,44.439998626708984,41.720001220703125,43.20000076293945,34.99093246459961,540200
2009-05-12,44.58000183105469,44.599998474121094,41.709999084472656,42.79999923706055,34.666927337646484,402200
2009-05-13,43.439998626708984,44.45000076293945,41.04999923706055,41.939998626708984,33.97036361694336,759900
2009-05-14,42.75,44.20000076293945,41.790000915527344,43.59000015258789,35.30681610107422,586800
2009-05-15,43.189998626708984,43.75,42.189998626708984,42.29999923706055,34.26194763183594,523000
2009-05-18,42.869998931884766,44.0,42.22999954223633,43.7400016784668,35.42832565307617,606300
2009-05-19,43.060001373291016,43.90999984741211,40.189998626708984,40.72999954223633,32.99028396606445,702900
2009-05-20,41.290000915527344,41.77000045776367,40.0099983215332,40.720001220703125,32.98219299316406,701400
2009-05-21,40.0,40.529998779296875,37.66999816894531,38.849998474121094,31.467527389526367,766300
2009-05-22,40.4900016784668,40.75,39.220001220703125,39.630001068115234,32.09931564331055,490200
2009-05-26,38.59000015258789,41.349998474121094,38.5,41.33000183105469,33.476261138916016,464200
2009-05-27,41.310001373291016,41.68000030517578,39.75,40.02000045776367,32.41520690917969,547400
2009-05-28,40.0,40.0,38.34000015258789,39.0,31.589033126831055,380400
2009-05-29,38.959999084472656,40.34000015258789,38.560001373291016,40.34000015258789,32.67439270019531,322100
2009-06-01,40.79999923706055,42.31999969482422,39.75,42.22999954223633,34.20524978637695,447800
2009-06-02,42.52000045776367,45.5099983215332,42.380001068115234,44.369998931884766,35.93859100341797,517800
2009-06-03,44.369998931884766,44.369998931884766,42.099998474121094,43.810001373291016,35.48501205444336,291200
2009-06-04,43.880001068115234,44.18000030517578,41.09000015258789,41.88999938964844,33.92985534667969,462800
2009-06-05,41.90999984741211,42.630001068115234,41.65999984741211,42.099998474121094,34.0999641418457,447100
2009-06-08,41.47999954223633,41.93000030517578,40.099998474121094,40.18000030517578,32.544803619384766,513300
2009-06-09,41.18000030517578,41.400001525878906,39.70000076293945,41.11000061035156,33.2980842590332,581300
2009-06-10,41.45000076293945,41.45000076293945,39.13999938964844,40.130001068115234,32.50430679321289,412600
2009-06-11,40.0099983215332,41.060001373291016,39.4900016784668,40.849998474121094,33.08748245239258,767400
2009-06-12,40.790000915527344,40.95000076293945,39.91999816894531,40.11000061035156,32.48810577392578,238300
2009-06-15,39.380001068115234,39.650001525878906,37.709999084472656,37.79999923706055,30.617055892944336,358400
2009-06-16,37.79999923706055,38.869998931884766,34.86000061035156,34.93000030517578,28.292438507080078,812100
2009-06-17,35.119998931884766,36.9900016784668,34.5,36.41999816894531,29.499292373657227,803000
2009-06-18,36.20000076293945,36.529998779296875,35.5099983215332,35.849998474121094,29.037612915039062,167400
2009-06-19,36.0,36.25,35.09000015258789,35.81999969482422,29.013309478759766,280500
2009-06-22,35.790000915527344,36.0,34.0099983215332,34.04999923706055,27.579654693603516,277400
2009-06-23,34.290000915527344,34.290000915527344,33.20000076293945,33.7599983215332,27.34476089477539,374100
2009-06-24,33.77000045776367,34.5099983215332,33.220001220703125,33.90999984741211,27.466259002685547,277500
2009-06-25,33.959999084472656,35.25,33.27000045776367,34.150001525878906,27.66065788269043,263400
2009-06-26,34.09000015258789,35.97999954223633,33.65999984741211,35.869998931884766,29.053815841674805,856200
2009-06-29,35.709999084472656,39.349998474121094,35.13999938964844,38.84000015258789,31.459421157836914,609200
2009-06-30,38.7400016784668,39.9900016784668,38.02000045776367,39.63999938964844,32.107418060302734,824500
2009-07-01,40.459999084472656,40.470001220703125,38.54999923706055,39.060001373291016,31.637619018554688,493200
2009-07-02,38.65999984741211,39.31999969482422,38.0099983215332,38.79999923706055,31.427032470703125,408100
2009-07-06,38.790000915527344,39.630001068115234,37.209999084472656,39.27000045776367,31.807722091674805,322800
2009-07-07,39.400001525878906,39.75,38.65999984741211,39.59000015258789,32.06690979003906,414100
2009-07-08,39.93000030517578,40.33000183105469,39.0,39.2400016784668,31.783430099487305,251800
2009-07-09,39.33000183105469,40.689998626708984,39.0099983215332,40.36000061035156,32.69059753417969,298200
2009-07-10,40.36000061035156,40.84000015258789,39.5099983215332,40.75,33.00648880004883,341300
2009-07-13,41.04999923706055,42.27000045776367,40.08000183105469,42.2400016784668,34.21334457397461,396500
2009-07-14,42.349998474121094,43.279998779296875,41.810001373291016,43.20000076293945,34.99093246459961,405900
2009-07-15,43.43000030517578,45.06999969482422,42.7599983215332,45.06999969482422,36.505592346191406,531400
2009-07-16,45.0,47.0,44.529998779296875,46.810001373291016,37.91493606567383,764500
2009-07-17,46.65999984741211,46.959999084472656,45.0,45.77000045776367,37.072566986083984,198300
2009-07-20,46.27000045776367,47.45000076293945,45.63999938964844,47.040000915527344,38.101226806640625,436300
2009-07-21,46.22999954223633,46.31999969482422,44.5099983215332,45.79999923706055,37.09687423706055,862700
2009-07-22,42.47999954223633,43.540000915527344,41.13999938964844,41.5099983215332,33.62206268310547,1316900
2009-07-23,41.5099983215332,42.45000076293945,40.310001373291016,42.099998474121094,34.0999641418457,599700
2009-07-24,41.790000915527344,43.95000076293945,41.189998626708984,43.79999923706055,35.4769172668457,484500
2009-07-27,43.529998779296875,44.290000915527344,42.33000183105469,42.88999938964844,34.73983383178711,270900
2009-07-28,42.52000045776367,43.52000045776367,42.150001525878906,43.43000030517578,35.177223205566406,284900
2009-07-29,43.02000045776367,44.619998931884766,42.459999084472656,44.41999816894531,35.979103088378906,200700
2009-07-30,45.290000915527344,45.5,43.279998779296875,44.02000045776367,35.655094146728516,240200
2009-07-31,43.7400016784668,44.290000915527344,42.970001220703125,43.310001373291016,35.08002853393555,190400
2009-08-03,43.189998626708984,43.4900016784668,42.08000183105469,42.380001068115234,34.326744079589844,324100
2009-08-04,42.5099983215332,43.36000061035156,42.09000015258789,42.18000030517578,34.16474914550781,276300
2009-08-05,42.06999969482422,43.0,39.900001525878906,41.18000030517578,33.354774475097656,536500
2009-08-06,41.29999923706055,42.31999969482422,40.45000076293945,41.5,33.61397171020508,194400
2009-08-07,42.119998931884766,43.150001525878906,40.58000183105469,42.290000915527344,34.253849029541016,162700
2009-08-10,41.7400016784668,41.7400016784668,39.5,39.869998931884766,32.2937126159668,567800
2009-08-11,39.9900016784668,41.119998931884766,39.33000183105469,39.900001525878906,32.31801223754883,563000
2009-08-12,40.130001068115234,40.88999938964844,39.400001525878906,39.689998626708984,32.14791488647461,245800
2009-08-13,39.61000061035156,39.9900016784668,39.13999938964844,39.720001220703125,32.172210693359375,239900
2009-08-14,39.790000915527344,39.790000915527344,38.27000045776367,38.83000183105469,31.45133399963379,336400
2009-08-17,38.33000183105469,38.58000183105469,37.939998626708984,38.220001220703125,30.957244873046875,211400
2009-08-18,38.08000183105469,38.08000183105469,37.400001525878906,37.560001373291016,30.42266845703125,355600
2009-08-19,37.11000061035156,38.400001525878906,36.61000061035156,37.650001525878906,30.495573043823242,241200
2009-08-20,37.70000076293945,39.7400016784668,37.619998931884766,39.59000015258789,32.06690979003906,552300
2009-08-21,39.83000183105469,41.0,39.470001220703125,40.970001220703125,33.184688568115234,383100
2009-08-24,40.310001373291016,41.150001525878906,39.18000030517578,39.5,31.99401092529297,394100
2009-08-25,39.5,40.779998779296875,39.220001220703125,39.720001220703125,32.172210693359375,250100
2009-08-26,39.88999938964844,40.06999969482422,39.18000030517578,39.720001220703125,32.172210693359375,134900
2009-08-27,39.529998779296875,39.529998779296875,38.25,39.18000030517578,31.734825134277344,192600
2009-08-28,39.56999969482422,39.709999084472656,38.7599983215332,39.59000015258789,32.06690979003906,175700
2009-08-31,39.11000061035156,39.619998931884766,38.68000030517578,39.189998626708984,31.742929458618164,257100
2009-09-01,39.0,39.93000030517578,37.65999984741211,37.79999923706055,30.617055892944336,426200
2009-09-02,37.529998779296875,37.529998779296875,36.33000183105469,36.91999816894531,29.904279708862305,420500
2009-09-03,37.36000061035156,37.43000030517578,35.75,36.84000015258789,29.83948516845703,450900
2009-09-04,36.66999816894531,38.68000030517578,36.54999923706055,38.68000030517578,31.329845428466797,233500
2009-09-08,38.880001068115234,39.72999954223633,38.709999084472656,39.349998474121094,31.87252426147461,163300
2009-09-09,39.220001220703125,40.060001373291016,39.189998626708984,39.540000915527344,32.02642822265625,149800
2009-09-10,39.38999938964844,42.08000183105469,39.38999938964844,42.0,34.018959045410156,473500
2009-09-11,41.939998626708984,42.849998474121094,41.290000915527344,42.380001068115234,34.326744079589844,388200
2009-09-14,42.0099983215332,42.72999954223633,41.380001068115234,41.380001068115234,33.51677703857422,232600
2009-09-15,41.189998626708984,42.83000183105469,40.56999969482422,42.72999954223633,34.610233306884766,213600
2009-09-16,42.72999954223633,44.25,42.38999938964844,44.18000030517578,35.78470230102539,343300
2009-09-17,44.220001220703125,44.290000915527344,43.189998626708984,43.290000915527344,35.06382369995117,240700
2009-09-18,43.41999816894531,43.529998779296875,42.06999969482422,42.66999816894531,34.56163787841797,350800
2009-09-21,42.5,43.400001525878906,42.20000076293945,43.2599983215332,35.039527893066406,162900
2009-09-22,43.63999938964844,43.709999084472656,41.2599983215332,41.349998474121094,33.49247741699219,352900
2009-09-23,41.279998779296875,41.369998931884766,39.5099983215332,40.220001220703125,32.577205657958984,556600
2009-09-24,40.22999954223633,40.5,39.279998779296875,39.470001220703125,31.969717025756836,354600
2009-09-25,39.59000015258789,40.25,38.709999084472656,38.90999984741211,31.516132354736328,280900
2009-09-28,39.33000183105469,39.7400016784668,38.040000915527344,38.09000015258789,30.851947784423828,293100
2009-09-29,38.22999954223633,38.79999923706055,37.880001068115234,37.97999954223633,30.762847900390625,236400
2009-09-30,38.33000183105469,38.560001373291016,37.5,38.09000015258789,30.851947784423828,243900
2009-10-01,37.83000183105469,38.38999938964844,36.599998474121094,36.70000076293945,29.72609519958496,328500
2009-10-02,36.59000015258789,36.97999954223633,35.41999816894531,35.529998779296875,28.778413772583008,773700
2009-10-05,35.7599983215332,37.25,34.880001068115234,35.70000076293945,28.91611671447754,643800
2009-10-06,36.560001373291016,37.189998626708984,35.90999984741211,36.560001373291016,29.612693786621094,531100
2009-10-07,36.560001373291016,38.08000183105469,36.52000045776367,37.380001068115234,30.276872634887695,359500
2009-10-08,37.45000076293945,39.5099983215332,37.45000076293945,38.599998474121094,31.26504135131836,327900
2009-10-09,38.790000915527344,40.20000076293945,38.029998779296875,39.529998779296875,32.01831817626953,332900
2009-10-12,39.619998931884766,40.779998779296875,39.38999938964844,40.099998474121094,32.47999572753906,181000
2009-10-13,39.939998626708984,40.52000045776367,39.459999084472656,39.63999938964844,32.107418060302734,149300
2009-10-14,40.099998474121094,40.099998474121094,38.310001373291016,38.650001525878906,31.3055362701416,366200
2009-10-15,38.310001373291016,39.400001525878906,37.540000915527344,38.75,31.386524200439453,223000
2009-10-16,38.59000015258789,39.47999954223633,38.22999954223633,38.650001525878906,31.3055362701416,256000
2009-10-19,38.849998474121094,39.63999938964844,38.2599983215332,39.630001068115234,32.09931564331055,358500
2009-10-20,41.5,42.5,40.099998474121094,41.45000076293945,33.57347869873047,1758200
2009-10-21,41.86000061035156,42.04999923706055,37.47999954223633,37.720001220703125,30.552263259887695,580800
2009-10-22,37.79999923706055,39.220001220703125,36.25,37.130001068115234,30.074373245239258,472200
2009-10-23,37.09000015258789,37.470001220703125,36.63999938964844,36.66999816894531,29.701780319213867,311300
2009-10-26,36.45000076293945,37.52000045776367,36.41999816894531,36.91999816894531,29.904279708862305,374400
2009-10-27,36.9900016784668,36.9900016784668,35.439998626708984,36.029998779296875,29.183408737182617,348200
2009-10-28,35.68000030517578,36.189998626708984,35.36000061035156,35.88999938964844,29.070009231567383,535200
2009-10-29,36.0099983215332,37.04999923706055,35.900001525878906,37.0,29.969078063964844,669500
2009-10-30,36.77000045776367,37.880001068115234,36.63999938964844,37.709999084472656,30.544166564941406,559900
2009-11-02,37.75,39.349998474121094,37.720001220703125,38.900001525878906,31.50803565979004,848700
2009-11-03,38.52000045776367,39.900001525878906,38.52000045776367,39.470001220703125,31.969717025756836,593600
2009-11-04,39.560001373291016,39.9900016784668,39.04999923706055,39.20000076293945,31.75102424621582,452600
2009-11-05,39.540000915527344,40.099998474121094,39.2599983215332,40.099998474121094,32.47999572753906,237500
2009-11-06,39.83000183105469,41.38999938964844,39.83000183105469,40.900001525878906,33.12799072265625,270000
2009-11-09,41.0,41.38999938964844,40.25,40.900001525878906,33.12799072265625,144400
2009-11-10,40.880001068115234,40.939998626708984,40.380001068115234,40.380001068115234,32.70680236816406,172000
2009-11-11,40.72999954223633,40.880001068115234,40.11000061035156,40.7400016784668,32.99839401245117,125400
2009-11-12,40.56999969482422,41.15999984741211,39.93000030517578,39.939998626708984,32.35040283203125,123000
2009-11-13,39.90999984741211,40.93000030517578,39.66999816894531,40.45000076293945,32.76350021362305,154200
2009-11-16,40.9900016784668,42.61000061035156,40.970001220703125,41.9900016784668,34.01085662841797,375600
2009-11-17,41.79999923706055,42.2599983215332,41.52000045776367,42.029998779296875,34.04325485229492,289700
2009-11-18,42.0,42.599998474121094,41.5099983215332,41.880001068115234,33.921756744384766,114800
2009-11-19,41.540000915527344,41.540000915527344,40.16999816894531,40.65999984741211,32.93359375,135500
2009-11-20,40.56999969482422,40.86000061035156,40.02000045776367,40.63999938964844,32.917388916015625,123700
2009-11-23,41.099998474121094,41.81999969482422,41.099998474121094,41.650001525878906,33.735469818115234,73200
2009-11-24,41.63999938964844,41.86000061035156,41.04999923706055,41.79999923706055,33.856971740722656,73800
2009-11-25,41.79999923706055,41.9900016784668,41.290000915527344,41.790000915527344,33.84886169433594,134700
2009-11-27,40.72999954223633,41.650001525878906,40.720001220703125,40.90999984741211,33.13608932495117,89200
2009-11-30,40.9900016784668,41.720001220703125,40.5099983215332,41.22999954223633,33.3952751159668,145700
2009-12-01,41.36000061035156,42.61000061035156,41.36000061035156,42.5,34.42394256591797,223900
2009-12-02,43.58000183105469,44.5,42.869998931884766,44.31999969482422,35.89809799194336,614800
2009-12-03,44.400001525878906,45.290000915527344,44.130001068115234,44.9900016784668,36.44078063964844,279400
2009-12-04,45.5099983215332,46.2400016784668,44.959999084472656,45.79999923706055,37.09687423706055,513400
2009-12-07,45.91999816894531,46.130001068115234,45.47999954223633,45.880001068115234,37.16166305541992,296300
2009-12-08,45.81999969482422,47.11000061035156,45.43000030517578,46.220001220703125,37.437049865722656,2507500
2009-12-09,46.2599983215332,47.0099983215332,45.7400016784668,46.939998626708984,38.02022933959961,473400
2009-12-10,47.20000076293945,47.439998626708984,46.4900016784668,46.79999923706055,37.90683364868164,313000
2009-12-11,46.810001373291016,48.09000015258789,46.77000045776367,47.93000030517578,38.82210922241211,689200
2009-12-14,48.09000015258789,48.40999984741211,47.40999984741211,48.150001525878906,39.00030517578125,274400
2009-12-15,48.189998626708984,48.189998626708984,46.810001373291016,46.90999984741211,37.99593734741211,239500
2009-12-16,47.060001373291016,47.75,46.439998626708984,47.27000045776367,38.28753662109375,164600
2009-12-17,46.939998626708984,47.209999084472656,46.310001373291016,47.040000915527344,38.101226806640625,100100
2009-12-18,47.119998931884766,47.619998931884766,45.59000015258789,46.849998474121094,37.947330474853516,426300
2009-12-21,46.779998779296875,48.0,46.02000045776367,47.11000061035156,38.15793228149414,188200
2009-12-22,47.22999954223633,48.9900016784668,46.75,48.84000015258789,39.559200286865234,274200
2009-12-23,46.54999923706055,48.349998474121094,46.54999923706055,47.47999954223633,38.457618713378906,386900
2009-12-24,47.599998474121094,47.939998626708984,46.9900016784668,47.5,38.47381591796875,96900
2009-12-28,47.459999084472656,47.70000076293945,46.2599983215332,46.72999954223633,37.850135803222656,186200
2009-12-29,46.650001525878906,46.77000045776367,46.0,46.33000183105469,37.526153564453125,102200
2009-12-30,46.11000061035156,47.06999969482422,45.68000030517578,47.040000915527344,38.101226806640625,190300
2009-12-31,47.16999816894531,47.79999923706055,47.08000183105469,47.16999816894531,38.20653533935547,241500
2010-01-04,47.18000030517578,48.09000015258789,47.16999816894531,48.0099983215332,38.886905670166016,253000
2010-01-05,47.79999923706055,49.79999923706055,47.79999923706055,49.68000030517578,40.239559173583984,434500
2010-01-06,49.5,50.0,49.5,49.75,40.296268463134766,362700
2010-01-07,49.709999084472656,50.33000183105469,49.2400016784668,49.61000061035156,40.18286895751953,224300
2010-01-08,49.36000061035156,49.630001068115234,48.7599983215332,49.040000915527344,39.72119140625,379200
2010-01-11,49.5,49.529998779296875,48.88999938964844,49.2400016784668,39.88318634033203,283200
2010-01-12,49.18000030517578,49.77000045776367,48.709999084472656,49.4900016784668,40.08567810058594,261500
2010-01-13,49.560001373291016,49.900001525878906,49.06999969482422,49.75,40.296268463134766,545100
2010-01-14,49.79999923706055,50.27000045776367,49.7599983215332,50.209999084472656,40.66885757446289,317400
2010-01-15,50.38999938964844,50.45000076293945,49.7400016784668,50.15999984741211,40.62835693359375,219200
2010-01-19,50.4900016784668,51.36000061035156,50.220001220703125,51.189998626708984,41.46262741088867,336700
2010-01-20,49.279998779296875,50.27000045776367,49.029998779296875,49.88999938964844,40.40966033935547,664900
2010-01-21,49.939998626708984,51.540000915527344,49.90999984741211,51.18000030517578,41.454524993896484,561800
2010-01-22,51.2400016784668,51.45000076293945,50.22999954223633,50.400001525878906,40.822757720947266,386800
2010-01-25,50.790000915527344,51.41999816894531,50.13999938964844,50.9900016784668,41.300628662109375,372400
2010-01-26,51.7400016784668,53.45000076293945,50.22999954223633,51.459999084472656,41.68131637573242,1127600
2010-01-27,51.459999084472656,53.81999969482422,51.45000076293945,53.349998474121094,43.2121696472168,711900
2010-01-28,52.83000183105469,53.52000045776367,51.70000076293945,52.20000076293945,42.28070068359375,340300
2010-01-29,52.56999969482422,52.75,50.97999954223633,51.20000076293945,41.47072982788086,392600
2010-02-01,51.29999923706055,52.130001068115234,51.11000061035156,51.20000076293945,41.47072982788086,287900
2010-02-02,51.06999969482422,52.630001068115234,51.06999969482422,51.9900016784668,42.11060333251953,296900
2010-02-03,52.0,53.25,51.4900016784668,52.29999923706055,42.361698150634766,362200
2010-02-04,51.810001373291016,51.9900016784668,49.86000061035156,50.06999969482422,40.55546188354492,466600
2010-02-05,49.9900016784668,51.20000076293945,49.7400016784668,50.27000045776367,40.71745681762695,289800
2010-02-08,50.5,51.83000183105469,50.119998931884766,51.189998626708984,41.46262741088867,154300
2010-02-09,51.79999923706055,53.97999954223633,51.79999923706055,52.959999084472656,42.89628219604492,400400
2010-02-10,52.70000076293945,53.79999923706055,51.7400016784668,52.18000030517578,42.264503479003906,119100
2010-02-11,51.93000030517578,53.060001373291016,51.79999923706055,52.630001068115234,42.62899398803711,117600
2010-02-12,52.380001068115234,53.70000076293945,52.06999969482422,53.45000076293945,43.29317092895508,196200
2010-02-16,53.75,53.9900016784668,53.2400016784668,53.56999969482422,43.3903694152832,149500
2010-02-17,53.52000045776367,53.56999969482422,51.689998626708984,52.619998931884766,42.62089538574219,187300
2010-02-18,52.75,53.060001373291016,51.5,52.90999984741211,42.85578536987305,139200
2010-02-19,52.97999954223633,53.959999084472656,52.97999954223633,53.36000061035156,43.220279693603516,113600
2010-02-22,53.61000061035156,53.63999938964844,52.349998474121094,52.380001068115234,42.42649459838867,161400
2010-02-23,52.209999084472656,52.88999938964844,50.31999969482422,51.91999816894531,42.05390548706055,429800
2010-02-24,51.86000061035156,52.20000076293945,51.52000045776367,51.95000076293945,42.07821273803711,89600
2010-02-25,51.400001525878906,52.33000183105469,50.66999816894531,52.20000076293945,42.28070068359375,108600
2010-02-26,52.380001068115234,52.470001220703125,51.40999984741211,52.13999938964844,42.23210525512695,221500
2010-03-01,52.150001525878906,53.36000061035156,52.150001525878906,53.0,42.928680419921875,213300
2010-03-02,52.88999938964844,53.06999969482422,52.7599983215332,53.02000045776367,42.94488525390625,187100
2010-03-03,52.849998474121094,53.72999954223633,51.439998626708984,52.619998931884766,42.62089538574219,365000
2010-03-04,52.66999816894531,53.16999816894531,52.22999954223633,53.029998779296875,42.952972412109375,204000
2010-03-05,53.029998779296875,53.93000030517578,52.189998626708984,52.90999984741211,42.85578536987305,225400
2010-03-08,52.529998779296875,54.540000915527344,52.4900016784668,54.310001373291016,43.98974609375,458400
2010-03-09,54.040000915527344,55.7400016784668,51.63999938964844,52.0,42.11871337890625,465700
2010-03-10,52.209999084472656,55.0,52.20000076293945,54.470001220703125,44.11935043334961,307100
2010-03-11,54.0,54.41999816894531,53.369998931884766,54.31999969482422,43.99785614013672,198100
2010-03-12,54.59000015258789,54.97999954223633,53.880001068115234,54.540000915527344,44.17604446411133,175700
2010-03-15,54.33000183105469,54.95000076293945,53.959999084472656,54.77000045776367,44.362342834472656,102100
2010-03-16,54.61000061035156,55.06999969482422,53.400001525878906,54.029998779296875,43.76296615600586,314900
2010-03-17,53.939998626708984,54.650001525878906,53.470001220703125,54.380001068115234,44.04645538330078,170000
2010-03-18,54.27000045776367,54.709999084472656,54.16999816894531,54.5,44.14364242553711,167100
2010-03-19,54.58000183105469,54.95000076293945,54.22999954223633,54.58000183105469,44.20845413208008,268200
2010-03-22,54.459999084472656,56.54999923706055,54.43000030517578,55.560001373291016,45.00221633911133,298100
2010-03-23,55.58000183105469,58.029998779296875,55.58000183105469,57.7400016784668,46.767974853515625,370500
2010-03-24,57.310001373291016,58.209999084472656,57.310001373291016,58.060001373291016,47.02716827392578,773900
2010-03-25,58.08000183105469,59.040000915527344,56.959999084472656,56.97999954223633,46.15237808227539,289200
2010-03-26,57.189998626708984,59.0,56.47999954223633,56.56999969482422,45.820289611816406,159500
2010-03-29,56.630001068115234,58.75,56.630001068115234,57.88999938964844,46.889461517333984,370300
2010-03-30,57.900001525878906,58.63999938964844,57.08000183105469,58.25,47.181060791015625,221200
2010-03-31,58.31999969482422,58.91999816894531,57.75,57.86000061035156,46.865169525146484,151300
2010-04-01,57.959999084472656,58.119998931884766,56.119998931884766,56.400001525878906,45.68260192871094,201000
2010-04-05,56.689998626708984,57.029998779296875,54.88999938964844,55.209999084472656,44.71873474121094,356700
2010-04-06,55.0,55.22999954223633,53.79999923706055,54.20000076293945,43.90065383911133,538000
2010-04-07,53.880001068115234,55.400001525878906,53.11000061035156,54.95000076293945,44.50814437866211,192500
2010-04-08,54.97999954223633,56.41999816894531,54.880001068115234,55.20000076293945,44.710628509521484,138000
2010-04-09,55.04999923706055,55.31999969482422,53.029998779296875,53.72999954223633,43.519962310791016,313900
2010-04-12,54.15999984741211,56.31999969482422,54.15999984741211,55.65999984741211,45.08321762084961,387400
2010-04-13,55.75,56.04999923706055,54.369998931884766,55.27000045776367,44.767330169677734,616900
2010-04-14,55.70000076293945,56.63999938964844,55.65999984741211,56.41999816894531,45.69880294799805,573700
2010-04-15,56.70000076293945,57.630001068115234,56.650001525878906,57.209999084472656,46.338687896728516,359400
2010-04-16,57.29999923706055,57.83000183105469,55.66999816894531,56.560001373291016,45.812191009521484,290500
2010-04-19,56.2400016784668,56.95000076293945,54.95000076293945,56.16999816894531,45.49629211425781,190300
2010-04-20,56.380001068115234,56.900001525878906,50.38999938964844,50.849998474121094,41.18722915649414,1706200
2010-04-21,51.66999816894531,52.52000045776367,50.61000061035156,51.04999923706055,41.34922409057617,671200
2010-04-22,50.56999969482422,51.720001220703125,49.5,51.439998626708984,41.66512680053711,441800
2010-04-23,52.95000076293945,54.63999938964844,52.650001525878906,53.77000045776367,43.5523567199707,423800
2010-04-26,53.540000915527344,53.900001525878906,52.470001220703125,52.619998931884766,42.62089538574219,194100
2010-04-27,52.63999938964844,53.709999084472656,51.470001220703125,51.5099983215332,41.7218132019043,316900
2010-04-28,51.77000045776367,52.209999084472656,50.900001525878906,51.619998931884766,41.81092071533203,244300
2010-04-29,51.83000183105469,52.25,51.45000076293945,52.15999984741211,42.24831008911133,213000
2010-04-30,51.900001525878906,53.220001220703125,51.43000030517578,51.43000030517578,41.65701675415039,242700
2010-05-03,51.47999954223633,52.61000061035156,51.47999954223633,52.040000915527344,42.15110397338867,384000
2010-05-04,51.5,51.970001220703125,49.959999084472656,50.34000015258789,40.77415466308594,446200
2010-05-05,49.90999984741211,52.54999923706055,49.86000061035156,51.02000045776367,41.32493591308594,332200
2010-05-06,50.95000076293945,51.959999084472656,47.84000015258789,50.13999938964844,40.61216354370117,246800
2010-05-07,49.689998626708984,51.5,48.279998779296875,49.380001068115234,39.996585845947266,249700
2010-05-10,50.68000030517578,51.959999084472656,50.68000030517578,51.66999816894531,41.85142135620117,165600
2010-05-11,51.16999816894531,51.72999954223633,50.20000076293945,51.18000030517578,41.454524993896484,183300
2010-05-12,50.33000183105469,52.810001373291016,50.33000183105469,52.52000045776367,43.17254638671875,177100
2010-05-13,52.58000183105469,53.290000915527344,51.369998931884766,51.630001068115234,42.440948486328125,114600
2010-05-14,51.36000061035156,51.900001525878906,50.459999084472656,51.099998474121094,42.00528335571289,121300
2010-05-17,51.279998779296875,52.56999969482422,50.630001068115234,52.47999954223633,43.139678955078125,191000
2010-05-18,52.7400016784668,52.7400016784668,50.77000045776367,51.150001525878906,42.04637908935547,153400
2010-05-19,50.70000076293945,51.040000915527344,49.59000015258789,50.689998626708984,41.668251037597656,248400
2010-05-20,49.86000061035156,51.540000915527344,49.5099983215332,50.5,41.512062072753906,295600
2010-05-21,50.0,53.86000061035156,49.630001068115234,51.88999938964844,42.65468215942383,433500
2010-05-24,51.77000045776367,52.029998779296875,50.209999084472656,50.459999084472656,41.47919464111328,227800
2010-05-25,49.70000076293945,53.45000076293945,48.75,53.16999816894531,43.70686340332031,431000
2010-05-26,53.4900016784668,56.279998779296875,52.869998931884766,55.0099983215332,45.219383239746094,468700
2010-05-27,55.939998626708984,56.16999816894531,55.130001068115234,55.630001068115234,45.72904586791992,133000
2010-05-28,55.68000030517578,56.119998931884766,54.65999984741211,55.290000915527344,45.449554443359375,173400
2010-06-01,55.150001525878906,55.150001525878906,52.810001373291016,52.83000183105469,43.4273681640625,241000
2010-06-02,53.20000076293945,54.540000915527344,52.83000183105469,54.43000030517578,44.742610931396484,182300
2010-06-03,54.9900016784668,55.31999969482422,53.9900016784668,54.099998474121094,44.471343994140625,386700
2010-06-04,53.36000061035156,53.36000061035156,49.90999984741211,50.0,41.10106658935547,500300
2010-06-07,50.0099983215332,50.40999984741211,48.150001525878906,48.369998931884766,39.76115417480469,390900
2010-06-08,48.349998474121094,49.02000045776367,47.2599983215332,47.65999984741211,39.177528381347656,383800
2010-06-09,48.099998474121094,48.650001525878906,47.529998779296875,47.72999954223633,39.23507308959961,322100
2010-06-10,48.470001220703125,49.939998626708984,48.33000183105469,49.36000061035156,40.5749626159668,591200
2010-06-11,49.130001068115234,50.4900016784668,48.84000015258789,50.31999969482422,41.364105224609375,149500
2010-06-14,50.56999969482422,51.58000183105469,49.72999954223633,49.90999984741211,41.02707290649414,167000
2010-06-15,50.189998626708984,50.72999954223633,48.060001373291016,48.63999938964844,39.98310852050781,449600
2010-06-16,48.20000076293945,48.83000183105469,47.529998779296875,47.650001525878906,39.1693115234375,283600
2010-06-17,47.54999923706055,47.61000061035156,46.15999984741211,46.22999954223633,38.002044677734375,309800
2010-06-18,46.0099983215332,46.41999816894531,45.7400016784668,45.790000915527344,37.64035415649414,264800
2010-06-21,46.290000915527344,46.29999923706055,44.70000076293945,44.7599983215332,36.793663024902344,214900
2010-06-22,44.77000045776367,45.61000061035156,44.06999969482422,44.099998474121094,36.251129150390625,187500
2010-06-23,44.04999923706055,44.959999084472656,43.709999084472656,43.77000045776367,35.97987365722656,148600
2010-06-24,43.599998474121094,44.459999084472656,43.18000030517578,43.189998626708984,35.50310134887695,134000
2010-06-25,43.220001220703125,43.88999938964844,42.7599983215332,43.06999969482422,35.404449462890625,247200
2010-06-28,42.90999984741211,43.470001220703125,42.41999816894531,43.0,35.34691619873047,213700
2010-06-29,42.43000030517578,43.290000915527344,42.040000915527344,42.220001220703125,34.70573043823242,271200
2010-06-30,42.310001373291016,44.029998779296875,42.310001373291016,42.689998626708984,35.09209060668945,261300
2010-07-01,43.130001068115234,44.970001220703125,42.06999969482422,43.290000915527344,35.585296630859375,407400
2010-07-02,43.380001068115234,43.54999923706055,42.209999084472656,43.209999084472656,35.519535064697266,462400
2010-07-06,43.59000015258789,44.369998931884766,42.11000061035156,42.560001373291016,34.98521423339844,288100
2010-07-07,42.869998931884766,45.150001525878906,42.869998931884766,44.97999954223633,36.974517822265625,340000
2010-07-08,45.119998931884766,45.400001525878906,43.33000183105469,43.83000183105469,36.0291862487793,199400
2010-07-09,43.79999923706055,45.06999969482422,43.599998474121094,44.97999954223633,36.974517822265625,129000
2010-07-12,44.65999984741211,45.209999084472656,43.900001525878906,44.040000915527344,36.20180892944336,117600
2010-07-13,44.36000061035156,45.040000915527344,44.0099983215332,44.900001525878906,36.908748626708984,178200
2010-07-14,44.900001525878906,46.310001373291016,44.84000015258789,46.11000061035156,37.90339279174805,224300
2010-07-15,46.11000061035156,46.22999954223633,45.09000015258789,45.97999954223633,37.79652404785156,100700
2010-07-16,45.630001068115234,45.93000030517578,45.36000061035156,45.58000183105469,37.46772766113281,270900
2010-07-19,45.5,45.75,43.630001068115234,45.279998779296875,37.22113037109375,133000
2010-07-20,44.869998931884766,46.369998931884766,44.040000915527344,46.150001525878906,37.93627166748047,166100
2010-07-21,45.75,46.06999969482422,42.869998931884766,43.58000183105469,35.82368850708008,569800
2010-07-22,42.900001525878906,44.790000915527344,42.72999954223633,43.279998779296875,35.57707595825195,622700
2010-07-23,43.119998931884766,44.130001068115234,42.7400016784668,43.83000183105469,36.0291862487793,399800
2010-07-26,44.09000015258789,44.939998626708984,43.90999984741211,44.79999923706055,36.826541900634766,387100
2010-07-27,45.029998779296875,45.43000030517578,43.83000183105469,44.220001220703125,36.34978103637695,242500
2010-07-28,44.08000183105469,44.36000061035156,43.5,43.880001068115234,36.07029724121094,206000
2010-07-29,44.16999816894531,44.459999084472656,43.119998931884766,43.619998931884766,35.85655975341797,91700
2010-07-30,43.11000061035156,44.47999954223633,43.099998474121094,44.38999938964844,36.48952865600586,118600
2010-08-02,44.869998931884766,45.880001068115234,44.810001373291016,45.25,37.19646072387695,378500
2010-08-03,44.91999816894531,45.25,43.689998626708984,43.939998626708984,36.11960983276367,342100
2010-08-04,44.0,44.0099983215332,42.439998626708984,42.720001220703125,35.11676025390625,188900
2010-08-05,42.41999816894531,43.36000061035156,40.79999923706055,40.83000183105469,33.563140869140625,460200
2010-08-06,40.77000045776367,40.95000076293945,39.7599983215332,40.66999816894531,33.431602478027344,481900
2010-08-09,40.880001068115234,42.79999923706055,40.099998474121094,42.689998626708984,35.09209060668945,408100
2010-08-10,42.150001525878906,44.2599983215332,42.150001525878906,43.5,35.75792694091797,421900
2010-08-11,42.720001220703125,43.290000915527344,41.869998931884766,41.95000076293945,34.483795166015625,267600
2010-08-12,41.40999984741211,43.02000045776367,41.08000183105469,42.040000915527344,34.557777404785156,299900
2010-08-13,41.65999984741211,42.970001220703125,41.33000183105469,42.45000076293945,34.89480209350586,240000
2010-08-16,42.33000183105469,42.349998474121094,41.310001373291016,41.75,34.31938171386719,201800
2010-08-17,41.83000183105469,42.54999923706055,41.380001068115234,42.400001525878906,34.85370635986328,206500
2010-08-18,42.4900016784668,42.7599983215332,41.90999984741211,42.369998931884766,34.829044342041016,104200
2010-08-19,42.36000061035156,42.56999969482422,40.459999084472656,40.470001220703125,33.2672004699707,229700
2010-08-20,40.380001068115234,40.9900016784668,39.7599983215332,40.90999984741211,33.6288948059082,150400
2010-08-23,41.130001068115234,41.540000915527344,38.790000915527344,38.83000183105469,31.919078826904297,386900
2010-08-24,38.65999984741211,39.33000183105469,37.79999923706055,38.029998779296875,31.261463165283203,278700
2010-08-25,37.63999938964844,38.08000183105469,37.08000183105469,37.91999816894531,31.171039581298828,168600
2010-08-26,38.130001068115234,38.75,37.720001220703125,38.52000045776367,31.664255142211914,170500
2010-08-27,38.93000030517578,39.220001220703125,38.0,39.15999984741211,32.19034194946289,119200
2010-08-30,38.95000076293945,39.560001373291016,38.310001373291016,38.31999969482422,31.499847412109375,111700
2010-08-31,38.31999969482422,38.61000061035156,37.58000183105469,37.630001068115234,30.932662963867188,216700
2010-09-01,38.09000015258789,38.65999984741211,37.599998474121094,38.56999969482422,31.705350875854492,304700
2010-09-02,38.38999938964844,39.040000915527344,38.0099983215332,38.08000183105469,31.302560806274414,308600
2010-09-03,38.5,39.849998474121094,38.40999984741211,38.79999923706055,31.894418716430664,193400
2010-09-07,38.599998474121094,38.7400016784668,37.4900016784668,37.5099983215332,30.834016799926758,166800
2010-09-08,37.470001220703125,38.72999954223633,37.04999923706055,38.41999816894531,31.582054138183594,142900
2010-09-09,38.7400016784668,39.310001373291016,38.4900016784668,39.040000915527344,32.09170913696289,202300
2010-09-10,38.959999084472656,39.18000030517578,38.86000061035156,39.02000045776367,32.07526397705078,250300
2010-09-13,39.47999954223633,41.189998626708984,39.119998931884766,41.0,33.7028694152832,443600
2010-09-14,41.040000915527344,42.220001220703125,40.720001220703125,41.939998626708984,34.47556686401367,399400
2010-09-15,41.93000030517578,42.220001220703125,40.75,41.040000915527344,33.735755920410156,184500
2010-09-16,40.9900016784668,41.369998931884766,40.349998474121094,41.31999969482422,33.965919494628906,118100
2010-09-17,41.7599983215332,42.029998779296875,41.220001220703125,41.56999969482422,34.171424865722656,179600
2010-09-20,41.560001373291016,42.189998626708984,41.560001373291016,42.189998626708984,34.68107223510742,164500
2010-09-21,42.099998474121094,43.33000183105469,42.099998474121094,42.849998474121094,35.223602294921875,108000
2010-09-22,42.65999984741211,42.959999084472656,41.58000183105469,41.97999954223633,34.50844955444336,112900
2010-09-23,41.65999984741211,42.4900016784668,41.119998931884766,41.290000915527344,33.941253662109375,113100
2010-09-24,41.86000061035156,42.060001373291016,41.540000915527344,41.91999816894531,34.45913314819336,259200
2010-09-27,42.18000030517578,43.93000030517578,42.18000030517578,43.0,35.34691619873047,410400
2010-09-28,42.959999084472656,43.20000076293945,42.439998626708984,43.0,35.34691619873047,223400
2010-09-29,42.720001220703125,43.11000061035156,42.45000076293945,42.75,35.14140701293945,138100
2010-09-30,42.880001068115234,43.0,41.849998474121094,42.31999969482422,34.78792190551758,188600
2010-10-01,42.779998779296875,43.2599983215332,41.869998931884766,43.22999954223633,35.535972595214844,159100
2010-10-04,43.25,43.33000183105469,41.310001373291016,41.59000015258789,34.187862396240234,189700
2010-10-05,41.779998779296875,42.130001068115234,41.29999923706055,42.099998474121094,34.60709762573242,175000
2010-10-06,42.08000183105469,42.349998474121094,41.349998474121094,41.95000076293945,34.483795166015625,187200
2010-10-07,42.2599983215332,42.27000045776367,41.5,41.70000076293945,34.278282165527344,162700
2010-10-08,41.81999969482422,41.97999954223633,39.63999938964844,39.779998779296875,32.69999694824219,339800
2010-10-11,39.63999938964844,39.70000076293945,39.0,39.040000915527344,32.09170913696289,175600
2010-10-12,38.810001373291016,39.560001373291016,38.119998931884766,39.400001525878906,32.38762664794922,261600
2010-10-13,39.61000061035156,40.630001068115234,39.16999816894531,40.5,33.29186248779297,590500
2010-10-14,40.5,40.849998474121094,40.15999984741211,40.810001373291016,33.54669189453125,534900
2010-10-15,41.20000076293945,41.540000915527344,40.84000015258789,41.22999954223633,33.89193344116211,549700
2010-10-18,41.400001525878906,41.400001525878906,40.95000076293945,41.209999084472656,33.87549591064453,132000
2010-10-19,40.689998626708984,41.349998474121094,40.150001525878906,41.06999969482422,33.76041030883789,200200
2010-10-20,41.290000915527344,41.70000076293945,41.029998779296875,41.4900016784668,34.10566329956055,187600
2010-10-21,41.5,41.70000076293945,41.099998474121094,41.34000015258789,33.982357025146484,159500
2010-10-22,41.369998931884766,41.779998779296875,41.290000915527344,41.68000030517578,34.26184844970703,52800
2010-10-25,41.810001373291016,43.15999984741211,41.77000045776367,42.52000045776367,34.95234298706055,99600
2010-10-26,42.25,43.68000030517578,42.13999938964844,43.43000030517578,35.700382232666016,244300
2010-10-27,43.130001068115234,43.52000045776367,42.470001220703125,43.349998474121094,35.634620666503906,128800
2010-10-28,43.88999938964844,47.91999816894531,43.810001373291016,46.709999084472656,38.396610260009766,651500
2010-10-29,46.689998626708984,47.880001068115234,46.4900016784668,47.11000061035156,38.72541809082031,498200
2010-11-01,47.349998474121094,47.459999084472656,46.5,47.38999938964844,38.95558547973633,237700
2010-11-02,47.869998931884766,47.869998931884766,47.029998779296875,47.65999984741211,39.177528381347656,200300
2010-11-03,47.5,48.790000915527344,47.5,48.7599983215332,40.081748962402344,250500
2010-11-04,49.0,49.4900016784668,48.83000183105469,49.029998779296875,40.30369567871094,302900
2010-11-05,48.9900016784668,49.45000076293945,48.88999938964844,49.189998626708984,40.43522644042969,132600
2010-11-08,49.040000915527344,49.060001373291016,47.68000030517578,48.75,40.07353210449219,229900
2010-11-09,48.77000045776367,49.220001220703125,48.47999954223633,48.77000045776367,40.0899772644043,122400
2010-11-10,49.060001373291016,49.36000061035156,47.70000076293945,47.9900016784668,39.448795318603516,219500
2010-11-11,47.72999954223633,48.119998931884766,47.09000015258789,47.619998931884766,39.14464569091797,147400
2010-11-12,47.47999954223633,48.09000015258789,47.400001525878906,47.439998626708984,38.996681213378906,184100
2010-11-15,47.70000076293945,48.0,46.540000915527344,46.56999969482422,38.281524658203125,101600
2010-11-16,45.54999923706055,46.95000076293945,44.779998779296875,45.959999084472656,37.78009033203125,603200
2010-11-17,46.25,47.38999938964844,45.59000015258789,47.36000061035156,38.93092346191406,196300
2010-11-18,48.0,48.689998626708984,47.779998779296875,48.36000061035156,39.752952575683594,285000
2010-11-19,48.29999923706055,48.619998931884766,47.97999954223633,48.5099983215332,39.87624740600586,592300
2010-11-22,48.4900016784668,49.58000183105469,48.150001525878906,49.54999923706055,40.73115158081055,306800
2010-11-23,49.220001220703125,49.47999954223633,48.91999816894531,49.2400016784668,40.47632598876953,227700
2010-11-24,49.25,50.7400016784668,49.18000030517578,50.25,41.30656051635742,306500
2010-11-26,50.0,50.5,49.72999954223633,50.02000045776367,41.117496490478516,42600
2010-11-29,50.029998779296875,50.459999084472656,49.06999969482422,50.060001373291016,41.150390625,146400
2010-11-30,49.72999954223633,50.33000183105469,49.61000061035156,49.93000030517578,41.04352951049805,145700
2010-12-01,50.790000915527344,52.04999923706055,50.20000076293945,50.27000045776367,41.3230094909668,506000
2010-12-02,50.25,50.58000183105469,49.56999969482422,50.08000183105469,41.16682434082031,113100
2010-12-03,49.83000183105469,50.810001373291016,49.720001220703125,50.310001373291016,41.355892181396484,174200
2010-12-06,50.40999984741211,51.18000030517578,50.380001068115234,51.04999923706055,41.96417999267578,172400
2010-12-07,51.400001525878906,52.939998626708984,51.400001525878906,52.130001068115234,42.851959228515625,421600
2010-12-08,52.13999938964844,52.63999938964844,52.029998779296875,52.36000061035156,43.0410270690918,241100
2010-12-09,52.7599983215332,52.7599983215332,51.56999969482422,52.06999969482422,42.802635192871094,200700
2010-12-10,52.380001068115234,52.58000183105469,51.95000076293945,52.58000183105469,43.22187042236328,276700
2010-12-13,52.880001068115234,52.95000076293945,50.58000183105469,50.66999816894531,41.651824951171875,161300
2010-12-14,50.7599983215332,51.20000076293945,50.220001220703125,50.400001525878906,41.429874420166016,151700
2010-12-15,50.130001068115234,50.470001220703125,47.939998626708984,48.36000061035156,39.752952575683594,204800
2010-12-16,48.400001525878906,48.630001068115234,47.5099983215332,48.43000030517578,39.81049346923828,171000
2010-12-17,48.400001525878906,48.619998931884766,47.900001525878906,48.54999923706055,39.909122467041016,270200
2010-12-20,48.7599983215332,49.09000015258789,48.220001220703125,48.689998626708984,40.024208068847656,146000
2010-12-21,48.900001525878906,49.459999084472656,48.83000183105469,49.18000030517578,40.427005767822266,167600
2010-12-22,49.29999923706055,50.0,49.25,49.689998626708984,40.84623718261719,156500
2010-12-23,49.59000015258789,49.59000015258789,49.20000076293945,49.34000015258789,40.55852508544922,103600
2010-12-27,49.34000015258789,49.5,48.790000915527344,49.45000076293945,40.648948669433594,131600
2010-12-28,49.58000183105469,49.63999938964844,49.2400016784668,49.31999969482422,40.542083740234375,188200
2010-12-29,49.47999954223633,49.47999954223633,49.099998474121094,49.27000045776367,40.5009880065918,130100
2010-12-30,49.33000183105469,50.029998779296875,49.31999969482422,49.959999084472656,41.06817626953125,75800
2010-12-31,49.83000183105469,50.2400016784668,49.20000076293945,49.2400016784668,40.47632598876953,159900
2011-01-03,49.630001068115234,51.119998931884766,49.630001068115234,50.84000015258789,41.79155731201172,176300
2011-01-04,51.13999938964844,51.4900016784668,50.0099983215332,51.25,42.12858963012695,169800
2011-01-05,51.369998931884766,52.349998474121094,50.91999816894531,51.75,42.53959655761719,324300
2011-01-06,51.75,52.2400016784668,50.45000076293945,50.56999969482422,41.569618225097656,90400
2011-01-07,50.709999084472656,51.349998474121094,50.040000915527344,50.56999969482422,41.569618225097656,83700
2011-01-10,50.31999969482422,50.38999938964844,49.18000030517578,49.470001220703125,40.66538619995117,162000
2011-01-11,49.45000076293945,49.45000076293945,46.54999923706055,46.970001220703125,38.61032485961914,336700
2011-01-12,47.0,47.95000076293945,47.0,47.91999816894531,39.391258239746094,111300
2011-01-13,47.9900016784668,48.20000076293945,47.7599983215332,48.029998779296875,39.4816780090332,99000
2011-01-14,48.150001525878906,48.630001068115234,47.81999969482422,48.45000076293945,39.82692337036133,112300
2011-01-18,48.279998779296875,48.279998779296875,47.02000045776367,47.27000045776367,38.85694885253906,106100
2011-01-19,47.33000183105469,47.86000061035156,47.08000183105469,47.540000915527344,39.078887939453125,117000
2011-01-20,47.38999938964844,47.45000076293945,46.18000030517578,47.130001068115234,38.741859436035156,92500
2011-01-21,47.47999954223633,47.970001220703125,47.040000915527344,47.90999984741211,39.38303756713867,127300
2011-01-24,47.83000183105469,48.59000015258789,47.29999923706055,47.43000030517578,38.98846435546875,158800
2011-01-25,47.36000061035156,47.36000061035156,46.13999938964844,46.18000030517578,37.9609375,169600
2011-01-26,46.4900016784668,48.2400016784668,46.11000061035156,48.13999938964844,39.57209014892578,184300
2011-01-27,48.18000030517578,49.95000076293945,48.099998474121094,49.86000061035156,40.98597717285156,134600
2011-01-28,49.75,49.83000183105469,47.06999969482422,47.2400016784668,38.832279205322266,263900
2011-01-31,47.75,47.75,46.2400016784668,46.540000915527344,38.25687026977539,190900
2011-02-01,46.18000030517578,46.18000030517578,42.040000915527344,42.869998931884766,35.24004364013672,879300
2011-02-02,42.869998931884766,42.869998931884766,42.11000061035156,42.22999954223633,34.71395492553711,368800
2011-02-03,42.25,42.54999923706055,41.380001068115234,41.439998626708984,34.06454849243164,494300
2011-02-04,41.43000030517578,41.54999923706055,40.97999954223633,41.29999923706055,33.9494743347168,488500
2011-02-07,41.29999923706055,41.560001373291016,40.0,40.0099983215332,32.88907241821289,555200
2011-02-08,40.15999984741211,41.290000915527344,40.15999984741211,41.06999969482422,33.76041030883789,369900
2011-02-09,41.06999969482422,41.459999084472656,40.349998474121094,41.27000045776367,33.924808502197266,238400
2011-02-10,41.099998474121094,41.72999954223633,40.83000183105469,41.31999969482422,33.965919494628906,132300
2011-02-11,41.41999816894531,42.279998779296875,41.150001525878906,41.84000015258789,34.39337158203125,219200
2011-02-14,41.84000015258789,42.540000915527344,41.84000015258789,42.18000030517578,34.67285919189453,119200
2011-02-15,42.25,43.060001373291016,41.9900016784668,42.540000915527344,34.968780517578125,231100
2011-02-16,42.61000061035156,43.630001068115234,42.540000915527344,43.630001068115234,35.86479568481445,155300
2011-02-17,43.66999816894531,44.220001220703125,43.119998931884766,44.20000076293945,36.33333206176758,239000
2011-02-18,45.099998474121094,45.310001373291016,43.630001068115234,44.0,36.16892623901367,363100
2011-02-22,43.36000061035156,43.36000061035156,40.04999923706055,41.66999816894531,34.25362014770508,544300
2011-02-23,41.79999923706055,41.79999923706055,39.209999084472656,39.970001220703125,32.856197357177734,403400
2011-02-24,39.7400016784668,40.970001220703125,39.66999816894531,40.810001373291016,33.54669189453125,251600
2011-02-25,40.7599983215332,41.29999923706055,40.689998626708984,41.099998474121094,33.78506851196289,225400
2011-02-28,41.459999084472656,41.459999084472656,40.90999984741211,41.27000045776367,33.924808502197266,223400
2011-03-01,41.150001525878906,42.0099983215332,40.869998931884766,41.0099983215332,33.711097717285156,272500
2011-03-02,41.0,41.150001525878906,40.61000061035156,40.90999984741211,33.6288948059082,123100
2011-03-03,41.36000061035156,42.88999938964844,41.36000061035156,42.599998474121094,35.01810836791992,153000
2011-03-04,42.5,43.97999954223633,41.5099983215332,42.11000061035156,34.61531066894531,229000
2011-03-07,42.11000061035156,42.540000915527344,41.880001068115234,42.22999954223633,34.71395492553711,222000
2011-03-08,42.470001220703125,43.880001068115234,41.400001525878906,43.27000045776367,35.56886291503906,359900
2011-03-09,43.20000076293945,43.20000076293945,42.79999923706055,42.810001373291016,35.190731048583984,400600
2011-03-10,42.380001068115234,43.040000915527344,41.880001068115234,42.400001525878906,34.85370635986328,351300
2011-03-11,42.13999938964844,43.540000915527344,41.709999084472656,43.29999923706055,35.593528747558594,246500
2011-03-14,43.209999084472656,43.400001525878906,42.650001525878906,43.189998626708984,35.50310134887695,193300
2011-03-15,42.2599983215332,43.439998626708984,42.099998474121094,43.04999923706055,35.38801956176758,231300
2011-03-16,43.0,43.5099983215332,42.77000045776367,43.099998474121094,35.429115295410156,294200
2011-03-17,43.5,43.66999816894531,41.86000061035156,41.86000061035156,34.40980529785156,223600
2011-03-18,42.25,42.9900016784668,42.25,42.63999938964844,35.050987243652344,400000
2011-03-21,43.189998626708984,44.400001525878906,42.72999954223633,43.9900016784668,36.16071319580078,163900
2011-03-22,43.970001220703125,44.09000015258789,42.779998779296875,42.84000015258789,35.21538543701172,79400
2011-03-23,42.689998626708984,43.0,41.77000045776367,42.040000915527344,34.557777404785156,201300
2011-03-24,42.20000076293945,42.70000076293945,41.869998931884766,42.099998474121094,34.60709762573242,165200
2011-03-25,42.349998474121094,42.970001220703125,42.150001525878906,42.220001220703125,34.70573043823242,271700
2011-03-28,42.45000076293945,43.529998779296875,42.119998931884766,43.25,35.55242156982422,175900
2011-03-29,43.29999923706055,43.400001525878906,43.119998931884766,43.220001220703125,35.52775192260742,220700
2011-03-30,43.38999938964844,44.2599983215332,43.04999923706055,44.06999969482422,36.226478576660156,177700
2011-03-31,43.90999984741211,44.040000915527344,43.63999938964844,43.810001373291016,36.01274871826172,252800
2011-04-01,44.09000015258789,44.09000015258789,43.56999969482422,43.59000015258789,35.8318977355957,166800
2011-04-04,43.650001525878906,43.650001525878906,42.650001525878906,42.70000076293945,35.100311279296875,143300
2011-04-05,42.72999954223633,43.22999954223633,42.70000076293945,43.02000045776367,35.36335754394531,203800
2011-04-06,43.22999954223633,43.31999969482422,42.4900016784668,43.20000076293945,35.511314392089844,91300
2011-04-07,43.29999923706055,43.29999923706055,42.720001220703125,42.72999954223633,35.124961853027344,96200
2011-04-08,42.959999084472656,42.959999084472656,41.4900016784668,41.869998931884766,34.41802215576172,348400
2011-04-11,41.79999923706055,42.7400016784668,41.7599983215332,42.630001068115234,35.042762756347656,101500
2011-04-12,42.27000045776367,44.25,42.27000045776367,42.939998626708984,35.2975959777832,188400
2011-04-13,43.150001525878906,43.150001525878906,42.060001373291016,42.29999923706055,34.7714958190918,95900
2011-04-14,42.13999938964844,42.88999938964844,40.189998626708984,40.4900016784668,33.283634185791016,441500
2011-04-15,40.290000915527344,41.0099983215332,38.95000076293945,40.84000015258789,33.571346282958984,463100
2011-04-18,40.61000061035156,41.630001068115234,40.5099983215332,40.599998474121094,33.374053955078125,172400
2011-04-19,40.61000061035156,41.040000915527344,40.060001373291016,40.79999923706055,33.53846740722656,109800
2011-04-20,41.209999084472656,41.40999984741211,40.810001373291016,41.06999969482422,33.76041030883789,98800
2011-04-21,41.290000915527344,41.369998931884766,40.880001068115234,41.13999938964844,33.81795120239258,78000
2011-04-25,41.040000915527344,41.4900016784668,40.810001373291016,41.349998474121094,33.9905891418457,103400
2011-04-26,41.5099983215332,42.70000076293945,41.27000045776367,42.25,34.73039245605469,101600
2011-04-27,42.220001220703125,43.16999816894531,42.18000030517578,43.16999816894531,35.48664855957031,163400
2011-04-28,43.33000183105469,43.33000183105469,42.38999938964844,43.09000015258789,35.42089080810547,111500
2011-04-29,43.13999938964844,45.61000061035156,42.02000045776367,44.869998931884766,36.884090423583984,345000
2011-05-02,44.9900016784668,45.34000015258789,44.40999984741211,44.58000183105469,36.64570999145508,155600
2011-05-03,44.540000915527344,45.029998779296875,43.84000015258789,44.97999954223633,36.974517822265625,105700
2011-05-04,45.029998779296875,45.5,44.34000015258789,44.970001220703125,36.96629333496094,83000
2011-05-05,45.04999923706055,47.41999816894531,44.720001220703125,46.68000030517578,38.371952056884766,278600
2011-05-06,47.13999938964844,47.349998474121094,46.029998779296875,46.40999984741211,38.15000534057617,113000
2011-05-09,46.290000915527344,46.290000915527344,44.04999923706055,44.83000183105469,36.85121154785156,231700
2011-05-10,45.04999923706055,45.84000015258789,44.849998474121094,45.65999984741211,37.53348159790039,72400
2011-05-11,45.380001068115234,46.189998626708984,45.380001068115234,45.83000183105469,37.67323303222656,116500
2011-05-12,45.75,46.029998779296875,45.380001068115234,45.93000030517578,37.75543975830078,90600
2011-05-13,46.0,46.0,45.130001068115234,45.2400016784668,37.18824005126953,59800
2011-05-16,45.040000915527344,46.08000183105469,45.029998779296875,45.56999969482422,37.459503173828125,124000
2011-05-17,45.25,46.47999954223633,45.25,46.45000076293945,38.182891845703125,175900
2011-05-18,46.45000076293945,46.88999938964844,45.95000076293945,46.790000915527344,38.46237564086914,101400
2011-05-19,47.189998626708984,47.97999954223633,46.720001220703125,46.9900016784668,38.62677764892578,182400
2011-05-20,46.72999954223633,46.72999954223633,45.959999084472656,46.220001220703125,37.99381637573242,88300
2011-05-23,45.540000915527344,47.33000183105469,45.34000015258789,46.900001525878906,38.55278015136719,213000
2011-05-24,47.13999938964844,47.45000076293945,46.33000183105469,46.84000015258789,38.50347137451172,153000
2011-05-25,46.54999923706055,46.880001068115234,45.189998626708984,45.52000045776367,37.41841506958008,291600
2011-05-26,45.38999938964844,46.13999938964844,45.09000015258789,46.060001373291016,37.8623046875,89800
2011-05-27,46.15999984741211,46.54999923706055,45.90999984741211,46.130001068115234,37.919837951660156,97400
2011-05-31,46.33000183105469,46.33000183105469,45.150001525878906,45.61000061035156,37.49238204956055,287500
2011-06-01,45.560001373291016,46.099998474121094,43.5,43.5099983215332,35.76614761352539,324400
2011-06-02,43.599998474121094,43.810001373291016,42.7400016784668,42.9900016784668,35.33870315551758,265800
2011-06-03,42.70000076293945,43.54999923706055,42.70000076293945,42.97999954223633,35.330467224121094,143500
2011-06-06,42.86000061035156,43.02000045776367,42.119998931884766,42.31999969482422,34.78792190551758,104600
2011-06-07,42.70000076293945,42.810001373291016,42.189998626708984,42.56999969482422,34.99344253540039,162300
2011-06-08,42.459999084472656,44.060001373291016,42.459999084472656,42.650001525878906,35.05921173095703,200600
2011-06-09,42.720001220703125,43.34000015258789,42.5,42.5099983215332,34.94411849975586,115300
2011-06-10,42.47999954223633,43.18000030517578,42.439998626708984,42.599998474121094,35.01810836791992,161600
2011-06-13,42.66999816894531,43.529998779296875,42.66999816894531,42.88999938964844,35.256492614746094,101700
2011-06-14,43.189998626708984,44.439998626708984,42.970001220703125,43.83000183105469,36.0291862487793,115200
2011-06-15,43.43000030517578,43.65999984741211,42.810001373291016,43.619998931884766,35.85655975341797,116900
2011-06-16,43.56999969482422,44.36000061035156,42.900001525878906,43.560001373291016,35.807254791259766,116100
2011-06-17,43.90999984741211,44.29999923706055,43.849998474121094,43.93000030517578,36.111392974853516,185200
2011-06-20,43.900001525878906,45.54999923706055,43.900001525878906,45.0,36.99094772338867,112600
2011-06-21,45.31999969482422,45.689998626708984,44.599998474121094,44.939998626708984,36.9416389465332,137900
2011-06-22,44.68000030517578,45.040000915527344,44.18000030517578,44.459999084472656,36.547061920166016,134300
2011-06-23,44.33000183105469,45.369998931884766,43.84000015258789,45.130001068115234,37.09782028198242,273000
2011-06-24,45.779998779296875,46.91999816894531,45.310001373291016,46.66999816894531,38.363731384277344,458700
2011-06-27,46.939998626708984,48.369998931884766,46.380001068115234,48.34000015258789,39.73650360107422,321000
2011-06-28,48.77000045776367,49.5099983215332,48.15999984741211,49.5099983215332,40.698272705078125,272900
2011-06-29,49.529998779296875,50.290000915527344,49.36000061035156,49.4900016784668,40.68183135986328,644700
2011-06-30,49.5099983215332,49.86000061035156,49.45000076293945,49.5,40.690059661865234,156000
2011-07-01,49.619998931884766,49.88999938964844,49.59000015258789,49.779998779296875,40.920204162597656,109000
2011-07-05,49.709999084472656,49.93000030517578,49.029998779296875,49.5,40.690059661865234,293200
2011-07-06,49.25,49.66999816894531,48.619998931884766,49.06999969482422,40.33658218383789,130600
2011-07-07,49.27000045776367,49.34000015258789,46.88999938964844,48.70000076293945,40.03242492675781,145200
2011-07-08,48.15999984741211,49.70000076293945,47.970001220703125,48.5099983215332,39.87624740600586,175900
2011-07-11,48.29999923706055,48.66999816894531,47.939998626708984,48.08000183105469,39.522769927978516,92600
2011-07-12,48.13999938964844,48.380001068115234,47.220001220703125,47.540000915527344,39.078887939453125,141900
2011-07-13,47.5,48.380001068115234,46.970001220703125,47.0,38.63500213623047,208600
2011-07-14,47.0099983215332,47.720001220703125,45.900001525878906,46.060001373291016,37.8623046875,137700
2011-07-15,46.13999938964844,46.59000015258789,45.0099983215332,46.099998474121094,37.89518356323242,210100
2011-07-18,43.310001373291016,44.43000030517578,43.310001373291016,44.18000030517578,36.3169059753418,229200
2011-07-19,44.29999923706055,46.02000045776367,44.029998779296875,45.95000076293945,37.771873474121094,251500
2011-07-20,46.08000183105469,46.79999923706055,44.93000030517578,44.9900016784668,36.982730865478516,84500
2011-07-21,45.08000183105469,45.7400016784668,44.650001525878906,45.2400016784668,37.18824005126953,67800
2011-07-22,45.310001373291016,45.529998779296875,44.20000076293945,44.47999954223633,36.563499450683594,89200
2011-07-25,44.11000061035156,44.16999816894531,43.099998474121094,43.150001525878906,35.47021484375,198400
2011-07-26,43.2400016784668,44.22999954223633,43.029998779296875,43.40999984741211,35.68394088745117,84200
2011-07-27,43.25,43.47999954223633,42.709999084472656,43.0099983215332,35.355125427246094,143200
2011-07-28,42.91999816894531,43.31999969482422,42.45000076293945,42.459999084472656,34.903011322021484,125000
2011-07-29,42.06999969482422,43.150001525878906,41.54999923706055,43.029998779296875,35.37157440185547,122300
2011-08-01,43.31999969482422,43.31999969482422,41.7400016784668,42.130001068115234,34.63175964355469,315200
2011-08-02,41.619998931884766,42.70000076293945,40.5,40.63999938964844,33.40694046020508,300000
2011-08-03,40.59000015258789,41.66999816894531,40.310001373291016,41.59000015258789,34.187862396240234,190000
2011-08-04,41.25,42.25,40.599998474121094,41.310001373291016,33.95769119262695,385700
2011-08-05,41.65999984741211,43.529998779296875,40.58000183105469,43.0,35.34691619873047,325500
2011-08-08,41.959999084472656,42.90999984741211,41.130001068115234,41.5,34.1138801574707,351500
2011-08-09,42.150001525878906,45.52000045776367,41.459999084472656,45.349998474121094,37.27865982055664,348200
2011-08-10,44.18000030517578,45.29999923706055,42.56999969482422,43.5,35.75792694091797,559300
2011-08-11,43.709999084472656,44.56999969482422,43.2400016784668,44.150001525878906,36.292236328125,238600
2011-08-12,44.29999923706055,45.779998779296875,43.75,44.630001068115234,36.68680953979492,196600
2011-08-15,44.7400016784668,45.97999954223633,44.290000915527344,45.119998931884766,37.0895881652832,158600
2011-08-16,44.599998474121094,45.68000030517578,43.9900016784668,44.41999816894531,36.514190673828125,248700
2011-08-17,44.43000030517578,44.93000030517578,44.04999923706055,44.880001068115234,36.89230728149414,112900
2011-08-18,43.91999816894531,43.91999816894531,43.08000183105469,43.689998626708984,35.91410446166992,302900
2011-08-19,42.97999954223633,44.81999969482422,42.63999938964844,43.7599983215332,35.97165298461914,234900
2011-08-22,44.310001373291016,44.7599983215332,43.189998626708984,43.43000030517578,35.700382232666016,276800
2011-08-23,43.439998626708984,45.52000045776367,42.79999923706055,45.45000076293945,37.36085891723633,147600
2011-08-24,45.380001068115234,45.869998931884766,44.33000183105469,45.029998779296875,37.015625,129300
2011-08-25,45.18000030517578,45.25,44.15999984741211,44.5,36.579952239990234,138400
2011-08-26,44.130001068115234,45.38999938964844,43.79999923706055,45.06999969482422,37.04850387573242,68800
2011-08-29,45.52000045776367,47.54999923706055,45.04999923706055,47.52000045776367,39.06244659423828,84100
2011-08-30,47.349998474121094,48.11000061035156,46.560001373291016,46.81999969482422,38.48703384399414,96200
2011-08-31,47.06999969482422,48.13999938964844,46.47999954223633,46.95000076293945,38.593894958496094,92300
2011-09-01,46.959999084472656,47.0,45.470001220703125,45.7599983215332,37.61569595336914,163200
2011-09-02,45.2599983215332,46.16999816894531,44.95000076293945,45.31999969482422,37.25400924682617,107600
2011-09-06,44.45000076293945,45.33000183105469,44.38999938964844,45.18000030517578,37.13892364501953,151800
2011-09-07,45.68000030517578,47.040000915527344,45.29999923706055,46.9900016784668,38.62677764892578,108300
2011-09-08,46.70000076293945,46.95000076293945,45.41999816894531,45.529998779296875,37.42662048339844,50300
2011-09-09,45.2599983215332,46.310001373291016,44.689998626708984,45.11000061035156,37.081382751464844,162100
2011-09-12,44.5,45.59000015258789,44.5,45.36000061035156,37.2868766784668,44500
2011-09-13,45.54999923706055,47.970001220703125,45.43000030517578,47.459999084472656,39.01312255859375,122800
2011-09-14,47.91999816894531,48.63999938964844,46.86000061035156,46.869998931884766,38.528133392333984,328800
2011-09-15,47.25,47.43000030517578,46.0,46.63999938964844,38.33906936645508,151500
2011-09-16,46.9900016784668,47.52000045776367,46.52000045776367,46.970001220703125,38.61032485961914,131500
2011-09-19,46.56999969482422,47.88999938964844,46.18000030517578,47.060001373291016,38.684326171875,149200
2011-09-20,47.2400016784668,48.11000061035156,45.810001373291016,45.849998474121094,37.68965530395508,88900
2011-09-21,46.02000045776367,47.439998626708984,45.0,45.040000915527344,37.02383041381836,93200
2011-09-22,43.939998626708984,46.06999969482422,43.900001525878906,45.18000030517578,37.13892364501953,226800
2011-09-23,45.20000076293945,47.400001525878906,45.06999969482422,47.27000045776367,38.85694885253906,146000
2011-09-26,47.68000030517578,48.310001373291016,47.369998931884766,47.869998931884766,39.35014724731445,177500
2011-09-27,48.599998474121094,49.189998626708984,46.97999954223633,47.630001068115234,39.152870178222656,212400
2011-09-28,47.65999984741211,47.65999984741211,46.0,46.459999084472656,38.19109344482422,167200
2011-09-29,47.2599983215332,48.0099983215332,46.56999969482422,47.689998626708984,39.20219039916992,110800
2011-09-30,47.16999816894531,47.70000076293945,46.81999969482422,47.130001068115234,38.741859436035156,110300
2011-10-03,47.130001068115234,48.33000183105469,45.45000076293945,45.45000076293945,37.36085891723633,226000
2011-10-04,45.25,47.599998474121094,45.25,47.529998779296875,39.07065963745117,197600
2011-10-05,47.720001220703125,48.02000045776367,47.150001525878906,47.58000183105469,39.11177444458008,111500
2011-10-06,47.77000045776367,49.029998779296875,47.77000045776367,48.689998626708984,40.024208068847656,178100
2011-10-07,49.18000030517578,49.880001068115234,47.18000030517578,47.279998779296875,38.86516571044922,230500
2011-10-10,48.34000015258789,48.939998626708984,48.119998931884766,48.93000030517578,40.22149658203125,76400
2011-10-11,48.939998626708984,49.54999923706055,48.529998779296875,49.45000076293945,40.648948669433594,217100
2011-10-12,49.599998474121094,49.88999938964844,49.099998474121094,49.599998474121094,40.77225875854492,96500
2011-10-13,49.47999954223633,50.189998626708984,49.11000061035156,49.689998626708984,40.84623718261719,166200
2011-10-14,50.06999969482422,50.4900016784668,49.04999923706055,50.369998931884766,41.40519714355469,113100
2011-10-17,50.0,50.939998626708984,49.43000030517578,49.70000076293945,40.85444641113281,149300
2011-10-18,50.68000030517578,50.939998626708984,49.4900016784668,50.459999084472656,41.47919464111328,124900
2011-10-19,50.52000045776367,50.560001373291016,49.459999084472656,49.619998931884766,40.78870391845703,199200
2011-10-20,49.619998931884766,50.4900016784668,49.099998474121094,50.400001525878906,41.429874420166016,149400
2011-10-21,50.93000030517578,51.06999969482422,49.0099983215332,50.20000076293945,41.265480041503906,157500
2011-10-24,50.2400016784668,52.52000045776367,50.2400016784668,52.25,42.95060729980469,187400
2011-10-25,51.7599983215332,52.61000061035156,50.7599983215332,51.86000061035156,42.630027770996094,130900
2011-10-26,52.400001525878906,53.04999923706055,51.5,52.619998931884766,43.25475311279297,196800
2011-10-27,55.189998626708984,55.189998626708984,51.599998474121094,52.470001220703125,43.13146209716797,185700
2011-10-28,52.47999954223633,53.119998931884766,51.959999084472656,52.689998626708984,43.31229782104492,97600
2011-10-31,52.13999938964844,52.61000061035156,51.58000183105469,51.959999084472656,42.71222686767578,71800
2011-11-01,50.619998931884766,52.380001068115234,50.459999084472656,51.4900016784668,42.32586669921875,123300
2011-11-02,52.2599983215332,53.08000183105469,52.02000045776367,52.52000045776367,43.17254638671875,89700
2011-11-03,52.7599983215332,53.849998474121094,52.029998779296875,53.810001373291016,44.23295593261719,105100
2011-11-04,53.189998626708984,53.68000030517578,52.43000030517578,53.25,43.77262878417969,81900
2011-11-07,53.220001220703125,53.220001220703125,51.439998626708984,52.2400016784668,42.94239807128906,86200
2011-11-08,52.630001068115234,52.779998779296875,50.79999923706055,52.369998931884766,43.04924774169922,85100
2011-11-09,51.290000915527344,52.060001373291016,50.040000915527344,50.459999084472656,41.47919464111328,122200
2011-11-10,51.02000045776367,51.279998779296875,49.849998474121094,50.58000183105469,41.57782745361328,67800
2011-11-11,51.619998931884766,53.2599983215332,51.619998931884766,52.529998779296875,43.180782318115234,178500
2011-11-14,52.619998931884766,54.0,51.689998626708984,51.86000061035156,42.630027770996094,150300
2011-11-15,51.7599983215332,52.11000061035156,51.0,51.380001068115234,42.23545455932617,126400
2011-11-16,50.95000076293945,51.40999984741211,50.22999954223633,50.25,41.30656051635742,87200
2011-11-17,50.29999923706055,50.599998474121094,49.029998779296875,49.65999984741211,40.82157516479492,82900
2011-11-18,49.58000183105469,50.70000076293945,49.58000183105469,50.599998474121094,41.594261169433594,95600
2011-11-21,49.83000183105469,50.459999084472656,49.0099983215332,49.97999954223633,41.08462142944336,69200
2011-11-22,49.86000061035156,49.970001220703125,49.060001373291016,49.119998931884766,40.37767791748047,48000
2011-11-23,48.709999084472656,49.029998779296875,47.650001525878906,47.720001220703125,39.22685623168945,68400
2011-11-25,47.540000915527344,48.2599983215332,47.459999084472656,47.91999816894531,39.391258239746094,52300
2011-11-28,49.130001068115234,49.380001068115234,48.22999954223633,48.810001373291016,40.122859954833984,69500
2011-11-29,48.68000030517578,50.310001373291016,48.68000030517578,49.810001373291016,40.94487380981445,59900
2011-11-30,51.31999969482422,52.119998931884766,50.720001220703125,52.08000183105469,42.81086730957031,133200
2011-12-01,52.13999938964844,53.540000915527344,51.83000183105469,51.849998474121094,42.62179946899414,122400
2011-12-02,52.470001220703125,52.470001220703125,51.06999969482422,51.619998931884766,42.432735443115234,51700
2011-12-05,52.40999984741211,52.790000915527344,51.560001373291016,51.90999984741211,42.671119689941406,80300
2011-12-06,51.90999984741211,52.900001525878906,51.560001373291016,52.31999969482422,43.008148193359375,56800
2011-12-07,51.93000030517578,53.22999954223633,51.93000030517578,52.91999816894531,43.50136184692383,89300
2011-12-08,52.369998931884766,52.369998931884766,51.150001525878906,51.33000183105469,42.1943473815918,181700
2011-12-09,51.61000061035156,52.0,50.75,51.790000915527344,42.57247543334961,168200
2011-12-12,51.349998474121094,52.16999816894531,50.790000915527344,51.7400016784668,42.53137969970703,97600
2011-12-13,52.150001525878906,52.709999084472656,50.43000030517578,50.650001525878906,41.6353874206543,66500
2011-12-14,50.540000915527344,51.81999969482422,50.540000915527344,51.52000045776367,42.35053253173828,116300
2011-12-15,52.279998779296875,53.58000183105469,51.790000915527344,53.38999938964844,43.887718200683594,123200
2011-12-16,53.650001525878906,54.79999923706055,53.470001220703125,54.7400016784668,44.9974479675293,174000
2011-12-19,54.650001525878906,54.93000030517578,53.619998931884766,54.060001373291016,44.43846893310547,127600
2011-12-20,54.959999084472656,55.150001525878906,54.38999938964844,54.7400016784668,44.9974479675293,145100
2011-12-21,55.02000045776367,55.22999954223633,54.41999816894531,55.060001373291016,45.26049041748047,61200
2011-12-22,55.27000045776367,55.36000061035156,54.31999969482422,54.939998626708984,45.16184616088867,84000
2011-12-23,55.18000030517578,55.18000030517578,53.68000030517578,54.65999984741211,44.931678771972656,36400
2011-12-27,54.66999816894531,54.7400016784668,53.65999984741211,54.34000015258789,44.66862487792969,33700
2011-12-28,54.290000915527344,54.290000915527344,53.56999969482422,53.650001525878906,44.10143280029297,58600
2011-12-29,53.650001525878906,54.70000076293945,53.56999969482422,54.220001220703125,44.56999588012695,64000
2011-12-30,54.18000030517578,54.34000015258789,52.90999984741211,53.34000015258789,43.84661102294922,182200
2012-01-03,54.40999984741211,54.90999984741211,53.0099983215332,53.25,43.77262878417969,99300
2012-01-04,53.099998474121094,54.20000076293945,52.4900016784668,53.959999084472656,44.356258392333984,79500
2012-01-05,53.86000061035156,54.36000061035156,52.95000076293945,54.11000061035156,44.47956848144531,56900
2012-01-06,53.959999084472656,55.099998474121094,53.959999084472656,54.43000030517578,44.742610931396484,92900
2012-01-09,54.5,54.849998474121094,53.72999954223633,54.0099983215332,44.39736557006836,63400
2012-01-10,53.77000045776367,54.18000030517578,53.060001373291016,53.27000045776367,43.789066314697266,107800
2012-01-11,53.279998779296875,53.7599983215332,52.79999923706055,53.5,43.97813034057617,60900
2012-01-12,53.400001525878906,53.400001525878906,52.599998474121094,53.060001373291016,43.616451263427734,54000
2012-01-13,52.4900016784668,53.11000061035156,52.4900016784668,53.0,43.56712341308594,68700
2012-01-17,53.040000915527344,53.33000183105469,52.40999984741211,52.58000183105469,43.22187042236328,56200
2012-01-18,52.599998474121094,53.02000045776367,51.560001373291016,52.720001220703125,43.336952209472656,76400
2012-01-19,52.81999969482422,54.08000183105469,52.61000061035156,53.790000915527344,44.21652603149414,215500
2012-01-20,53.81999969482422,54.88999938964844,53.81999969482422,53.95000076293945,44.34804153442383,68600
2012-01-23,54.08000183105469,54.08000183105469,52.290000915527344,52.86000061035156,43.45204162597656,55800
2012-01-24,52.59000015258789,53.9900016784668,52.59000015258789,53.93000030517578,44.33160400390625,87400
2012-01-25,54.11000061035156,55.380001068115234,54.11000061035156,54.63999938964844,44.915245056152344,206100
2012-01-26,55.0,55.34000015258789,54.54999923706055,54.93000030517578,45.153621673583984,68900
2012-01-27,54.880001068115234,55.849998474121094,54.7599983215332,54.970001220703125,45.18650817871094,128100
2012-01-30,54.58000183105469,55.689998626708984,54.58000183105469,54.939998626708984,45.16184616088867,71700
2012-01-31,55.209999084472656,55.25,54.36000061035156,54.970001220703125,45.18650817871094,98000
2012-02-01,55.099998474121094,56.41999816894531,55.099998474121094,56.27000045776367,46.255130767822266,172500
2012-02-02,56.65999984741211,56.65999984741211,54.54999923706055,55.4900016784668,45.613956451416016,126500
2012-02-03,56.150001525878906,57.7599983215332,55.70000076293945,56.75,46.64970016479492,216000
2012-02-06,55.619998931884766,55.630001068115234,53.38999938964844,55.150001525878906,45.33447265625,309500
2012-02-07,54.4900016784668,55.439998626708984,54.029998779296875,54.279998779296875,44.61931610107422,146000
2012-02-08,54.59000015258789,54.59000015258789,52.779998779296875,53.849998474121094,44.26584243774414,145000
2012-02-09,54.06999969482422,54.279998779296875,53.150001525878906,54.04999923706055,44.43024444580078,87900
2012-02-10,53.47999954223633,53.970001220703125,53.130001068115234,53.72999954223633,44.16719436645508,54600
2012-02-13,54.290000915527344,54.290000915527344,53.31999969482422,53.84000015258789,44.25761413574219,130100
2012-02-14,53.66999816894531,54.029998779296875,53.16999816894531,53.41999816894531,43.91237258911133,159200
2012-02-15,53.869998931884766,54.33000183105469,53.22999954223633,54.08000183105469,44.45490646362305,268200
2012-02-16,53.959999084472656,55.380001068115234,53.4900016784668,55.29999923706055,45.45777130126953,281600
2012-02-17,55.540000915527344,56.68000030517578,54.880001068115234,55.52000045776367,45.638607025146484,274700
2012-02-21,55.7400016784668,56.310001373291016,50.130001068115234,50.9900016784668,41.914859771728516,329500
2012-02-22,51.06999969482422,51.06999969482422,49.5099983215332,49.810001373291016,40.94487380981445,243000
2012-02-23,49.66999816894531,50.38999938964844,48.959999084472656,49.939998626708984,41.05174255371094,283400
2012-02-24,49.84000015258789,49.84000015258789,48.290000915527344,48.400001525878906,39.785823822021484,217200
2012-02-27,48.33000183105469,49.02000045776367,48.0,48.630001068115234,39.97488784790039,167900
2012-02-28,48.5,49.939998626708984,48.25,49.900001525878906,41.01885986328125,301800
2012-02-29,49.86000061035156,50.709999084472656,49.84000015258789,49.97999954223633,41.08462142944336,224800
2012-03-01,50.0099983215332,50.54999923706055,49.900001525878906,49.97999954223633,41.08462142944336,135800
2012-03-02,49.869998931884766,50.16999816894531,48.970001220703125,49.11000061035156,40.36946487426758,82400
2012-03-05,48.900001525878906,48.900001525878906,47.31999969482422,48.5,39.8680305480957,116600
2012-03-06,47.959999084472656,48.79999923706055,47.36000061035156,48.529998779296875,39.8926887512207,164600
2012-03-07,48.45000076293945,48.45000076293945,47.619998931884766,48.04999923706055,39.49811553955078,97700
2012-03-08,48.150001525878906,49.150001525878906,47.86000061035156,48.970001220703125,40.25437545776367,106900
2012-03-09,48.90999984741211,49.900001525878906,48.59000015258789,49.7400016784668,40.8873405456543,177200
2012-03-12,49.459999084472656,49.91999816894531,48.77000045776367,49.63999938964844,40.80512237548828,157800
2012-03-13,49.81999969482422,50.59000015258789,49.75,50.38999938964844,41.42164993286133,171300
2012-03-14,50.279998779296875,50.88999938964844,50.220001220703125,50.40999984741211,41.43808364868164,107300
2012-03-15,50.61000061035156,51.90999984741211,50.16999816894531,51.560001373291016,42.383419036865234,123100
2012-03-16,51.79999923706055,51.79999923706055,50.34000015258789,50.70000076293945,41.67647171020508,169800
2012-03-19,50.560001373291016,51.54999923706055,50.290000915527344,51.20000076293945,42.08749008178711,109400
2012-03-20,50.75,51.689998626708984,50.75,51.34000015258789,42.20256805419922,99900
2012-03-21,51.380001068115234,51.7599983215332,51.15999984741211,51.5099983215332,42.34231185913086,90600
2012-03-22,51.11000061035156,51.93000030517578,51.11000061035156,51.88999938964844,42.65468215942383,112300
2012-03-23,51.9900016784668,52.119998931884766,51.290000915527344,51.790000915527344,42.57247543334961,53800
2012-03-26,52.02000045776367,54.45000076293945,51.810001373291016,54.45000076293945,44.75904846191406,146200
2012-03-27,54.36000061035156,54.849998474121094,53.470001220703125,53.869998931884766,44.28227996826172,154200
2012-03-28,54.0099983215332,55.470001220703125,54.0099983215332,55.16999816894531,45.35091018676758,132200
2012-03-29,54.779998779296875,55.560001373291016,54.2599983215332,55.36000061035156,45.50709915161133,53700
2012-03-30,55.68000030517578,55.68000030517578,54.5,54.5,44.80015563964844,108100
2012-04-02,54.470001220703125,55.16999816894531,54.20000076293945,55.06999969482422,45.26870346069336,105900
2012-04-03,54.95000076293945,57.11000061035156,54.7400016784668,57.02000045776367,46.87165451049805,154300
2012-04-04,57.790000915527344,60.439998626708984,57.0,60.33000183105469,49.59253692626953,337500
2012-04-05,59.90999984741211,61.209999084472656,59.31999969482422,59.43000030517578,48.85272979736328,288500
2012-04-09,58.41999816894531,59.33000183105469,58.04999923706055,58.130001068115234,47.78410339355469,160400
2012-04-10,58.29999923706055,60.0099983215332,56.88999938964844,56.9900016784668,46.84698486328125,188700
2012-04-11,57.58000183105469,57.7599983215332,56.90999984741211,56.95000076293945,46.814109802246094,154700
2012-04-12,57.27000045776367,60.209999084472656,57.27000045776367,58.97999954223633,48.482818603515625,175400
2012-04-13,58.81999969482422,59.9900016784668,57.93000030517578,58.689998626708984,48.244422912597656,85000
2012-04-16,58.70000076293945,59.459999084472656,58.150001525878906,58.83000183105469,48.3595085144043,131000
2012-04-17,58.959999084472656,60.02000045776367,58.959999084472656,59.36000061035156,48.79519271850586,136000
2012-04-18,59.36000061035156,61.20000076293945,59.349998474121094,60.08000183105469,49.38703536987305,253700
2012-04-19,60.22999954223633,60.22999954223633,59.13999938964844,59.790000915527344,49.148658752441406,168600
2012-04-20,60.45000076293945,60.45000076293945,58.130001068115234,59.150001525878906,48.62256622314453,170300
2012-04-23,58.439998626708984,59.310001373291016,57.75,57.90999984741211,47.60324478149414,167200
2012-04-24,58.11000061035156,59.88999938964844,58.060001373291016,59.58000183105469,48.97602081298828,203200
2012-04-25,60.400001525878906,61.0,59.08000183105469,59.7400016784668,49.107547760009766,120000
2012-04-26,60.560001373291016,63.59000015258789,58.619998931884766,58.84000015258789,48.367733001708984,169900
2012-04-27,58.900001525878906,60.20000076293945,58.810001373291016,60.029998779296875,49.34593963623047,128000
2012-04-30,60.13999938964844,60.13999938964844,58.720001220703125,58.7599983215332,48.30195999145508,128400
2012-05-01,59.029998779296875,60.459999084472656,59.029998779296875,60.029998779296875,49.34593963623047,152000
2012-05-02,59.970001220703125,62.25,59.849998474121094,61.90999984741211,50.89133071899414,181000
2012-05-03,61.79999923706055,64.5,61.7400016784668,63.5099983215332,52.206565856933594,283600
2012-05-04,63.400001525878906,64.12999725341797,62.45000076293945,62.70000076293945,51.54072570800781,218800
2012-05-07,62.45000076293945,64.3499984741211,62.45000076293945,63.45000076293945,52.15724182128906,218500
2012-05-08,63.02000045776367,64.13999938964844,61.90999984741211,63.97999954223633,52.59291076660156,282000
2012-05-09,63.459999084472656,64.41999816894531,62.70000076293945,63.310001373291016,52.04216003417969,169800
2012-05-10,63.86000061035156,64.13999938964844,63.18000030517578,63.5,52.19834518432617,172000
2012-05-11,63.279998779296875,64.05000305175781,63.15999984741211,64.0,52.60935592651367,100200
2012-05-14,63.66999816894531,64.16999816894531,63.66999816894531,63.869998931884766,52.502498626708984,212000
2012-05-15,63.75,64.72000122070312,63.75,64.23999786376953,52.806640625,124700
2012-05-16,64.29000091552734,65.05000305175781,63.86000061035156,64.19000244140625,52.76554489135742,101000
2012-05-17,64.16000366210938,64.16000366210938,62.02000045776367,62.060001373291016,51.01464080810547,98300
2012-05-18,61.9900016784668,62.88999938964844,61.15999984741211,62.310001373291016,51.22013854980469,167000
2012-05-21,62.209999084472656,63.13999938964844,61.779998779296875,62.65999984741211,51.507850646972656,150600
2012-05-22,62.5099983215332,62.97999954223633,61.880001068115234,62.349998474121094,51.253013610839844,125500
2012-05-23,61.95000076293945,63.11000061035156,61.31999969482422,62.9900016784668,51.779117584228516,166000
2012-05-24,62.66999816894531,64.52999877929688,62.2400016784668,64.25,52.81486892700195,148000
2012-05-25,64.0999984741211,64.61000061035156,63.25,64.04000091552734,52.64223861694336,232900
2012-05-29,64.20999908447266,64.54000091552734,63.790000915527344,63.900001525878906,52.527164459228516,124300
2012-05-30,63.4900016784668,64.5,63.0,63.900001525878906,52.527164459228516,206600
2012-05-31,64.33999633789062,65.13999938964844,64.29000091552734,64.8499984741211,53.30807876586914,230000
2012-06-01,64.20999908447266,65.0,63.66999816894531,64.0,52.60935592651367,138900
2012-06-04,64.33999633789062,64.87999725341797,62.15999984741211,62.2599983215332,51.179046630859375,260200
2012-06-05,62.2400016784668,62.900001525878906,61.7599983215332,62.41999816894531,51.31055450439453,267000
2012-06-06,62.540000915527344,64.05999755859375,62.349998474121094,63.459999084472656,52.165470123291016,137800
2012-06-07,64.29000091552734,64.6500015258789,63.2599983215332,63.33000183105469,52.05860900878906,155900
2012-06-08,64.33000183105469,66.16000366210938,64.25,65.69999694824219,54.00679016113281,291400
2012-06-11,66.47000122070312,67.31999969482422,64.9000015258789,65.04000091552734,53.46426010131836,128800
2012-06-12,65.56999969482422,66.29000091552734,64.70999908447266,65.73999786376953,54.0396728515625,149700
2012-06-13,65.91000366210938,67.31999969482422,65.83000183105469,67.16000366210938,55.20695114135742,200400
2012-06-14,67.41999816894531,68.29000091552734,66.16000366210938,66.5,54.66441345214844,178800
2012-06-15,66.5,67.3499984741211,65.25,65.30000305175781,53.6779899597168,151700
2012-06-18,65.12000274658203,67.18000030517578,64.4000015258789,67.0,55.07542419433594,110100
2012-06-19,67.01000213623047,68.83000183105469,67.01000213623047,68.69999694824219,56.47285842895508,129600
2012-06-20,69.29000091552734,71.0,69.0,70.44999694824219,57.911399841308594,249100
2012-06-21,70.6500015258789,70.93000030517578,69.3499984741211,69.66999816894531,57.27021789550781,90700
2012-06-22,70.26000213623047,71.41999816894531,70.04000091552734,70.11000061035156,57.63191223144531,194000
2012-06-25,69.73999786376953,70.30999755859375,68.88999938964844,69.0,56.71945571899414,110200
2012-06-26,69.2300033569336,71.0999984741211,68.98999786376953,70.43000030517578,57.89495086669922,132900
2012-06-27,70.91999816894531,70.91999816894531,68.94000244140625,69.29000091552734,56.95785140991211,138700
2012-06-28,68.76000213623047,69.63999938964844,67.55000305175781,68.94000244140625,56.67015075683594,106100
2012-06-29,69.94999694824219,70.20999908447266,68.6500015258789,69.68000030517578,57.27842712402344,95600
2012-07-02,70.0,72.01000213623047,69.36000061035156,71.87999725341797,59.08686447143555,197300
2012-07-03,72.08999633789062,72.41000366210938,69.66000366210938,69.94999694824219,57.500389099121094,71900
2012-07-05,69.5,69.87000274658203,68.0,68.76000213623047,56.52218246459961,139900
2012-07-06,68.55000305175781,70.12999725341797,68.55000305175781,69.98999786376953,57.53325271606445,80400
2012-07-09,69.81999969482422,70.79000091552734,69.81999969482422,70.66000366210938,58.08399963378906,157300
2012-07-10,69.94000244140625,72.25,69.83999633789062,70.44000244140625,57.90318298339844,193500
2012-07-11,71.69999694824219,75.93000030517578,71.69999694824219,72.04000091552734,59.21840286254883,364900
2012-07-12,71.88999938964844,72.18000030517578,69.75,71.2300033569336,58.552581787109375,187100
2012-07-13,71.69999694824219,73.1500015258789,71.69999694824219,72.98999786376953,59.999305725097656,114600
2012-07-16,73.12000274658203,73.9000015258789,73.02999877929688,73.66000366210938,60.55009078979492,159200
2012-07-17,74.0,74.69999694824219,73.18000030517578,74.0,60.82956314086914,127500
2012-07-18,74.12000274658203,74.91999816894531,73.66999816894531,73.83999633789062,60.69803237915039,82700
2012-07-19,74.08000183105469,74.61000061035156,70.23999786376953,71.81999969482422,59.03757095336914,184800
2012-07-20,71.44999694824219,71.44999694824219,69.72000122070312,69.87000274658203,57.43463897705078,95400
2012-07-23,69.16999816894531,70.0999984741211,68.22000122070312,69.7699966430664,57.3524055480957,113900
2012-07-24,70.22000122070312,70.87999725341797,67.80000305175781,68.4000015258789,56.22624588012695,100600
2012-07-25,68.69000244140625,69.94000244140625,67.7699966430664,68.22000122070312,56.07828140258789,68000
2012-07-26,68.73999786376953,69.33999633789062,67.7699966430664,69.19999694824219,56.88386535644531,66700
2012-07-27,69.2699966430664,70.47000122070312,68.93000030517578,69.93000030517578,57.48394012451172,94700
2012-07-30,69.70999908447266,70.5199966430664,68.79000091552734,69.37999725341797,57.031829833984375,177300
2012-07-31,69.43000030517578,71.6500015258789,68.83999633789062,71.05999755859375,58.41280746459961,137600
2012-08-01,69.1500015258789,70.62000274658203,66.2699966430664,66.5,54.66441345214844,286200
2012-08-02,66.69000244140625,70.37999725341797,64.31999969482422,68.91999816894531,56.653709411621094,266500
2012-08-03,69.47000122070312,69.7300033569336,68.36000061035156,68.80000305175781,56.55506896972656,132000
2012-08-06,69.0,70.05000305175781,68.55000305175781,69.06999969482422,56.777008056640625,107100
2012-08-07,69.23999786376953,69.69000244140625,67.58000183105469,68.95999908447266,56.68659210205078,138800
2012-08-08,69.01000213623047,70.52999877929688,68.68000030517578,70.08000183105469,57.60725784301758,138800
2012-08-09,69.69000244140625,70.45999908447266,65.91999816894531,66.9800033569336,55.058990478515625,221100
2012-08-10,67.08000183105469,67.12999725341797,66.0999984741211,66.79000091552734,54.90279769897461,231000
2012-08-13,66.44999694824219,68.08999633789062,66.19000244140625,67.9000015258789,55.815242767333984,99200
2012-08-14,68.44000244140625,68.9800033569336,66.93000030517578,67.23999786376953,55.272701263427734,164300
2012-08-15,66.98999786376953,68.1500015258789,66.98999786376953,67.77999877929688,55.71659851074219,89200
2012-08-16,67.58999633789062,68.18000030517578,66.45999908447266,67.83000183105469,55.7577018737793,163200
2012-08-17,67.70999908447266,69.61000061035156,67.44000244140625,68.93000030517578,56.66193771362305,85400
2012-08-20,68.9800033569336,70.95999908447266,68.7699966430664,70.01000213623047,57.549705505371094,78800
2012-08-21,70.0999984741211,70.98999786376953,67.7699966430664,68.7300033569336,56.49750900268555,176500
2012-08-22,68.3499984741211,69.33000183105469,67.70999908447266,67.87000274658203,55.790592193603516,105500
2012-08-23,67.5999984741211,67.98999786376953,66.5999984741211,66.9000015258789,54.99322509765625,118200
2012-08-24,66.83000183105469,67.26000213623047,66.26000213623047,66.69000244140625,54.82060623168945,116400
2012-08-27,66.75,67.3499984741211,66.3499984741211,67.01000213623047,55.08364486694336,77700
2012-08-28,66.66000366210938,67.05000305175781,65.77999877929688,66.16999816894531,54.39313507080078,144600
2012-08-29,66.04000091552734,66.73999786376953,65.62000274658203,66.05000305175781,54.294498443603516,104800
2012-08-30,66.01000213623047,67.12999725341797,65.62999725341797,66.33000183105469,54.52467346191406,80900
2012-08-31,66.70999908447266,67.08999633789062,65.81999969482422,66.23999786376953,54.45066833496094,130400
2012-09-04,65.97000122070312,66.4800033569336,64.93000030517578,65.81999969482422,54.10542297363281,80500
2012-09-05,65.56999969482422,67.66000366210938,65.56999969482422,66.97000122070312,55.05076599121094,163200
2012-09-06,67.11000061035156,67.69999694824219,67.02999877929688,67.25,55.28093338012695,120200
2012-09-07,67.2699966430664,67.4800033569336,65.94000244140625,66.26000213623047,54.46712112426758,119700
2012-09-10,66.12999725341797,67.41000366210938,65.13999938964844,65.58999633789062,53.9163703918457,133300
2012-09-11,65.37000274658203,66.12999725341797,64.25,65.05000305175781,53.472476959228516,80500
2012-09-12,65.2699966430664,66.55000305175781,65.16000366210938,66.1500015258789,54.37670135498047,67900
2012-09-13,66.31999969482422,66.63999938964844,65.45999908447266,66.12999725341797,54.36026382446289,154100
2012-09-14,66.0,66.5999984741211,64.30999755859375,64.48999786376953,53.012142181396484,241700
2012-09-17,63.86000061035156,63.86000061035156,61.630001068115234,62.9900016784668,51.779117584228516,245100
2012-09-18,62.779998779296875,63.439998626708984,62.779998779296875,63.13999938964844,51.90241241455078,143300
2012-09-19,63.40999984741211,65.45999908447266,63.40999984741211,65.20999908447266,53.604000091552734,109100
2012-09-20,64.45999908447266,64.95999908447266,63.97999954223633,64.4000015258789,52.93815994262695,106300
2012-09-21,65.05000305175781,65.2300033569336,63.65999984741211,63.939998626708984,52.560035705566406,119700
2012-09-24,63.880001068115234,65.12999725341797,62.95000076293945,63.7599983215332,52.41206741333008,84800
2012-09-25,63.84000015258789,64.83999633789062,63.029998779296875,64.26000213623047,52.82307815551758,101600
2012-09-26,64.19000244140625,65.27999877929688,63.59000015258789,64.87999725341797,53.332733154296875,79200
2012-09-27,65.08000183105469,65.08000183105469,63.41999816894531,63.810001373291016,52.45317459106445,64500
2012-09-28,63.47999954223633,64.0199966430664,62.95000076293945,63.36000061035156,52.08327102661133,66900
2012-10-01,63.40999984741211,65.36000061035156,63.400001525878906,65.02999877929688,53.45603561401367,65600
2012-10-02,65.55000305175781,65.5999984741211,64.36000061035156,64.63999938964844,53.13544464111328,73000
2012-10-03,64.56999969482422,66.51000213623047,64.56999969482422,66.0199966430664,54.269832611083984,128400
2012-10-04,66.0,67.11000061035156,65.77999877929688,66.81999969482422,54.927459716796875,97200
2012-10-05,66.80999755859375,68.27999877929688,66.73999786376953,67.37999725341797,55.387794494628906,99500
2012-10-08,67.4000015258789,67.9800033569336,66.91999816894531,67.41000366210938,55.41245651245117,110000
2012-10-09,67.55000305175781,67.66999816894531,66.70999908447266,67.01000213623047,55.08364486694336,105500
2012-10-10,67.16000366210938,68.66000366210938,66.66000366210938,68.12000274658203,55.996070861816406,164900
2012-10-11,68.19999694824219,68.66999816894531,67.52999877929688,68.44999694824219,56.267356872558594,145700
2012-10-12,68.31999969482422,68.94000244140625,68.26000213623047,68.68000030517578,56.4564208984375,90400
2012-10-15,68.9000015258789,69.81999969482422,68.77999877929688,69.80999755859375,57.385284423828125,110800
2012-10-16,69.86000061035156,70.0,69.41999816894531,69.72000122070312,57.31132125854492,94100
2012-10-17,68.5,69.0999984741211,67.7699966430664,68.91000366210938,56.645484924316406,159400
2012-10-18,69.0,69.75,68.93000030517578,69.48999786376953,57.12225341796875,108900
2012-10-19,68.9800033569336,69.7300033569336,68.02999877929688,68.7699966430664,56.530418395996094,112600
2012-10-22,68.76000213623047,69.12000274658203,68.33000183105469,69.0,56.71945571899414,64200
2012-10-23,68.86000061035156,69.94000244140625,67.7699966430664,69.68000030517578,57.27842712402344,67300
2012-10-24,70.0,70.0,68.36000061035156,68.63999938964844,56.42353439331055,59700
2012-10-25,69.0199966430664,71.19999694824219,68.47000122070312,70.62000274658203,58.0511360168457,246400
2012-10-26,70.41000366210938,72.2300033569336,70.1500015258789,71.80000305175781,59.0211067199707,227900
2012-10-31,71.94999694824219,72.9800033569336,71.26000213623047,72.73999786376953,59.793827056884766,79000
2012-11-01,72.9000015258789,74.20999908447266,72.70999908447266,74.19999694824219,60.99397277832031,108800
2012-11-02,74.16000366210938,74.4000015258789,71.56999969482422,72.97000122070312,59.98289489746094,123600
2012-11-05,72.80000305175781,74.44999694824219,72.55000305175781,73.98999786376953,60.82133102416992,64200
2012-11-06,74.20999908447266,74.94999694824219,73.86000061035156,74.8499984741211,61.528282165527344,113500
2012-11-07,74.31999969482422,75.0,73.62000274658203,74.83999633789062,61.52005386352539,88700
2012-11-08,74.51000213623047,75.86000061035156,74.25,75.16000366210938,61.78310775756836,102200
2012-11-09,74.94999694824219,76.20999908447266,73.33999633789062,73.93000030517578,60.772029876708984,76300
2012-11-12,73.91000366210938,74.2699966430664,72.86000061035156,73.31999969482422,60.270599365234375,64600
2012-11-13,73.06999969482422,74.0,70.19000244140625,72.48999786376953,59.58831787109375,78400
2012-11-14,72.37000274658203,72.48999786376953,69.93000030517578,70.41000366210938,57.878517150878906,93200
2012-11-15,70.20999908447266,72.01000213623047,69.5,70.91000366210938,58.28951644897461,79000
2012-11-16,70.75,72.66999816894531,70.44000244140625,71.13999938964844,58.478572845458984,113800
2012-11-19,71.87999725341797,72.87000274658203,71.22000122070312,72.69000244140625,59.75271987915039,71100
2012-11-20,72.69000244140625,74.25,72.69000244140625,73.81999969482422,60.68161392211914,69700
2012-11-21,74.05999755859375,75.81999969482422,73.8499984741211,74.41000366210938,61.166603088378906,41300
2012-11-23,74.6500015258789,74.94999694824219,74.5,74.75,61.446083068847656,23100
2012-11-26,74.55000305175781,74.8499984741211,73.38999938964844,73.80000305175781,60.66518020629883,90200
2012-11-27,73.8499984741211,74.66999816894531,73.48999786376953,73.7300033569336,60.607635498046875,81700
2012-11-28,72.5,73.83999633789062,71.66000366210938,73.30999755859375,61.94264602661133,138000
2012-11-29,73.93000030517578,74.44999694824219,73.30000305175781,73.93000030517578,62.46649932861328,48400
2012-11-30,74.16999816894531,74.5,73.5,74.0199966430664,62.54252624511719,98900
2012-12-03,74.13999938964844,74.1500015258789,73.27999877929688,73.54000091552734,62.13698959350586,59700
2012-12-04,73.80000305175781,74.98999786376953,71.5199966430664,74.37999725341797,62.84670639038086,153700
2012-12-05,74.69000244140625,74.87999725341797,73.12999725341797,73.79000091552734,62.34821319580078,56700
2012-12-06,73.58999633789062,75.0,73.58999633789062,74.95999908447266,63.336788177490234,67100
2012-12-07,75.0,75.0,72.44000244140625,73.25,61.89192199707031,180400
2012-12-10,73.0,73.33000183105469,72.33999633789062,72.80000305175781,61.511714935302734,114500
2012-12-11,72.69000244140625,73.2300033569336,72.45999908447266,72.91999816894531,61.61310958862305,169400
2012-12-12,72.93000030517578,74.30999755859375,72.43000030517578,73.55999755859375,62.15386199951172,149700
2012-12-13,73.79000091552734,74.98999786376953,73.75,73.95999908447266,62.491844177246094,85900
2012-12-14,73.69999694824219,74.7300033569336,73.69999694824219,74.0199966430664,62.54252624511719,110600
2012-12-17,74.95999908447266,75.0,73.94000244140625,74.55000305175781,62.99034881591797,95900
2012-12-18,74.4000015258789,76.05999755859375,74.30000305175781,75.48999786376953,63.78461456298828,109500
2012-12-19,75.69000244140625,77.23999786376953,75.4000015258789,76.43000030517578,64.57884216308594,81700
2012-12-20,76.2300033569336,76.45999908447266,75.87999725341797,76.30999755859375,64.47745513916016,94400
2012-12-21,76.04000091552734,76.5999984741211,74.72000122070312,75.9000015258789,64.13103485107422,185300
2012-12-24,76.1500015258789,77.44999694824219,75.4000015258789,77.31999969482422,65.33085632324219,75200
2012-12-26,77.31999969482422,77.97000122070312,72.9000015258789,73.44999694824219,62.06093215942383,191600
2012-12-27,73.69000244140625,73.95999908447266,71.08999633789062,72.27999877929688,61.07235336303711,102300
2012-12-28,72.05000305175781,73.0,72.05000305175781,72.37000274658203,61.14836502075195,95800
2012-12-31,72.68000030517578,74.7699966430664,72.58000183105469,73.41000366210938,62.02711868286133,133000
2013-01-02,74.4800033569336,75.86000061035156,74.23999786376953,75.4800033569336,63.77617263793945,123100
2013-01-03,75.44000244140625,75.79000091552734,74.91000366210938,75.43000030517578,63.733909606933594,120300
2013-01-04,75.80000305175781,77.62999725341797,74.54000091552734,77.2300033569336,65.25479888916016,159000
2013-01-07,77.0999984741211,78.8499984741211,76.81999969482422,77.91000366210938,65.82936096191406,184400
2013-01-08,77.27999877929688,77.54000091552734,76.25,76.58999633789062,64.71402740478516,189500
2013-01-09,76.44000244140625,77.1500015258789,75.91999816894531,76.86000061035156,64.94216918945312,148300
2013-01-10,77.16999816894531,77.41000366210938,75.44000244140625,75.77999877929688,64.02963256835938,102200
2013-01-11,75.97000122070312,76.01000213623047,72.55999755859375,73.30999755859375,61.94264602661133,170800
2013-01-14,73.37000274658203,74.81999969482422,72.16999816894531,74.6500015258789,63.07484436035156,158200
2013-01-15,74.20999908447266,75.02999877929688,73.73999786376953,74.94000244140625,63.319889068603516,81500
2013-01-16,74.66999816894531,75.23999786376953,74.43000030517578,74.5199966430664,62.96501159667969,84000
2013-01-17,74.63999938964844,74.63999938964844,72.79000091552734,74.16000366210938,62.660831451416016,204200
2013-01-18,74.12000274658203,74.5999984741211,73.58999633789062,73.98999786376953,62.517181396484375,192300
2013-01-22,74.02999877929688,74.95999908447266,73.55000305175781,74.86000061035156,63.2523078918457,119000
2013-01-23,75.01000213623047,75.16999816894531,74.11000061035156,74.61000061035156,63.04104995727539,90300
2013-01-24,74.81999969482422,75.12999725341797,73.26000213623047,73.7699966430664,62.3313102722168,162200
2013-01-25,73.69999694824219,74.5,73.22000122070312,74.01000213623047,62.534088134765625,139100
2013-01-28,74.20999908447266,75.66000366210938,73.5999984741211,75.23999786376953,63.57335662841797,161000
2013-01-29,74.94000244140625,76.5,74.16999816894531,76.48999786376953,64.62955474853516,192200
2013-01-30,76.2300033569336,76.70999908447266,73.08999633789062,73.75,62.314422607421875,193900
2013-01-31,73.9000015258789,75.25,72.54000091552734,74.47000122070312,62.922767639160156,142300
2013-02-01,74.58000183105469,76.23999786376953,74.4000015258789,74.86000061035156,63.2523078918457,120000
2013-02-04,74.3499984741211,74.95999908447266,72.7300033569336,74.37999725341797,62.84670639038086,182200
2013-02-05,74.47000122070312,74.94000244140625,74.26000213623047,74.83000183105469,63.22693634033203,167100
2013-02-06,74.5,76.91000366210938,74.5,76.56999969482422,64.69711303710938,163400
2013-02-07,76.69000244140625,78.25,75.66000366210938,78.01000213623047,65.9138412475586,139700
2013-02-08,77.8499984741211,78.7300033569336,77.8499984741211,78.12000274658203,66.00678253173828,94100
2013-02-11,77.97000122070312,78.37000274658203,77.58999633789062,78.33999633789062,66.19267272949219,125000
2013-02-12,78.16999816894531,78.62999725341797,77.76000213623047,78.02999877929688,65.93074798583984,91800
2013-02-13,78.33000183105469,79.91000366210938,78.33000183105469,79.75,67.38407135009766,210600
2013-02-14,79.69999694824219,79.69999694824219,78.16000366210938,79.05999755859375,66.80104064941406,90400
2013-02-15,79.66999816894531,81.0,79.20999908447266,80.44000244140625,67.96707916259766,110400
2013-02-19,80.3499984741211,80.5,79.76000213623047,80.33999633789062,67.88257598876953,111000
2013-02-20,79.62999725341797,80.95999908447266,79.0,79.02999877929688,66.77568054199219,153400
2013-02-21,79.55999755859375,80.13999938964844,78.19999694824219,79.58000183105469,67.24040222167969,101300
2013-02-22,79.66000366210938,80.37000274658203,78.52999877929688,80.33999633789062,67.88257598876953,85300
2013-02-25,80.80000305175781,81.16000366210938,78.94999694824219,79.18000030517578,66.90241241455078,86100
2013-02-26,79.37000274658203,81.13999938964844,78.30000305175781,80.29000091552734,67.84031677246094,97700
2013-02-27,80.11000061035156,81.44999694824219,80.11000061035156,80.70999908447266,68.19518280029297,118500
2013-02-28,80.4000015258789,82.0,80.16999816894531,80.29000091552734,67.84031677246094,87000
2013-03-01,80.37000274658203,81.51000213623047,80.02999877929688,81.26000213623047,68.659912109375,205600
2013-03-04,81.25,83.27999877929688,81.25,83.16000366210938,70.26530456542969,221100
2013-03-05,83.23999786376953,85.19000244140625,83.23999786376953,84.81999969482422,71.66793823242188,127100
2013-03-06,85.25,85.33000183105469,83.69000244140625,83.91999816894531,70.9074478149414,96900
2013-03-07,83.72000122070312,84.76000213623047,83.58000183105469,84.43000030517578,71.33837127685547,77100
2013-03-08,84.5,85.7300033569336,84.5,85.23999786376953,72.02278137207031,104000
2013-03-11,84.70999908447266,85.69999694824219,84.70999908447266,85.33000183105469,72.09882354736328,47500
2013-03-12,84.94999694824219,86.0,84.41000366210938,84.76000213623047,71.61719512939453,29400
2013-03-13,84.54000091552734,86.33999633789062,84.54000091552734,85.69999694824219,72.41143798828125,89500
2013-03-14,86.01000213623047,87.4000015258789,85.11000061035156,86.7300033569336,73.28173828125,99800
2013-03-15,86.94000244140625,87.37999725341797,84.72000122070312,86.13999938964844,72.78321075439453,115800
2013-03-18,85.54000091552734,87.37999725341797,84.41999816894531,86.87000274658203,73.4000473022461,82200
2013-03-19,86.75,89.0,86.55999755859375,87.91000366210938,74.27876281738281,109200
2013-03-20,88.18000030517578,89.27999877929688,87.5,88.04000091552734,74.38858795166016,125300
2013-03-21,87.63999938964844,88.13999938964844,85.95999908447266,86.72000122070312,73.27328491210938,100700
2013-03-22,86.68000030517578,86.9800033569336,86.36000061035156,86.45999908447266,73.05360412597656,71900
2013-03-25,86.80000305175781,87.18000030517578,85.0999984741211,85.83000183105469,72.52129364013672,94500
2013-03-26,86.0,86.62999725341797,85.69999694824219,86.44999694824219,73.04515838623047,149300
2013-03-27,86.30000305175781,88.54000091552734,85.11000061035156,88.30000305175781,74.60829162597656,105100
2013-03-28,88.6500015258789,89.45999908447266,88.3499984741211,88.77999877929688,75.01387023925781,123700
2013-04-01,88.4000015258789,88.61000061035156,85.62000274658203,86.75,73.29863739013672,176400
2013-04-02,86.44000244140625,87.23999786376953,85.29000091552734,86.31999969482422,72.93531036376953,192000
2013-04-03,86.69999694824219,86.9800033569336,83.0199966430664,83.4800033569336,70.53569030761719,138800
2013-04-04,83.76000213623047,85.36000061035156,83.69000244140625,84.98999786376953,71.81156158447266,86600
2013-04-05,83.9800033569336,86.0,82.79000091552734,85.61000061035156,72.33539581298828,75400
2013-04-08,86.11000061035156,86.75,85.62000274658203,86.56999969482422,73.14656066894531,77500
2013-04-09,86.81999969482422,87.58000183105469,86.0999984741211,86.26000213623047,72.88462829589844,77300
2013-04-10,85.63999938964844,89.19000244140625,85.4800033569336,87.81999969482422,74.20272064208984,157700
2013-04-11,88.0,89.41999816894531,87.62999725341797,88.33999633789062,74.64209747314453,51700
2013-04-12,88.4000015258789,89.04000091552734,87.86000061035156,88.5,74.77729797363281,45200
2013-04-15,88.62000274658203,89.20999908447266,85.62000274658203,86.0,72.66494750976562,101700
2013-04-16,86.68000030517578,89.4000015258789,86.33999633789062,89.12999725341797,75.30958557128906,74900
2013-04-17,88.94000244140625,89.58999633789062,87.69000244140625,89.13999938964844,75.31803894042969,77700
2013-04-18,89.4800033569336,89.91999816894531,87.94000244140625,88.83000183105469,75.05612182617188,105000
2013-04-19,89.52999877929688,91.16000366210938,88.7300033569336,90.52999877929688,76.4925308227539,98000
2013-04-22,90.9000015258789,93.47000122070312,89.9800033569336,92.01000213623047,77.7430419921875,146300
2013-04-23,92.19000244140625,93.13999938964844,91.37000274658203,92.69000244140625,78.31756591796875,118400
2013-04-24,92.36000061035156,93.36000061035156,91.5999984741211,92.2300033569336,77.92891693115234,115600
2013-04-25,92.66999816894531,93.37999725341797,89.91000366210938,90.45999908447266,76.4333724975586,74300
2013-04-26,90.0199966430664,90.98999786376953,89.31999969482422,89.79000091552734,75.86725616455078,88000
2013-04-29,90.13999938964844,90.38999938964844,89.3499984741211,89.9800033569336,76.02777862548828,87500
2013-04-30,90.12000274658203,90.77999877929688,89.51000213623047,89.9000015258789,75.96018981933594,97200
2013-05-01,89.58000183105469,90.25,86.98999786376953,87.77999877929688,74.16891479492188,86600
2013-05-02,88.11000061035156,89.8499984741211,88.11000061035156,89.18000030517578,75.35184478759766,74500
2013-05-03,89.7699966430664,90.62000274658203,89.25,90.33999633789062,76.33198547363281,88800
2013-05-06,90.58000183105469,91.91000366210938,90.58000183105469,91.2300033569336,77.0839614868164,75300
2013-05-07,91.58000183105469,91.77999877929688,91.13999938964844,91.41999816894531,77.24451446533203,131100
2013-05-08,91.51000213623047,92.47000122070312,91.4800033569336,92.08999633789062,77.81062316894531,71100
2013-05-09,91.7300033569336,92.54000091552734,91.3499984741211,91.43000030517578,77.25297546386719,85600
2013-05-10,91.79000091552734,92.9800033569336,91.77999877929688,92.41999816894531,78.08946990966797,60800
2013-05-13,92.12999725341797,92.33999633789062,91.54000091552734,91.86000061035156,77.61630249023438,58900
2013-05-14,92.05999755859375,92.33000183105469,91.6500015258789,91.86000061035156,77.61630249023438,157900
2013-05-15,91.80000305175781,94.86000061035156,91.56999969482422,94.12000274658203,79.52587127685547,236000
2013-05-16,93.66000366210938,95.25,93.66000366210938,94.70999908447266,80.02438354492188,128500
2013-05-17,95.23999786376953,95.7699966430664,94.5999984741211,95.2300033569336,80.46373748779297,93000
2013-05-20,95.43000030517578,95.51000213623047,93.0,93.41999816894531,78.93439483642578,114000
2013-05-21,93.80999755859375,94.11000061035156,92.26000213623047,92.75,78.36827850341797,105600
2013-05-22,93.02999877929688,94.12999725341797,91.41000366210938,92.33999633789062,78.0218505859375,98600
2013-05-23,92.0,93.13999938964844,91.23999786376953,92.62000274658203,78.2584457397461,70300
2013-05-24,91.98999786376953,93.5,91.98999786376953,93.33000183105469,78.85833740234375,39200
2013-05-28,94.0,94.18000030517578,92.66000366210938,93.8499984741211,79.29771423339844,75500
2013-05-29,93.72000122070312,93.94000244140625,91.86000061035156,91.87999725341797,77.63316345214844,126400
2013-05-30,92.62000274658203,93.75,92.31999969482422,92.79000091552734,78.40209197998047,88100
2013-05-31,92.19000244140625,93.62999725341797,91.9800033569336,92.51000213623047,78.1655044555664,74800
2013-06-03,92.51000213623047,95.54000091552734,92.51000213623047,95.4000015258789,80.60737609863281,167400
2013-06-04,95.77999877929688,97.30000305175781,95.29000091552734,96.37999725341797,81.43541717529297,127100
2013-06-05,96.31999969482422,98.22000122070312,95.06999969482422,95.87999725341797,81.01294708251953,224200
2013-06-06,96.16999816894531,96.76000213623047,95.12999725341797,95.94000244140625,81.06364440917969,122300
2013-06-07,96.66000366210938,100.47000122070312,96.0,99.9800033569336,84.47723388671875,80600
2013-06-10,100.44999694824219,102.31999969482422,99.66000366210938,100.80999755859375,85.17849731445312,97900
2013-06-11,99.80999755859375,101.6500015258789,99.19999694824219,101.20999908447266,85.5164794921875,93500
2013-06-12,101.54000091552734,102.1500015258789,100.01000213623047,100.7699966430664,85.14470672607422,99300
2013-06-13,100.4800033569336,101.80999755859375,100.4800033569336,101.72000122070312,85.94740295410156,57300
2013-06-14,101.3499984741211,102.25,100.5,100.94999694824219,85.29679870605469,63400
2013-06-17,101.77999877929688,102.41000366210938,100.01000213623047,102.19999694824219,86.35298156738281,53900
2013-06-18,102.62000274658203,105.66999816894531,101.55999755859375,105.41000366210938,89.06525421142578,70800
2013-06-19,105.41000366210938,106.12999725341797,104.9000015258789,104.91999816894531,88.65123748779297,56400
2013-06-20,104.20999908447266,104.20999908447266,101.37999725341797,102.0,86.1839828491211,117300
2013-06-21,102.36000061035156,102.6500015258789,99.29000091552734,102.0199966430664,86.20087432861328,209400
2013-06-24,101.12000274658203,104.5999984741211,100.05999755859375,103.43000030517578,87.39226531982422,101000
2013-06-25,104.04000091552734,107.22000122070312,103.93000030517578,106.58000183105469,90.0538101196289,84300
2013-06-26,107.51000213623047,108.55999755859375,104.27999877929688,104.91000366210938,88.64276123046875,185400
2013-06-27,105.69999694824219,105.91999816894531,103.47000122070312,105.4000015258789,89.0567855834961,91000
2013-06-28,105.37000274658203,107.19999694824219,104.69000244140625,105.98999786376953,89.55530548095703,170400
2013-07-01,107.16999816894531,109.72000122070312,106.08999633789062,107.44999694824219,90.78893280029297,117700
2013-07-02,107.72000122070312,108.11000061035156,106.30000305175781,107.30000305175781,90.66217041015625,87800
2013-07-03,107.0999984741211,108.22000122070312,106.93000030517578,107.47000122070312,90.80582427978516,18000
2013-07-05,109.13999938964844,109.37000274658203,106.44000244140625,106.93000030517578,90.34954833984375,69800
2013-07-08,106.9800033569336,108.33999633789062,106.0,106.08999633789062,89.6397933959961,94200
2013-07-09,103.80000305175781,103.9000015258789,97.86000061035156,98.4800033569336,83.20980834960938,361600
2013-07-10,98.7300033569336,98.93000030517578,97.7699966430664,98.4000015258789,83.14221954345703,160200
2013-07-11,98.8499984741211,100.66000366210938,98.05999755859375,100.47000122070312,84.89124298095703,135800
2013-07-12,100.55000305175781,101.29000091552734,98.88999938964844,99.12000274658203,83.75057220458984,183100
2013-07-15,99.45999908447266,103.20999908447266,99.18000030517578,102.73999786376953,86.80924224853516,180400
2013-07-16,102.51000213623047,103.63999938964844,101.44000244140625,103.08999633789062,87.10497283935547,75200
2013-07-17,103.47000122070312,105.98999786376953,103.0999984741211,105.79000091552734,89.38630676269531,110900
2013-07-18,106.16999816894531,106.72000122070312,104.66999816894531,106.02999877929688,89.589111328125,69800
2013-07-19,105.9800033569336,105.9800033569336,104.22000122070312,105.33000183105469,88.99764251708984,87600
2013-07-22,104.6500015258789,107.29000091552734,104.30000305175781,106.9000015258789,90.32420349121094,93400
2013-07-23,107.70999908447266,107.70999908447266,91.38999938964844,94.5,79.84693145751953,458600
2013-07-24,95.27999877929688,96.06999969482422,92.02999877929688,92.88999938964844,78.486572265625,293800
2013-07-25,92.75,94.11000061035156,91.05999755859375,93.7699966430664,79.23011779785156,265200
2013-07-26,93.25,95.55999755859375,92.38999938964844,95.36000061035156,80.57357788085938,130800
2013-07-29,95.20999908447266,97.30000305175781,93.98999786376953,96.83000183105469,81.81564331054688,136200
2013-07-30,97.23999786376953,98.4800033569336,96.55999755859375,98.27999877929688,83.04082489013672,146600
2013-07-31,98.37999725341797,99.16000366210938,97.23999786376953,97.37999725341797,82.28034973144531,142700
2013-08-01,97.72000122070312,98.69000244140625,96.69999694824219,98.0,82.80421447753906,76900
2013-08-02,97.5,98.58000183105469,96.27999877929688,97.81999969482422,82.65213775634766,92200
2013-08-05,98.04000091552734,98.76000213623047,98.04000091552734,98.38999938964844,83.1337661743164,95300
2013-08-06,98.4000015258789,98.4000015258789,96.97000122070312,98.0,82.80421447753906,50700
2013-08-07,97.81999969482422,98.26000213623047,96.52999877929688,97.91000366210938,82.72817993164062,74100
2013-08-08,98.0,98.68000030517578,96.81999969482422,97.77999877929688,82.61833953857422,89700
2013-08-09,98.02999877929688,98.19999694824219,96.93000030517578,97.87000274658203,82.69437408447266,122900
2013-08-12,97.4000015258789,98.16000366210938,96.5999984741211,97.62000274658203,82.48316955566406,47300
2013-08-13,97.80000305175781,98.4000015258789,93.0,95.62000274658203,80.79324340820312,114400
2013-08-14,95.12999725341797,95.2699966430664,93.05000305175781,94.41999816894531,79.77932739257812,108100
2013-08-15,93.76000213623047,95.5999984741211,92.41000366210938,95.05000305175781,80.3116455078125,133900
2013-08-16,94.61000061035156,96.30999755859375,94.27999877929688,94.55999755859375,79.89762878417969,39400
2013-08-19,94.55999755859375,95.16000366210938,92.83999633789062,93.80999755859375,79.263916015625,86600
2013-08-20,93.93000030517578,95.80000305175781,93.93000030517578,95.08000183105469,80.33699798583984,61800
2013-08-21,95.12999725341797,95.77999877929688,93.2699966430664,94.44999694824219,79.80467987060547,53800
2013-08-22,94.7300033569336,96.44999694824219,94.44000244140625,96.22000122070312,81.30021667480469,30600
2013-08-23,96.30999755859375,97.12000274658203,94.16999816894531,95.44999694824219,80.64962768554688,46800
2013-08-26,95.7300033569336,96.4800033569336,94.58999633789062,96.01000213623047,81.12278747558594,37900
2013-08-27,94.76000213623047,95.29000091552734,92.37000274658203,94.52999877929688,79.87227630615234,73600
2013-08-28,94.66999816894531,94.66999816894531,92.2699966430664,93.25,78.7907485961914,47700
2013-08-29,93.36000061035156,96.0,93.26000213623047,95.20999908447266,80.44685363769531,34000
2013-08-30,94.83999633789062,95.62000274658203,94.5,94.51000213623047,79.8553695678711,89400
2013-09-03,95.33999633789062,95.91000366210938,93.04000091552734,93.63999938964844,79.12027740478516,65900
2013-09-04,93.93000030517578,95.37000274658203,93.41999816894531,94.5999984741211,79.93143463134766,88200
2013-09-05,94.5199966430664,95.63999938964844,93.26000213623047,94.69999694824219,80.01592254638672,38400
2013-09-06,94.83000183105469,94.83000183105469,91.27999877929688,93.22000122070312,78.76541900634766,79600
2013-09-09,93.80999755859375,96.2300033569336,92.75,95.68000030517578,80.8439712524414,117400
2013-09-10,96.30000305175781,98.94000244140625,94.19000244140625,98.83999633789062,83.51399230957031,57000
2013-09-11,98.38999938964844,98.98999786376953,97.12000274658203,98.27999877929688,83.04082489013672,48100
2013-09-12,97.77999877929688,98.75,96.0199966430664,96.52999877929688,81.56216430664062,45900
2013-09-13,97.06999969482422,98.69000244140625,95.94000244140625,98.4000015258789,83.14221954345703,83400
2013-09-16,99.2300033569336,99.44000244140625,97.66999816894531,98.44000244140625,83.17598724365234,88700
2013-09-17,98.8499984741211,99.77999877929688,98.26000213623047,99.77999877929688,84.30821990966797,50100
2013-09-18,99.48999786376953,101.94000244140625,98.94999694824219,101.5,85.76151275634766,72100
2013-09-19,101.31999969482422,103.4000015258789,100.19999694824219,102.98999786376953,87.02046966552734,129200
2013-09-20,103.01000213623047,103.63999938964844,97.76000213623047,97.91000366210938,82.72817993164062,236100
2013-09-23,97.2300033569336,97.41999816894531,94.76000213623047,97.2300033569336,82.15361785888672,105500
2013-09-24,97.37999725341797,101.41999816894531,96.83999633789062,100.86000061035156,85.22075653076172,144800
2013-09-25,100.83999633789062,102.62999725341797,99.0199966430664,101.30000305175781,85.59253692626953,59700
2013-09-26,101.16000366210938,103.48999786376953,99.98999786376953,103.19000244140625,87.189453125,73000
2013-09-27,102.5,106.80999755859375,102.25,106.08000183105469,89.63135528564453,159400
2013-09-30,105.26000213623047,106.12000274658203,103.27999877929688,105.36000061035156,89.02298736572266,112000
2013-10-01,105.66000366210938,108.11000061035156,103.79000091552734,107.12000274658203,90.51008605957031,70800
2013-10-02,106.68000030517578,107.0199966430664,103.54000091552734,103.8499984741211,87.74714660644531,82300
2013-10-03,103.38999938964844,103.75,101.58999633789062,102.7699966430664,86.83458709716797,98100
2013-10-04,102.25,103.47000122070312,102.12000274658203,102.5999984741211,86.69097900390625,91300
2013-10-07,102.04000091552734,103.23999786376953,100.7699966430664,101.69999694824219,85.93051147460938,87400
2013-10-08,102.01000213623047,102.62000274658203,98.0999984741211,98.93000030517578,83.59000396728516,88400
2013-10-09,98.95999908447266,99.38999938964844,96.69000244140625,97.26000213623047,82.17896270751953,141200
2013-10-10,98.41000366210938,99.80999755859375,97.29000091552734,98.19000244140625,82.96477508544922,124900
2013-10-11,98.2699966430664,99.97000122070312,97.44000244140625,99.80000305175781,84.32512664794922,97900
2013-10-14,99.6500015258789,104.11000061035156,98.83999633789062,103.2699966430664,87.25707244873047,133200
2013-10-15,102.70999908447266,103.88999938964844,100.4000015258789,101.19999694824219,85.50802612304688,89500
2013-10-16,101.7699966430664,103.72000122070312,100.56999969482422,103.22000122070312,87.21482849121094,80200
2013-10-17,103.5,105.2699966430664,103.30000305175781,105.2300033569336,88.91315460205078,95900
2013-10-18,106.31999969482422,107.0999984741211,105.88999938964844,106.83999633789062,90.27351379394531,132000
2013-10-21,106.88999938964844,107.56999969482422,106.0199966430664,106.97000122070312,90.38336181640625,52100
2013-10-22,107.70999908447266,109.55999755859375,106.72000122070312,107.43000030517578,90.77201080322266,111000
2013-10-23,107.8499984741211,108.9000015258789,104.77999877929688,106.48999786376953,89.97776794433594,123000
2013-10-24,106.91000366210938,107.79000091552734,103.41999816894531,105.8499984741211,89.43699645996094,134700
2013-10-25,106.25,107.7699966430664,104.80999755859375,106.5199966430664,90.00312042236328,62800
2013-10-28,106.81999969482422,108.51000213623047,105.7699966430664,106.08000183105469,89.63135528564453,54100
2013-10-29,106.73999786376953,107.56999969482422,105.19000244140625,106.47000122070312,89.96087646484375,68000
2013-10-30,106.81999969482422,107.45999908447266,104.0,106.16999816894531,89.7073974609375,49600
2013-10-31,106.0,106.29000091552734,103.91000366210938,104.2699966430664,88.10201263427734,72300
2013-11-01,104.0,106.05999755859375,103.36000061035156,105.56999969482422,89.20044708251953,83200
2013-11-04,106.08999633789062,107.08000183105469,104.4000015258789,105.56999969482422,89.20044708251953,110300
2013-11-05,104.83000183105469,108.29000091552734,104.4800033569336,107.76000213623047,91.05085754394531,63600
2013-11-06,108.0199966430664,108.19999694824219,105.41000366210938,105.7699966430664,89.36941528320312,64500
2013-11-07,105.88999938964844,106.30000305175781,104.44999694824219,104.83999633789062,88.58363342285156,73200
2013-11-08,104.73999786376953,107.98999786376953,104.73999786376953,106.19999694824219,89.73274230957031,56900
2013-11-11,105.95999908447266,107.4000015258789,105.05000305175781,105.5,89.14128875732422,38700
2013-11-12,105.2699966430664,111.73999786376953,105.2699966430664,107.79000091552734,91.07618713378906,80800
2013-11-13,106.87000274658203,107.81999969482422,102.94000244140625,107.2699966430664,90.63682556152344,65900
2013-11-14,107.19999694824219,107.19999694824219,105.22000122070312,106.30000305175781,89.81723022460938,33700
2013-11-15,106.4800033569336,108.0999984741211,104.91000366210938,107.5999984741211,90.91564178466797,42900
2013-11-18,108.31999969482422,109.62000274658203,105.80000305175781,105.9000015258789,89.47926330566406,45900
2013-11-19,106.2699966430664,109.4800033569336,105.16999816894531,106.51000213623047,89.99467468261719,71900
2013-11-20,107.16999816894531,107.30999755859375,105.0999984741211,106.13999938964844,89.68203735351562,42900
2013-11-21,106.30000305175781,108.0,106.0999984741211,107.37999725341797,90.72978210449219,45800
2013-11-22,107.72000122070312,110.79000091552734,107.2300033569336,110.04000091552734,92.97732543945312,77300
2013-11-25,110.86000061035156,114.08999633789062,110.22000122070312,113.61000061035156,95.99375915527344,77400
2013-11-26,114.08000183105469,114.08000183105469,110.8499984741211,112.5,95.05587768554688,69500
2013-11-27,112.94000244140625,114.04000091552734,111.19000244140625,113.97000122070312,96.29792785644531,55800
2013-11-29,114.69999694824219,114.7699966430664,110.05999755859375,110.69999694824219,93.53497314453125,52900
2013-12-02,111.0,112.6500015258789,110.30999755859375,110.94000244140625,93.73776245117188,67200
2013-12-03,112.72000122070312,112.87000274658203,107.97000122070312,108.77999877929688,91.9126968383789,68800
2013-12-04,108.44999694824219,108.91999816894531,106.04000091552734,107.33000183105469,90.68751525878906,49200
2013-12-05,107.01000213623047,108.29000091552734,106.25,107.6500015258789,90.95790100097656,65600
2013-12-06,108.01000213623047,108.58999633789062,107.0999984741211,107.80999755859375,91.09309387207031,39800
2013-12-09,107.7699966430664,108.45999908447266,106.75,107.8499984741211,91.12688446044922,57600
2013-12-10,107.31999969482422,108.94000244140625,106.47000122070312,107.4000015258789,90.7466812133789,75800
2013-12-11,105.66000366210938,106.30999755859375,102.75,103.8499984741211,89.62474822998047,72600
2013-12-12,104.2300033569336,106.16000366210938,103.52999877929688,104.80000305175781,90.44461059570312,69900
2013-12-13,105.31999969482422,106.41999816894531,103.55000305175781,105.04000091552734,90.6517333984375,62800
2013-12-16,105.12999725341797,106.8499984741211,104.43000030517578,106.55999755859375,91.96353149414062,51000
2013-12-17,106.61000061035156,108.9000015258789,105.62000274658203,107.80000305175781,93.03369140625,101600
2013-12-18,107.63999938964844,108.70999908447266,106.5199966430664,107.87999725341797,93.10269927978516,67300
2013-12-19,107.44999694824219,107.8499984741211,105.0,105.48999786376953,91.04007720947266,55500
2013-12-20,105.9800033569336,107.44000244140625,105.38999938964844,106.45999908447266,91.87723541259766,175000
2013-12-23,106.88999938964844,108.5,105.20999908447266,106.5999984741211,91.99806213378906,100400
2013-12-24,106.38999938964844,107.51000213623047,104.48999786376953,106.56999969482422,91.97216796875,47900
2013-12-26,106.79000091552734,107.93000030517578,105.68000030517578,107.75,92.99053192138672,66900
2013-12-27,108.22000122070312,108.22000122070312,103.04000091552734,104.22000122070312,89.94406127929688,76400
2013-12-30,103.86000061035156,106.30000305175781,103.63999938964844,105.26000213623047,90.84159851074219,51400
2013-12-31,105.47000122070312,106.0,104.0199966430664,105.44000244140625,90.99693298339844,56700
2014-01-02,105.33000183105469,107.69999694824219,105.04000091552734,105.80000305175781,91.3076171875,70000
2014-01-03,105.87000274658203,109.47000122070312,105.0,108.66000366210938,93.7759017944336,102000
2014-01-06,109.0,110.0,104.9800033569336,105.76000213623047,91.27312469482422,105500
2014-01-07,106.16000366210938,107.25,104.81999969482422,105.66999816894531,91.19544982910156,96200
2014-01-08,107.20999908447266,107.20999908447266,102.94999694824219,104.66999816894531,90.33240509033203,154300
2014-01-09,101.5,105.01000213623047,100.12999725341797,101.72000122070312,87.7864990234375,214200
2014-01-10,101.16000366210938,104.0,100.0,103.69999694824219,89.49529266357422,166700
2014-01-13,103.0999984741211,104.7300033569336,101.51000213623047,103.16000366210938,89.02925872802734,100100
2014-01-14,103.33000183105469,104.55000305175781,102.51000213623047,104.20999908447266,89.93540954589844,102700
2014-01-15,104.13999938964844,105.0,102.56999969482422,103.55999755859375,89.37446594238281,73900
2014-01-16,103.06999969482422,104.05999755859375,101.16999816894531,101.98999786376953,88.01953125,102300
2014-01-17,102.1500015258789,103.47000122070312,101.66999816894531,103.12999725341797,89.00336456298828,167000
2014-01-21,104.23999786376953,105.25,103.56999969482422,104.01000213623047,89.76282501220703,109000
2014-01-22,104.4000015258789,106.61000061035156,103.80999755859375,106.23999786376953,91.68736267089844,72400
2014-01-23,105.41999816894531,106.66999816894531,104.5,106.0,91.4802474975586,83200
2014-01-24,105.05999755859375,106.43000030517578,103.73999786376953,104.56999969482422,90.24610137939453,91500
2014-01-27,104.30000305175781,106.0199966430664,100.76000213623047,101.88999938964844,87.9332275390625,81000
2014-01-28,101.77999877929688,103.75,101.31999969482422,102.5199966430664,88.47691345214844,69000
2014-01-29,100.94999694824219,103.52999877929688,97.3499984741211,99.5999984741211,85.95691680908203,146400
2014-01-30,90.0199966430664,91.3499984741211,81.19000244140625,91.0,78.534912109375,749600
2014-01-31,90.0,92.94000244140625,89.97000122070312,91.06999969482422,78.5953369140625,272700
2014-02-03,91.30000305175781,91.66999816894531,87.88999938964844,89.94999694824219,77.62875366210938,267400
2014-02-04,90.6500015258789,90.6500015258789,88.37000274658203,89.69000244140625,77.40436553955078,156000
2014-02-05,88.91000366210938,89.52999877929688,87.37999725341797,88.66999816894531,76.52408599853516,237600
2014-02-06,89.0999984741211,91.20999908447266,88.52999877929688,90.4000015258789,78.0171127319336,164800
2014-02-07,90.80999755859375,93.48999786376953,90.0,91.80000305175781,79.225341796875,156200
2014-02-10,92.11000061035156,92.12000274658203,90.13999938964844,91.2300033569336,78.73341369628906,122500
2014-02-11,90.91999816894531,92.69999694824219,90.91999816894531,92.41999816894531,79.76040649414062,105500
2014-02-12,92.93000030517578,93.11000061035156,91.69999694824219,91.9800033569336,79.38069915771484,81100
2014-02-13,90.6500015258789,93.58999633789062,90.6500015258789,93.58000183105469,80.76152801513672,156000
2014-02-14,93.63999938964844,95.91999816894531,92.29000091552734,94.93000030517578,81.92659759521484,110100
2014-02-18,95.02999877929688,95.31999969482422,93.0,93.05999755859375,80.31275177001953,76500
2014-02-19,92.6500015258789,94.48999786376953,91.63999938964844,92.70999908447266,80.01069641113281,93600
2014-02-20,93.33999633789062,95.27999877929688,92.45999908447266,94.69999694824219,81.72809600830078,75000
2014-02-21,95.18000030517578,97.33999633789062,94.16999816894531,96.37999725341797,83.17797088623047,102600
2014-02-24,96.12000274658203,97.05999755859375,95.38999938964844,96.0,82.85001373291016,87500
2014-02-25,97.19000244140625,103.11000061035156,95.69000244140625,101.43000030517578,87.53623962402344,164900
2014-02-26,101.88999938964844,102.45999908447266,97.0,101.55000305175781,87.6397933959961,88100
2014-02-27,101.5,102.26000213623047,99.37000274658203,99.51000213623047,85.8792495727539,69900
2014-02-28,99.7699966430664,100.7699966430664,98.63999938964844,99.26000213623047,85.66348266601562,222500
2014-03-03,98.94999694824219,100.9000015258789,98.62999725341797,98.86000061035156,85.31826782226562,208600
2014-03-04,100.31999969482422,104.3499984741211,100.31999969482422,103.19999694824219,89.06378936767578,217200
2014-03-05,102.97000122070312,102.97000122070312,100.48999786376953,101.62999725341797,87.70883178710938,154700
2014-03-06,104.79000091552734,109.38999938964844,104.27999877929688,108.58999633789062,93.71546173095703,185100
2014-03-07,109.33999633789062,110.4000015258789,104.06999969482422,109.29000091552734,94.31956481933594,140600
2014-03-10,109.36000061035156,110.88999938964844,108.0,108.86000061035156,93.94849395751953,165600
2014-03-11,108.66999816894531,110.8499984741211,107.94999694824219,109.44000244140625,94.44903564453125,228300
2014-03-12,108.94999694824219,110.4000015258789,107.94000244140625,109.5,94.50080108642578,138800
2014-03-13,110.0,110.0,104.87000274658203,107.1500015258789,92.47273254394531,186100
2014-03-14,106.47000122070312,108.08999633789062,106.18000030517578,107.7699966430664,93.00779724121094,200100
2014-03-17,108.4000015258789,110.6500015258789,106.95999908447266,110.19000244140625,95.09630584716797,143000
2014-03-18,110.55000305175781,112.44000244140625,110.33999633789062,110.86000061035156,95.67452239990234,90900
2014-03-19,110.7699966430664,111.4000015258789,108.26000213623047,109.18000030517578,94.22466278076172,111700
2014-03-20,109.27999877929688,111.1500015258789,107.91999816894531,110.4000015258789,95.27751922607422,111900
2014-03-21,110.98999786376953,110.98999786376953,107.56999969482422,108.06999969482422,93.26670837402344,125300
2014-03-24,108.62999725341797,109.54000091552734,107.04000091552734,108.80000305175781,93.89669799804688,90800
2014-03-25,109.18000030517578,110.87999725341797,107.76000213623047,109.52999877929688,94.52670288085938,77200
2014-03-26,110.63999938964844,110.63999938964844,107.83999633789062,107.8499984741211,93.07682037353516,91400
2014-03-27,107.30999755859375,109.13999938964844,105.97000122070312,108.6500015258789,93.76725769042969,109300
2014-03-28,108.87999725341797,111.26000213623047,107.66999816894531,108.4800033569336,93.62054443359375,66300
2014-03-31,109.30000305175781,112.37000274658203,109.30000305175781,111.93000030517578,96.59796905517578,92200
2014-04-01,112.38999938964844,115.41999816894531,111.58999633789062,115.05999755859375,99.29922485351562,103000
2014-04-02,115.30999755859375,117.02999877929688,114.0,114.58999633789062,98.8935775756836,126700
2014-04-03,114.51000213623047,115.62000274658203,112.08000183105469,114.27999877929688,98.62606048583984,72500
2014-04-04,114.55000305175781,116.18000030517578,109.95999908447266,110.86000061035156,95.67452239990234,81500
2014-04-07,110.44999694824219,111.19999694824219,109.0199966430664,110.29000091552734,95.18258666992188,125100
2014-04-08,115.05999755859375,115.58000183105469,111.38999938964844,115.04000091552734,99.2819595336914,197300
2014-04-09,115.79000091552734,117.62999725341797,112.87000274658203,117.38999938964844,101.31004333496094,116500
2014-04-10,117.70999908447266,118.12999725341797,114.0999984741211,115.26000213623047,99.4718017578125,82900
2014-04-11,114.2699966430664,118.33000183105469,112.94999694824219,113.94000244140625,98.3326187133789,113100
2014-04-14,114.70999908447266,115.3499984741211,111.69999694824219,113.55000305175781,97.99606323242188,64100
2014-04-15,114.08999633789062,114.33000183105469,110.0999984741211,113.43000030517578,97.89249420166016,151800
2014-04-16,113.95999908447266,116.93000030517578,111.91000366210938,116.45999908447266,100.5074462890625,78300
2014-04-17,116.44000244140625,116.79000091552734,114.04000091552734,115.94999694824219,100.0672836303711,76700
2014-04-21,116.61000061035156,118.06999969482422,114.58999633789062,116.19000244140625,100.2744369506836,31600
2014-04-22,116.5,120.19999694824219,115.87000274658203,118.55999755859375,102.3198013305664,90000
2014-04-23,120.01000213623047,120.5999984741211,118.05000305175781,119.54000091552734,103.16555786132812,118200
2014-04-24,121.23999786376953,123.31999969482422,116.0199966430664,119.37999725341797,103.0274658203125,169500
2014-04-25,118.91999816894531,119.05000305175781,116.13999938964844,116.91999816894531,100.90444946289062,109100
2014-04-28,117.05000305175781,118.98999786376953,115.0999984741211,116.8499984741211,100.84400939941406,112200
2014-04-29,117.31999969482422,117.36000061035156,114.41000366210938,116.20999908447266,100.29167938232422,87400
2014-04-30,116.08999633789062,118.02999877929688,115.38999938964844,117.44999694824219,101.36183166503906,72800
2014-05-01,117.5999984741211,118.41000366210938,115.73999786376953,116.62000274658203,100.64553833007812,119700
2014-05-02,117.30999755859375,118.55000305175781,116.0,117.37000274658203,101.29279327392578,109600
2014-05-05,116.52999877929688,118.19999694824219,115.41999816894531,116.62999725341797,100.65413665771484,91900
2014-05-06,116.81999969482422,117.47000122070312,114.63999938964844,115.19000244140625,99.41140747070312,89600
2014-05-07,115.51000213623047,115.6500015258789,113.19999694824219,115.61000061035156,99.77387237548828,84600
2014-05-08,115.77999877929688,117.23999786376953,114.44000244140625,115.16999816894531,99.39412689208984,100600
2014-05-09,114.48999786376953,116.2300033569336,114.04000091552734,115.80999755859375,99.94647979736328,60200
2014-05-12,115.87000274658203,118.88999938964844,115.87000274658203,118.48999786376953,102.25936889648438,92200
2014-05-13,118.5199966430664,118.91000366210938,117.26000213623047,117.41999816894531,101.33594512939453,86600
2014-05-14,117.62000274658203,117.62000274658203,113.51000213623047,114.41000366210938,98.73825073242188,127300
2014-05-15,113.91000366210938,115.9800033569336,112.1500015258789,115.2300033569336,99.44593811035156,114100
2014-05-16,114.8499984741211,115.83000183105469,113.76000213623047,115.70999908447266,99.86017608642578,54000
2014-05-19,115.1500015258789,118.0,115.1500015258789,117.41999816894531,101.33594512939453,95900
2014-05-20,116.91999816894531,117.68000030517578,114.05000305175781,115.08000183105469,99.31649017333984,69500
2014-05-21,115.33000183105469,116.62000274658203,113.94000244140625,115.19999694824219,99.4200210571289,85300
2014-05-22,115.3499984741211,116.79000091552734,114.87999725341797,116.2300033569336,100.30894470214844,78800
2014-05-23,116.47000122070312,119.0999984741211,115.16999816894531,116.91000366210938,100.89580535888672,110700
2014-05-27,117.41000366210938,118.3499984741211,116.8499984741211,117.98999786376953,101.8278579711914,81700
2014-05-28,117.5,117.88999938964844,115.12000274658203,116.72000122070312,100.7318344116211,193500
2014-05-29,117.41999816894531,118.33000183105469,114.6500015258789,116.16999816894531,100.25716400146484,139000
2014-05-30,116.08000183105469,116.68000030517578,114.27999877929688,115.0,99.2474136352539,221300
2014-06-02,115.08999633789062,119.5,114.81999969482422,119.11000061035156,102.79444885253906,117800
2014-06-03,118.9800033569336,120.62999725341797,117.54000091552734,118.61000061035156,102.3629379272461,147700
2014-06-04,118.33000183105469,120.5999984741211,117.81999969482422,119.5999984741211,103.2173080444336,93200
2014-06-05,119.66000366210938,121.18000030517578,118.08999633789062,120.69999694824219,104.1666488647461,97400
2014-06-06,121.2699966430664,124.61000061035156,120.54000091552734,124.02999877929688,107.04051208496094,120000
2014-06-09,123.66000366210938,124.58999633789062,123.08000183105469,123.48999786376953,106.574462890625,90400
2014-06-10,123.58999633789062,124.04000091552734,123.25,123.31999969482422,106.4277572631836,93800
2014-06-11,122.5199966430664,122.76000213623047,120.04000091552734,120.68000030517578,104.14938354492188,72400
2014-06-12,120.05000305175781,120.41000366210938,114.16999816894531,115.0199966430664,99.26469421386719,119200
2014-06-13,115.02999877929688,117.69000244140625,114.62999725341797,116.37000274658203,100.42977142333984,78900
2014-06-16,115.55999755859375,116.69999694824219,113.12999725341797,113.62000274658203,98.05647277832031,97200
2014-06-17,113.22000122070312,115.13999938964844,113.1500015258789,113.95999908447266,98.3498764038086,93500
2014-06-18,113.51000213623047,115.6500015258789,112.9000015258789,115.33000183105469,99.53224182128906,98700
2014-06-19,116.13999938964844,118.41000366210938,114.72000122070312,118.29000091552734,102.08677673339844,174400
2014-06-20,118.44999694824219,118.76000213623047,116.12999725341797,117.37999725341797,101.30142974853516,306400
2014-06-23,117.13999938964844,117.7300033569336,115.0199966430664,116.93000030517578,100.91305541992188,86100
2014-06-24,116.9800033569336,119.26000213623047,116.12999725341797,116.52999877929688,100.56785583496094,132600
2014-06-25,116.12999725341797,118.58000183105469,115.80999755859375,118.33000183105469,102.12128448486328,118900
2014-06-26,118.86000061035156,119.54000091552734,117.04000091552734,118.08000183105469,101.9055404663086,93200
2014-06-27,117.2699966430664,120.12999725341797,117.01000213623047,119.58999633789062,103.20868682861328,206000
2014-06-30,119.1500015258789,120.25,116.8499984741211,117.7699966430664,101.63798522949219,124600
2014-07-01,118.26000213623047,121.29000091552734,117.69999694824219,120.5,103.99404907226562,86000
2014-07-02,120.01000213623047,120.01000213623047,116.72000122070312,117.33999633789062,101.26688385009766,73600
2014-07-03,117.93000030517578,119.01000213623047,117.33999633789062,117.63999938964844,101.52581024169922,43800
2014-07-07,117.6500015258789,118.2300033569336,115.54000091552734,116.0,100.1104507446289,104900
2014-07-08,115.61000061035156,118.97000122070312,113.79000091552734,118.61000061035156,102.3629379272461,129800
2014-07-09,119.5999984741211,122.13999938964844,119.12000274658203,121.94999694824219,105.24541473388672,132800
2014-07-10,120.43000030517578,123.25,120.04000091552734,122.43000030517578,105.65968322753906,90500
2014-07-11,121.88999938964844,123.43000030517578,121.4800033569336,121.77999877929688,105.09870147705078,37200
2014-07-14,123.19000244140625,123.19000244140625,120.5,120.79000091552734,104.24432373046875,65900
2014-07-15,121.22000122070312,122.62999725341797,120.01000213623047,122.36000061035156,105.59925842285156,71200
2014-07-16,123.29000091552734,123.70999908447266,120.43000030517578,120.94999694824219,104.38240051269531,54000
2014-07-17,122.13999938964844,122.5,118.05000305175781,118.36000061035156,102.14718627929688,106200
2014-07-18,118.08999633789062,121.4000015258789,118.08999633789062,120.80000305175781,104.25294494628906,89700
2014-07-21,121.98999786376953,122.26000213623047,119.27999877929688,121.31999969482422,104.70170593261719,72600
2014-07-22,122.0,122.5,121.22000122070312,122.33999633789062,105.58200073242188,83200
2014-07-23,122.01000213623047,125.62999725341797,122.01000213623047,124.8499984741211,107.74817657470703,100000
2014-07-24,119.83999633789062,122.05999755859375,114.93000030517578,115.91000366210938,100.03278350830078,206700
2014-07-25,115.55999755859375,119.30000305175781,115.55999755859375,118.22000122070312,102.0263671875,144700
2014-07-28,118.68000030517578,118.83999633789062,117.13999938964844,117.9800033569336,101.8192367553711,125500
2014-07-29,118.12000274658203,119.43000030517578,117.22000122070312,118.02999877929688,101.86238861083984,98600
2014-07-30,119.05000305175781,120.97000122070312,118.0,118.93000030517578,102.63909149169922,130700
2014-07-31,118.0,119.63999938964844,117.55999755859375,117.76000213623047,101.62937927246094,103600
2014-08-01,117.9000015258789,119.0,115.80000305175781,118.18000030517578,101.9918212890625,103300
2014-08-04,118.77999877929688,118.94999694824219,116.12999725341797,117.52999877929688,101.43086242675781,99500
2014-08-05,116.83999633789062,119.94000244140625,116.37000274658203,117.33000183105469,101.25826263427734,103600
2014-08-06,117.20999908447266,120.2699966430664,116.01000213623047,119.41999816894531,103.06197357177734,123100
2014-08-07,119.83000183105469,120.08000183105469,117.13999938964844,118.0,101.83647918701172,105100
2014-08-08,118.12999725341797,120.66999816894531,116.33000183105469,119.97000122070312,103.53665161132812,123000
2014-08-11,120.4800033569336,122.41999816894531,118.91999816894531,122.06999969482422,105.34899139404297,111100
2014-08-12,121.48999786376953,123.25,120.98999786376953,121.58999633789062,104.93473815917969,78300
2014-08-13,120.08999633789062,123.05999755859375,120.08999633789062,123.05000305175781,106.19473266601562,61100
2014-08-14,123.19000244140625,123.98999786376953,121.91999816894531,123.79000091552734,106.83340454101562,83100
2014-08-15,124.97000122070312,126.0,120.9800033569336,123.47000122070312,106.55723571777344,88700
2014-08-18,124.77999877929688,127.22000122070312,124.69000244140625,126.75,109.387939453125,64600
2014-08-19,127.25,128.38999938964844,126.08999633789062,127.05000305175781,109.64683532714844,134000
2014-08-20,126.44000244140625,128.27999877929688,126.41000366210938,127.4000015258789,109.94888305664062,160200
2014-08-21,127.16000366210938,127.16000366210938,124.31999969482422,124.93000030517578,107.81723022460938,158200
2014-08-22,124.54000091552734,126.30000305175781,124.0,125.86000061035156,108.61983489990234,163400
2014-08-25,126.25,126.72000122070312,125.26000213623047,126.12999725341797,108.85285186767578,88900
2014-08-26,126.41999816894531,126.6500015258789,123.81999969482422,124.43000030517578,107.38571166992188,78900
2014-08-27,124.16999816894531,126.11000061035156,123.38999938964844,124.19999694824219,107.18724060058594,101900
2014-08-28,123.80000305175781,125.0,122.33999633789062,123.33000183105469,106.43640899658203,80100
2014-08-29,123.98999786376953,123.98999786376953,121.86000061035156,122.86000061035156,106.03077697753906,78100
2014-09-02,123.4000015258789,127.12999725341797,122.83999633789062,126.87999725341797,109.50011444091797,142500
2014-09-03,126.70999908447266,126.70999908447266,123.73999786376953,126.19000244140625,108.90461730957031,91300
2014-09-04,126.80999755859375,128.27000427246094,124.88999938964844,125.30999755859375,108.14518737792969,81700
2014-09-05,124.8499984741211,126.58000183105469,123.45999908447266,126.04000091552734,108.77518463134766,53800
2014-09-08,126.33999633789062,126.83999633789062,125.5,126.58999633789062,109.2498550415039,73500
2014-09-09,126.08999633789062,126.70999908447266,125.38999938964844,125.79000091552734,108.55941772460938,65900
2014-09-10,126.2699966430664,127.37999725341797,124.66000366210938,126.76000213623047,109.39656066894531,44400
2014-09-11,126.5999984741211,127.58999633789062,124.58999633789062,126.0199966430664,108.75791931152344,93700
2014-09-12,126.7699966430664,128.5500030517578,124.91000366210938,125.75,108.52489471435547,123300
2014-09-15,126.0,128.5,123.83000183105469,123.98999786376953,107.0060043334961,119600
2014-09-16,123.37999725341797,124.69000244140625,121.9000015258789,123.81999969482422,106.85928344726562,90300
2014-09-17,123.83000183105469,125.1500015258789,122.91999816894531,125.06999969482422,107.93805694580078,109600
2014-09-18,125.13999938964844,126.11000061035156,124.93000030517578,125.72000122070312,108.4990005493164,86000
2014-09-19,125.87000274658203,127.16999816894531,124.31999969482422,124.77999877929688,107.6877670288086,205100
2014-09-22,124.83000183105469,125.0,124.19999694824219,124.4800033569336,107.42887115478516,108600
2014-09-23,124.5,125.13999938964844,122.55999755859375,123.75,106.79886627197266,235100
2014-09-24,124.19999694824219,126.06999969482422,122.94000244140625,125.37000274658203,108.19696807861328,152400
2014-09-25,125.37999725341797,125.7699966430664,123.37999725341797,123.66000366210938,106.72120666503906,173600
2014-09-26,124.36000061035156,124.9000015258789,122.94000244140625,124.18000030517578,107.16997528076172,86700
2014-09-29,123.12000274658203,124.0,122.69999694824219,123.37999725341797,106.47956848144531,42200
2014-09-30,123.7699966430664,125.0,123.05000305175781,123.66000366210938,106.72120666503906,156100
2014-10-01,123.23999786376953,123.23999786376953,119.80000305175781,121.01000213623047,104.4341812133789,129100
2014-10-02,120.69999694824219,122.48999786376953,119.19000244140625,120.25,103.77827453613281,219000
2014-10-03,121.73999786376953,123.29000091552734,121.13999938964844,122.08000183105469,105.35760498046875,150800
2014-10-06,122.69000244140625,123.20999908447266,118.83000183105469,118.91000366210938,102.62184143066406,123500
2014-10-07,118.30999755859375,119.66000366210938,116.06999969482422,116.29000091552734,100.36073303222656,193100
2014-10-08,115.43000030517578,115.76000213623047,110.29000091552734,110.75,95.57957458496094,672300
2014-10-09,110.36000061035156,110.66999816894531,108.5999984741211,109.51000213623047,94.50945281982422,155000
2014-10-10,108.7699966430664,111.19999694824219,108.18000030517578,109.0199966430664,94.08656311035156,223700
2014-10-13,109.62000274658203,110.05000305175781,104.5199966430664,105.08999633789062,90.69490051269531,225100
2014-10-14,106.13999938964844,110.69999694824219,105.45999908447266,109.18000030517578,94.22466278076172,143300
2014-10-15,107.22000122070312,112.44000244140625,106.72000122070312,111.48999786376953,96.21820831298828,180500
2014-10-16,109.30999755859375,113.79000091552734,109.30999755859375,112.83000183105469,97.37467193603516,107000
2014-10-17,114.51000213623047,114.56999969482422,111.3499984741211,112.0199966430664,96.67562103271484,79000
2014-10-20,112.11000061035156,118.0199966430664,112.02999877929688,117.87999725341797,101.7329330444336,206100
2014-10-21,118.94000244140625,121.23999786376953,117.41999816894531,120.97000122070312,104.39967346191406,121800
2014-10-22,121.06999969482422,121.97000122070312,118.95999908447266,120.30999755859375,103.83006286621094,110800
2014-10-23,121.2300033569336,123.83999633789062,119.12999725341797,121.8499984741211,105.15911102294922,232800
2014-10-24,121.97000122070312,122.9000015258789,120.2300033569336,122.11000061035156,105.38350677490234,151100
2014-10-27,122.0199966430664,125.83999633789062,121.43000030517578,125.61000061035156,108.40409088134766,191000
2014-10-28,125.95999908447266,129.64999389648438,124.8499984741211,129.25,111.54549407958984,170500
2014-10-29,128.9600067138672,129.94000244140625,126.7300033569336,128.97000122070312,111.3038558959961,120500
2014-10-30,128.8000030517578,129.94000244140625,126.69999694824219,128.74000549316406,111.10533142089844,129200
2014-10-31,131.42999267578125,134.10000610351562,129.97000122070312,133.47000122070312,115.18743896484375,152600
2014-11-03,133.3300018310547,135.07000732421875,132.33999633789062,134.58999633789062,116.15399932861328,145500
2014-11-04,134.8300018310547,138.64999389648438,134.50999450683594,137.30999755859375,118.50142669677734,228100
2014-11-05,138.82000732421875,138.82000732421875,134.94000244140625,135.3300018310547,116.79263305664062,143100
2014-11-06,136.02999877929688,136.85000610351562,134.3000030517578,136.02000427246094,117.38813018798828,193500
2014-11-07,136.0,136.0,133.89999389648438,134.64999389648438,116.20577239990234,133700
2014-11-10,134.38999938964844,137.32000732421875,132.3800048828125,137.0,118.23389434814453,205500
2014-11-11,137.33999633789062,138.19000244140625,134.99000549316406,135.8300018310547,117.22415161132812,184100
2014-11-12,135.3300018310547,136.1999969482422,133.4600067138672,133.9499969482422,115.60167694091797,186600
2014-11-13,134.72999572753906,135.60000610351562,132.9499969482422,133.32000732421875,115.05797576904297,121900
2014-11-14,132.85000610351562,134.63999938964844,131.5399932861328,131.85000610351562,113.78936767578125,128600
2014-11-17,132.4499969482422,134.64999389648438,131.33999633789062,131.49000549316406,113.47864532470703,162100
2014-11-18,132.49000549316406,135.66000366210938,132.02999877929688,134.91000366210938,116.43016815185547,147300
2014-11-19,134.47000122070312,135.25999450683594,131.77000427246094,133.1300048828125,114.89402770996094,106000
2014-11-20,132.72000122070312,133.1699981689453,131.0399932861328,132.57000732421875,114.41070556640625,69500
2014-11-21,134.22000122070312,134.22000122070312,131.08999633789062,132.5399932861328,114.38481140136719,99700
2014-11-24,133.47000122070312,135.0800018310547,132.75,134.94000244140625,116.45610046386719,123200
2014-11-25,135.69000244140625,136.3800048828125,133.0,134.9199981689453,116.4388198852539,69900
2014-11-26,135.0,135.61000061035156,134.17999267578125,134.61000061035156,116.17127990722656,71700
2014-11-28,138.89999389648438,144.10000610351562,138.89999389648438,140.25999450683594,121.0473403930664,106800
2014-12-01,140.47000122070312,141.5800018310547,137.69000244140625,138.91000366210938,119.88229370117188,144700
2014-12-02,138.86000061035156,142.61000061035156,137.75,139.72999572753906,120.58998107910156,193900
2014-12-03,138.9499969482422,141.16000366210938,138.80999755859375,140.38999938964844,121.15956115722656,110500
2014-12-04,141.14999389648438,145.42999267578125,138.47999572753906,144.07000732421875,124.33544158935547,232000
2014-12-05,145.47999572753906,146.6300048828125,141.5,142.5500030517578,123.02366638183594,155400
2014-12-08,143.47999572753906,145.99000549316406,141.47000122070312,143.47000122070312,123.817626953125,123000
2014-12-09,141.61000061035156,141.61000061035156,136.72000122070312,138.86000061035156,119.8390884399414,189600
2014-12-10,137.5,140.25999450683594,133.9600067138672,134.3800048828125,115.97279357910156,163000
2014-12-11,135.25999450683594,138.50999450683594,135.24000549316406,136.77999877929688,118.04401397705078,114300
2014-12-12,136.00999450683594,136.5399932861328,134.72999572753906,135.50999450683594,116.94798278808594,109100
2014-12-15,136.8699951171875,138.19000244140625,134.67999267578125,136.83999633789062,118.09583282470703,129000
2014-12-16,137.2899932861328,138.32000732421875,134.74000549316406,138.02000427246094,119.11418151855469,180700
2014-12-17,137.3000030517578,143.33999633789062,136.72000122070312,142.4499969482422,125.20524597167969,272200
2014-12-18,143.3699951171875,143.3699951171875,141.02999877929688,141.89999389648438,124.72179412841797,131600
2014-12-19,141.2100067138672,143.0,139.1199951171875,139.72000122070312,122.80574035644531,214600
2014-12-22,140.22000122070312,142.60000610351562,139.6300048828125,142.08999633789062,124.88880157470703,123500
2014-12-23,141.8000030517578,142.47999572753906,139.8300018310547,140.74000549316406,123.70225524902344,155200
2014-12-24,140.75,144.72000122070312,140.75,144.22000122070312,126.76095581054688,94900
2014-12-26,144.2899932861328,145.14999389648438,142.85000610351562,144.91000366210938,127.36742401123047,125600
2014-12-29,144.63999938964844,146.9499969482422,143.47999572753906,145.6699981689453,128.03546142578125,152500
2014-12-30,145.8300018310547,148.05999755859375,145.1199951171875,147.4600067138672,129.60873413085938,94700
2014-12-31,148.16000366210938,152.13999938964844,147.7100067138672,150.3300018310547,132.13131713867188,250400
2015-01-02,151.8699951171875,152.5800018310547,147.35000610351562,149.86000061035156,131.7182159423828,169900
2015-01-05,149.7100067138672,150.2899932861328,147.3800048828125,148.6300048828125,130.6370849609375,160600
2015-01-06,149.49000549316406,149.57000732421875,144.50999450683594,147.83999633789062,129.94276428222656,173200
2015-01-07,148.5,150.10000610351562,145.83999633789062,149.97999572753906,131.82366943359375,158400
2015-01-08,151.39999389648438,157.19000244140625,151.39999389648438,155.2899932861328,136.49081420898438,250500
2015-01-09,155.72000122070312,157.55999755859375,153.8300018310547,155.11000061035156,136.33262634277344,181300
2015-01-12,155.64999389648438,156.75999450683594,153.1199951171875,154.36000061035156,135.67347717285156,142700
2015-01-13,156.27000427246094,163.22000122070312,155.50999450683594,158.3000030517578,139.13644409179688,187300
2015-01-14,156.80999755859375,160.1999969482422,153.42999267578125,156.07000732421875,137.17645263671875,177700
2015-01-15,159.07000732421875,163.72999572753906,156.85000610351562,160.74000549316406,141.28111267089844,249500
2015-01-16,160.74000549316406,163.63999938964844,159.10000610351562,163.22000122070312,143.4608917236328,171900
2015-01-20,164.39999389648438,171.38999938964844,164.39999389648438,171.13999938964844,150.42208862304688,183800
2015-01-21,170.85000610351562,174.52999877929688,168.10000610351562,171.14999389648438,150.4308624267578,230100
2015-01-22,172.97999572753906,175.57000732421875,172.27000427246094,173.83999633789062,152.7952117919922,201600
2015-01-23,173.8000030517578,174.5800018310547,172.00999450683594,174.27000427246094,153.17315673828125,142900
2015-01-26,174.27000427246094,177.49000549316406,172.77999877929688,177.3300018310547,155.8627166748047,141100
2015-01-27,176.19000244140625,182.92999267578125,174.50999450683594,182.4199981689453,160.3365020751953,219100
2015-01-28,183.4199981689453,185.3000030517578,175.7100067138672,176.61000061035156,155.22991943359375,254200
2015-01-29,177.5,180.97000122070312,173.5800018310547,180.69000244140625,158.81597900390625,234100
2015-01-30,178.8800048828125,183.97000122070312,175.0500030517578,181.27000427246094,159.32571411132812,301000
2015-02-02,180.25,180.52000427246094,174.0500030517578,179.72999572753906,157.9722137451172,222200
2015-02-03,179.4600067138672,180.6999969482422,173.42999267578125,173.8300018310547,152.78646850585938,267900
2015-02-04,174.0,180.19000244140625,173.8300018310547,179.0,157.33058166503906,168000
2015-02-05,179.92999267578125,179.9499969482422,175.11000061035156,177.74000549316406,156.2230682373047,148100
2015-02-06,176.9199981689453,180.0,175.5399932861328,176.94000244140625,155.51998901367188,144500
2015-02-09,175.85000610351562,176.64999389648438,173.1300048828125,175.30999755859375,154.08724975585938,85500
2015-02-10,176.7100067138672,180.0,176.22999572753906,179.0500030517578,157.37451171875,117500
2015-02-11,179.0500030517578,182.4499969482422,178.0,181.52000427246094,159.54550170898438,129600
2015-02-12,183.5500030517578,184.08999633789062,179.36000061035156,182.49000549316406,160.39808654785156,112200
2015-02-13,181.7899932861328,181.7899932861328,177.8000030517578,178.4199981689453,156.8207244873047,131000
2015-02-17,177.91000366210938,180.0,173.77000427246094,174.8000030517578,153.63900756835938,113900
2015-02-18,174.8000030517578,176.77999877929688,173.1300048828125,176.72000122070312,155.32659912109375,147300
2015-02-19,179.1199951171875,181.74000549316406,178.66000366210938,180.5500030517578,158.6929473876953,152300
2015-02-20,181.27000427246094,184.99000549316406,180.08999633789062,184.7899932861328,162.41957092285156,94200
2015-02-23,185.6199951171875,188.0,182.60000610351562,186.27999877929688,163.72926330566406,139400
2015-02-24,185.35000610351562,188.80999755859375,184.67999267578125,188.58999633789062,165.75958251953125,92600
2015-02-25,189.6199951171875,189.6199951171875,180.8699951171875,181.47000122070312,159.5015411376953,104200
2015-02-26,181.9600067138672,184.85000610351562,180.57000732421875,184.5500030517578,162.20870971679688,92000
2015-02-27,183.72000122070312,186.4600067138672,182.0800018310547,183.6199951171875,161.39129638671875,138600
2015-03-02,183.69000244140625,187.80999755859375,183.0,186.77000427246094,164.3837432861328,110500
2015-03-03,185.57000732421875,187.25,183.08999633789062,186.49000549316406,164.1373291015625,127400
2015-03-04,185.22000122070312,186.16000366210938,183.50999450683594,184.8000030517578,162.6498565673828,92800
2015-03-05,185.0399932861328,190.0,183.7100067138672,189.72999572753906,166.9889373779297,124300
2015-03-06,189.33999633789062,190.2899932861328,185.5800018310547,186.14999389648438,163.83804321289062,150500
2015-03-09,187.0,192.05999755859375,186.77000427246094,191.24000549316406,168.3179473876953,140600
2015-03-10,191.0399932861328,193.52999877929688,187.60000610351562,191.75999450683594,168.775634765625,133900
2015-03-11,191.77000427246094,192.74000549316406,190.05999755859375,192.1300048828125,169.10130310058594,126600
2015-03-12,192.3000030517578,197.47999572753906,190.47999572753906,195.75,172.2873992919922,162400
2015-03-13,195.74000549316406,197.49000549316406,193.47999572753906,194.9499969482422,171.58326721191406,125400
2015-03-16,194.94000244140625,197.19000244140625,193.57000732421875,195.91000366210938,172.42823791503906,185800
2015-03-17,195.61000061035156,197.60000610351562,194.36000061035156,197.3300018310547,173.67803955078125,202400
2015-03-18,197.42999267578125,199.1999969482422,192.52000427246094,194.0,170.74716186523438,179500
2015-03-19,194.75,197.3300018310547,193.0399932861328,193.6999969482422,170.48309326171875,149100
2015-03-20,195.10000610351562,195.86000061035156,191.7100067138672,194.6699981689453,171.33680725097656,242000
2015-03-23,195.33999633789062,197.1300048828125,192.8000030517578,196.32000732421875,172.78909301757812,177500
2015-03-24,195.47999572753906,197.41000366210938,193.3000030517578,194.88999938964844,171.53048706054688,108000
2015-03-25,196.97999572753906,196.97999572753906,187.82000732421875,188.6999969482422,166.08241271972656,99500
2015-03-26,186.47000122070312,189.8300018310547,182.63999938964844,188.22999572753906,165.66873168945312,83000
2015-03-27,188.9199981689453,194.92999267578125,188.9199981689453,192.4499969482422,169.3829345703125,85300
2015-03-30,192.74000549316406,195.8699951171875,191.66000366210938,194.97000122070312,171.6008758544922,82300
2015-03-31,194.60000610351562,194.94000244140625,189.66000366210938,192.2899932861328,169.2421417236328,118000
2015-04-01,191.3800048828125,191.39999389648438,179.08999633789062,179.64999389648438,158.11712646484375,207400
2015-04-02,180.8699951171875,183.75,161.3699951171875,161.89999389648438,142.49464416503906,503400
2015-04-06,163.5,169.7899932861328,163.00999450683594,166.61000061035156,146.64010620117188,541600
2015-04-07,166.39999389648438,168.6999969482422,164.5,167.1999969482422,147.15943908691406,199000
2015-04-08,169.0,171.94000244140625,167.5399932861328,169.4499969482422,149.1397247314453,298800
2015-04-09,169.67999267578125,170.66000366210938,166.4600067138672,168.6300048828125,148.41802978515625,206700
2015-04-10,169.86000061035156,169.86000061035156,166.2100067138672,168.22000122070312,148.05714416503906,144100
2015-04-13,167.5,172.5399932861328,167.5,169.11000061035156,148.84048461914062,124200
2015-04-14,169.89999389648438,169.89999389648438,167.1699981689453,168.13999938964844,147.9867706298828,180800
2015-04-15,169.16000366210938,170.27000427246094,167.25999450683594,168.00999450683594,147.87229919433594,159900
2015-04-16,168.3000030517578,172.08999633789062,168.0,168.44000244140625,148.2507781982422,114200
2015-04-17,167.75999450683594,169.02999877929688,166.6699981689453,167.33999633789062,147.2826385498047,117100
2015-04-20,168.82000732421875,169.9600067138672,166.3000030517578,168.86000061035156,148.62046813964844,142100
2015-04-21,170.05999755859375,170.25,167.8800048828125,168.9499969482422,148.69964599609375,144300
2015-04-22,169.0,170.94000244140625,167.57000732421875,167.85000610351562,147.73146057128906,168700
2015-04-23,170.35000610351562,170.69000244140625,164.05999755859375,167.02000427246094,147.00100708007812,192900
2015-04-24,167.02000427246094,169.11000061035156,164.6199951171875,168.1199951171875,147.96914672851562,140600
2015-04-27,167.0,168.7899932861328,161.1699981689453,164.30999755859375,144.6157684326172,172800
2015-04-28,164.0,167.07000732421875,160.22999572753906,164.4199981689453,144.71263122558594,164600
2015-04-29,164.1199951171875,164.22999572753906,156.3000030517578,159.58999633789062,140.4615478515625,130900
2015-04-30,159.0399932861328,160.9199981689453,153.02000427246094,153.75999450683594,135.330322265625,226800
2015-05-01,153.92999267578125,159.1300048828125,153.75,157.77999877929688,138.86849975585938,205400
2015-05-04,159.0,161.63999938964844,157.4199981689453,159.9199981689453,140.75198364257812,259400
2015-05-05,159.13999938964844,161.4600067138672,155.00999450683594,156.4499969482422,137.6978759765625,168500
2015-05-06,159.6999969482422,159.6999969482422,153.77999877929688,158.27999877929688,139.30856323242188,172000
2015-05-07,157.66000366210938,162.97999572753906,156.2100067138672,162.0800018310547,142.65309143066406,154400
2015-05-08,163.19000244140625,166.33999633789062,162.1199951171875,164.44000244140625,144.730224609375,191300
2015-05-11,164.5,168.55999755859375,164.5,167.3000030517578,147.24742126464844,125200
2015-05-12,166.5,167.25,164.88999938964844,166.00999450683594,146.1120147705078,128300
2015-05-13,166.85000610351562,168.13999938964844,164.3000030517578,164.66000366210938,144.92384338378906,118900
2015-05-14,165.32000732421875,167.22999572753906,163.67999267578125,166.66000366210938,146.68411254882812,103000
2015-05-15,167.0800018310547,167.72999572753906,165.02000427246094,166.35000610351562,146.41127014160156,125700
2015-05-18,166.22000122070312,167.2899932861328,165.25999450683594,166.47999572753906,146.74624633789062,107000
2015-05-19,166.8699951171875,167.2100067138672,163.22999572753906,164.57000732421875,145.0626678466797,169800
2015-05-20,165.3800048828125,165.3800048828125,156.52999877929688,157.32000732421875,138.67205810546875,219500
2015-05-21,157.02999877929688,160.85000610351562,156.25999450683594,159.10000610351562,140.24107360839844,180500
2015-05-22,159.3300018310547,161.9499969482422,156.22999572753906,157.52999877929688,138.8571319580078,59600
2015-05-26,157.67999267578125,157.67999267578125,151.07000732421875,152.6300048828125,134.53793334960938,135600
2015-05-27,153.55999755859375,155.24000549316406,151.0399932861328,154.63999938964844,136.30970764160156,93100
2015-05-28,154.25,154.44000244140625,152.0500030517578,154.33999633789062,136.0452880859375,95700
2015-05-29,153.91000366210938,157.7899932861328,153.69000244140625,157.47000122070312,138.8042449951172,143400
2015-06-01,157.60000610351562,161.9499969482422,155.4499969482422,161.02999877929688,141.94227600097656,167200
2015-06-02,159.3699951171875,160.97999572753906,158.02000427246094,158.94000244140625,140.09999084472656,154400
2015-06-03,159.74000549316406,164.2899932861328,159.0,164.0500030517578,144.6042938232422,119400
2015-06-04,165.0,166.8300018310547,164.8699951171875,165.74000549316406,146.09397888183594,203000
2015-06-05,165.9499969482422,166.55999755859375,164.0,165.8800048828125,146.21739196777344,142400
2015-06-08,165.25,165.25,159.00999450683594,160.2899932861328,141.28994750976562,195500
2015-06-09,158.6999969482422,162.58999633789062,153.75999450683594,159.11000061035156,140.2498321533203,184700
2015-06-10,158.61000061035156,164.3699951171875,158.61000061035156,162.83999633789062,143.53770446777344,159100
2015-06-11,163.5500030517578,164.0800018310547,160.94000244140625,162.32000732421875,143.07937622070312,83500
2015-06-12,161.69000244140625,165.77000427246094,160.85000610351562,165.25,145.6620330810547,122300
2015-06-15,163.72000122070312,166.25,160.10000610351562,163.50999450683594,144.12828063964844,140900
2015-06-16,163.97000122070312,168.2100067138672,162.72000122070312,167.5,147.6453399658203,153100
2015-06-17,167.08999633789062,168.58999633789062,166.30999755859375,168.05999755859375,148.138916015625,113400
2015-06-18,170.3800048828125,178.30999755859375,169.2100067138672,178.02000427246094,156.91836547851562,233600
2015-06-19,177.80999755859375,181.91000366210938,177.1699981689453,179.42999267578125,158.1612091064453,209200
2015-06-22,181.0399932861328,181.19000244140625,177.02000427246094,179.4499969482422,158.17884826660156,202800
2015-06-23,179.4499969482422,181.66000366210938,176.3800048828125,179.07000732421875,157.84390258789062,117600
2015-06-24,179.0800018310547,180.05999755859375,176.32000732421875,178.49000549316406,157.33262634277344,117800
2015-06-25,179.30999755859375,183.50999450683594,178.9499969482422,180.63999938964844,159.22776794433594,234000
2015-06-26,180.6300048828125,181.30999755859375,179.05999755859375,179.5500030517578,158.2669677734375,220600
2015-06-29,178.14999389648438,181.42999267578125,175.7899932861328,175.99000549316406,155.1289825439453,156900
2015-06-30,177.0,181.25,176.55999755859375,177.8800048828125,156.7949676513672,150800
2015-07-01,180.42999267578125,180.67999267578125,175.0,177.1699981689453,156.16909790039062,218500
2015-07-02,176.77000427246094,179.5,175.97999572753906,177.14999389648438,156.15147399902344,148500
2015-07-06,176.02000427246094,182.47000122070312,176.02000427246094,181.85000610351562,160.29434204101562,239900
2015-07-07,182.0,184.11000061035156,179.52000427246094,182.9199981689453,161.23751831054688,171200
2015-07-08,182.9600067138672,190.75,180.19000244140625,190.44000244140625,167.8661651611328,208700
2015-07-09,190.77999877929688,193.91000366210938,188.0,188.80999755859375,166.42935180664062,256000
2015-07-10,190.16000366210938,194.75,190.16000366210938,194.35000610351562,171.31268310546875,274100
2015-07-13,197.16000366210938,199.47999572753906,195.00999450683594,195.60000610351562,172.4145050048828,185600
2015-07-14,195.0,198.0,192.25999450683594,193.47999572753906,170.5457763671875,277100
2015-07-15,192.22000122070312,200.58999633789062,191.05999755859375,197.85000610351562,174.39779663085938,176100
2015-07-16,199.0,202.64999389648438,196.35000610351562,200.97999572753906,177.1567840576172,167100
2015-07-17,200.6699981689453,204.02999877929688,199.82000732421875,202.99000549316406,178.92848205566406,177100
2015-07-20,204.42999267578125,204.74000549316406,200.1699981689453,203.0399932861328,178.97259521484375,260800
2015-07-21,202.5,204.6300048828125,199.64999389648438,203.72999572753906,179.58082580566406,183800
2015-07-22,204.47000122070312,207.64999389648438,203.8800048828125,205.0,180.7002716064453,249200
2015-07-23,206.10000610351562,208.88999938964844,203.25999450683594,205.0500030517578,180.74435424804688,199000
2015-07-24,205.1999969482422,208.4499969482422,202.2899932861328,204.05999755859375,179.8717041015625,119900
2015-07-27,203.0800018310547,204.9600067138672,200.80999755859375,203.4199981689453,179.3075714111328,133100
2015-07-28,203.32000732421875,207.9499969482422,202.0,207.4600067138672,182.86866760253906,182500
2015-07-29,207.5500030517578,209.8000030517578,204.9600067138672,205.61000061035156,181.23794555664062,210800
2015-07-30,210.0,220.8000030517578,205.47000122070312,212.08999633789062,186.94984436035156,512400
2015-07-31,211.3699951171875,215.47999572753906,210.0,212.72999572753906,187.51400756835938,201900
2015-08-03,215.6699981689453,224.3000030517578,213.50999450683594,219.8699951171875,193.8076171875,307200
2015-08-04,219.0800018310547,220.66000366210938,216.38999938964844,220.07000732421875,193.9839324951172,154400
2015-08-05,221.25999450683594,229.69000244140625,221.07000732421875,228.8000030517578,201.67913818359375,237400
2015-08-06,228.8000030517578,232.6699981689453,222.5,223.9600067138672,197.41282653808594,210900
2015-08-07,222.9600067138672,225.25,219.72000122070312,220.0,193.9222412109375,200600
2015-08-10,222.02000427246094,225.33999633789062,218.0500030517578,221.99000549316406,195.6763458251953,176900
2015-08-11,221.0,230.22000122070312,221.0,226.99000549316406,200.08367919921875,156400
2015-08-12,225.89999389648438,227.8000030517578,215.2100067138672,226.00999450683594,199.2198486328125,199900
2015-08-13,227.6699981689453,235.8800048828125,224.63999938964844,233.3699951171875,205.70742797851562,224600
2015-08-14,232.27000427246094,232.97000122070312,228.8800048828125,232.8699951171875,205.2666778564453,152300
2015-08-17,230.5500030517578,238.1300048828125,229.07000732421875,233.97999572753906,206.24514770507812,175500
2015-08-18,234.67999267578125,237.38999938964844,228.1999969482422,228.83999633789062,201.97335815429688,222700
2015-08-19,228.8000030517578,231.47000122070312,225.1999969482422,226.72000122070312,200.10223388671875,317200
2015-08-20,224.39999389648438,225.0399932861328,219.19000244140625,219.9199981689453,194.10061645507812,236600
2015-08-21,215.7100067138672,221.97000122070312,212.57000732421875,216.08999633789062,190.72024536132812,290200
2015-08-24,206.8300018310547,218.0500030517578,192.35000610351562,209.27000427246094,184.70094299316406,166600
2015-08-25,216.97000122070312,221.61000061035156,211.36000061035156,212.24000549316406,187.322265625,173900
2015-08-26,217.39999389648438,219.9499969482422,207.77999877929688,215.92999267578125,190.5790557861328,125200
2015-08-27,218.6999969482422,220.4199981689453,203.57000732421875,209.7899932861328,185.1598663330078,305900
2015-08-28,208.50999450683594,211.66000366210938,205.72000122070312,208.41000366210938,183.94189453125,289700
2015-08-31,207.89999389648438,211.86000061035156,202.02999877929688,203.25999450683594,179.39651489257812,246300
2015-09-01,200.2100067138672,203.3699951171875,194.33999633789062,195.7899932861328,172.80352783203125,436600
2015-09-02,197.3000030517578,206.58999633789062,196.22999572753906,206.42999267578125,182.19435119628906,267500
2015-09-03,206.49000549316406,209.58999633789062,202.92999267578125,203.8699951171875,179.93487548828125,226100
2015-09-04,201.77999877929688,205.58999633789062,200.19000244140625,203.07000732421875,179.22885131835938,225200
2015-09-08,205.99000549316406,211.9499969482422,205.99000549316406,210.85000610351562,186.095458984375,166700
2015-09-09,213.33999633789062,214.82000732421875,206.9499969482422,209.86000061035156,185.22166442871094,160800
2015-09-10,210.44000244140625,212.0399932861328,207.75,208.49000549316406,184.0124969482422,91700
2015-09-11,207.89999389648438,213.9499969482422,207.89999389648438,211.99000549316406,187.10159301757812,143300
2015-09-14,211.66000366210938,214.3699951171875,210.27000427246094,211.8699951171875,186.9956817626953,118200
2015-09-15,213.1300048828125,216.0399932861328,210.50999450683594,213.75999450683594,188.6637725830078,148900
2015-09-16,212.75999450683594,214.82000732421875,211.82000732421875,212.8800048828125,187.88710021972656,125900
2015-09-17,213.0,220.13999938964844,211.52000427246094,218.74000549316406,193.0591278076172,163600
2015-09-18,216.1999969482422,220.6999969482422,213.74000549316406,218.08999633789062,192.48545837402344,287200
2015-09-21,218.6999969482422,220.9499969482422,214.0,218.16000366210938,192.54721069335938,86800
2015-09-22,216.60000610351562,216.60000610351562,209.75,212.1199951171875,187.21629333496094,95200
2015-09-23,213.49000549316406,217.27000427246094,209.02999877929688,215.47000122070312,190.1730499267578,113700
2015-09-24,214.00999450683594,217.39999389648438,210.67999267578125,214.8000030517578,189.5817413330078,146000
2015-09-25,217.02999877929688,220.42999267578125,215.0800018310547,219.33999633789062,193.58863830566406,167800
2015-09-28,217.91000366210938,219.25999450683594,210.0,213.02999877929688,188.01947021484375,229700
2015-09-29,213.32000732421875,214.49000549316406,209.4499969482422,210.85000610351562,186.095458984375,204900
2015-09-30,212.49000549316406,217.4499969482422,211.3000030517578,216.25,190.86143493652344,202900
2015-10-01,215.36000061035156,219.97999572753906,212.3000030517578,217.97999572753906,192.3883514404297,124000
2015-10-02,216.3000030517578,220.4600067138672,210.5500030517578,215.58999633789062,190.27894592285156,107700
2015-10-05,216.55999755859375,218.88999938964844,213.27000427246094,216.05999755859375,190.69375610351562,182100
2015-10-06,216.27999877929688,216.27999877929688,208.0,208.60000610351562,184.109619140625,238200
2015-10-07,209.9499969482422,215.05999755859375,207.14999389648438,213.83999633789062,188.73439025878906,172800
2015-10-08,212.9499969482422,214.22999572753906,209.39999389648438,212.66000366210938,187.69296264648438,95800
2015-10-09,211.4499969482422,219.74000549316406,210.94000244140625,217.67999267578125,192.1235809326172,96500
2015-10-12,219.1199951171875,228.7899932861328,219.10000610351562,227.86000061035156,201.1083984375,172800
2015-10-13,224.97999572753906,227.2100067138672,218.41000366210938,218.92999267578125,193.226806640625,136800
2015-10-14,219.7899932861328,221.8699951171875,213.35000610351562,214.8300018310547,189.60816955566406,105300
2015-10-15,215.0,217.1999969482422,212.60000610351562,216.52000427246094,191.09976196289062,140100
2015-10-16,216.52000427246094,216.52000427246094,210.0500030517578,214.75,189.53758239746094,171800
2015-10-19,214.8300018310547,221.1300048828125,213.17999267578125,219.9499969482422,194.1270751953125,107300
2015-10-20,220.47999572753906,221.02000427246094,215.0,217.66000366210938,192.10595703125,115100
2015-10-21,219.0,219.10000610351562,214.2100067138672,215.97000122070312,190.61431884765625,143500
2015-10-22,212.5,212.5,194.0,201.00999450683594,177.41067504882812,512500
2015-10-23,201.0,203.24000549316406,199.3800048828125,203.07000732421875,179.22885131835938,159000
2015-10-26,203.1199951171875,205.85000610351562,199.9499969482422,201.63999938964844,177.96670532226562,191200
2015-10-27,201.58999633789062,204.49000549316406,197.94000244140625,204.27999877929688,180.2967987060547,175400
2015-10-28,203.4600067138672,204.02000427246094,198.27999877929688,199.9499969482422,176.4751434326172,144400
2015-10-29,199.92999267578125,201.63999938964844,197.16000366210938,197.77000427246094,174.55108642578125,180300
2015-10-30,197.8800048828125,199.82000732421875,196.5,197.4499969482422,174.26864624023438,168700
2015-11-02,198.3699951171875,199.0,195.1300048828125,195.35000610351562,172.41519165039062,189200
2015-11-03,195.3300018310547,196.1300048828125,192.89999389648438,195.55999755859375,172.60052490234375,235100
2015-11-04,195.0,196.86000061035156,191.0,195.6999969482422,172.7240753173828,125800
2015-11-05,196.4199981689453,199.6300048828125,196.3800048828125,198.9600067138672,175.60140991210938,79800
2015-11-06,198.10000610351562,203.19000244140625,197.52000427246094,202.89999389648438,179.0788116455078,95300
2015-11-09,202.02000427246094,202.75,195.52999877929688,196.27000427246094,173.22715759277344,105600
2015-11-10,196.66000366210938,198.97000122070312,191.10000610351562,194.75,171.88565063476562,163300
2015-11-11,194.7100067138672,195.97999572753906,189.1300048828125,190.17999267578125,167.8521728515625,178600
2015-11-12,189.35000610351562,195.07000732421875,184.35000610351562,184.9499969482422,163.2362060546875,224200
2015-11-13,183.1699981689453,188.22000122070312,181.5,185.1699981689453,163.4303741455078,132600
2015-11-16,184.0399932861328,186.6300048828125,182.27999877929688,185.6199951171875,163.82752990722656,106700
2015-11-17,186.44000244140625,191.77000427246094,186.0,186.57000732421875,164.66604614257812,123000
2015-11-18,187.77000427246094,190.69000244140625,183.72999572753906,190.13999938964844,167.81687927246094,142800
2015-11-19,190.47999572753906,193.27000427246094,190.00999450683594,191.58999633789062,169.36380004882812,110900
2015-11-20,192.58999633789062,197.64999389648438,192.3300018310547,197.57000732421875,174.65016174316406,113100
2015-11-23,197.97000122070312,200.39999389648438,197.14999389648438,200.0800018310547,176.8689422607422,125900
2015-11-24,197.2100067138672,204.4600067138672,187.1699981689453,189.8300018310547,167.80799865722656,182800
2015-11-25,189.8300018310547,191.27000427246094,188.11000061035156,190.44000244140625,168.3472900390625,139100
2015-11-27,190.91000366210938,196.11000061035156,189.86000061035156,193.27999877929688,170.85777282714844,38600
2015-11-30,185.8800048828125,193.36000061035156,174.24000549316406,175.1300048828125,154.81336975097656,371000
2015-12-01,175.4499969482422,189.5,174.60000610351562,178.16000366210938,157.49185180664062,206700
2015-12-02,177.16000366210938,177.9499969482422,169.02000427246094,177.07000732421875,156.52830505371094,312400
2015-12-03,177.5,181.80999755859375,172.72000122070312,173.07000732421875,152.9923553466797,165500
2015-12-04,173.24000549316406,180.61000061035156,173.24000549316406,177.32000732421875,156.74932861328125,119900
2015-12-07,177.97999572753906,179.8800048828125,175.47999572753906,176.94000244140625,156.4134063720703,155700
2015-12-08,175.52999877929688,177.1199951171875,172.88999938964844,175.39999389648438,155.05201721191406,120100
2015-12-09,174.58999633789062,177.58999633789062,170.27000427246094,171.42999267578125,151.54258728027344,144200
2015-12-10,170.8300018310547,178.77999877929688,170.5800018310547,177.08999633789062,156.54598999023438,150600
2015-12-11,173.57000732421875,179.75,169.0399932861328,169.97999572753906,150.26080322265625,122000
2015-12-14,169.5800018310547,175.6300048828125,169.5800018310547,173.63999938964844,153.4962158203125,171800
2015-12-15,176.1300048828125,179.99000549316406,175.1300048828125,178.02999877929688,157.37692260742188,150300
2015-12-16,177.33999633789062,179.75,171.2100067138672,175.10000610351562,156.23487854003906,140900
2015-12-17,175.8699951171875,176.17999267578125,171.97999572753906,172.3000030517578,153.7365264892578,103600
2015-12-18,172.10000610351562,174.0800018310547,167.97000122070312,168.2899932861328,150.15855407714844,175100
2015-12-21,169.86000061035156,175.2100067138672,169.86000061035156,174.9199981689453,156.07423400878906,101200
2015-12-22,175.97999572753906,176.35000610351562,169.1300048828125,172.22000122070312,153.66513061523438,120100
2015-12-23,173.5399932861328,173.5399932861328,169.5800018310547,172.33999633789062,153.77223205566406,128300
2015-12-24,171.02000427246094,175.66000366210938,170.58999633789062,173.24000549316406,154.57525634765625,52500
2015-12-28,173.89999389648438,175.5399932861328,172.0800018310547,173.5500030517578,154.8518524169922,150400
2015-12-29,174.27000427246094,177.27999877929688,173.11000061035156,176.42999267578125,157.4215545654297,98800
2015-12-30,176.6699981689453,177.22000122070312,172.1699981689453,172.36000061035156,153.79002380371094,95000
2015-12-31,171.77999877929688,171.77999877929688,166.58999633789062,167.8300018310547,149.7481231689453,162400
2016-01-04,164.7899932861328,167.27000427246094,155.63999938964844,161.0500030517578,143.6985626220703,264800
2016-01-05,161.75999450683594,164.42999267578125,159.10000610351562,160.9199981689453,143.58261108398438,228300
2016-01-06,159.0,163.1199951171875,157.97000122070312,158.0399932861328,141.0128631591797,225400
2016-01-07,155.83999633789062,158.4499969482422,150.3000030517578,150.52999877929688,134.31195068359375,309800
2016-01-08,148.97999572753906,154.00999450683594,147.49000549316406,147.66000366210938,131.751220703125,384000
2016-01-11,149.25,159.91000366210938,149.05999755859375,159.39999389648438,142.22634887695312,258400
2016-01-12,160.17999267578125,163.61000061035156,158.5399932861328,161.24000549316406,143.86814880371094,263500
2016-01-13,161.64999389648438,161.64999389648438,153.74000549316406,155.58999633789062,138.8268280029297,316200
2016-01-14,155.4199981689453,162.11000061035156,151.67999267578125,161.32000732421875,143.93951416015625,270900
2016-01-15,156.5500030517578,161.35000610351562,155.1300048828125,158.75999450683594,141.65525817871094,260800
2016-01-19,160.36000061035156,162.64999389648438,153.10000610351562,156.19000244140625,139.3622283935547,221000
2016-01-20,155.22000122070312,167.35000610351562,153.5399932861328,163.97999572753906,146.3129119873047,317800
2016-01-21,164.05999755859375,165.72000122070312,154.52999877929688,158.14999389648438,141.11099243164062,379600
2016-01-22,159.91000366210938,164.39999389648438,156.5,160.50999450683594,143.2167510986328,184600
2016-01-25,159.75999450683594,162.1300048828125,157.5,158.99000549316406,141.8605499267578,236300
2016-01-26,159.08999633789062,163.85000610351562,158.07000732421875,162.1999969482422,144.72470092773438,234200
2016-01-27,162.66000366210938,165.99000549316406,157.5,158.5,141.42330932617188,204500
2016-01-28,141.0,158.8800048828125,134.63999938964844,152.77000427246094,136.31065368652344,454100
2016-01-29,152.77999877929688,162.4600067138672,151.44000244140625,160.47000122070312,143.1810760498047,362900
2016-02-01,159.66000366210938,169.42999267578125,158.85000610351562,166.64999389648438,148.6952667236328,385700
2016-02-02,165.4499969482422,169.24000549316406,158.25,160.8300018310547,143.50228881835938,235000
2016-02-03,162.97999572753906,162.97999572753906,154.8300018310547,160.14999389648438,142.89553833007812,206800
2016-02-04,160.10000610351562,160.10000610351562,153.25,158.42999267578125,141.36085510253906,311600
2016-02-05,157.3800048828125,162.75,148.0,148.64999389648438,132.63455200195312,189700
2016-02-08,146.97999572753906,149.10000610351562,144.72999572753906,147.72999572753906,131.8136749267578,136300
2016-02-09,145.75,152.1999969482422,145.36000061035156,150.33999633789062,134.1424560546875,87800
2016-02-10,151.97000122070312,154.77000427246094,150.24000549316406,151.61000061035156,135.275634765625,111700
2016-02-11,148.92999267578125,156.25999450683594,145.10000610351562,152.9499969482422,136.4712677001953,87600
2016-02-12,153.99000549316406,156.61000061035156,151.52000427246094,154.52999877929688,137.8810272216797,160100
2016-02-16,155.4199981689453,156.5800018310547,151.3000030517578,155.47000122070312,138.71975708007812,123300
2016-02-17,155.9499969482422,160.0,154.5500030517578,155.6199951171875,138.8535919189453,135300
2016-02-18,155.88999938964844,159.99000549316406,154.0500030517578,157.4499969482422,140.48646545410156,139000
2016-02-19,156.66000366210938,161.1999969482422,156.14999389648438,158.36000061035156,141.2983856201172,120000
2016-02-22,159.64999389648438,162.39999389648438,156.17999267578125,158.05999755859375,141.0307159423828,151300
2016-02-23,157.8300018310547,161.66000366210938,157.7899932861328,161.19000244140625,143.82350158691406,103800
2016-02-24,159.94000244140625,164.91000366210938,158.6999969482422,164.7100067138672,146.96426391601562,100000
2016-02-25,165.0,169.75,163.19000244140625,169.3000030517578,151.0597381591797,131100
2016-02-26,170.0,170.0,161.42999267578125,163.02000427246094,145.45631408691406,135700
2016-02-29,162.77000427246094,165.0,162.0,163.8800048828125,146.22369384765625,175200
2016-03-01,165.6199951171875,171.1699981689453,164.8000030517578,170.97000122070312,152.5498046875,136700
2016-03-02,171.94000244140625,171.94000244140625,167.5,169.8300018310547,151.79891967773438,125600
2016-03-03,170.5500030517578,173.16000366210938,168.5500030517578,172.72999572753906,154.39109802246094,199700
2016-03-04,172.6999969482422,174.16000366210938,169.0800018310547,172.0,153.7386016845703,167200
2016-03-07,171.13999938964844,171.7100067138672,168.8000030517578,170.13999938964844,152.07606506347656,174500
2016-03-08,168.38999938964844,170.47999572753906,166.3000030517578,166.83999633789062,149.12644958496094,180100
2016-03-09,166.89999389648438,168.5399932861328,165.35000610351562,167.35000610351562,149.5823211669922,157700
2016-03-10,167.8800048828125,171.6999969482422,163.72999572753906,167.39999389648438,149.62698364257812,336000
2016-03-11,168.66000366210938,171.36000061035156,167.50999450683594,169.97000122070312,151.9241180419922,127200
2016-03-14,169.61000061035156,170.7100067138672,167.00999450683594,168.8000030517578,150.8783721923828,124400
2016-03-15,167.3300018310547,170.32000732421875,167.07000732421875,170.11000061035156,152.04925537109375,217800
2016-03-16,169.11000061035156,173.0399932861328,169.11000061035156,172.4199981689453,154.11402893066406,154500
2016-03-17,171.7899932861328,172.05999755859375,167.00999450683594,169.19000244140625,151.22694396972656,90200
2016-03-18,170.13999938964844,174.85000610351562,170.13999938964844,173.10000610351562,154.72178649902344,281400
2016-03-21,172.52999877929688,175.58999633789062,172.1300048828125,175.00999450683594,156.42901611328125,143000
2016-03-22,173.4600067138672,176.4499969482422,172.25,174.36000061035156,155.8480224609375,126000
2016-03-23,174.64999389648438,179.11000061035156,173.72000122070312,174.8300018310547,156.2681427001953,105400
2016-03-24,174.08999633789062,175.0,171.3800048828125,172.85000610351562,154.49835205078125,111400
2016-03-28,173.35000610351562,177.3800048828125,173.0,176.22000122070312,157.51055908203125,77800
2016-03-29,176.24000549316406,181.47000122070312,175.36000061035156,180.80999755859375,161.61326599121094,162800
2016-03-30,181.33999633789062,182.5,177.94000244140625,180.0,160.8892059326172,103300
2016-03-31,179.5500030517578,182.24000549316406,177.52000427246094,178.05999755859375,159.15518188476562,102400
2016-04-01,176.30999755859375,176.58999633789062,174.05999755859375,175.27999877929688,156.67031860351562,109400
2016-04-04,175.4499969482422,177.86000061035156,172.9199981689453,173.4499969482422,155.03466796875,117200
2016-04-05,171.75999450683594,175.8800048828125,171.32000732421875,171.80999755859375,153.56875610351562,102000
2016-04-06,171.94000244140625,171.94000244140625,166.75,170.49000549316406,152.388916015625,115500
2016-04-07,170.39999389648438,175.75999450683594,170.1699981689453,172.22000122070312,153.9352264404297,118600
2016-04-08,173.25,176.3300018310547,171.64999389648438,174.1199951171875,155.63351440429688,98000
2016-04-11,174.6699981689453,178.55999755859375,174.14999389648438,174.66000366210938,156.11619567871094,79300
2016-04-12,174.55999755859375,178.91000366210938,174.55999755859375,177.7100067138672,158.84237670898438,127300
2016-04-13,179.1300048828125,179.99000549316406,177.4499969482422,179.67999267578125,160.6032257080078,100900
2016-04-14,180.0,182.49000549316406,178.85000610351562,181.07000732421875,161.8456268310547,95600
2016-04-15,178.58999633789062,179.9600067138672,175.38999938964844,178.11000061035156,159.19989013671875,119500
2016-04-18,178.1199951171875,182.05999755859375,178.02999877929688,181.75,162.45343017578125,107100
2016-04-19,182.60000610351562,183.91000366210938,178.0,178.27000427246094,159.3429412841797,95500
2016-04-20,178.14999389648438,182.6699981689453,175.94000244140625,176.32000732421875,157.5999755859375,123800
2016-04-21,176.61000061035156,178.7100067138672,171.22000122070312,174.2899932861328,155.78546142578125,189900
2016-04-22,173.0399932861328,175.75,166.6300048828125,168.08999633789062,150.2437286376953,171700
2016-04-25,168.10000610351562,168.9499969482422,165.8699951171875,167.72999572753906,149.92196655273438,106600
2016-04-26,167.9600067138672,171.4600067138672,167.39999389648438,170.36000061035156,152.27273559570312,100100
2016-04-27,169.86000061035156,171.77000427246094,166.8300018310547,168.4600067138672,150.57444763183594,127400
2016-04-28,170.0500030517578,175.75999450683594,164.99000549316406,165.89999389648438,148.28623962402344,173000
2016-04-29,164.8800048828125,165.0,158.8699951171875,160.57000732421875,143.52212524414062,167200
2016-05-02,161.0,162.8000030517578,157.77999877929688,159.2100067138672,142.30653381347656,169000
2016-05-03,158.38999938964844,160.0,153.64999389648438,157.5399932861328,140.8138427734375,220900
2016-05-04,156.5399932861328,158.14999389648438,153.42999267578125,154.1999969482422,137.8284454345703,141300
2016-05-05,154.74000549316406,156.8800048828125,153.63999938964844,153.82000732421875,137.48883056640625,118200
2016-05-06,153.1699981689453,154.3800048828125,147.22000122070312,151.42999267578125,135.35256958007812,153500
2016-05-09,151.17999267578125,155.4600067138672,149.63999938964844,152.27999877929688,136.11228942871094,190500
2016-05-10,153.00999450683594,154.60000610351562,151.57000732421875,152.60000610351562,136.3983154296875,113600
2016-05-11,152.05999755859375,152.49000549316406,146.0500030517578,146.5500030517578,130.9906463623047,118500
2016-05-12,146.8000030517578,147.25999450683594,138.4600067138672,140.4199981689453,125.511474609375,215800
2016-05-13,140.67999267578125,144.2100067138672,140.5,142.64999389648438,127.50470733642578,133300
2016-05-16,143.6300048828125,146.0,141.22000122070312,144.8800048828125,129.49790954589844,137000
2016-05-17,144.5,147.47999572753906,142.08999633789062,143.39999389648438,128.17506408691406,158400
2016-05-18,141.69000244140625,145.5,140.8300018310547,142.32000732421875,127.83378601074219,122200
2016-05-19,141.47999572753906,143.9199981689453,138.13999938964844,140.7100067138672,126.38762664794922,96200
2016-05-20,140.8300018310547,141.5500030517578,139.00999450683594,140.02999877929688,125.77687072753906,144600
2016-05-23,140.35000610351562,141.22000122070312,137.83999633789062,138.14999389648438,124.08818817138672,80000
2016-05-24,139.02000427246094,139.60000610351562,137.4199981689453,138.97000122070312,124.82474517822266,115500
2016-05-25,139.4499969482422,142.14999389648438,138.72000122070312,139.1199951171875,124.95947265625,122200
2016-05-26,139.44000244140625,139.44000244140625,135.57000732421875,136.49000549316406,122.5971908569336,221100
2016-05-27,137.1300048828125,139.85000610351562,136.47000122070312,139.6699981689453,125.45348358154297,168300
2016-05-31,140.0500030517578,140.9199981689453,137.19000244140625,139.02000427246094,124.86964416503906,185300
2016-06-01,138.99000549316406,142.77999877929688,138.5,142.6699981689453,128.14813232421875,264800
2016-06-02,142.2899932861328,144.7899932861328,139.8699951171875,140.38999938964844,126.1002426147461,175500
2016-06-03,140.5500030517578,140.5500030517578,136.0399932861328,138.61000061035156,124.50138854980469,132800
2016-06-06,138.9600067138672,140.47999572753906,138.1699981689453,140.1300048828125,125.86663055419922,133700
2016-06-07,140.77000427246094,144.6699981689453,139.14999389648438,143.5500030517578,128.9385986328125,162400
2016-06-08,143.4199981689453,153.4499969482422,143.4199981689453,152.9199981689453,137.35482788085938,351800
2016-06-09,152.4199981689453,155.32000732421875,149.2100067138672,150.74000549316406,135.396728515625,189500
2016-06-10,149.38999938964844,152.1300048828125,147.0,148.6699981689453,133.5374298095703,127200
2016-06-13,146.00999450683594,148.63999938964844,145.1699981689453,145.85000610351562,131.0044708251953,121700
2016-06-14,147.0800018310547,150.92999267578125,146.74000549316406,148.92999267578125,133.77096557617188,162400
2016-06-15,149.0399932861328,149.35000610351562,145.97000122070312,146.47999572753906,131.5703582763672,177600
2016-06-16,145.8699951171875,147.22000122070312,144.4499969482422,146.1300048828125,131.25596618652344,150700
2016-06-17,146.07000732421875,146.88999938964844,143.22000122070312,143.89999389648438,129.25296020507812,252200
2016-06-20,145.52999877929688,146.97000122070312,142.3699951171875,143.99000549316406,129.33380126953125,129300
2016-06-21,145.08999633789062,146.27000427246094,143.61000061035156,145.07000732421875,130.30384826660156,149500
2016-06-22,145.5399932861328,147.5800018310547,142.5399932861328,143.33999633789062,128.7499542236328,129600
2016-06-23,144.6999969482422,146.47999572753906,142.44000244140625,143.50999450683594,128.90261840820312,128800
2016-06-24,136.72000122070312,142.66000366210938,136.25,141.5,127.09722137451172,175300
2016-06-27,142.4600067138672,143.75999450683594,135.8699951171875,138.5500030517578,124.44752502441406,210100
2016-06-28,139.38999938964844,143.8300018310547,138.0,141.4499969482422,127.05229949951172,176900
2016-06-29,143.0,147.4499969482422,142.5,145.50999450683594,130.6990509033203,172600
2016-06-30,146.5500030517578,151.55999755859375,143.27999877929688,151.5,136.07936096191406,200900
2016-07-01,151.6199951171875,152.80999755859375,148.6699981689453,148.77999877929688,133.63619995117188,138400
2016-07-05,147.5,147.5,143.30999755859375,144.52000427246094,129.80984497070312,200700
2016-07-06,143.02000427246094,145.9600067138672,137.83999633789062,145.49000549316406,130.6811065673828,312800
2016-07-07,144.74000549316406,148.24000549316406,144.02000427246094,145.67999267578125,130.85174560546875,206300
2016-07-08,147.05999755859375,150.50999450683594,146.5,148.17999267578125,133.09727478027344,176900
2016-07-11,148.58999633789062,149.97999572753906,146.4600067138672,146.92999267578125,131.9744873046875,178000
2016-07-12,149.44000244140625,149.94000244140625,145.69000244140625,148.5,133.3846893310547,252900
2016-07-13,149.8300018310547,150.5,146.27000427246094,147.16000366210938,132.18112182617188,118200
2016-07-14,147.97999572753906,151.3699951171875,146.4199981689453,149.57000732421875,134.3458251953125,203900
2016-07-15,150.3699951171875,150.3699951171875,146.82000732421875,148.02999877929688,132.9625701904297,193200
2016-07-18,148.02999877929688,148.44000244140625,147.11000061035156,147.25999450683594,132.27093505859375,138700
2016-07-19,146.6699981689453,147.3000030517578,144.25999450683594,144.39999389648438,129.70204162597656,135300
2016-07-20,145.05999755859375,145.85000610351562,141.2899932861328,141.4499969482422,127.05229949951172,171100
2016-07-21,140.74000549316406,140.74000549316406,137.4499969482422,139.97999572753906,125.73193359375,613600
2016-07-22,141.0,143.77999877929688,140.67999267578125,142.80999755859375,128.2738800048828,289500
2016-07-25,142.4499969482422,143.5399932861328,140.94000244140625,141.38999938964844,126.9984359741211,108500
2016-07-26,141.3000030517578,141.85000610351562,140.1199951171875,140.60000610351562,126.28887939453125,184000
2016-07-27,141.1300048828125,141.33999633789062,133.88999938964844,134.1999969482422,120.540283203125,409400
2016-07-28,134.66000366210938,135.50999450683594,132.9499969482422,134.89999389648438,121.16899871826172,245000
2016-07-29,135.02999877929688,136.97999572753906,128.86000061035156,129.77000427246094,116.5611801147461,318500
2016-08-01,128.77000427246094,130.4499969482422,125.80999755859375,128.25999450683594,115.20487213134766,270300
2016-08-02,127.83000183105469,130.0399932861328,122.19000244140625,123.23999786376953,110.69583892822266,327200
2016-08-03,123.5,124.5199966430664,121.69999694824219,122.81999969482422,110.31859588623047,193700
2016-08-04,123.31999969482422,125.6500015258789,122.83000183105469,124.88999938964844,112.17790222167969,229100
2016-08-05,126.02999877929688,129.63999938964844,126.02999877929688,129.0500030517578,115.91448974609375,151600
2016-08-08,129.8699951171875,130.44000244140625,127.23999786376953,128.27999877929688,115.22285461425781,181800
2016-08-09,127.87999725341797,128.2899932861328,123.93000030517578,125.16999816894531,112.42941284179688,151400
2016-08-10,125.19999694824219,125.98999786376953,123.73999786376953,125.9000015258789,113.08509826660156,97800
2016-08-11,127.01000213623047,128.0,125.1500015258789,126.66999816894531,113.7767333984375,114700
2016-08-12,126.38999938964844,127.7699966430664,125.48999786376953,126.62999725341797,113.74079132080078,109800
2016-08-15,127.30000305175781,129.52000427246094,126.61000061035156,128.50999450683594,115.42942810058594,113300
2016-08-16,128.5800018310547,129.94000244140625,128.0,129.6199951171875,116.42644500732422,148400
2016-08-17,129.1300048828125,130.17999267578125,127.98999786376953,130.0500030517578,117.44693756103516,117500
2016-08-18,129.66000366210938,132.1300048828125,129.08999633789062,132.02999877929688,119.23506164550781,146600
2016-08-19,131.35000610351562,135.1199951171875,130.94000244140625,133.52999877929688,120.58968353271484,173100
2016-08-22,132.64999389648438,133.0500030517578,131.02000427246094,131.05999755859375,118.35906982421875,156300
2016-08-23,131.17999267578125,133.17999267578125,131.0,132.92999267578125,120.04784393310547,99900
2016-08-24,132.3800048828125,135.02000427246094,132.10000610351562,134.3699951171875,121.34828186035156,91300
2016-08-25,133.75,136.47999572753906,133.75,136.3800048828125,123.16352081298828,133300
2016-08-26,136.6300048828125,136.77999877929688,135.6199951171875,136.3699951171875,123.15448760986328,158600
2016-08-29,136.80999755859375,137.3699951171875,134.0800018310547,135.57000732421875,122.43201446533203,100800
2016-08-30,135.25,139.55999755859375,135.25,137.67999267578125,124.3375244140625,119100
2016-08-31,139.88999938964844,139.88999938964844,136.07000732421875,138.24000549316406,124.84325408935547,90500
2016-09-01,137.83999633789062,139.02999877929688,135.8000030517578,136.41000366210938,123.19061279296875,99600
2016-09-02,136.5500030517578,137.4199981689453,135.0,136.3699951171875,123.15448760986328,89100
2016-09-06,136.13999938964844,136.14999389648438,133.7899932861328,134.99000549316406,121.90821075439453,113500
2016-09-07,136.47999572753906,147.5500030517578,136.41000366210938,146.00999450683594,131.86026000976562,178200
2016-09-08,145.4199981689453,147.52000427246094,144.35000610351562,146.02999877929688,131.87835693359375,84100
2016-09-09,144.39999389648438,146.17999267578125,141.9199981689453,142.1300048828125,128.35626220703125,85800
2016-09-12,141.6199951171875,142.33999633789062,138.89999389648438,141.82000732421875,128.0763397216797,149700
2016-09-13,141.13999938964844,142.58999633789062,138.19000244140625,138.66000366210938,125.2225112915039,101800
2016-09-14,138.5800018310547,138.97999572753906,133.91000366210938,134.16000366210938,121.15866088867188,83100
2016-09-15,133.64999389648438,135.25999450683594,132.52999877929688,133.22999572753906,120.31877899169922,104300
2016-09-16,134.16000366210938,134.82000732421875,130.25,130.6999969482422,118.03394317626953,165000
2016-09-19,130.89999389648438,132.0,129.27000427246094,129.9600067138672,117.36568450927734,78800
2016-09-20,130.5399932861328,132.5,128.0,129.72999572753906,117.1579360961914,161600
2016-09-21,130.49000549316406,134.83999633789062,127.51000213623047,130.5,117.85335540771484,138900
2016-09-22,130.5,132.30999755859375,127.5,127.87000274658203,115.47819519042969,209600
2016-09-23,131.02000427246094,134.50999450683594,128.24000549316406,133.6999969482422,120.74323272705078,235000
2016-09-26,132.6300048828125,134.60000610351562,130.00999450683594,130.22999572753906,117.60950469970703,104000
2016-09-27,130.0800018310547,134.1199951171875,130.0800018310547,134.0500030517578,121.05931091308594,110800
2016-09-28,134.60000610351562,137.4499969482422,131.82000732421875,132.72000122070312,119.85820007324219,175900
2016-09-29,132.92999267578125,133.3699951171875,129.75999450683594,130.35000610351562,117.7178726196289,108900
2016-09-30,130.0800018310547,132.92999267578125,129.9499969482422,132.07000732421875,119.27120208740234,108400
2016-10-03,132.08999633789062,136.32000732421875,131.4499969482422,135.6699981689453,122.52230834960938,116900
2016-10-04,136.0,141.24000549316406,135.9499969482422,140.19000244140625,126.60427856445312,145300
2016-10-05,140.72999572753906,141.82000732421875,139.0399932861328,139.6300048828125,126.09854888916016,111200
2016-10-06,139.75,142.89999389648438,138.2899932861328,142.36000061035156,128.56402587890625,136900
2016-10-07,143.3699951171875,149.24000549316406,143.24000549316406,144.92999267578125,130.8849334716797,352600
2016-10-10,144.92999267578125,150.02999877929688,144.92999267578125,149.25,134.78627014160156,111100
2016-10-11,149.38999938964844,150.52999877929688,147.61000061035156,148.80999755859375,134.38894653320312,138900
2016-10-12,149.5,150.39999389648438,148.5800018310547,149.4199981689453,134.93983459472656,178300
2016-10-13,149.17999267578125,154.02000427246094,146.9600067138672,153.4499969482422,138.5792694091797,137900
2016-10-14,153.99000549316406,154.0500030517578,150.6199951171875,152.97999572753906,138.1548309326172,103500
2016-10-17,153.35000610351562,155.0,152.75,153.10000610351562,138.26316833496094,106500
2016-10-18,153.85000610351562,155.5,152.60000610351562,154.4499969482422,139.4823760986328,117100
2016-10-19,154.3000030517578,157.60000610351562,152.64999389648438,157.1999969482422,141.96588134765625,116600
2016-10-20,157.25,158.0,153.14999389648438,155.75,140.65638732910156,96000
2016-10-21,155.10000610351562,156.4499969482422,154.0500030517578,155.5500030517578,140.4757843017578,91200
2016-10-24,156.85000610351562,156.85000610351562,154.14999389648438,154.9499969482422,139.93389892578125,69700
2016-10-25,154.4499969482422,156.9499969482422,152.64999389648438,153.89999389648438,138.9856414794922,91900
2016-10-26,153.10000610351562,156.10000610351562,150.0,153.9499969482422,139.0308074951172,107900
2016-10-27,142.89999389648438,150.0,133.14999389648438,133.9499969482422,120.968994140625,441600
2016-10-28,133.64999389648438,137.8000030517578,133.55999755859375,136.10000610351562,122.91064453125,135200
2016-10-31,137.5,138.3000030517578,133.3000030517578,137.89999389648438,124.53620910644531,187800
2016-11-01,137.6999969482422,137.6999969482422,134.14999389648438,135.5500030517578,122.41393280029297,122100
2016-11-02,135.5500030517578,137.9499969482422,134.5,134.89999389648438,121.82693481445312,98200
2016-11-03,134.89999389648438,137.3000030517578,132.64999389648438,135.14999389648438,122.05269622802734,98200
2016-11-04,135.5500030517578,139.3000030517578,135.25,136.35000610351562,123.13640594482422,91100
2016-11-07,139.10000610351562,142.17999267578125,135.39999389648438,140.1999969482422,126.61334228515625,232000
2016-11-08,140.1999969482422,143.75,136.6999969482422,143.10000610351562,129.2322998046875,159500
2016-11-09,140.5500030517578,148.10000610351562,140.5500030517578,147.60000610351562,133.2961883544922,144800
2016-11-10,148.85000610351562,154.22999572753906,148.5500030517578,152.9499969482422,138.12771606445312,154200
2016-11-11,153.1999969482422,157.1999969482422,152.8000030517578,156.64999389648438,141.46917724609375,142900
2016-11-14,157.25,161.52999877929688,156.35000610351562,161.25,145.62338256835938,111800
2016-11-15,163.10000610351562,163.60000610351562,157.97999572753906,158.4499969482422,143.09474182128906,136500
2016-11-16,157.3000030517578,159.0,154.9499969482422,157.89999389648438,142.5980682373047,103500
2016-11-17,158.25,161.1999969482422,156.5500030517578,160.8000030517578,145.2169952392578,131000
2016-11-18,162.14999389648438,165.3000030517578,161.0,165.1999969482422,149.19056701660156,142700
2016-11-21,161.8000030517578,164.5500030517578,158.5500030517578,163.75,148.51039123535156,113900
2016-11-22,164.0,168.10000610351562,164.0,166.0500030517578,150.59632873535156,189100
2016-11-23,166.3000030517578,169.60000610351562,164.0,169.3000030517578,153.5438995361328,164500
2016-11-25,169.85000610351562,169.9499969482422,167.5500030517578,168.75,153.04507446289062,41800
2016-11-28,167.85000610351562,168.60000610351562,165.0,167.0,151.45791625976562,100900
2016-11-29,168.0,168.75,165.5,166.3000030517578,150.82308959960938,141400
2016-11-30,166.8000030517578,166.8000030517578,163.10000610351562,163.39999389648438,148.19293212890625,199700
2016-12-01,163.64999389648438,166.35000610351562,159.0,160.60000610351562,145.65354919433594,140200
2016-12-02,160.6999969482422,163.35000610351562,157.5500030517578,161.35000610351562,146.333740234375,112500
2016-12-05,162.0,165.35000610351562,157.5,158.25,143.52227783203125,148900
2016-12-06,159.1999969482422,162.8000030517578,158.25,162.35000610351562,147.24069213867188,157700
2016-12-07,162.0,168.10000610351562,161.3000030517578,168.10000610351562,152.45553588867188,189900
2016-12-08,167.85000610351562,171.35000610351562,165.27999877929688,171.0500030517578,155.13101196289062,132800
2016-12-09,171.3000030517578,173.82000732421875,170.4499969482422,172.5500030517578,156.49139404296875,163300
2016-12-12,169.0500030517578,171.5,165.85000610351562,166.39999389648438,150.9137725830078,142000
2016-12-13,166.85000610351562,169.89999389648438,165.1999969482422,165.89999389648438,150.46029663085938,94400
2016-12-14,165.1999969482422,168.0,161.14999389648438,165.75,150.3242950439453,149800
2016-12-15,164.75,169.8000030517578,162.9499969482422,167.0,151.45791625976562,148400
2016-12-16,167.0,171.10000610351562,166.64999389648438,167.8000030517578,152.18348693847656,347600
2016-12-19,168.5,170.3000030517578,165.85000610351562,167.0,151.45791625976562,91600
2016-12-20,168.14999389648438,169.9499969482422,167.14999389648438,169.85000610351562,154.04269409179688,85600
2016-12-21,169.60000610351562,171.5500030517578,167.3000030517578,169.5500030517578,153.77059936523438,63100
2016-12-22,169.1999969482422,170.39999389648438,166.0500030517578,166.0500030517578,150.59632873535156,59900
2016-12-23,166.5500030517578,168.8000030517578,166.39999389648438,168.64999389648438,152.954345703125,42500
2016-12-27,168.3000030517578,172.0500030517578,166.10000610351562,169.75,153.95196533203125,58200
2016-12-28,169.9499969482422,169.9499969482422,164.9499969482422,165.39999389648438,150.00685119628906,50500
2016-12-29,165.14999389648438,167.60000610351562,165.14999389648438,166.1999969482422,150.7323455810547,57000
2016-12-30,166.5500030517578,167.60000610351562,164.85000610351562,166.39999389648438,150.9137725830078,77000
2017-01-03,168.25,169.0500030517578,164.5,166.10000610351562,150.64169311523438,69000
2017-01-04,167.10000610351562,170.0500030517578,165.60000610351562,169.85000610351562,154.04269409179688,126900
2017-01-05,168.4499969482422,171.0500030517578,168.35000610351562,168.8000030517578,153.09039306640625,96200
2017-01-06,169.35000610351562,169.35000610351562,165.64999389648438,166.35000610351562,150.868408203125,127500
2017-01-09,165.1999969482422,171.5500030517578,165.1999969482422,168.5,152.81832885742188,100200
2017-01-10,169.0500030517578,178.5500030517578,168.5,178.0500030517578,161.47950744628906,124700
2017-01-11,175.39999389648438,182.25,175.10000610351562,180.39999389648438,163.61083984375,195000
2017-01-12,179.85000610351562,180.0,175.4499969482422,176.89999389648438,160.43655395507812,129700
2017-01-13,177.85000610351562,179.0500030517578,177.0,177.75,161.2074737548828,76200
2017-01-17,177.14999389648438,179.3800048828125,175.6999969482422,175.89999389648438,159.52960205078125,93900
2017-01-18,176.4499969482422,178.5500030517578,174.3000030517578,178.5500030517578,161.93299865722656,115700
2017-01-19,178.85000610351562,180.39999389648438,175.5500030517578,176.5500030517578,160.119140625,109300
2017-01-20,176.5,178.72999572753906,176.14999389648438,177.5,160.98074340820312,96600
2017-01-23,177.0,177.85000610351562,173.6999969482422,176.25,159.84706115722656,79500
2017-01-24,176.5500030517578,176.8000030517578,174.0800018310547,174.35000610351562,158.1238555908203,111500
2017-01-25,175.9499969482422,177.25,173.39999389648438,173.64999389648438,157.489013671875,71200
2017-01-26,174.0500030517578,178.42999267578125,174.0500030517578,176.39999389648438,159.9830780029297,98600
2017-01-27,177.5,177.8000030517578,170.0500030517578,172.60000610351562,156.53675842285156,123300
2017-01-30,170.85000610351562,173.25,168.1999969482422,172.89999389648438,156.808837890625,84000
2017-01-31,171.35000610351562,174.64999389648438,169.89999389648438,172.0,155.99256896972656,192900
2017-02-01,174.0,178.4499969482422,171.0,172.39999389648438,156.3553466796875,230900
2017-02-02,171.64999389648438,171.64999389648438,157.5,163.0,147.8302001953125,385800
2017-02-03,163.10000610351562,164.75,159.60000610351562,162.10000610351562,147.01394653320312,183900
2017-02-06,161.60000610351562,165.1999969482422,161.1999969482422,163.25,148.0569305419922,83600
2017-02-07,164.0500030517578,165.64999389648438,162.0500030517578,164.6999969482422,149.37197875976562,137200
2017-02-08,164.60000610351562,168.5500030517578,164.0500030517578,165.64999389648438,150.23353576660156,92900
2017-02-09,165.9499969482422,172.8000030517578,165.0,169.14999389648438,153.40785217285156,133400
2017-02-10,170.10000610351562,172.14999389648438,168.5,171.3000030517578,155.3577423095703,80400
2017-02-13,171.89999389648438,174.6999969482422,170.77999877929688,174.64999389648438,158.39596557617188,88900
2017-02-14,173.6999969482422,174.89999389648438,171.3000030517578,174.85000610351562,158.57736206054688,111400
2017-02-15,174.8000030517578,178.0500030517578,173.36000061035156,174.85000610351562,158.57736206054688,72400
2017-02-16,175.0,175.25,172.60000610351562,173.60000610351562,157.44369506835938,103100
2017-02-17,172.1999969482422,174.89999389648438,169.8000030517578,171.39999389648438,155.44842529296875,86300
2017-02-21,171.89999389648438,174.0,170.5,173.89999389648438,157.71578979492188,76000
2017-02-22,173.60000610351562,174.35000610351562,170.5,172.9499969482422,156.8541717529297,58700
2017-02-23,173.64999389648438,174.4499969482422,170.9499969482422,172.10000610351562,156.08328247070312,68600
2017-02-24,170.5500030517578,173.75,170.5500030517578,173.5500030517578,157.39834594726562,47800
2017-02-27,173.10000610351562,173.9499969482422,170.3000030517578,173.3000030517578,157.171630859375,86700
2017-02-28,172.9499969482422,175.10000610351562,171.0500030517578,174.10000610351562,157.8971710205078,84200
2017-03-01,176.25,178.1999969482422,174.89999389648438,176.3000030517578,160.53785705566406,112500
2017-03-02,176.0,177.85000610351562,170.10000610351562,170.39999389648438,155.16537475585938,114200
2017-03-03,170.14999389648438,173.39999389648438,164.35000610351562,172.5,157.07760620117188,97600
2017-03-06,171.75,171.7899932861328,166.3000030517578,168.75,153.6628875732422,80800
2017-03-07,168.10000610351562,168.10000610351562,161.0,161.25,146.83343505859375,158500
2017-03-08,161.4499969482422,162.4499969482422,159.3000030517578,160.5500030517578,146.19601440429688,104100
2017-03-09,160.39999389648438,163.72999572753906,158.85000610351562,158.9499969482422,144.7390594482422,78900
2017-03-10,158.3000030517578,160.89999389648438,158.25,160.39999389648438,146.05941772460938,69500
2017-03-13,159.5500030517578,162.3000030517578,158.3000030517578,158.5500030517578,144.37478637695312,70600
2017-03-14,158.5,160.0,153.4499969482422,154.3000030517578,140.50479125976562,127700
2017-03-15,153.75,160.27999877929688,153.39999389648438,159.5,145.23988342285156,92100
2017-03-16,160.0,160.0,156.3000030517578,156.9499969482422,142.91787719726562,115000
2017-03-17,156.89999389648438,160.32000732421875,154.60000610351562,160.0,145.69517517089844,166400
2017-03-20,160.0,160.5500030517578,158.89999389648438,159.85000610351562,145.55860900878906,91200
2017-03-21,160.35000610351562,160.57000732421875,156.6999969482422,157.0500030517578,143.00892639160156,140100
2017-03-22,157.4499969482422,158.9499969482422,155.10000610351562,158.64999389648438,144.46585083007812,100100
2017-03-23,158.60000610351562,161.35000610351562,157.64999389648438,161.0500030517578,146.65130615234375,112000
2017-03-24,161.5500030517578,163.72999572753906,159.60000610351562,162.5,147.9716796875,115400
2017-03-27,159.64999389648438,162.35000610351562,158.10000610351562,160.5,146.15045166015625,68500
2017-03-28,160.35000610351562,162.16000366210938,157.85000610351562,161.25,146.83343505859375,142900
2017-03-29,161.0,161.60000610351562,159.0500030517578,160.0500030517578,145.74070739746094,97700
2017-03-30,160.5,161.77999877929688,160.02999877929688,161.35000610351562,146.92449951171875,60300
2017-03-31,161.0,161.4499969482422,154.0500030517578,160.25,145.9228057861328,95800
2017-04-03,160.3000030517578,162.5500030517578,158.8000030517578,159.9499969482422,145.64964294433594,98700
2017-04-04,159.60000610351562,164.0,156.75,157.60000610351562,143.50975036621094,95500
2017-04-05,158.35000610351562,159.75,156.52999877929688,157.85000610351562,143.73739624023438,181000
2017-04-06,157.85000610351562,159.85000610351562,156.1999969482422,157.60000610351562,143.50975036621094,102700
2017-04-07,156.6999969482422,158.39999389648438,155.14999389648438,155.35000610351562,141.46092224121094,100100
2017-04-10,155.8000030517578,158.39999389648438,155.0500030517578,158.0500030517578,143.91954040527344,191100
2017-04-11,156.0,156.0,151.39999389648438,154.64999389648438,140.823486328125,160300
2017-04-12,153.8000030517578,157.85000610351562,153.8000030517578,155.0500030517578,141.187744140625,110100
2017-04-13,154.6999969482422,154.77999877929688,151.8000030517578,152.0500030517578,138.4559783935547,115000
2017-04-17,152.8000030517578,154.6999969482422,152.0,154.14999389648438,140.3682098388672,84300
2017-04-18,153.64999389648438,157.5,152.25,157.25,143.19105529785156,115300
2017-04-19,157.9499969482422,160.6999969482422,157.8000030517578,159.75,145.46751403808594,116900
2017-04-20,160.3000030517578,161.14999389648438,159.5500030517578,160.85000610351562,146.4691925048828,94700
2017-04-21,161.3000030517578,163.85000610351562,161.0500030517578,162.14999389648438,147.65296936035156,77500
2017-04-24,164.89999389648438,165.58999633789062,162.6999969482422,165.0500030517578,150.293701171875,87200
2017-04-25,166.0500030517578,169.14999389648438,163.5500030517578,163.85000610351562,149.20094299316406,145200
2017-04-26,154.0,154.0,143.89999389648438,149.64999389648438,136.27053833007812,664000
2017-04-27,149.64999389648438,149.85000610351562,145.3000030517578,146.14999389648438,133.08343505859375,232800
2017-04-28,146.0,149.14999389648438,145.10000610351562,145.39999389648438,132.4004669189453,177300
2017-05-01,145.8000030517578,147.25,144.4499969482422,144.60000610351562,131.67201232910156,150200
2017-05-02,144.5,146.35000610351562,143.6999969482422,146.3000030517578,133.2200164794922,264000
2017-05-03,145.60000610351562,149.8000030517578,145.25,149.5,136.13394165039062,147000
2017-05-04,150.0500030517578,150.0500030517578,145.25,146.89999389648438,133.76638793945312,193600
2017-05-05,146.9499969482422,147.64999389648438,145.35000610351562,147.4499969482422,134.2672119140625,107500
2017-05-08,147.10000610351562,148.35000610351562,145.5,146.0,132.94683837890625,75400
2017-05-09,146.0500030517578,147.9499969482422,145.5500030517578,146.14999389648438,133.08343505859375,101000
2017-05-10,145.64999389648438,147.60000610351562,145.64999389648438,146.75,133.6298065185547,96700
2017-05-11,146.35000610351562,146.6999969482422,144.0500030517578,144.47999572753906,131.562744140625,111300
2017-05-12,143.89999389648438,144.5500030517578,142.10000610351562,144.0,131.12567138671875,118700
2017-05-15,144.35000610351562,146.1999969482422,143.6999969482422,145.0500030517578,132.08180236816406,70500
2017-05-16,144.85000610351562,145.1999969482422,143.4499969482422,143.89999389648438,131.03457641601562,67200
2017-05-17,141.9499969482422,142.6999969482422,139.10000610351562,139.9499969482422,128.06068420410156,168600
2017-05-18,139.64999389648438,143.0500030517578,139.64999389648438,140.5500030517578,128.6097412109375,119400
2017-05-19,140.4499969482422,143.89999389648438,139.07000732421875,142.64999389648438,130.53131103515625,79300
2017-05-22,143.25,144.1699981689453,142.07000732421875,142.1999969482422,130.11953735351562,57300
2017-05-23,142.39999389648438,144.4499969482422,141.6999969482422,143.39999389648438,131.21762084960938,77900
2017-05-24,143.64999389648438,144.8000030517578,142.60000610351562,144.25,131.9954071044922,141900
2017-05-25,144.89999389648438,146.9499969482422,142.3000030517578,146.5500030517578,134.1000213623047,87900
2017-05-26,146.3000030517578,148.35000610351562,145.8000030517578,145.9499969482422,133.55099487304688,122400
2017-05-30,144.5,144.8000030517578,136.6999969482422,136.75,125.1325454711914,197200
2017-05-31,137.5,139.0500030517578,134.64999389648438,137.0,125.36131286621094,248000
2017-06-01,137.5,138.10000610351562,135.88999938964844,137.0500030517578,125.4070816040039,189500
2017-06-02,137.5500030517578,141.4499969482422,137.0500030517578,139.39999389648438,127.55743408203125,142300
2017-06-05,139.35000610351562,140.35000610351562,138.14999389648438,139.25,127.42017364501953,161600
2017-06-06,139.14999389648438,140.1999969482422,138.0,138.1999969482422,126.45939636230469,141200
2017-06-07,138.85000610351562,140.10000610351562,137.75,138.8000030517578,127.00840759277344,125200
2017-06-08,139.85000610351562,141.60000610351562,136.35000610351562,137.4499969482422,125.7730712890625,213100
2017-06-09,137.35000610351562,141.25,137.22000122070312,140.10000610351562,128.1979522705078,230700
2017-06-12,140.25,144.0500030517578,139.5500030517578,142.89999389648438,130.7600860595703,137500
2017-06-13,143.0500030517578,143.75,140.25,142.6999969482422,130.57708740234375,148500
2017-06-14,142.89999389648438,146.3000030517578,142.0500030517578,145.10000610351562,132.77320861816406,116400
2017-06-15,143.8000030517578,145.64999389648438,142.35000610351562,143.14999389648438,130.98883056640625,162300
2017-06-16,143.0,143.72999572753906,141.22000122070312,143.3000030517578,131.12611389160156,164800
2017-06-19,143.9499969482422,146.89999389648438,143.44000244140625,146.5500030517578,134.1000213623047,81200
2017-06-20,147.0500030517578,147.0500030517578,142.25,142.39999389648438,130.30255126953125,102200
2017-06-21,142.39999389648438,143.39999389648438,141.75,142.64999389648438,130.53131103515625,95800
2017-06-22,142.6999969482422,143.9499969482422,141.9499969482422,142.60000610351562,130.48558044433594,154800
2017-06-23,142.6999969482422,143.4499969482422,141.35000610351562,141.75,129.707763671875,225900
2017-06-26,142.25,142.5,137.8000030517578,138.4499969482422,126.68817138671875,156900
2017-06-27,138.0,139.89999389648438,137.8000030517578,138.0500030517578,126.32212829589844,119400
2017-06-28,138.14999389648438,139.9499969482422,136.9499969482422,137.10000610351562,125.45284271240234,116300
2017-06-29,137.25,137.5500030517578,134.9499969482422,136.10000610351562,124.53778076171875,147100
2017-06-30,136.5500030517578,137.64999389648438,135.5,135.60000610351562,124.08029174804688,173400
2017-07-03,136.39999389648438,139.85000610351562,136.14999389648438,139.14999389648438,127.32864379882812,66300
2017-07-05,139.1999969482422,140.1999969482422,133.5,139.85000610351562,127.96916198730469,96600
2017-07-06,137.9499969482422,140.0,137.0500030517578,137.25,125.5900650024414,86400
2017-07-07,137.1999969482422,138.25,136.85000610351562,137.60000610351562,125.91038513183594,81100
2017-07-10,138.0,140.4499969482422,137.0,137.14999389648438,125.4985580444336,184500
2017-07-11,137.39999389648438,143.0,137.39999389648438,140.10000610351562,128.1979522705078,208000
2017-07-12,141.35000610351562,144.75,140.89999389648438,144.4499969482422,132.1783905029297,116800
2017-07-13,144.3000030517578,145.39999389648438,141.3000030517578,142.0500030517578,129.9822998046875,150000
2017-07-14,141.89999389648438,143.0,140.35000610351562,141.60000610351562,129.57052612304688,91000
2017-07-17,142.10000610351562,143.89999389648438,140.3000030517578,143.1999969482422,131.0345916748047,79300
2017-07-18,142.89999389648438,144.0,141.39999389648438,143.85000610351562,131.62937927246094,116600
2017-07-19,144.0,144.82000732421875,142.0500030517578,144.0,131.7666473388672,119100
2017-07-20,144.25,145.35000610351562,143.25,144.3000030517578,132.04115295410156,104900
2017-07-21,144.89999389648438,145.10000610351562,143.5500030517578,144.8000030517578,132.49867248535156,100700
2017-07-24,144.5500030517578,146.5,144.5,144.75,132.45294189453125,114800
2017-07-25,145.5,147.0,144.10000610351562,144.4499969482422,132.1783905029297,126900
2017-07-26,144.89999389648438,145.6999969482422,143.0,143.1999969482422,131.0345916748047,150100
2017-07-27,133.0,137.6999969482422,126.19999694824219,131.85000610351562,120.64886474609375,564900
2017-07-28,131.3000030517578,133.3000030517578,129.5,129.9499969482422,118.91024017333984,222500
2017-07-31,130.35000610351562,131.8000030517578,127.9000015258789,129.25,118.26973724365234,173900
2017-08-01,130.10000610351562,131.75,129.14999389648438,130.25,119.18475341796875,141800
2017-08-02,130.6999969482422,131.3000030517578,126.9000015258789,127.5999984741211,116.75989532470703,184200
2017-08-03,127.8499984741211,129.1999969482422,126.55000305175781,128.5,117.58341217041016,116700
2017-08-04,128.9499969482422,131.60000610351562,128.3000030517578,131.4499969482422,120.2828140258789,108700
2017-08-07,131.0,131.5,129.75,130.5500030517578,119.45927429199219,131500
2017-08-08,130.39999389648438,130.85000610351562,129.02999877929688,130.0500030517578,119.00172424316406,113500
2017-08-09,129.4499969482422,130.1999969482422,125.4000015258789,125.75,115.06704711914062,245300
2017-08-10,125.0999984741211,125.62999725341797,121.75,122.30000305175781,111.91015625,177400
2017-08-11,122.44999694824219,122.68000030517578,120.1500015258789,120.55000305175781,110.30879974365234,115500
2017-08-14,121.6500015258789,124.47000122070312,121.6500015258789,124.19999694824219,113.64871978759766,104600
2017-08-15,124.19999694824219,124.80000305175781,123.4000015258789,124.3499984741211,113.78598022460938,79100
2017-08-16,124.19999694824219,124.94999694824219,122.80000305175781,123.4000015258789,113.55594635009766,55900
2017-08-17,122.9000015258789,123.69999694824219,119.05000305175781,119.44999694824219,109.92103576660156,129700
2017-08-18,118.8499984741211,119.94999694824219,117.5,118.80000305175781,109.32288360595703,116300
2017-08-21,119.19999694824219,122.25,118.19999694824219,119.6500015258789,110.10508728027344,107500
2017-08-22,120.0999984741211,120.69999694824219,118.0999984741211,118.30000305175781,108.86278533935547,102100
2017-08-23,118.19999694824219,118.9000015258789,115.80000305175781,115.8499984741211,106.60821533203125,136700
2017-08-24,115.9000015258789,116.12000274658203,114.3499984741211,115.1500015258789,105.96406555175781,143700
2017-08-25,116.0999984741211,119.75,115.55000305175781,119.1500015258789,109.64497375488281,111500
2017-08-28,119.0999984741211,119.0999984741211,117.69999694824219,118.0999984741211,108.6787338256836,64600
2017-08-29,117.69999694824219,121.83000183105469,117.69999694824219,121.30000305175781,111.62345886230469,166500
2017-08-30,120.1500015258789,120.94999694824219,115.55000305175781,118.5,109.04682159423828,198800
2017-08-31,118.69999694824219,119.27999877929688,117.80000305175781,118.0,108.58670806884766,119100
2017-09-01,118.25,118.68000030517578,117.3499984741211,117.94999694824219,108.54068756103516,144800
2017-09-05,117.55000305175781,118.94999694824219,116.5999984741211,117.19999694824219,107.85051727294922,136900
2017-09-06,116.8499984741211,117.69999694824219,111.54000091552734,116.5,107.20636749267578,291400
2017-09-07,117.05000305175781,117.5999984741211,114.94999694824219,115.1500015258789,105.96406555175781,181900
2017-09-08,114.94999694824219,115.9000015258789,113.6500015258789,115.3499984741211,106.14812469482422,158100
2017-09-11,115.25,117.58000183105469,115.25,117.3499984741211,107.98855590820312,229600
2017-09-12,117.3499984741211,118.80000305175781,116.8499984741211,118.6500015258789,109.18487548828125,141100
2017-09-13,118.44999694824219,122.0,118.30000305175781,121.5,111.80750274658203,130900
2017-09-14,121.44999694824219,123.1500015258789,119.44999694824219,123.0999984741211,113.27984619140625,119400
2017-09-15,123.4000015258789,123.94999694824219,122.08000183105469,123.5999984741211,113.73997497558594,364900
2017-09-18,124.25,124.25,122.19999694824219,122.6500015258789,112.86576080322266,160600
2017-09-19,122.0,124.55000305175781,122.0,123.0,113.1878433227539,192500
2017-09-20,122.69999694824219,129.35000610351562,121.80000305175781,128.60000610351562,118.34111785888672,212600
2017-09-21,128.25,128.9499969482422,126.29000091552734,128.60000610351562,118.34111785888672,135000
2017-09-22,128.5500030517578,130.8000030517578,127.0,130.10000610351562,119.72146606445312,232000
2017-09-25,130.5500030517578,134.3000030517578,130.5,133.9499969482422,123.26432037353516,167500
2017-09-26,133.25,135.10000610351562,131.64999389648438,133.85000610351562,123.17229461669922,258700
2017-09-27,134.1999969482422,137.14999389648438,134.1999969482422,136.3000030517578,125.4268569946289,221800
2017-09-28,136.35000610351562,137.75,133.39999389648438,133.64999389648438,122.9882583618164,164300
2017-09-29,133.89999389648438,135.35000610351562,131.60000610351562,131.6999969482422,121.19378662109375,194800
2017-10-02,132.0,132.0,128.3000030517578,130.0500030517578,119.6754379272461,314600
2017-10-03,130.10000610351562,133.60000610351562,130.10000610351562,133.1999969482422,122.57415008544922,151400
2017-10-04,133.64999389648438,135.9499969482422,131.35000610351562,131.6999969482422,121.19378662109375,156600
2017-10-05,131.89999389648438,132.1300048828125,130.14999389648438,131.3000030517578,120.82574462890625,105700
2017-10-06,130.6999969482422,133.4499969482422,130.6999969482422,131.9499969482422,121.42387390136719,110100
2017-10-09,132.1999969482422,133.1999969482422,130.52999877929688,133.0500030517578,122.43611145019531,120300
2017-10-10,133.6999969482422,138.85000610351562,133.0500030517578,133.5500030517578,122.89622497558594,200900
2017-10-11,133.64999389648438,138.1999969482422,130.10000610351562,138.14999389648438,127.12925720214844,190000
2017-10-12,137.75,141.14999389648438,137.6999969482422,141.10000610351562,129.84393310546875,197800
2017-10-13,141.4499969482422,141.9499969482422,139.25,140.35000610351562,129.15377807617188,150200
2017-10-16,140.3000030517578,141.0,139.10000610351562,139.89999389648438,128.73965454101562,120200
2017-10-17,140.39999389648438,142.39999389648438,140.39999389648438,141.5,130.21200561523438,85400
2017-10-18,141.5,143.0,140.5500030517578,142.75,131.36231994628906,109700
2017-10-19,142.39999389648438,142.39999389648438,137.89999389648438,138.64999389648438,127.58938598632812,183400
2017-10-20,139.5,141.35000610351562,139.1999969482422,140.3000030517578,129.10777282714844,79200
2017-10-23,141.10000610351562,141.85000610351562,138.1999969482422,138.89999389648438,127.81945037841797,78500
2017-10-24,139.0,141.25,137.89999389648438,141.0500030517578,129.7978973388672,100500
2017-10-25,140.9499969482422,141.89999389648438,139.39999389648438,139.85000610351562,128.69363403320312,235800
2017-10-26,141.35000610351562,145.0,137.89999389648438,141.35000610351562,130.07398986816406,293500
2017-10-27,141.89999389648438,141.89999389648438,137.5,139.3000030517578,128.18756103515625,187300
2017-10-30,139.14999389648438,139.8000030517578,136.0,138.39999389648438,127.35932159423828,107700
2017-10-31,138.1999969482422,138.89999389648438,136.25,136.39999389648438,125.51885986328125,135000
2017-11-01,137.14999389648438,138.64999389648438,135.60000610351562,136.35000610351562,125.47283935546875,147500
2017-11-02,136.85000610351562,137.14999389648438,132.89999389648438,133.64999389648438,122.9882583618164,248200
2017-11-03,133.6999969482422,134.10000610351562,132.07000732421875,132.25,121.69994354248047,137800
2017-11-06,132.14999389648438,135.0,131.60000610351562,132.60000610351562,122.02200317382812,136600
2017-11-07,132.0500030517578,132.0500030517578,127.5999984741211,127.6500015258789,117.4668960571289,127800
2017-11-08,127.3499984741211,128.0500030517578,126.3499984741211,127.25,117.09879302978516,110400
2017-11-09,126.69999694824219,128.92999267578125,126.55000305175781,126.8499984741211,116.730712890625,103800
2017-11-10,126.9000015258789,129.0500030517578,126.0,127.69999694824219,117.51290130615234,134600
2017-11-13,127.0,128.75,125.94999694824219,127.0999984741211,116.96076965332031,70300
2017-11-14,126.44999694824219,129.75,126.44999694824219,129.5500030517578,119.21533203125,81200
2017-11-15,129.0,132.5,129.0,132.5,121.92997741699219,80700
2017-11-16,133.10000610351562,137.75,133.10000610351562,137.5500030517578,126.57714080810547,130700
2017-11-17,137.25,138.3000030517578,133.47999572753906,137.64999389648438,126.66914367675781,104400
2017-11-20,137.5500030517578,138.25,135.64999389648438,137.5500030517578,126.57714080810547,86900
2017-11-21,137.4499969482422,139.14999389648438,135.60000610351562,138.39999389648438,128.0107879638672,120200
2017-11-22,138.1999969482422,139.75,136.10000610351562,137.0500030517578,126.76211547851562,95500
2017-11-24,137.1999969482422,138.1999969482422,135.75,137.89999389648438,127.5483169555664,86200
2017-11-27,137.8000030517578,139.0,137.0500030517578,138.64999389648438,128.24203491210938,112600
2017-11-28,138.6999969482422,143.3000030517578,138.64999389648438,142.5,131.80299377441406,164700
2017-11-29,142.39999389648438,153.6999969482422,142.39999389648438,152.25,140.8211212158203,265100
2017-11-30,144.64999389648438,154.1999969482422,140.0,152.0,140.58985900878906,289300
2017-12-01,151.1999969482422,151.64999389648438,143.5500030517578,147.5,136.4276885986328,248300
2017-12-04,150.25,156.1999969482422,149.1999969482422,151.8000030517578,140.4049072265625,203400
2017-12-05,150.0500030517578,152.42999267578125,148.6999969482422,149.9499969482422,138.69374084472656,204200
2017-12-06,149.9499969482422,150.89999389648438,147.1999969482422,147.3000030517578,136.24269104003906,155300
2017-12-07,147.0500030517578,149.4499969482422,146.60000610351562,148.0,136.89013671875,91700
2017-12-08,149.14999389648438,150.64999389648438,146.25,148.60000610351562,137.4451141357422,84400
2017-12-11,148.6999969482422,149.1999969482422,145.0,146.25,135.27151489257812,100600
2017-12-12,146.75,149.1999969482422,146.3000030517578,146.5,135.50271606445312,83300
2017-12-13,147.10000610351562,149.4499969482422,146.9499969482422,147.14999389648438,136.1039581298828,80700
2017-12-14,147.75,149.3000030517578,146.5500030517578,147.0,135.96519470214844,70800
2017-12-15,147.75,151.0500030517578,147.75,149.8000030517578,138.55503845214844,244200
2017-12-18,150.6999969482422,153.5500030517578,149.0,153.35000610351562,141.83853149414062,67700
2017-12-19,153.5,154.89999389648438,152.0,153.14999389648438,141.65354919433594,122700
2017-12-20,153.8000030517578,154.25,151.60000610351562,152.75,141.28358459472656,75100
2017-12-21,156.4499969482422,162.25,156.4499969482422,160.39999389648438,148.3593292236328,165000
2017-12-22,160.89999389648438,162.35000610351562,156.14999389648438,160.89999389648438,148.82179260253906,198100
2017-12-26,160.39999389648438,162.10000610351562,158.85000610351562,159.25,147.295654296875,83600
2017-12-27,159.89999389648438,160.5,157.3000030517578,157.9499969482422,146.09324645996094,197200
2017-12-28,158.1999969482422,158.75,154.5500030517578,155.5,143.8271484375,146000
2017-12-29,152.0,155.6199951171875,152.0,154.75,143.13343811035156,91200
2018-01-02,155.39999389648438,157.0,148.16000366210938,154.0500030517578,142.4860076904297,171600
2018-01-03,153.1999969482422,155.35000610351562,149.6999969482422,155.0,143.3646697998047,158600
2018-01-04,155.9499969482422,157.22999572753906,150.85000610351562,150.85000610351562,139.5261993408203,85100
2018-01-05,150.89999389648438,150.89999389648438,148.5,149.89999389648438,138.6475067138672,73800
2018-01-08,150.35000610351562,150.35000610351562,147.5,148.0,136.89013671875,106100
2018-01-09,150.9499969482422,155.0,150.3000030517578,150.85000610351562,139.5261993408203,185000
2018-01-10,150.89999389648438,155.4499969482422,150.89999389648438,154.85000610351562,143.22593688964844,97400
2018-01-11,156.14999389648438,165.0,154.3000030517578,163.14999389648438,150.9028778076172,228300
2018-01-12,164.64999389648438,167.10000610351562,161.5,165.5,153.0764617919922,242700
2018-01-16,169.10000610351562,172.0,167.5,168.9499969482422,156.26748657226562,277100
2018-01-17,170.0500030517578,170.9499969482422,164.89999389648438,166.60000610351562,154.09390258789062,238100
2018-01-18,167.0500030517578,168.64999389648438,164.9499969482422,166.9499969482422,154.41758728027344,135100
2018-01-19,168.0500030517578,169.0,166.75,168.3000030517578,155.66629028320312,164800
2018-01-22,167.4499969482422,168.89999389648438,166.35000610351562,167.6999969482422,155.111328125,207900
2018-01-23,166.5500030517578,167.89999389648438,164.4499969482422,167.64999389648438,155.06507873535156,198500
2018-01-24,166.5,166.75,159.35000610351562,161.4499969482422,149.33050537109375,233700
2018-01-25,161.85000610351562,163.4499969482422,154.25,156.1999969482422,144.474609375,239400
2018-01-26,156.89999389648438,160.39999389648438,156.25,160.0,147.98936462402344,111900
2018-01-29,159.85000610351562,163.9499969482422,159.85000610351562,161.10000610351562,149.0067901611328,183400
2018-01-30,160.0500030517578,162.60000610351562,156.89999389648438,159.39999389648438,147.4343719482422,230400
2018-01-31,159.89999389648438,162.0,159.14999389648438,159.25,147.295654296875,277400
2018-02-01,159.64999389648438,173.8000030517578,158.5,166.8000030517578,154.27886962890625,458900
2018-02-02,165.0500030517578,169.0500030517578,162.5,164.0,151.68910217285156,215700
2018-02-05,163.39999389648438,168.5,158.14999389648438,158.5,146.60194396972656,219000
2018-02-06,156.10000610351562,160.60000610351562,155.17999267578125,159.89999389648438,147.89683532714844,207400
2018-02-07,159.9499969482422,164.8000030517578,159.9499969482422,162.60000610351562,150.3941650390625,150800
2018-02-08,162.8000030517578,162.8000030517578,157.1999969482422,157.39999389648438,145.58450317382812,150800
2018-02-09,158.35000610351562,160.3000030517578,152.60000610351562,159.5500030517578,147.57310485839844,149700
2018-02-12,160.39999389648438,164.5,157.6999969482422,163.5500030517578,151.2728271484375,124600
2018-02-13,163.4499969482422,164.9499969482422,161.39999389648438,164.25,151.92030334472656,86600
2018-02-14,163.85000610351562,165.5,162.60000610351562,164.75,152.3827667236328,118800
2018-02-15,165.8000030517578,167.64999389648438,164.5,167.5,154.9263458251953,97700
2018-02-16,167.6999969482422,170.25,166.75,167.0,154.4638671875,80700
2018-02-20,166.14999389648438,168.10000610351562,164.75,165.25,152.84523010253906,97600
2018-02-21,165.25,171.0,165.25,168.25,155.62002563476562,118200
2018-02-22,168.60000610351562,171.3699951171875,166.4499969482422,166.85000610351562,154.3251190185547,182400
2018-02-23,168.0500030517578,169.39999389648438,166.35000610351562,169.14999389648438,156.45248413085938,82300
2018-02-26,169.35000610351562,171.9499969482422,167.85000610351562,171.1999969482422,158.34860229492188,129500
2018-02-27,170.9499969482422,171.5,167.89999389648438,168.0,155.3887939453125,103000
2018-02-28,168.64999389648438,169.35000610351562,165.5800018310547,166.3000030517578,153.81643676757812,149800
2018-03-01,166.10000610351562,168.3000030517578,160.85000610351562,163.6999969482422,152.0516357421875,205200
2018-03-02,162.5500030517578,166.39999389648438,162.14999389648438,164.35000610351562,152.65536499023438,202100
2018-03-05,164.0,166.60000610351562,162.64999389648438,162.89999389648438,151.3085479736328,122700
2018-03-06,163.6999969482422,166.0,160.6999969482422,165.9499969482422,154.1415252685547,116400
2018-03-07,164.35000610351562,171.64999389648438,164.35000610351562,171.3000030517578,159.11082458496094,122000
2018-03-08,171.5,176.0,170.4499969482422,174.0,161.61871337890625,119300
2018-03-09,175.0500030517578,175.0500030517578,168.55999755859375,174.3000030517578,161.8973846435547,54800
2018-03-12,175.0,177.5,173.25,177.5,164.86965942382812,119300
2018-03-13,177.5500030517578,180.1999969482422,176.35000610351562,179.60000610351562,166.82020568847656,131300
2018-03-14,180.25,181.4499969482422,174.5500030517578,174.9499969482422,162.50112915039062,80900
2018-03-15,175.3000030517578,176.8000030517578,172.5,172.75,160.45767211914062,87900
2018-03-16,173.60000610351562,179.4499969482422,173.60000610351562,178.0,165.33407592773438,197500
2018-03-19,177.0500030517578,178.6999969482422,174.10000610351562,176.10000610351562,163.5692901611328,76000
2018-03-20,176.14999389648438,177.6999969482422,175.0,176.0500030517578,163.52285766601562,89800
2018-03-21,174.0,177.14999389648438,172.5,174.35000610351562,161.9438018798828,126600
2018-03-22,172.39999389648438,174.64999389648438,167.5500030517578,167.60000610351562,155.67410278320312,109100
2018-03-23,168.0,171.75,165.9499969482422,166.6999969482422,154.838134765625,110200
2018-03-26,169.5,171.4499969482422,165.0,171.25,159.06439208984375,153300
2018-03-27,171.75,174.60000610351562,167.1999969482422,168.0,156.04562377929688,282200
2018-03-28,168.10000610351562,172.4499969482422,166.0,169.5,157.4389190673828,135700
2018-03-29,170.14999389648438,173.8000030517578,168.64999389648438,172.5500030517578,160.2718963623047,130600
2018-04-02,172.39999389648438,172.60000610351562,168.64999389648438,170.25,158.1355438232422,240300
2018-04-03,171.6999969482422,174.35000610351562,171.64999389648438,173.85000610351562,161.47938537597656,205100
2018-04-04,172.1999969482422,174.6999969482422,171.9499969482422,173.85000610351562,161.47938537597656,175900
2018-04-05,174.89999389648438,177.0,173.5,176.25,163.70858764648438,121800
2018-04-06,175.1999969482422,176.0800018310547,171.4499969482422,172.5,160.22544860839844,108300
2018-04-09,173.10000610351562,173.6999969482422,168.0,168.14999389648438,156.18495178222656,104200
2018-04-10,170.35000610351562,170.35000610351562,164.14999389648438,165.8000030517578,154.002197265625,134600
2018-04-11,165.0500030517578,167.60000610351562,163.32000732421875,163.85000610351562,152.1909637451172,102600
2018-04-12,164.5500030517578,167.3300018310547,160.0500030517578,165.25,153.4913330078125,86300
2018-04-13,163.3000030517578,163.3000030517578,149.5,151.0500030517578,140.30174255371094,1140000
2018-04-16,145.8000030517578,149.25,141.64999389648438,146.39999389648438,135.98263549804688,1046000
2018-04-17,148.10000610351562,148.75,141.89999389648438,142.0,131.89572143554688,494900
2018-04-18,141.1999969482422,144.39999389648438,141.1999969482422,142.8000030517578,132.63880920410156,494500
2018-04-19,143.0,143.85000610351562,141.35000610351562,143.4499969482422,133.2425537109375,194400
2018-04-20,142.5500030517578,146.6300048828125,142.5500030517578,144.3000030517578,134.03207397460938,253800
2018-04-23,144.89999389648438,145.9499969482422,141.9499969482422,143.35000610351562,133.14968872070312,179300
2018-04-24,144.35000610351562,145.10000610351562,141.0500030517578,143.60000610351562,133.3818817138672,229700
2018-04-25,143.35000610351562,144.6999969482422,141.32000732421875,143.3000030517578,133.10324096679688,175200
2018-04-26,150.9499969482422,158.60000610351562,149.0,157.25,146.06057739257812,659100
2018-04-27,156.89999389648438,164.3000030517578,156.89999389648438,160.60000610351562,149.1722412109375,358300
2018-04-30,161.6999969482422,161.6999969482422,158.67999267578125,160.25,148.8470916748047,254200
2018-05-01,160.64999389648438,164.47999572753906,158.8000030517578,162.89999389648438,151.3085479736328,253000
2018-05-02,163.14999389648438,163.89999389648438,160.0,160.14999389648438,148.75421142578125,138500
2018-05-03,159.85000610351562,160.39999389648438,157.1999969482422,157.60000610351562,146.3856658935547,152100
2018-05-04,156.8000030517578,161.0,156.14999389648438,159.9499969482422,148.56846618652344,153900
2018-05-07,160.14999389648438,160.41000366210938,157.4499969482422,159.60000610351562,148.24339294433594,73800
2018-05-08,160.1999969482422,164.75,159.47999572753906,162.39999389648438,150.8441162109375,227100
2018-05-09,162.39999389648438,165.0,156.14999389648438,159.10000610351562,147.77896118164062,281100
2018-05-10,159.0500030517578,165.0,158.14999389648438,161.10000610351562,149.6366424560547,107300
2018-05-11,160.75,163.75,159.8000030517578,162.60000610351562,151.02989196777344,110700
2018-05-14,162.64999389648438,163.5500030517578,157.6999969482422,159.6999969482422,148.33628845214844,152300
2018-05-15,158.0500030517578,159.8000030517578,153.60000610351562,158.1999969482422,146.94296264648438,107400
2018-05-16,158.6999969482422,162.64999389648438,157.89999389648438,161.0,149.5437469482422,121300
2018-05-17,160.4499969482422,161.89999389648438,159.9499969482422,160.75,149.96353149414062,140300
2018-05-18,159.89999389648438,162.0,159.52999877929688,161.60000610351562,150.7565155029297,101000
2018-05-21,162.0500030517578,163.75,158.9499969482422,159.10000610351562,148.4242401123047,198400
2018-05-22,159.14999389648438,160.10000610351562,153.85000610351562,153.9499969482422,143.61981201171875,137000
2018-05-23,154.5500030517578,154.5500030517578,149.85000610351562,150.5,140.40135192871094,269100
2018-05-24,150.9499969482422,153.35000610351562,150.5,151.8000030517578,141.6140899658203,252200
2018-05-25,151.85000610351562,157.47999572753906,151.85000610351562,155.85000610351562,145.39234924316406,231500
2018-05-29,155.0500030517578,155.0500030517578,152.1300048828125,153.9499969482422,143.61981201171875,154800
2018-05-30,154.1999969482422,156.14999389648438,153.5500030517578,154.3000030517578,143.94638061523438,131600
2018-05-31,154.3000030517578,155.5500030517578,150.9499969482422,151.35000610351562,141.1942901611328,167200
2018-06-01,152.25,154.14999389648438,150.10000610351562,151.10000610351562,140.96109008789062,142900
2018-06-04,151.0500030517578,154.67999267578125,151.0500030517578,154.39999389648438,144.03965759277344,115800
2018-06-05,154.1999969482422,156.1300048828125,149.8000030517578,150.9499969482422,140.8211212158203,146500
2018-06-06,150.75,153.75,145.3000030517578,150.10000610351562,140.02816772460938,141100
2018-06-07,150.8000030517578,151.6999969482422,148.75,150.0,139.9348907470703,92700
2018-06-08,149.85000610351562,150.6999969482422,148.89999389648438,149.4499969482422,139.4217987060547,148400
2018-06-11,149.8000030517578,153.3000030517578,149.3800048828125,152.3000030517578,142.08055114746094,101700
2018-06-12,152.85000610351562,152.85000610351562,149.35000610351562,151.64999389648438,141.47415161132812,143700
2018-06-13,150.64999389648438,152.35000610351562,149.1999969482422,149.3000030517578,139.28187561035156,128700
2018-06-14,150.0,150.1999969482422,148.5500030517578,149.5500030517578,139.51507568359375,163200
2018-06-15,149.10000610351562,150.39999389648438,146.8000030517578,149.4499969482422,139.4217987060547,213600
2018-06-18,148.60000610351562,149.9499969482422,147.35000610351562,149.39999389648438,139.37513732910156,92400
2018-06-19,148.60000610351562,149.2899932861328,146.39999389648438,146.85000610351562,136.9962615966797,108100
2018-06-20,146.89999389648438,148.3000030517578,146.25,146.39999389648438,136.576416015625,99400
2018-06-21,146.35000610351562,148.39999389648438,145.5,146.14999389648438,136.34323120117188,136100
2018-06-22,146.4499969482422,147.85000610351562,143.10000610351562,144.14999389648438,134.4774169921875,154000
2018-06-25,143.4499969482422,144.47999572753906,140.9499969482422,141.85000610351562,132.33175659179688,73200
2018-06-26,141.89999389648438,142.9499969482422,138.1999969482422,139.35000610351562,129.99951171875,107000
2018-06-27,139.0,140.8000030517578,137.25,137.5,128.2736358642578,118400
2018-06-28,137.39999389648438,139.75,135.75,138.85000610351562,129.53305053710938,166000
2018-06-29,139.75,140.85000610351562,138.0500030517578,138.9499969482422,129.62632751464844,138900
2018-07-02,137.89999389648438,140.8000030517578,136.85000610351562,140.4499969482422,131.02569580078125,166500
2018-07-03,139.89999389648438,141.57000732421875,139.10000610351562,139.4499969482422,130.09278869628906,43000
2018-07-05,140.14999389648438,142.27999877929688,138.9499969482422,142.14999389648438,132.6116180419922,131900
2018-07-06,142.10000610351562,144.25,142.0,144.0500030517578,134.38412475585938,108000
2018-07-09,144.6999969482422,145.8699951171875,140.10000610351562,140.8000030517578,131.3522186279297,156400
2018-07-10,141.25,147.0,139.85000610351562,142.85000610351562,133.26466369628906,232500
2018-07-11,142.25,143.0,138.39999389648438,139.10000610351562,129.7662811279297,112200
2018-07-12,139.3000030517578,140.42999267578125,138.0500030517578,139.0500030517578,129.71966552734375,140100
2018-07-13,138.75,143.64999389648438,138.75,143.1999969482422,133.59117126464844,288100
2018-07-16,142.75,142.75,138.14999389648438,138.75,129.4397735595703,114000
2018-07-17,138.5500030517578,141.0,137.75,139.0,129.6729736328125,158600
2018-07-18,140.10000610351562,144.5,139.89999389648438,143.0500030517578,133.45120239257812,183900
2018-07-19,142.39999389648438,143.9499969482422,141.85000610351562,143.8000030517578,134.15090942382812,133300
2018-07-20,143.3000030517578,144.5,142.6999969482422,144.1999969482422,134.52407836914062,190100
2018-07-23,144.1999969482422,145.0500030517578,143.52000427246094,144.75,135.03717041015625,112200
2018-07-24,145.35000610351562,145.35000610351562,138.6999969482422,139.60000610351562,130.2327423095703,266200
2018-07-25,139.5,140.3000030517578,138.0500030517578,139.3000030517578,129.952880859375,259400
2018-07-26,131.0,131.0,117.94999694824219,118.05000305175781,110.12875366210938,748800
2018-07-27,120.44999694824219,125.1500015258789,118.33000183105469,124.8499984741211,116.47247314453125,364700
2018-07-30,123.9000015258789,125.75,123.3499984741211,124.55000305175781,116.19259643554688,163000
2018-07-31,125.1500015258789,125.4000015258789,123.44999694824219,123.5999984741211,115.30633544921875,205400
2018-08-01,122.94999694824219,122.94999694824219,119.3499984741211,121.94999694824219,113.76705169677734,325100
2018-08-02,121.8499984741211,123.8499984741211,119.19999694824219,121.4000015258789,113.25396728515625,113700
2018-08-03,121.30000305175781,125.6500015258789,121.30000305175781,125.0999984741211,116.7056884765625,204400
2018-08-06,123.5999984741211,126.9000015258789,123.5999984741211,126.75,118.24498748779297,176800
2018-08-07,127.0,128.5,126.55000305175781,128.25,119.64432525634766,143700
2018-08-08,128.85000610351562,129.9499969482422,126.86000061035156,128.9499969482422,120.29734802246094,137100
2018-08-09,129.3000030517578,131.5500030517578,129.0,130.35000610351562,121.60340881347656,104700
2018-08-10,130.0500030517578,131.14999389648438,127.8499984741211,130.8000030517578,122.02322387695312,146100
2018-08-13,131.0,133.0,130.22999572753906,132.25,123.3759536743164,100400
2018-08-14,132.10000610351562,136.10000610351562,131.6999969482422,134.8000030517578,125.75481414794922,148300
2018-08-15,134.75,137.0500030517578,134.1999969482422,136.0,126.87429809570312,113200
2018-08-16,136.0500030517578,138.35000610351562,135.10000610351562,135.6999969482422,127.24938201904297,143900
2018-08-17,135.60000610351562,136.0,134.2100067138672,135.6999969482422,127.24938201904297,110000
2018-08-20,136.0,138.5,134.75,136.75,128.23397827148438,125400
2018-08-21,136.75,137.5,136.14999389648438,136.60000610351562,128.0933380126953,105700
2018-08-22,136.0,136.60000610351562,134.64999389648438,135.0500030517578,126.63986206054688,107600
2018-08-23,135.10000610351562,136.9499969482422,134.3000030517578,136.1999969482422,127.71823120117188,79400
2018-08-24,136.0500030517578,136.60000610351562,134.72999572753906,135.39999389648438,126.96803283691406,108600
2018-08-27,136.10000610351562,136.89999389648438,134.77999877929688,136.4499969482422,127.95265197753906,103500
2018-08-28,136.5500030517578,139.4499969482422,136.4499969482422,136.64999389648438,128.1402130126953,116600
2018-08-29,136.5,136.9499969482422,134.10000610351562,134.85000610351562,126.45230865478516,254700
2018-08-30,134.85000610351562,135.39999389648438,133.64999389648438,135.14999389648438,126.7336196899414,195400
2018-08-31,134.4499969482422,136.35000610351562,134.4499969482422,136.25,127.76512145996094,65500
2018-09-04,135.8000030517578,136.25,134.60000610351562,134.9499969482422,126.54608917236328,124400
2018-09-05,135.0,135.3000030517578,133.27999877929688,133.8000030517578,125.46771240234375,233400
2018-09-06,133.89999389648438,133.92999267578125,132.25,133.10000610351562,124.81130981445312,191700
2018-09-07,132.64999389648438,135.35000610351562,131.6999969482422,132.5500030517578,124.29556274414062,662000
2018-09-10,132.75,133.25,131.39999389648438,132.5500030517578,124.29556274414062,254800
2018-09-11,132.14999389648438,133.32000732421875,126.5,126.69999694824219,118.80985260009766,347600
2018-09-12,126.5999984741211,126.75,122.30000305175781,124.30000305175781,116.55931091308594,529500
2018-09-13,124.69999694824219,124.94999694824219,122.0,123.44999694824219,115.76223754882812,711700
2018-09-14,122.30000305175781,127.5999984741211,117.30000305175781,122.75,115.10582733154297,520500
2018-09-17,122.75,129.14999389648438,122.69999694824219,128.5,120.49774932861328,283800
2018-09-18,128.0500030517578,131.75,128.0500030517578,130.60000610351562,122.46698760986328,169000
2018-09-19,130.60000610351562,131.89999389648438,127.5,127.80000305175781,119.84135437011719,133600
2018-09-20,127.75,128.60000610351562,126.6500015258789,127.05000305175781,119.1380615234375,128500
2018-09-21,127.30000305175781,130.0500030517578,127.30000305175781,129.0500030517578,121.01350402832031,174400
2018-09-24,128.75,128.75,124.80000305175781,126.80000305175781,118.90363311767578,191100
2018-09-25,127.44999694824219,128.35000610351562,125.80000305175781,128.14999389648438,120.16954803466797,90600
2018-09-26,128.4499969482422,129.39999389648438,128.0500030517578,128.3000030517578,120.3102035522461,124600
2018-09-27,129.0,130.5,128.4499969482422,128.4499969482422,120.45086669921875,138700
2018-09-28,128.5,130.39999389648438,126.55000305175781,126.80000305175781,118.90363311767578,153200
2018-10-01,127.16000366210938,129.97999572753906,125.4000015258789,125.87999725341797,118.0409164428711,175300
2018-10-02,125.5999984741211,127.37999725341797,122.08000183105469,122.12000274658203,114.51507568359375,109000
2018-10-03,122.3499984741211,123.76000213623047,119.33000183105469,123.05999755859375,115.39651489257812,119400
2018-10-04,123.05999755859375,124.83000183105469,121.02999877929688,121.79000091552734,114.20562744140625,150200
2018-10-05,122.01000213623047,122.54000091552734,119.6500015258789,120.12000274658203,112.63961029052734,163500
2018-10-08,119.44000244140625,120.94999694824219,118.83000183105469,119.37999725341797,111.94569396972656,192500
2018-10-09,118.94000244140625,120.4000015258789,117.30000305175781,119.0,111.58935546875,208100
2018-10-10,118.27999877929688,118.44000244140625,114.18000030517578,114.5999984741211,107.46337127685547,193800
2018-10-11,115.5,118.66000366210938,112.4800033569336,117.83999633789062,110.5015869140625,282700
2018-10-12,119.31999969482422,122.29000091552734,118.27999877929688,119.7300033569336,112.2739028930664,241700
2018-10-15,119.5199966430664,123.25,118.83999633789062,122.0,114.40252685546875,137000
2018-10-16,122.22000122070312,123.80999755859375,122.01000213623047,122.68000030517578,115.04019165039062,208300
2018-10-17,123.5,124.75,120.72000122070312,123.47000122070312,115.78099822998047,292500
2018-10-18,123.19999694824219,123.55000305175781,118.4000015258789,119.11000061035156,111.69251251220703,194800
2018-10-19,118.11000061035156,120.13999938964844,118.11000061035156,119.95999908447266,112.48957824707031,211500
2018-10-22,120.5199966430664,122.9800033569336,120.5199966430664,121.08000183105469,113.53982543945312,139200
2018-10-23,119.72000122070312,121.51000213623047,118.29000091552734,121.30999755859375,113.75550842285156,378200
2018-10-24,120.9800033569336,121.19999694824219,115.29000091552734,115.44000244140625,108.25106048583984,346800
2018-10-25,116.95999908447266,119.0,105.20999908447266,111.16000366210938,104.23760223388672,551800
2018-10-26,109.4000015258789,110.70999908447266,107.0,107.33000183105469,100.6460952758789,479100
2018-10-29,107.26000213623047,116.52999877929688,107.26000213623047,115.31999969482422,108.1385269165039,194700
2018-10-30,115.30999755859375,119.80000305175781,112.72000122070312,118.69000244140625,111.29866790771484,140300
2018-10-31,119.97000122070312,121.95999908447266,113.77999877929688,114.13999938964844,107.03201293945312,165800
2018-11-01,114.75,120.73999786376953,113.3499984741211,120.62000274658203,113.10846710205078,357700
2018-11-02,121.86000061035156,123.91000366210938,120.62000274658203,122.9000015258789,115.24649047851562,246000
2018-11-05,123.1500015258789,124.38999938964844,119.73999786376953,120.0,112.52709197998047,152700
2018-11-06,120.0,120.66999816894531,118.43000030517578,119.19999694824219,111.77690124511719,147100
2018-11-07,119.47000122070312,120.4000015258789,118.0999984741211,120.19999694824219,112.7146224975586,117300
2018-11-08,120.11000061035156,121.68000030517578,119.12000274658203,120.13999938964844,112.65837097167969,190700
2018-11-09,120.20999908447266,122.33999633789062,120.18000030517578,121.9800033569336,114.3837890625,82100
2018-11-12,123.2699966430664,124.62999725341797,120.76000213623047,121.88999938964844,114.29937744140625,168600
2018-11-13,122.05000305175781,124.77999877929688,121.25,121.87000274658203,114.28063201904297,119500
2018-11-14,122.88999938964844,124.05999755859375,120.5199966430664,121.41000366210938,113.84927368164062,99600
2018-11-15,120.73999786376953,122.5999984741211,118.04000091552734,121.43000030517578,113.86802673339844,117700
2018-11-16,120.62999725341797,120.62999725341797,117.5,120.12000274658203,112.63961029052734,128800
2018-11-19,120.18000030517578,121.11000061035156,118.31999969482422,118.94999694824219,111.54246520996094,96400
2018-11-20,117.2699966430664,119.9800033569336,114.9800033569336,117.48999786376953,110.17339324951172,145900
2018-11-21,117.33999633789062,122.08000183105469,117.30999755859375,121.02999877929688,114.17317962646484,58400
2018-11-23,120.70999908447266,124.30000305175781,120.70999908447266,123.41000366210938,116.4183578491211,65900
2018-11-26,124.62999725341797,126.04000091552734,122.77999877929688,124.23999786376953,117.2013168334961,144500
2018-11-27,124.12999725341797,126.26000213623047,123.62999725341797,123.9000015258789,116.8805923461914,127000
2018-11-28,124.48999786376953,125.73999786376953,121.94999694824219,125.62999725341797,118.51258087158203,453100
2018-11-29,124.88999938964844,127.5999984741211,123.05000305175781,126.08000183105469,118.93707275390625,113200
2018-11-30,126.31999969482422,134.5,126.31999969482422,134.41000366210938,126.79515838623047,203200
2018-12-03,134.5399932861328,134.75,130.99000549316406,133.67999267578125,126.10650634765625,409300
2018-12-04,132.72000122070312,135.0,125.93000030517578,126.51000213623047,119.34272003173828,305800
2018-12-06,129.8800048828125,135.25999450683594,128.42999267578125,135.1300048828125,127.47438049316406,367400
2018-12-07,133.8800048828125,135.47999572753906,126.16999816894531,126.31999969482422,119.1634750366211,160100
2018-12-10,127.2300033569336,127.2300033569336,122.44999694824219,125.33000183105469,118.22957611083984,250900
2018-12-11,126.38999938964844,127.37999725341797,123.81999969482422,125.12000274658203,118.0314712524414,106400
2018-12-12,126.52999877929688,127.30000305175781,123.66999816894531,125.6500015258789,118.53144073486328,171200
2018-12-13,125.75,125.75,119.87999725341797,120.83999633789062,113.99394989013672,143800
2018-12-14,120.23999786376953,122.79000091552734,118.3499984741211,118.44000244140625,111.72992706298828,145400
2018-12-17,117.56999969482422,119.4000015258789,114.29000091552734,116.70999908447266,110.09793853759766,241800
2018-12-18,118.0999984741211,121.0999984741211,117.05999755859375,118.55000305175781,111.83369445800781,169100
2018-12-19,118.33000183105469,119.58000183105469,114.56999969482422,115.12999725341797,108.60742950439453,200400
2018-12-20,114.94999694824219,115.76000213623047,109.88999938964844,111.81999969482422,105.48497009277344,204600
2018-12-21,110.30000305175781,111.63999938964844,105.70999908447266,105.86000061035156,99.86262512207031,692400
2018-12-24,105.56999969482422,107.44000244140625,104.47000122070312,104.47000122070312,98.5513916015625,115600
2018-12-26,104.47000122070312,105.80000305175781,101.62000274658203,104.11000061035156,98.21176147460938,517300
2018-12-27,104.11000061035156,104.86000061035156,98.20999908447266,101.7300033569336,95.96660614013672,354700
2018-12-28,102.33999633789062,102.95999908447266,99.20999908447266,100.44999694824219,94.75911712646484,420300
2018-12-31,101.0,102.08000183105469,98.68000030517578,100.22000122070312,94.54215240478516,288800
2019-01-02,98.5999984741211,103.94999694824219,98.26000213623047,103.88999938964844,98.00424194335938,305900
2019-01-03,103.08000183105469,103.08000183105469,98.18000030517578,101.43000030517578,95.68359375,184600
2019-01-04,102.5199966430664,108.58000183105469,101.9800033569336,108.08999633789062,101.96627044677734,219900
2019-01-07,108.22000122070312,110.12999725341797,106.37999725341797,109.3499984741211,103.15489196777344,168800
2019-01-08,110.12000274658203,112.5199966430664,109.25,111.2300033569336,104.92839050292969,202900
2019-01-09,111.0,116.81999969482422,111.0,116.70999908447266,110.09793853759766,154400
2019-01-10,114.86000061035156,120.8499984741211,112.0,120.26000213623047,113.44680786132812,220400
2019-01-11,120.29000091552734,122.1500015258789,119.06999969482422,121.33000183105469,114.4561996459961,131400
2019-01-14,120.79000091552734,121.62999725341797,118.72000122070312,120.48999786376953,113.66378784179688,144600
2019-01-15,120.8499984741211,123.0,118.25,119.44000244140625,112.67325592041016,116000
2019-01-16,120.4000015258789,124.02999877929688,118.4800033569336,119.5999984741211,112.82420349121094,138000
2019-01-17,119.61000061035156,123.9800033569336,119.61000061035156,122.01000213623047,115.09767150878906,116000
2019-01-18,122.05999755859375,123.12000274658203,121.0199966430664,122.69000244140625,115.73914337158203,151500
2019-01-22,122.05000305175781,122.6500015258789,118.91999816894531,119.51000213623047,112.73930358886719,158200
2019-01-23,120.33000183105469,121.47000122070312,118.58000183105469,119.04000091552734,112.29591369628906,113400
2019-01-24,120.27999877929688,123.48999786376953,119.94000244140625,121.44999694824219,114.56939697265625,127300
2019-01-25,122.5999984741211,124.05999755859375,121.01000213623047,121.77999877929688,114.88069152832031,185800
2019-01-28,121.05000305175781,125.19000244140625,120.26000213623047,124.05000305175781,117.0220947265625,217300
2019-01-29,124.06999969482422,125.91000366210938,122.30999755859375,125.0,117.91827392578125,217100
2019-01-30,125.19999694824219,127.41000366210938,120.83000183105469,125.73999786376953,118.61634063720703,283200
2019-01-31,133.30999755859375,137.0,128.1999969482422,130.0,122.63500213623047,643500
2019-02-01,132.57000732421875,137.1999969482422,130.30999755859375,135.85000610351562,128.153564453125,391400
2019-02-04,136.64999389648438,139.14999389648438,133.89999389648438,139.02999877929688,131.1533966064453,321600
2019-02-05,139.2899932861328,139.3699951171875,135.22999572753906,135.77999877929688,128.0875244140625,195400
2019-02-06,135.0,137.57000732421875,132.83999633789062,135.08999633789062,127.4366226196289,155400
2019-02-07,134.1199951171875,138.50999450683594,134.1199951171875,136.1199951171875,128.4082794189453,132700
2019-02-08,135.5,136.0800018310547,133.80999755859375,135.75999450683594,128.0686492919922,92500
2019-02-11,136.1999969482422,138.67999267578125,135.5,137.2100067138672,129.4365234375,103000
2019-02-12,137.82000732421875,138.1199951171875,135.22000122070312,135.92999267578125,128.22903442382812,125300
2019-02-13,136.25,139.27000427246094,136.1300048828125,138.14999389648438,130.32325744628906,112400
2019-02-14,137.52000427246094,139.8699951171875,137.52000427246094,139.74000549316406,131.82318115234375,154000
2019-02-15,140.07000732421875,141.74000549316406,139.0,139.2100067138672,131.32322692871094,102000
2019-02-19,138.97000122070312,142.97000122070312,138.7100067138672,141.38999938964844,133.3797149658203,307300
2019-02-20,140.77000427246094,141.30999755859375,136.2100067138672,136.42999267578125,128.7007293701172,181900
2019-02-21,136.94000244140625,139.24000549316406,136.2100067138672,137.02000427246094,129.2572784423828,109400
2019-02-22,137.47999572753906,140.89999389648438,133.3300018310547,140.77999877929688,132.80429077148438,102800
2019-02-25,141.4600067138672,142.55999755859375,140.55999755859375,140.91000366210938,132.92689514160156,73400
2019-02-26,141.0,142.74000549316406,140.52000427246094,141.25999450683594,133.257080078125,97600
2019-02-27,139.36000061035156,139.85000610351562,132.17999267578125,132.69000244140625,125.17261505126953,222400
2019-02-28,132.08999633789062,133.47000122070312,130.47999572753906,132.10000610351562,125.27690124511719,102700
2019-03-01,132.74000549316406,132.74000549316406,130.0,131.27000427246094,124.48979949951172,191800
2019-03-04,131.97000122070312,131.97000122070312,128.32000732421875,130.22000122070312,123.4940185546875,184600
2019-03-05,131.0800018310547,133.0,129.91000366210938,129.92999267578125,123.21898651123047,170500
2019-03-06,128.0500030517578,130.85000610351562,128.0500030517578,129.6199951171875,122.92500305175781,198100
2019-03-07,129.11000061035156,129.6699981689453,126.05000305175781,127.01000213623047,120.44982147216797,248400
2019-03-08,126.30999755859375,127.8499984741211,125.80000305175781,126.81999969482422,120.2696304321289,169300
2019-03-11,126.52999877929688,128.72999572753906,126.12000274658203,128.22999572753906,121.60679626464844,236800
2019-03-12,128.52000427246094,128.80999755859375,125.5,126.72000122070312,120.17478942871094,230400
2019-03-13,127.0199966430664,128.22000122070312,124.88999938964844,127.69000244140625,121.09469604492188,308500
2019-03-14,128.39999389648438,129.6199951171875,126.5,127.36000061035156,120.78173828125,212000
2019-03-15,127.48999786376953,128.97999572753906,125.4800033569336,125.88999938964844,119.3876724243164,233400
2019-03-18,126.05000305175781,126.97000122070312,124.31999969482422,126.11000061035156,119.5963134765625,214600
2019-03-19,126.44999694824219,128.88999938964844,125.54000091552734,126.25,119.72906494140625,101400
2019-03-20,126.11000061035156,127.30999755859375,123.66000366210938,125.6500015258789,119.16006469726562,143800
2019-03-21,125.3499984741211,128.0800018310547,124.43000030517578,127.06999969482422,120.50672149658203,111800
2019-03-22,126.33000183105469,126.41999816894531,121.51000213623047,122.1500015258789,115.8408432006836,158700
2019-03-25,122.0,123.43000030517578,120.91000366210938,121.97000122070312,115.67015075683594,92200
2019-03-26,123.91000366210938,125.7699966430664,122.52999877929688,124.01000213623047,117.60476684570312,161100
2019-03-27,123.9000015258789,128.49000549316406,123.25,126.37999725341797,119.85235595703125,176000
2019-03-28,126.5999984741211,128.5800018310547,125.29000091552734,126.77999877929688,120.2317123413086,89400
2019-03-29,127.06999969482422,129.6999969482422,127.06999969482422,129.47000122070312,122.78276824951172,186100
2019-04-01,130.17999267578125,132.6999969482422,129.63999938964844,129.88999938964844,123.18106079101562,204900
2019-04-02,130.2899932861328,134.0800018310547,129.89999389648438,133.27999877929688,126.3959732055664,228200
2019-04-03,133.75999450683594,136.3300018310547,131.75,134.3000030517578,127.3633041381836,148600
2019-04-04,134.30999755859375,136.02000427246094,132.8300018310547,135.9499969482422,128.92807006835938,91100
2019-04-05,135.39999389648438,137.5,135.1999969482422,136.99000549316406,129.91433715820312,181900
2019-04-08,135.8800048828125,138.22999572753906,130.50999450683594,137.9199981689453,130.7963104248047,216500
2019-04-09,137.22999572753906,137.36000061035156,133.50999450683594,133.8699951171875,126.95549011230469,168200
2019-04-10,134.88999938964844,137.1999969482422,133.89999389648438,136.75,129.68673706054688,98300
2019-04-11,136.97000122070312,139.14999389648438,136.11000061035156,136.38999938964844,129.3453369140625,149500
2019-04-12,136.97000122070312,138.74000549316406,133.74000549316406,134.1699981689453,127.23998260498047,216800
2019-04-15,134.38999938964844,135.35000610351562,132.16000366210938,132.92999267578125,126.06404113769531,174400
2019-04-16,133.60000610351562,135.72000122070312,132.6999969482422,134.50999450683594,127.56244659423828,148900
2019-04-17,135.27000427246094,136.75,133.30999755859375,133.64999389648438,126.74684143066406,123100
2019-04-18,132.9199981689453,133.82000732421875,130.4499969482422,131.14999389648438,124.37596893310547,104100
2019-04-22,130.38999938964844,131.27999877929688,128.63999938964844,130.35000610351562,123.61730194091797,129300
2019-04-23,130.27999877929688,133.3000030517578,129.89999389648438,132.1300048828125,125.30537414550781,133400
2019-04-24,131.9199981689453,134.14999389648438,130.52999877929688,133.1300048828125,126.25369262695312,213300
2019-04-25,134.4499969482422,143.88999938964844,133.4499969482422,139.97999572753906,132.74990844726562,391400
2019-04-26,140.10000610351562,143.1300048828125,140.10000610351562,140.97000122070312,133.6887664794922,181900
2019-04-29,140.69000244140625,144.91000366210938,139.66000366210938,144.17999267578125,136.7329559326172,243200
2019-04-30,144.19000244140625,147.1999969482422,143.25,146.8800048828125,139.2935028076172,190300
2019-05-01,147.17999267578125,147.6699981689453,145.13999938964844,145.55999755859375,138.0416717529297,186800
2019-05-02,145.75999450683594,147.8000030517578,145.7100067138672,146.52999877929688,138.9615936279297,82700
2019-05-03,147.0,148.8000030517578,146.8300018310547,147.25999450683594,139.65386962890625,159600
2019-05-06,145.22999572753906,147.5,142.69000244140625,147.08999633789062,139.49266052246094,86000
2019-05-07,145.86000061035156,146.07000732421875,142.64999389648438,144.6699981689453,137.1976776123047,92000
2019-05-08,144.22999572753906,145.5500030517578,141.19000244140625,142.1300048828125,134.7888641357422,118500
2019-05-09,141.00999450683594,142.36000061035156,139.57000732421875,142.36000061035156,135.0069580078125,110800
2019-05-10,141.72999572753906,143.8000030517578,139.2899932861328,143.27999877929688,135.87945556640625,112100
2019-05-13,140.6300048828125,141.57000732421875,137.58999633789062,140.16000366210938,132.92062377929688,213000
2019-05-14,140.74000549316406,145.3800048828125,139.2100067138672,144.5,137.0364532470703,222400
2019-05-15,143.47999572753906,145.44000244140625,139.49000549316406,144.50999450683594,137.04591369628906,172100
2019-05-16,144.33999633789062,145.8699951171875,142.52000427246094,144.25999450683594,136.808837890625,182700
2019-05-17,143.44000244140625,145.1300048828125,142.6199951171875,143.5500030517578,136.13552856445312,151600
2019-05-20,142.00999450683594,144.9199981689453,139.85000610351562,141.9600067138672,134.62765502929688,187800
2019-05-21,142.77000427246094,146.6300048828125,141.7100067138672,146.27999877929688,138.72450256347656,132900
2019-05-22,145.5,145.52000427246094,142.77000427246094,143.0,135.61392211914062,117300
2019-05-23,142.0500030517578,143.52999877929688,138.94000244140625,142.7100067138672,135.33889770507812,67900
2019-05-24,143.7100067138672,143.7100067138672,140.72999572753906,141.9600067138672,134.62765502929688,55900
2019-05-28,141.9600067138672,143.38999938964844,141.74000549316406,142.44000244140625,135.0828399658203,59300
2019-05-29,142.57000732421875,143.3300018310547,140.27999877929688,142.9600067138672,135.5760040283203,223200
2019-05-30,142.97999572753906,144.41000366210938,141.16000366210938,142.4199981689453,135.06387329101562,99400
2019-05-31,141.13999938964844,143.57000732421875,139.77999877929688,140.11000061035156,132.87318420410156,78600
2019-06-03,139.67999267578125,142.42999267578125,137.5500030517578,139.0399932861328,131.85845947265625,169800
2019-06-04,140.24000549316406,144.32000732421875,140.24000549316406,142.92999267578125,135.54754638671875,74700
2019-06-05,143.38999938964844,145.3000030517578,142.5399932861328,144.10000610351562,136.65713500976562,84900
2019-06-06,144.07000732421875,144.07000732421875,140.32000732421875,142.36000061035156,135.0069580078125,102800
2019-06-07,142.77999877929688,144.91000366210938,141.72000122070312,142.35000610351562,134.99749755859375,73900
2019-06-10,142.75999450683594,144.8699951171875,141.75999450683594,142.38999938964844,135.0354461669922,113500
2019-06-11,143.25999450683594,144.89999389648438,141.57000732421875,142.66000366210938,135.29147338867188,92000
2019-06-12,142.69000244140625,144.5,141.02000427246094,143.88999938964844,136.4579620361328,93700
2019-06-13,143.69000244140625,148.69000244140625,143.4600067138672,145.97000122070312,139.1072540283203,168500
2019-06-14,145.8000030517578,147.2899932861328,141.2100067138672,141.99000549316406,135.31436157226562,95900
2019-06-17,141.83999633789062,143.4499969482422,140.55999755859375,141.60000610351562,134.94271850585938,131700
2019-06-18,142.4600067138672,145.07000732421875,141.97999572753906,142.38999938964844,135.69557189941406,253200
2019-06-19,142.4199981689453,142.91000366210938,140.22000122070312,142.69000244140625,135.98146057128906,71000
2019-06-20,143.41000366210938,144.0,139.11000061035156,139.50999450683594,132.95095825195312,99300
2019-06-21,138.05999755859375,138.36000061035156,134.86000061035156,135.11000061035156,128.7578582763672,178000
2019-06-24,135.24000549316406,136.22000122070312,133.6199951171875,134.8300018310547,128.49099731445312,88800
2019-06-25,135.3300018310547,136.61000061035156,133.82000732421875,134.50999450683594,128.18603515625,153400
2019-06-26,134.99000549316406,137.8300018310547,133.80999755859375,137.39999389648438,130.940185546875,126300
2019-06-27,138.00999450683594,141.0,137.6199951171875,140.2899932861328,133.69430541992188,135700
2019-06-28,141.0,145.14999389648438,140.27000427246094,143.5,136.7533721923828,164900
2019-07-01,145.10000610351562,145.24000549316406,142.9600067138672,143.0800018310547,136.3531494140625,109200
2019-07-02,143.41000366210938,143.6699981689453,140.2899932861328,141.42999267578125,134.78067016601562,145800
2019-07-03,141.63999938964844,144.60000610351562,141.63999938964844,143.17999267578125,136.4484100341797,71900
2019-07-05,142.74000549316406,145.92999267578125,141.5,144.72999572753906,137.92555236816406,91100
2019-07-08,144.88999938964844,146.30999755859375,144.22000122070312,146.3000030517578,139.4217529296875,107600
2019-07-09,146.25999450683594,146.61000061035156,142.69000244140625,144.10000610351562,137.32518005371094,103400
2019-07-10,145.52000427246094,145.89999389648438,143.44000244140625,145.60000610351562,138.75465393066406,93700
2019-07-11,146.2899932861328,146.36000061035156,143.94000244140625,144.5,137.70635986328125,66100
2019-07-12,144.88999938964844,149.63999938964844,144.60000610351562,148.6699981689453,141.6802978515625,130100
2019-07-15,148.82000732421875,149.64999389648438,147.19000244140625,148.22999572753906,141.26097106933594,136800
2019-07-16,148.50999450683594,152.0,148.47999572753906,148.5500030517578,141.56594848632812,164000
2019-07-17,149.00999450683594,149.00999450683594,146.8300018310547,147.85000610351562,140.89886474609375,120900
2019-07-18,147.69000244140625,148.52999877929688,146.36000061035156,147.33999633789062,140.412841796875,181400
2019-07-19,146.67999267578125,149.5500030517578,143.80999755859375,143.88999938964844,137.1250457763672,180800
2019-07-22,144.82000732421875,146.83999633789062,144.16000366210938,145.36000061035156,138.52593994140625,217500
2019-07-23,146.5800018310547,148.69000244140625,146.10000610351562,147.66000366210938,140.71778869628906,162900
2019-07-24,147.4199981689453,150.74000549316406,147.4199981689453,148.77000427246094,141.77561950683594,337800
2019-07-25,152.0,157.5,147.1300048828125,152.00999450683594,144.86326599121094,515400
2019-07-26,151.9600067138672,154.3699951171875,151.9600067138672,152.6300048828125,145.45413208007812,264800
2019-07-29,152.30999755859375,153.75,151.22000122070312,152.16000366210938,145.0062255859375,192600
2019-07-30,151.1199951171875,152.77999877929688,150.57000732421875,151.25999450683594,144.1485595703125,123000
2019-07-31,151.6199951171875,152.77999877929688,149.4600067138672,149.85000610351562,142.80482482910156,272000
2019-08-01,149.74000549316406,151.8699951171875,147.75999450683594,148.1300048828125,141.16571044921875,172200
2019-08-02,147.13999938964844,149.47999572753906,146.16000366210938,147.64999389648438,140.708251953125,159700
2019-08-05,145.30999755859375,146.27999877929688,142.8800048828125,145.7100067138672,138.8594970703125,180500
2019-08-06,147.86000061035156,148.52000427246094,144.89999389648438,146.8000030517578,139.89822387695312,258500
2019-08-07,145.41000366210938,148.5,143.6300048828125,147.05999755859375,140.14599609375,131200
2019-08-08,147.97999572753906,149.3800048828125,147.41000366210938,148.74000549316406,141.7470245361328,263900
2019-08-09,146.89999389648438,148.6699981689453,144.64999389648438,146.14999389648438,139.27877807617188,115300
2019-08-12,145.2899932861328,145.2899932861328,142.22999572753906,144.10000610351562,137.32518005371094,272100
2019-08-13,143.8800048828125,145.2899932861328,142.50999450683594,142.64999389648438,135.94332885742188,112700
2019-08-14,141.22000122070312,142.80999755859375,140.57000732421875,142.0,135.32388305664062,153600
2019-08-15,142.6199951171875,142.6199951171875,140.50999450683594,140.88999938964844,134.26609802246094,150600
2019-08-16,141.82000732421875,144.41000366210938,141.82000732421875,142.80999755859375,136.0958251953125,71400
2019-08-19,144.35000610351562,144.9600067138672,141.89999389648438,142.0399932861328,135.36203002929688,148100
2019-08-20,141.4199981689453,142.3000030517578,140.49000549316406,141.47999572753906,134.82833862304688,412000
2019-08-21,142.69000244140625,144.47000122070312,141.63999938964844,143.30999755859375,136.57228088378906,106900
2019-08-22,143.58999633789062,144.50999450683594,141.66000366210938,142.1199951171875,135.43824768066406,348500
2019-08-23,142.02000427246094,144.6999969482422,140.52999877929688,140.6999969482422,134.0850067138672,175900
2019-08-26,141.42999267578125,141.4499969482422,139.47000122070312,140.4199981689453,133.8181610107422,293500
2019-08-27,141.5,142.52999877929688,138.3000030517578,138.82000732421875,132.2934112548828,114000
2019-08-28,138.4600067138672,141.75,136.8699951171875,139.74000549316406,133.17013549804688,398800
2019-08-29,140.8800048828125,141.58999633789062,139.13999938964844,141.5,134.84739685058594,191900
2019-08-30,142.0399932861328,143.4199981689453,141.10000610351562,141.99000549316406,135.31436157226562,137900
2019-09-03,141.97000122070312,142.97000122070312,139.99000549316406,141.55999755859375,134.90457153320312,211100
2019-09-04,142.47000122070312,144.27000427246094,141.35000610351562,143.27000427246094,136.53416442871094,205500
2019-09-05,144.86000061035156,149.0,144.5,147.42999267578125,140.49859619140625,237700
2019-09-06,144.77999877929688,149.5399932861328,144.77999877929688,147.4499969482422,140.51766967773438,144800
2019-09-09,147.75,150.33999633789062,147.25,148.9499969482422,141.9471435546875,496800
2019-09-10,149.3800048828125,149.3800048828125,146.11000061035156,147.1999969482422,140.2794189453125,175600
2019-09-11,147.19000244140625,151.8699951171875,146.8800048828125,151.2100067138672,144.1009063720703,214900
2019-09-12,151.42999267578125,153.3000030517578,150.86000061035156,151.72999572753906,144.59646606445312,141100
2019-09-13,152.97999572753906,154.1699981689453,149.6699981689453,150.8800048828125,143.78640747070312,142100
2019-09-16,149.50999450683594,151.13999938964844,148.50999450683594,150.67999267578125,143.59579467773438,139700
2019-09-17,150.36000061035156,152.47000122070312,149.75999450683594,151.52000427246094,144.39633178710938,107600
2019-09-18,151.36000061035156,152.32000732421875,150.27999877929688,152.22000122070312,145.0634002685547,127300
2019-09-19,151.6199951171875,153.5399932861328,150.94000244140625,151.42999267578125,144.9772186279297,136300
2019-09-20,151.82000732421875,152.47000122070312,150.10000610351562,150.27999877929688,143.87623596191406,151000
2019-09-23,150.02000427246094,151.1999969482422,148.8300018310547,150.08999633789062,143.69435119628906,89300
2019-09-24,150.82000732421875,151.83999633789062,147.42999267578125,149.3800048828125,143.01458740234375,358800
2019-09-25,149.67999267578125,150.49000549316406,147.52000427246094,148.5,142.17210388183594,119300
2019-09-26,148.99000549316406,149.89999389648438,147.0399932861328,149.47999572753906,143.11032104492188,111600
2019-09-27,150.47000122070312,152.1300048828125,148.5500030517578,149.02000427246094,142.66993713378906,127000
2019-09-30,150.16000366210938,150.57000732421875,148.5500030517578,149.66000366210938,143.2826690673828,226400
2019-10-01,150.4199981689453,153.60000610351562,149.42999267578125,150.02999877929688,143.6368865966797,123800
2019-10-02,149.75999450683594,150.2100067138672,146.27000427246094,149.2100067138672,142.85186767578125,135600
2019-10-03,148.99000549316406,148.99000549316406,144.8300018310547,146.8000030517578,140.54454040527344,147100
2019-10-04,146.86000061035156,149.14999389648438,143.61000061035156,147.61000061035156,141.32000732421875,68600
2019-10-07,147.5399932861328,150.97999572753906,147.32000732421875,148.72000122070312,142.38270568847656,101600
2019-10-08,148.1699981689453,150.41000366210938,147.77999877929688,147.77999877929688,141.4827880859375,119900
2019-10-09,148.94000244140625,151.6199951171875,148.00999450683594,148.5800018310547,142.24867248535156,128600
2019-10-10,148.2100067138672,150.60000610351562,147.4600067138672,149.3300018310547,142.96673583984375,153300
2019-10-11,150.92999267578125,152.67999267578125,149.77999877929688,150.02000427246094,143.6273193359375,113500
2019-10-14,149.80999755859375,152.13999938964844,149.1999969482422,149.9199981689453,143.5315704345703,56700
2019-10-15,149.85000610351562,152.6300048828125,149.10000610351562,151.35000610351562,144.90065002441406,143200
2019-10-16,151.58999633789062,152.57000732421875,150.55999755859375,151.11000061035156,144.67088317871094,108800
2019-10-17,151.50999450683594,153.35000610351562,151.5,152.4199981689453,145.925048828125,107700
2019-10-18,151.77000427246094,153.77999877929688,151.77000427246094,152.0,145.52294921875,105300
2019-10-21,153.33999633789062,154.6699981689453,152.75999450683594,152.9499969482422,146.4324493408203,98300
2019-10-22,153.05999755859375,154.22000122070312,151.9199981689453,153.02999877929688,146.50904846191406,86000
2019-10-23,152.75999450683594,153.67999267578125,152.02000427246094,152.7100067138672,146.20269775390625,74800
2019-10-24,153.49000549316406,157.19000244140625,153.33999633789062,154.3800048828125,147.80154418945312,385100
2019-10-25,165.0,168.27999877929688,158.1199951171875,166.17999267578125,159.0987091064453,668100
2019-10-28,167.27000427246094,172.1999969482422,167.22000122070312,170.75,163.47398376464844,296400
2019-10-29,171.36000061035156,173.0,167.55999755859375,167.72000122070312,160.57308959960938,132000
2019-10-30,166.97000122070312,167.91000366210938,165.05999755859375,167.5800018310547,160.43907165527344,206900
2019-10-31,167.52999877929688,169.32000732421875,166.11000061035156,167.3300018310547,160.19969177246094,172700
2019-11-01,167.5,169.89999389648438,167.30999755859375,167.77000427246094,160.62095642089844,92600
2019-11-04,168.38999938964844,169.13999938964844,166.92999267578125,167.8800048828125,160.7262725830078,139100
2019-11-05,167.80999755859375,170.0,166.92999267578125,167.1699981689453,160.04652404785156,138100
2019-11-06,167.11000061035156,168.49000549316406,165.97000122070312,168.16000366210938,160.99432373046875,101400
2019-11-07,168.5,170.24000549316406,167.77000427246094,168.1199951171875,160.95603942871094,114400
2019-11-08,168.0800018310547,168.89999389648438,165.77000427246094,168.32000732421875,161.14752197265625,95900
2019-11-11,167.38999938964844,171.19000244140625,166.9600067138672,170.0500030517578,162.80380249023438,198700
2019-11-12,170.83999633789062,171.1300048828125,167.9499969482422,168.2100067138672,161.04220581054688,100300
2019-11-13,170.00999450683594,174.9199981689453,170.00999450683594,172.0800018310547,164.74729919433594,476900
2019-11-14,172.72000122070312,172.72000122070312,168.5500030517578,170.0800018310547,162.83253479003906,109800
2019-11-15,171.10000610351562,172.5,169.8800048828125,170.3000030517578,163.0431365966797,132400
2019-11-18,170.22000122070312,171.27999877929688,169.47999572753906,170.05999755859375,162.81336975097656,124900
2019-11-19,171.3800048828125,172.64999389648438,169.55999755859375,171.2100067138672,163.91436767578125,65400
2019-11-20,170.07000732421875,172.0,168.24000549316406,168.88999938964844,161.6932373046875,91700
2019-11-21,168.72999572753906,169.17999267578125,166.91000366210938,167.2899932861328,160.82798767089844,120800
2019-11-22,167.99000549316406,170.52000427246094,167.41000366210938,169.22000122070312,162.68345642089844,112500
2019-11-25,170.0,171.75999450683594,168.8699951171875,169.4199981689453,162.87571716308594,132000
2019-11-26,169.91000366210938,170.0,168.47999572753906,169.64999389648438,163.09681701660156,343700
2019-11-27,170.5399932861328,172.77999877929688,169.32000732421875,172.14999389648438,165.50027465820312,132400
2019-11-29,171.85000610351562,172.72000122070312,169.3300018310547,169.72999572753906,163.17373657226562,60200
2019-12-02,169.0500030517578,171.10000610351562,166.3000030517578,169.52000427246094,162.9718780517578,170700
2019-12-03,167.97999572753906,169.22000122070312,166.64999389648438,168.82000732421875,162.2989044189453,141600
2019-12-04,170.22000122070312,170.9600067138672,168.0500030517578,168.52000427246094,162.01048278808594,99400
2019-12-05,168.47000122070312,169.77000427246094,168.0800018310547,169.5399932861328,162.99107360839844,94500
2019-12-06,170.39999389648438,171.66000366210938,169.32000732421875,171.19000244140625,164.57736206054688,120800
2019-12-09,170.7100067138672,172.27000427246094,163.63999938964844,171.77999877929688,165.14456176757812,153600
2019-12-10,171.7100067138672,174.02999877929688,169.69000244140625,172.19000244140625,165.5387420654297,175600
2019-12-11,172.27999877929688,173.27000427246094,171.16000366210938,171.36000061035156,164.74078369140625,135900
2019-12-12,171.17999267578125,174.3699951171875,171.02999877929688,171.7100067138672,165.07728576660156,106300
2019-12-13,171.91000366210938,174.57000732421875,170.49000549316406,174.1300048828125,167.40379333496094,151000
2019-12-16,175.49000549316406,178.47000122070312,174.7100067138672,175.14999389648438,168.38438415527344,194600
2019-12-17,175.7100067138672,179.05999755859375,175.7100067138672,178.25999450683594,171.37425231933594,156200
2019-12-18,178.55999755859375,179.16000366210938,175.9600067138672,176.17999267578125,169.3745880126953,91000
2019-12-19,175.99000549316406,178.77000427246094,175.08999633789062,178.30999755859375,171.42233276367188,107700
2019-12-20,179.00999450683594,180.44000244140625,178.0,179.47000122070312,172.5375213623047,196000
2019-12-23,180.0,183.25999450683594,179.47000122070312,180.05999755859375,173.10472106933594,88700
2019-12-24,180.5,180.7100067138672,178.25,180.14999389648438,173.19122314453125,38000
2019-12-26,180.32000732421875,181.1699981689453,178.64999389648438,178.92999267578125,172.01837158203125,60500
2019-12-27,179.14999389648438,179.32000732421875,176.0800018310547,177.3699951171875,170.5186309814453,60800
2019-12-30,177.44000244140625,178.5800018310547,174.88999938964844,175.32000732421875,168.54782104492188,146800
2019-12-31,175.13999938964844,175.82000732421875,173.77000427246094,174.0399932861328,167.31727600097656,83000
2020-01-02,175.13999938964844,176.9600067138672,174.4199981689453,176.0500030517578,169.2496337890625,101200
2020-01-03,173.9600067138672,174.33999633789062,171.02999877929688,173.52999877929688,166.8269500732422,123300
2020-01-06,172.6199951171875,172.6199951171875,170.24000549316406,171.0,164.39468383789062,149700
2020-01-07,171.22000122070312,171.8800048828125,170.22000122070312,171.10000610351562,164.4908447265625,62300
2020-01-08,170.89999389648438,174.7899932861328,170.89999389648438,173.74000549316406,167.02886962890625,91600
2020-01-09,174.64999389648438,177.38999938964844,174.64999389648438,175.13999938964844,168.37477111816406,128400
2020-01-10,175.6699981689453,175.6699981689453,173.11000061035156,174.6699981689453,167.92294311523438,77800
2020-01-13,174.6999969482422,175.91000366210938,173.14999389648438,174.6999969482422,167.95175170898438,100500
2020-01-14,175.22000122070312,179.88999938964844,174.08999633789062,174.10000610351562,167.3749542236328,129300
2020-01-15,173.8300018310547,177.32000732421875,173.3000030517578,176.02999877929688,169.2304229736328,115800
2020-01-16,176.94000244140625,180.1999969482422,176.94000244140625,177.60000610351562,170.73976135253906,99600
2020-01-17,178.35000610351562,178.5500030517578,176.17999267578125,177.7899932861328,170.9224090576172,637100
2020-01-21,176.89999389648438,178.32000732421875,168.8000030517578,170.05999755859375,163.49099731445312,187000
2020-01-22,171.3699951171875,173.6999969482422,170.5,170.5500030517578,163.96206665039062,210500
2020-01-23,170.19000244140625,175.50999450683594,168.7100067138672,174.8000030517578,168.04791259765625,210900
2020-01-24,175.3300018310547,176.89999389648438,170.08999633789062,173.0,166.31744384765625,127700
2020-01-27,170.08999633789062,170.08999633789062,166.69000244140625,166.69000244140625,160.2511749267578,260200
2020-01-28,167.6999969482422,171.99000549316406,167.6999969482422,170.75999450683594,164.16397094726562,164500
2020-01-29,170.86000061035156,170.86000061035156,162.52000427246094,163.16000366210938,156.85752868652344,321400
2020-01-30,167.0,172.8699951171875,164.33999633789062,169.72999572753906,163.17373657226562,244100
2020-01-31,168.63999938964844,169.3699951171875,166.08999633789062,168.0399932861328,161.5490264892578,224700
2020-02-03,167.0800018310547,169.8000030517578,164.77000427246094,165.74000549316406,159.33787536621094,202700
2020-02-04,168.3800048828125,171.63999938964844,168.22999572753906,171.00999450683594,164.404296875,141300
2020-02-05,172.75,174.24000549316406,170.30999755859375,171.74000549316406,165.10610961914062,170500
2020-02-06,172.75999450683594,174.5,167.6699981689453,167.77999877929688,161.29908752441406,115800
2020-02-07,167.0500030517578,167.0500030517578,162.36000061035156,162.5800018310547,156.2999267578125,230100
2020-02-10,162.75999450683594,162.77999877929688,158.97999572753906,159.89999389648438,153.7234649658203,193000
2020-02-11,160.5399932861328,164.22999572753906,160.5399932861328,164.02000427246094,157.684326171875,102900
2020-02-12,164.52999877929688,166.92999267578125,163.32000732421875,166.3800048828125,159.9531707763672,116100
2020-02-13,165.27999877929688,168.0,164.4199981689453,167.10000610351562,160.6453399658203,87300
2020-02-14,166.5800018310547,167.9600067138672,164.8699951171875,165.4499969482422,159.05908203125,74300
2020-02-18,164.80999755859375,166.24000549316406,162.4499969482422,165.52999877929688,159.13597106933594,206800
2020-02-19,164.11000061035156,165.89999389648438,161.14999389648438,164.8699951171875,158.50148010253906,204600
2020-02-20,164.75,165.61000061035156,163.1300048828125,163.6300048828125,157.3093719482422,191300
2020-02-21,163.1699981689453,163.64999389648438,158.25,162.86000061035156,156.56912231445312,305900
2020-02-24,157.52000427246094,159.67999267578125,151.24000549316406,154.72000122070312,148.7435302734375,183000
2020-02-25,155.0,156.77000427246094,147.74000549316406,148.07000732421875,142.3504180908203,256100
2020-02-26,149.1999969482422,151.69000244140625,144.41000366210938,144.72999572753906,139.13943481445312,153800
2020-02-27,138.52999877929688,143.32000732421875,130.9600067138672,130.9600067138672,125.90135955810547,395500
2020-02-28,126.2300033569336,136.1999969482422,126.2300033569336,135.5399932861328,131.00465393066406,559300
2020-03-02,138.9199981689453,139.25999450683594,127.02999877929688,137.42999267578125,132.8314208984375,524500
2020-03-03,139.16000366210938,141.9499969482422,130.17999267578125,131.92999267578125,127.51544952392578,363400
2020-03-04,133.5800018310547,136.27999877929688,130.6999969482422,136.27999877929688,131.71990966796875,410900
2020-03-05,131.77999877929688,132.27000427246094,122.7300033569336,123.5,119.36753845214844,326500
2020-03-06,119.94999694824219,127.70999908447266,117.51000213623047,121.76000213623047,117.6857681274414,282900
2020-03-09,115.8499984741211,120.22000122070312,115.0,118.4000015258789,114.43818664550781,376500
2020-03-10,122.54000091552734,127.2300033569336,116.12000274658203,127.0,122.75043487548828,498900
2020-03-11,122.87999725341797,123.25,118.0,119.97000122070312,115.95565795898438,368600
2020-03-12,112.0,112.0,98.7300033569336,102.55000305175781,99.1185531616211,747100
2020-03-13,108.80000305175781,113.43000030517578,102.06999969482422,113.30999755859375,109.51850128173828,372700
2020-03-16,99.11000061035156,99.87000274658203,85.7300033569336,88.0199966430664,85.07473754882812,451300
2020-03-17,89.95999908447266,104.97000122070312,83.98999786376953,103.52999877929688,100.06575775146484,390500
2020-03-18,93.83000183105469,99.5999984741211,67.47000122070312,74.19999694824219,71.71717071533203,554600
2020-03-19,73.12999725341797,81.48999786376953,60.060001373291016,72.5,70.07405090332031,341000
2020-03-20,73.97000122070312,76.3499984741211,67.55000305175781,68.81999969482422,66.5171890258789,335900
2020-03-23,69.72000122070312,76.77999877929688,68.20999908447266,71.70999908447266,69.31049346923828,303100
2020-03-24,78.44999694824219,96.98999786376953,77.5999984741211,92.68000030517578,89.57881164550781,358000
2020-03-25,105.58000183105469,105.58000183105469,85.0,92.54000091552734,89.4435043334961,474200
2020-03-26,96.0,103.55000305175781,93.2300033569336,97.20999908447266,93.95723724365234,254100
2020-03-27,92.58999633789062,94.5199966430664,83.4000015258789,90.91000366210938,87.86804962158203,283800
2020-03-30,86.7699966430664,92.45999908447266,80.30000305175781,84.98999786376953,82.14612579345703,184400
2020-03-31,85.52999877929688,87.19000244140625,80.1500015258789,81.80000305175781,79.06288146972656,189100
2020-04-01,77.66999816894531,78.80999755859375,69.68000030517578,71.29000091552734,68.90455627441406,223200
2020-04-02,70.66000366210938,74.41999816894531,68.02999877929688,69.5,67.17445373535156,249200
2020-04-03,72.72000122070312,72.72000122070312,63.95000076293945,69.3499984741211,67.02945709228516,330900
2020-04-06,73.9000015258789,77.27999877929688,70.19999694824219,74.86000061035156,72.35509490966797,376200
2020-04-07,80.55000305175781,88.16000366210938,80.0,81.62999725341797,78.8985595703125,374600
2020-04-08,81.83000183105469,83.9000015258789,78.66000366210938,79.22000122070312,76.56920623779297,277400
2020-04-09,82.76000213623047,88.9800033569336,82.19999694824219,83.33000183105469,80.54168701171875,376900
2020-04-13,84.0999984741211,84.8499984741211,73.70999908447266,75.87999725341797,73.34095764160156,264500
2020-04-14,78.19999694824219,82.5199966430664,78.01000213623047,79.08000183105469,76.43389129638672,211400
2020-04-15,80.08999633789062,82.9800033569336,75.22000122070312,77.72000122070312,75.11939239501953,233200
2020-04-16,76.05999755859375,77.4800033569336,70.0199966430664,72.55000305175781,70.12239837646484,246500
2020-04-17,77.38999938964844,77.91999816894531,73.66000366210938,74.98999786376953,72.48074340820312,195500
2020-04-20,72.75,73.70999908447266,70.05000305175781,71.98999786376953,69.58112335205078,169900
2020-04-21,70.0,72.75,69.08999633789062,72.72000122070312,70.28668975830078,185700
2020-04-22,73.5,75.2699966430664,70.18000030517578,71.08000183105469,68.70157623291016,331300
2020-04-23,72.0,74.9800033569336,69.52999877929688,70.04000091552734,67.69638061523438,260700
2020-04-24,71.0,71.0999984741211,68.16999816894531,69.58000183105469,67.25176239013672,144200
2020-04-27,70.88999938964844,72.58999633789062,69.08000183105469,69.56999969482422,67.24210357666016,242500
2020-04-28,70.83000183105469,78.11000061035156,70.62000274658203,76.97000122070312,74.39449310302734,345900
2020-04-29,80.91000366210938,84.87999725341797,80.19999694824219,83.16000366210938,80.37736511230469,416000
2020-04-30,81.55999755859375,83.16000366210938,77.43000030517578,78.4800033569336,75.85396575927734,245700
2020-05-01,75.70999908447266,76.27999877929688,71.58000183105469,73.83000183105469,71.35955810546875,182200
2020-05-04,69.45999908447266,71.18000030517578,67.37999725341797,70.04000091552734,67.69638061523438,350200
2020-05-05,71.0999984741211,73.29000091552734,67.5,68.95999908447266,66.65251159667969,348100
2020-05-06,69.0,70.12999725341797,63.5,66.29000091552734,64.07185363769531,322200
2020-05-07,66.44999694824219,67.5199966430664,64.75,66.2300033569336,64.01385498046875,607000
2020-05-08,68.4800033569336,76.1500015258789,68.08999633789062,75.41000366210938,72.8866958618164,356800
2020-05-11,73.9000015258789,76.3499984741211,71.31999969482422,73.80000305175781,71.33056640625,581400
2020-05-12,73.94999694824219,75.63999938964844,72.88999938964844,73.19999694824219,70.7506332397461,484500
2020-05-13,79.55000305175781,79.79000091552734,71.83999633789062,77.6500015258789,75.0517349243164,1112000
2020-05-14,74.54000091552734,76.6500015258789,71.0,74.38999938964844,71.90081024169922,578400
2020-05-15,72.98999786376953,77.73999786376953,71.55999755859375,75.51000213623047,72.98334503173828,526400
2020-05-18,80.0,86.11000061035156,79.81999969482422,85.55000305175781,82.68739318847656,546700
2020-05-19,86.25,88.0,82.86000061035156,82.9000015258789,80.12606048583984,303900
2020-05-20,85.05000305175781,88.6500015258789,84.26000213623047,86.58999633789062,83.69258880615234,272200
2020-05-21,86.66999816894531,91.68000030517578,86.66999816894531,89.63999938964844,86.64053344726562,279700
2020-05-22,90.41000366210938,91.0,84.7300033569336,87.5,84.5721435546875,218200
2020-05-26,92.97000122070312,101.77999877929688,92.80000305175781,101.29000091552734,97.90071105957031,496100
2020-05-27,108.70999908447266,116.30000305175781,101.47000122070312,109.55999755859375,105.89398193359375,665900
2020-05-28,110.98999786376953,111.04000091552734,105.02999877929688,105.94000244140625,102.3951187133789,409700
2020-05-29,102.95999908447266,109.93000030517578,102.0199966430664,106.55000305175781,102.98471069335938,308100
2020-06-01,108.12999725341797,113.05000305175781,107.30999755859375,108.95999908447266,105.31407165527344,337000
2020-06-02,111.06999969482422,114.12000274658203,108.69000244140625,112.6500015258789,108.8805923461914,308300
2020-06-03,115.47000122070312,126.19000244140625,114.72000122070312,121.66000366210938,117.589111328125,525000
2020-06-04,124.01000213623047,131.9199981689453,122.33000183105469,125.83999633789062,121.62923431396484,650300
2020-06-05,136.00999450683594,139.67999267578125,120.91999816894531,124.0999984741211,119.94746398925781,656200
2020-06-08,129.25999450683594,134.5500030517578,127.44999694824219,133.75,129.27456665039062,462900
2020-06-09,129.8800048828125,132.55999755859375,121.58999633789062,129.97000122070312,125.62104034423828,409400
2020-06-10,127.5,127.5,117.41999816894531,121.93000030517578,117.8500747680664,329200
2020-06-11,111.0,116.44000244140625,104.91000366210938,106.97000122070312,103.3906478881836,395500
2020-06-12,117.75,120.95999908447266,105.80999755859375,112.98999786376953,109.20921325683594,593900
2020-06-15,106.01000213623047,116.08999633789062,105.27999877929688,114.23999786376953,110.4173812866211,248400
2020-06-16,123.0,123.01000213623047,111.22000122070312,115.33999633789062,111.48058319091797,276200
2020-06-17,113.33000183105469,115.95999908447266,110.51000213623047,113.97000122070312,110.15642547607422,231500
2020-06-18,111.01000213623047,115.08999633789062,109.7300033569336,114.0199966430664,110.20474243164062,146900
2020-06-19,115.5999984741211,115.80999755859375,105.7300033569336,109.33999633789062,105.68134307861328,415300
2020-06-22,110.20999908447266,113.3499984741211,107.52999877929688,110.30000305175781,106.60922241210938,342300
2020-06-23,112.37999725341797,116.0,109.9000015258789,114.5,110.66868591308594,302200
2020-06-24,112.88999938964844,112.94999694824219,107.2300033569336,107.88999938964844,104.27986907958984,210500
2020-06-25,105.7300033569336,108.05000305175781,103.30999755859375,106.94999694824219,103.3713150024414,252900
2020-06-26,105.45999908447266,107.69999694824219,99.2699966430664,106.69999694824219,103.12968444824219,753600
2020-06-29,107.79000091552734,112.4800033569336,104.0199966430664,111.62999725341797,107.89471435546875,277300
2020-06-30,110.2300033569336,112.33999633789062,106.94000244140625,109.20999908447266,105.55570220947266,198200
2020-07-01,111.86000061035156,114.43000030517578,108.19000244140625,108.29000091552734,104.6664810180664,248500
2020-07-02,111.79000091552734,113.80000305175781,108.5999984741211,109.22000122070312,105.56537628173828,110200
2020-07-06,111.87000274658203,113.23999786376953,109.0,111.31999969482422,107.59510040283203,122200
2020-07-07,108.69999694824219,110.25,106.22000122070312,106.80999755859375,103.23600769042969,152400
2020-07-08,106.48999786376953,110.95999908447266,104.70999908447266,110.20999908447266,106.5222396850586,184400
2020-07-09,108.3499984741211,109.4000015258789,100.0999984741211,101.73999786376953,98.33564758300781,310000
2020-07-10,102.88999938964844,111.4800033569336,101.44000244140625,110.29000091552734,106.59956359863281,255000
2020-07-13,112.81999969482422,114.0,107.80000305175781,109.88999938964844,106.21294403076172,291900
2020-07-14,107.33999633789062,113.72000122070312,107.33999633789062,111.88999938964844,108.1460189819336,155200
2020-07-15,115.62000274658203,119.73999786376953,114.87000274658203,118.80999755859375,114.83446502685547,245100
2020-07-16,115.58999633789062,118.36000061035156,113.55000305175781,115.7699966430664,111.89619445800781,217300
2020-07-17,114.91000366210938,115.77999877929688,112.52999877929688,113.33999633789062,109.5475082397461,207900
2020-07-20,112.7300033569336,113.58999633789062,109.30000305175781,110.25,106.56090545654297,191000
2020-07-21,111.73999786376953,115.4000015258789,111.62000274658203,113.16000366210938,109.37353515625,133900
2020-07-22,112.69999694824219,114.33000183105469,111.80000305175781,113.16999816894531,109.38319396972656,99900
2020-07-23,112.19000244140625,117.81999969482422,110.93000030517578,113.76000213623047,109.95345306396484,152200
2020-07-24,113.37999725341797,115.0,112.13999938964844,113.58000183105469,109.77947998046875,137700
2020-07-27,113.31999969482422,115.95999908447266,112.30000305175781,113.47000122070312,109.67315673828125,125000
2020-07-28,112.9000015258789,117.48999786376953,112.9000015258789,115.01000213623047,111.16162109375,157300
2020-07-29,115.37000274658203,116.75,113.37999725341797,114.79000091552734,110.94898223876953,263700
2020-07-30,110.33000183105469,113.38999938964844,105.08000183105469,111.48999786376953,107.75940704345703,272500
2020-07-31,109.98999786376953,112.19000244140625,108.61000061035156,112.02999877929688,108.28134155273438,161600
2020-08-03,111.41999816894531,112.11000061035156,108.66000366210938,111.37000274658203,107.64341735839844,210700
2020-08-04,112.23999786376953,114.41999816894531,111.52999877929688,113.83999633789062,110.03077697753906,217400
2020-08-05,114.98999786376953,116.91000366210938,112.73999786376953,115.27999877929688,111.4225845336914,195500
2020-08-06,116.0199966430664,121.2300033569336,114.79000091552734,118.01000213623047,114.06124114990234,229000
2020-08-07,117.5,120.79000091552734,116.55000305175781,118.16000366210938,114.20622253417969,140100
2020-08-10,118.73999786376953,124.0,118.62000274658203,119.2300033569336,115.24041748046875,288900
2020-08-11,125.43000030517578,128.22000122070312,121.55999755859375,121.94999694824219,117.86940002441406,378900
2020-08-12,123.83000183105469,125.4000015258789,117.5,119.88999938964844,115.87834167480469,184700
2020-08-13,119.2699966430664,121.75,117.69999694824219,118.05999755859375,114.10956573486328,167000
2020-08-14,117.66000366210938,119.38999938964844,115.16000366210938,118.4000015258789,114.43818664550781,110000
2020-08-17,117.62000274658203,117.62000274658203,114.47000122070312,116.37999725341797,112.48577880859375,164400
2020-08-18,117.27999877929688,117.56999969482422,115.75,117.08000183105469,113.16236877441406,116600
2020-08-19,117.30000305175781,121.48999786376953,116.0199966430664,116.81999969482422,112.91106414794922,126600
2020-08-20,115.0,117.3499984741211,113.25,116.95999908447266,113.04637908935547,135200
2020-08-21,116.5199966430664,118.06999969482422,114.62000274658203,115.62999725341797,111.76087951660156,133600
2020-08-24,116.79000091552734,124.80999755859375,116.08000183105469,124.19999694824219,120.04410552978516,281400
2020-08-25,125.9000015258789,125.9000015258789,122.05999755859375,123.61000061035156,119.47386169433594,213200
2020-08-26,123.7300033569336,124.36000061035156,120.83000183105469,122.69999694824219,118.59430694580078,147000
2020-08-27,125.4000015258789,133.41000366210938,124.9800033569336,131.5500030517578,127.148193359375,260800
2020-08-28,132.75,135.64999389648438,131.85000610351562,132.99000549316406,128.54000854492188,340100
2020-08-31,132.22000122070312,134.2100067138672,128.5500030517578,128.60000610351562,124.29689025878906,228700
2020-09-01,126.66999816894531,131.16000366210938,124.5,128.5500030517578,124.24856567382812,142500
2020-09-02,128.55999755859375,132.99000549316406,127.0,132.55999755859375,128.1243896484375,278500
2020-09-03,133.39999389648438,137.1999969482422,129.39999389648438,131.63999938964844,127.23516845703125,301400
2020-09-04,134.86000061035156,135.35000610351562,128.8000030517578,133.64999389648438,129.1779022216797,249100
2020-09-08,132.55999755859375,139.24000549316406,132.00999450683594,134.5399932861328,130.03811645507812,315200
2020-09-09,133.4499969482422,135.1699981689453,130.7100067138672,133.83999633789062,129.36155700683594,282100
2020-09-10,135.02000427246094,138.3800048828125,134.27000427246094,134.32000732421875,129.82550048828125,128700
2020-09-11,133.50999450683594,135.24000549316406,128.82000732421875,133.0800018310547,128.62698364257812,361800
2020-09-14,134.5800018310547,136.64999389648438,133.07000732421875,136.4199981689453,131.85520935058594,132100
2020-09-15,138.6199951171875,141.25,135.22999572753906,138.47000122070312,133.83660888671875,130700
2020-09-16,138.35000610351562,144.8699951171875,136.80999755859375,142.2100067138672,137.45147705078125,185200
2020-09-17,140.22000122070312,142.5800018310547,137.9600067138672,138.50999450683594,133.87527465820312,141100
2020-09-18,139.2100067138672,139.72999572753906,133.99000549316406,134.5,129.9994659423828,372800
2020-09-21,130.00999450683594,131.1199951171875,125.5,126.33999633789062,122.11250305175781,144400
2020-09-22,126.12000274658203,128.3300018310547,125.62999725341797,126.87999725341797,122.63444519042969,89100
2020-09-23,127.87999725341797,130.72999572753906,125.33999633789062,125.4800033569336,121.28128051757812,108000
2020-09-24,125.11000061035156,125.56999969482422,120.19000244140625,121.5,117.4344711303711,172300
2020-09-25,120.69999694824219,123.83999633789062,120.69999694824219,123.76000213623047,119.61884307861328,115100
2020-09-28,126.08000183105469,131.13999938964844,125.5999984741211,127.11000061035156,122.85674285888672,188400
2020-09-29,125.51000213623047,126.06999969482422,120.22000122070312,121.08999633789062,117.03817749023438,187800
2020-09-30,124.52999877929688,126.12999725341797,119.69999694824219,119.80000305175781,115.79134368896484,263000
2020-10-01,122.0199966430664,122.0199966430664,117.87999725341797,118.18000030517578,114.22554779052734,286200
2020-10-02,115.0,124.70999908447266,113.66999816894531,119.6500015258789,115.64636993408203,445300
2020-10-05,121.47000122070312,122.94999694824219,117.23999786376953,117.66000366210938,113.72295379638672,234500
2020-10-06,119.62000274658203,120.16999816894531,112.70999908447266,112.7300033569336,108.95792388916016,347000
2020-10-07,115.80000305175781,116.75,114.0,116.33000183105469,112.43745422363281,286200
2020-10-08,117.62000274658203,122.38999938964844,117.51000213623047,121.77999877929688,117.70509338378906,276400
2020-10-09,121.70999908447266,124.62999725341797,118.58000183105469,124.41000366210938,120.2470932006836,203900
2020-10-12,128.00999450683594,128.7899932861328,126.37999725341797,127.94999694824219,123.66863250732422,230000
2020-10-13,124.18000030517578,128.77000427246094,122.31999969482422,127.58000183105469,123.31101989746094,186400
2020-10-14,128.1999969482422,130.0500030517578,126.8499984741211,128.97000122070312,124.65450286865234,135800
2020-10-15,126.80000305175781,130.3699951171875,125.44999694824219,130.2899932861328,125.93033599853516,137600
2020-10-16,129.6300048828125,132.63999938964844,128.69000244140625,130.08999633789062,125.73702239990234,129200
2020-10-19,130.1999969482422,133.99000549316406,129.3000030517578,132.55999755859375,128.1243896484375,103000
2020-10-20,134.77000427246094,137.1699981689453,133.0500030517578,134.4199981689453,129.92213439941406,132000
2020-10-21,134.4199981689453,135.1999969482422,131.8699951171875,132.47999572753906,128.04705810546875,116400
2020-10-22,134.24000549316406,141.85000610351562,134.24000549316406,141.0399932861328,136.32061767578125,167800
2020-10-23,141.1999969482422,142.47999572753906,139.8800048828125,142.27999877929688,137.51914978027344,131100
2020-10-26,140.11000061035156,141.5,134.94000244140625,136.00999450683594,131.4589385986328,156100
2020-10-27,136.47000122070312,136.91000366210938,130.97000122070312,132.2899932861328,127.86341857910156,166200
2020-10-28,127.19000244140625,127.79000091552734,119.2699966430664,123.9000015258789,119.75415802001953,231500
2020-10-29,131.52999877929688,139.9199981689453,126.04000091552734,137.57000732421875,132.9667510986328,243100
2020-10-30,134.63999938964844,137.77000427246094,130.41000366210938,134.75999450683594,130.25076293945312,203700
2020-11-02,136.91000366210938,136.91000366210938,129.3699951171875,131.3800048828125,126.9838638305664,166100
2020-11-03,133.3800048828125,135.63999938964844,131.1199951171875,133.6699981689453,129.1972198486328,126400
2020-11-04,132.36000061035156,136.91000366210938,131.25,132.5,128.06639099121094,106600
2020-11-05,133.35000610351562,139.3800048828125,133.35000610351562,138.94000244140625,134.2908935546875,98400
2020-11-06,138.99000549316406,139.47000122070312,135.6300048828125,137.97000122070312,133.3533477783203,91200
2020-11-09,160.0,174.99000549316406,148.72999572753906,153.14999389648438,148.02540588378906,429700
2020-11-10,152.97999572753906,158.27000427246094,151.1199951171875,153.94000244140625,148.7889862060547,153400
2020-11-11,153.6999969482422,155.72999572753906,148.72999572753906,150.6999969482422,145.65737915039062,134700
2020-11-12,147.3300018310547,151.72000122070312,141.85000610351562,145.86000061035156,140.97935485839844,156500
2020-11-13,148.0,155.49000549316406,144.99000549316406,154.72000122070312,149.5428924560547,131600
2020-11-16,160.0,165.74000549316406,156.6999969482422,162.11000061035156,156.68560791015625,200400
2020-11-17,159.0,162.24000549316406,154.0399932861328,159.52000427246094,154.18226623535156,127300
2020-11-18,162.00999450683594,164.0,156.6699981689453,156.82000732421875,151.57261657714844,155800
2020-11-19,157.4199981689453,159.9600067138672,154.3000030517578,158.32000732421875,153.0224151611328,114900
2020-11-20,160.2899932861328,160.2899932861328,153.0399932861328,154.94000244140625,149.75552368164062,125600
2020-11-23,155.38999938964844,165.63999938964844,155.38999938964844,165.0800018310547,159.55621337890625,155900
2020-11-24,168.0,171.9199981689453,166.52000427246094,171.25,165.519775390625,211300
2020-11-25,170.99000549316406,173.47000122070312,166.10000610351562,172.3699951171875,166.60227966308594,97700
2020-11-27,171.6999969482422,178.25999450683594,171.6999969482422,177.69000244140625,171.74427795410156,176300
2020-11-30,178.19000244140625,178.89999389648438,169.1999969482422,170.19000244140625,164.49525451660156,146600
2020-12-01,173.72999572753906,174.19000244140625,169.3699951171875,172.58999633789062,166.81492614746094,90100
2020-12-02,170.13999938964844,176.19000244140625,169.32000732421875,174.1300048828125,168.3033905029297,102800
2020-12-03,176.00999450683594,181.99000549316406,175.66000366210938,180.6699981689453,174.62454223632812,152200
2020-12-04,183.83999633789062,186.32000732421875,177.25,180.6300048828125,174.58590698242188,146000
2020-12-07,179.67999267578125,181.74000549316406,178.0800018310547,179.0500030517578,173.05877685546875,127300
2020-12-08,177.74000549316406,181.63999938964844,177.0,180.32000732421875,174.28628540039062,119800
2020-12-09,182.22000122070312,184.25,176.69000244140625,177.9499969482422,171.99559020996094,208300
2020-12-10,175.55999755859375,181.05999755859375,174.66000366210938,177.8000030517578,171.8505859375,182700
2020-12-11,172.30999755859375,175.52999877929688,170.4499969482422,174.7100067138672,168.864013671875,303000
2020-12-14,178.24000549316406,178.35000610351562,172.25,172.42999267578125,166.6602783203125,184500
2020-12-15,174.97999572753906,175.17999267578125,171.72000122070312,174.1699981689453,168.34205627441406,172900
2020-12-16,173.72000122070312,176.39999389648438,172.1300048828125,174.3699951171875,168.53536987304688,206400
2020-12-17,175.14999389648438,176.0,172.77999877929688,176.0,170.11082458496094,142600
2020-12-18,179.50999450683594,179.50999450683594,173.3800048828125,175.1199951171875,169.26026916503906,479600
2020-12-21,171.49000549316406,174.8699951171875,170.27999877929688,174.22000122070312,168.390380859375,293400
2020-12-22,175.05999755859375,177.4199981689453,173.67999267578125,175.16000366210938,169.2989501953125,188000
2020-12-23,175.50999450683594,182.91000366210938,175.50999450683594,179.38999938964844,173.38739013671875,147500
2020-12-24,181.05999755859375,181.6199951171875,178.0800018310547,179.22999572753906,173.2327423095703,69400
2020-12-28,182.0,184.7100067138672,180.25999450683594,180.91000366210938,174.8565216064453,192200
2020-12-29,181.9499969482422,182.6199951171875,177.4199981689453,181.1999969482422,175.1368408203125,195800
2020-12-30,182.27999877929688,186.97000122070312,181.77999877929688,185.99000549316406,179.7665557861328,192300
2020-12-31,185.61000061035156,190.50999450683594,182.9600067138672,189.24000549316406,182.90782165527344,161800
2021-01-04,188.77000427246094,190.67999267578125,173.83999633789062,174.74000549316406,168.8929901123047,137300
2021-01-05,172.91000366210938,181.63999938964844,172.91000366210938,179.75999450683594,173.74501037597656,108500
2021-01-06,181.69000244140625,190.1999969482422,175.0,188.52000427246094,182.21189880371094,157500
2021-01-07,188.94000244140625,192.42999267578125,187.08999633789062,190.52999877929688,184.15464782714844,102700
2021-01-08,189.11000061035156,189.97000122070312,183.3699951171875,186.9199981689453,180.66542053222656,123700
2021-01-11,186.33999633789062,189.47000122070312,184.3300018310547,185.69000244140625,179.47659301757812,123200
2021-01-12,187.22999572753906,189.57000732421875,185.1699981689453,187.39999389648438,181.12936401367188,89100
2021-01-13,186.4499969482422,187.8000030517578,182.22999572753906,187.67999267578125,181.39999389648438,122000
2021-01-14,189.88999938964844,197.1300048828125,189.49000549316406,196.11000061035156,189.5479278564453,166800
2021-01-15,192.72000122070312,192.75999450683594,185.4499969482422,185.89999389648438,179.67953491210938,143900
2021-01-19,187.72999572753906,190.5399932861328,181.5399932861328,185.14999389648438,178.9546356201172,161200
2021-01-20,186.5,191.82000732421875,186.5,191.30999755859375,184.90853881835938,90100
2021-01-21,190.92999267578125,191.69000244140625,186.10000610351562,190.25,183.88400268554688,112300
2021-01-22,186.66000366210938,192.25999450683594,185.0,191.4199981689453,185.01483154296875,85200
2021-01-25,189.8800048828125,189.8800048828125,184.00999450683594,188.63999938964844,182.32786560058594,85900
2021-01-26,190.8800048828125,192.74000549316406,187.6199951171875,187.97999572753906,181.68995666503906,67600
2021-01-27,184.0399932861328,186.50999450683594,176.52000427246094,179.0,173.01043701171875,139000
2021-01-28,183.6999969482422,190.07000732421875,183.6999969482422,187.82000732421875,181.5353240966797,120500
2021-01-29,186.74000549316406,186.74000549316406,178.66000366210938,181.49000549316406,175.41712951660156,82300
2021-02-01,183.2100067138672,185.5500030517578,178.69000244140625,183.9199981689453,177.76580810546875,80900
2021-02-02,187.7100067138672,189.72999572753906,182.99000549316406,187.6999969482422,181.41932678222656,59700
2021-02-03,188.6300048828125,193.61000061035156,187.47999572753906,193.36000061035156,186.88995361328125,130400
2021-02-04,199.8000030517578,221.25,199.8000030517578,219.3800048828125,212.03929138183594,315700
2021-02-05,216.11000061035156,221.17999267578125,209.8000030517578,213.49000549316406,206.34637451171875,276100
2021-02-08,214.69000244140625,214.69000244140625,209.74000549316406,212.30999755859375,205.20584106445312,197800
2021-02-09,210.77999877929688,216.97000122070312,210.00999450683594,211.5,204.42294311523438,131500
2021-02-10,210.89999389648438,217.11000061035156,208.9499969482422,216.2899932861328,209.0526580810547,106800
2021-02-11,213.38999938964844,215.61000061035156,210.5399932861328,215.42999267578125,208.221435546875,110700
2021-02-12,215.3300018310547,217.16000366210938,212.4199981689453,214.75999450683594,207.57386779785156,84700
2021-02-16,215.30999755859375,217.42999267578125,209.52000427246094,215.4499969482422,208.24078369140625,105400
2021-02-17,213.25,223.97999572753906,212.77999877929688,223.67999267578125,216.19540405273438,96300
2021-02-18,223.0,229.89999389648438,220.64999389648438,229.47999572753906,221.8013153076172,144400
2021-02-19,229.69000244140625,243.97000122070312,228.6999969482422,242.75999450683594,234.63694763183594,189500
2021-02-22,242.3800048828125,257.0,239.47999572753906,247.44000244140625,239.16033935546875,203200
2021-02-23,252.75,252.75,238.4600067138672,244.60000610351562,236.41539001464844,188200
2021-02-24,246.47000122070312,259.989990234375,243.74000549316406,256.9700012207031,248.3714599609375,202300
2021-02-25,259.94000244140625,260.0,244.5,248.7100067138672,240.3878631591797,107900
2021-02-26,249.88999938964844,256.3699951171875,243.52000427246094,252.19000244140625,243.7514190673828,95900
2021-03-01,257.489990234375,258.9700012207031,248.57000732421875,252.19000244140625,243.7514190673828,151800
2021-03-02,250.8699951171875,253.5800018310547,245.02999877929688,252.19000244140625,243.7514190673828,124600
2021-03-03,254.63999938964844,262.30999755859375,249.3800048828125,250.55999755859375,242.1759490966797,206500
2021-03-04,250.25999450683594,252.0500030517578,232.6999969482422,244.02999877929688,235.8644561767578,173100
2021-03-05,247.66000366210938,247.66000366210938,229.27999877929688,244.07000732421875,235.9031219482422,178500
2021-03-08,249.99000549316406,262.8699951171875,246.8699951171875,258.1700134277344,249.5313262939453,211600
2021-03-09,259.6700134277344,260.3900146484375,251.00999450683594,258.2099914550781,249.56996154785156,180300
2021-03-10,257.8800048828125,261.9599914550781,242.7100067138672,250.97999572753906,242.58189392089844,172600
2021-03-11,254.1199951171875,256.2699890136719,246.86000061035156,251.1300048828125,242.72689819335938,198300
2021-03-12,250.32000732421875,256.29998779296875,250.32000732421875,253.7100067138672,245.22055053710938,292000
2021-03-15,258.739990234375,270.2900085449219,254.0500030517578,268.80999755859375,259.8152770996094,273700
2021-03-16,271.2900085449219,271.2900085449219,255.52000427246094,256.9700012207031,248.3714599609375,186700
2021-03-17,255.9600067138672,264.8299865722656,252.36000061035156,262.6300048828125,253.84207153320312,172200
2021-03-18,261.9800109863281,266.07000732421875,252.99000549316406,255.69000244140625,247.13430786132812,183800
2021-03-19,254.22000122070312,260.70001220703125,246.9199981689453,257.739990234375,249.1156768798828,267500
2021-03-22,255.3000030517578,255.3000030517578,246.22999572753906,247.9600067138672,239.66294860839844,163800
2021-03-23,245.0,251.89999389648438,240.0,241.49000549316406,233.4094696044922,226000
2021-03-24,247.05999755859375,249.52000427246094,234.69000244140625,234.6999969482422,226.84664916992188,186000
2021-03-25,233.14999389648438,248.77999877929688,230.39999389648438,247.00999450683594,238.74473571777344,195100
2021-03-26,251.92999267578125,252.85000610351562,242.00999450683594,250.47000122070312,242.08895874023438,159800
2021-03-29,250.44000244140625,253.5399932861328,236.97999572753906,241.1999969482422,233.129150390625,219200
2021-03-30,243.47000122070312,249.02999877929688,243.05999755859375,247.5800018310547,239.29568481445312,126700
2021-03-31,245.6999969482422,247.35000610351562,240.5800018310547,244.05999755859375,235.89346313476562,185600
2021-04-01,245.5399932861328,248.44000244140625,240.6199951171875,244.75,236.5603790283203,107300
2021-04-05,248.77999877929688,254.0,246.74000549316406,250.11000061035156,241.7410125732422,173200
2021-04-06,248.69000244140625,255.75999450683594,248.69000244140625,251.92999267578125,243.50010681152344,95400
2021-04-07,252.49000549316406,253.82000732421875,247.99000549316406,250.52999877929688,242.14695739746094,101200
2021-04-08,250.1999969482422,253.63999938964844,243.00999450683594,251.00999450683594,242.61090087890625,118700
2021-04-09,250.00999450683594,253.58999633789062,245.27999877929688,252.82000732421875,244.3603515625,101300
2021-04-12,254.08999633789062,254.08999633789062,246.50999450683594,249.3000030517578,240.9581298828125,95400
2021-04-13,247.27000427246094,248.89999389648438,238.88999938964844,248.30999755859375,240.00123596191406,134400
2021-04-14,251.82000732421875,254.97000122070312,248.19000244140625,248.75,240.42652893066406,91000
2021-04-15,252.35000610351562,252.35000610351562,246.5,249.25,240.9097900390625,52000
2021-04-16,249.39999389648438,249.80999755859375,243.7899932861328,244.0800018310547,235.9127960205078,67100
2021-04-19,243.83999633789062,245.05999755859375,240.1999969482422,243.41000366210938,235.26519775390625,57200
2021-04-20,240.9499969482422,240.9499969482422,227.9199981689453,231.47000122070312,223.7247314453125,142000
2021-04-21,230.30999755859375,239.47999572753906,228.3000030517578,239.4499969482422,231.43771362304688,101600
2021-04-22,240.92999267578125,242.97999572753906,231.47000122070312,232.72999572753906,224.9425811767578,113800
2021-04-23,235.0,243.3699951171875,233.44000244140625,240.80999755859375,232.752197265625,97800
2021-04-26,244.00999450683594,245.99000549316406,238.41000366210938,240.58999633789062,232.53956604003906,116900
2021-04-27,242.08999633789062,242.08999633789062,236.6999969482422,239.38999938964844,231.3797149658203,67500
2021-04-28,238.52000427246094,240.94000244140625,233.4600067138672,235.07000732421875,227.2042694091797,87900
2021-04-29,235.8300018310547,237.05999755859375,233.00999450683594,235.52999877929688,227.64886474609375,69800
2021-04-30,233.24000549316406,238.0,233.24000549316406,235.72999572753906,227.84219360351562,94700
2021-05-03,238.2100067138672,238.2100067138672,230.89999389648438,235.6699981689453,227.78419494628906,158700
2021-05-04,234.10000610351562,234.10000610351562,226.8699951171875,230.36000061035156,222.65187072753906,151400
2021-05-05,243.99000549316406,244.4199981689453,232.5500030517578,234.0,226.17007446289062,257100
2021-05-06,216.99000549316406,221.0,216.41000366210938,221.0,213.60507202148438,944400
2021-05-07,222.9199981689453,226.0,218.89999389648438,224.74000549316406,217.21994018554688,913800
2021-05-10,223.77999877929688,226.0,219.05999755859375,219.49000549316406,212.14559936523438,295800
2021-05-11,216.19000244140625,225.0,211.47999572753906,224.1300048828125,216.63034057617188,312300
2021-05-12,221.4199981689453,224.94000244140625,213.25,214.2100067138672,207.04226684570312,134500
2021-05-13,216.52000427246094,223.99000549316406,216.52000427246094,222.8300018310547,215.3738250732422,209500
2021-05-14,226.61000061035156,235.0800018310547,224.32000732421875,229.1999969482422,221.53070068359375,236000
2021-05-17,226.19000244140625,230.47000122070312,225.24000549316406,229.3300018310547,221.65634155273438,119800
2021-05-18,230.0,231.0,222.16000366210938,222.4199981689453,214.97755432128906,165300
2021-05-19,218.1300048828125,223.10000610351562,215.25999450683594,221.1199951171875,213.7210693359375,163800
2021-05-20,220.8300018310547,221.82000732421875,215.1300048828125,218.8300018310547,211.50767517089844,177900
2021-05-21,220.0,221.9499969482422,213.30999755859375,216.72000122070312,209.46827697753906,267400
2021-05-24,218.2100067138672,224.7899932861328,216.5800018310547,221.69000244140625,214.27198791503906,175200
2021-05-25,224.08999633789062,227.91000366210938,218.99000549316406,219.91000366210938,212.55154418945312,173000
2021-05-26,220.67999267578125,225.4499969482422,219.97999572753906,224.9600067138672,217.4325714111328,142300
2021-05-27,227.5,227.5,221.8000030517578,225.22000122070312,217.68386840820312,157700
2021-05-28,226.0,227.5,220.66000366210938,221.4600067138672,214.0496826171875,99400
2021-06-01,225.35000610351562,230.00999450683594,225.16000366210938,228.22000122070312,220.58348083496094,220500
2021-06-02,230.30999755859375,230.64999389648438,220.9199981689453,221.64999389648438,214.2333221435547,183500
2021-06-03,219.74000549316406,219.77000427246094,213.36000061035156,216.02000427246094,208.7917022705078,126100
2021-06-04,216.2100067138672,218.82000732421875,214.6699981689453,217.14999389648438,209.88389587402344,109200
2021-06-07,217.8699951171875,218.5399932861328,215.3300018310547,215.9199981689453,208.69505310058594,154400
2021-06-08,217.11000061035156,220.7100067138672,214.1999969482422,218.19000244140625,210.8891143798828,165300
2021-06-09,219.8300018310547,221.2899932861328,213.50999450683594,214.5399932861328,207.36122131347656,140500
2021-06-10,216.0800018310547,217.0,206.1999969482422,206.8699951171875,199.9478759765625,260200
2021-06-11,206.77000427246094,213.3000030517578,206.77000427246094,211.02999877929688,203.96865844726562,448900
2021-06-14,211.16000366210938,211.75,205.36000061035156,207.3000030517578,200.36349487304688,181500
2021-06-15,207.02999877929688,207.4199981689453,201.0,202.5,195.72410583496094,271700
2021-06-16,202.13999938964844,205.82000732421875,199.77000427246094,202.52000427246094,195.74342346191406,304500
2021-06-17,203.38999938964844,205.02999877929688,197.75,200.61000061035156,193.8973388671875,201500
2021-06-18,198.2100067138672,200.47999572753906,192.9600067138672,194.85000610351562,188.330078125,345500
2021-06-21,196.36000061035156,203.3800048828125,196.0500030517578,202.97999572753906,196.1880340576172,210300
2021-06-22,202.72000122070312,202.72000122070312,196.7899932861328,199.64999389648438,192.96945190429688,201500
2021-06-23,200.36000061035156,201.75,196.35000610351562,198.05999755859375,191.43267822265625,185300
2021-06-24,199.47000122070312,199.86000061035156,194.7899932861328,197.5399932861328,190.93008422851562,184500
2021-06-25,197.3300018310547,197.3300018310547,188.35000610351562,190.27000427246094,183.90335083007812,886000
2021-06-28,190.7899932861328,191.86000061035156,187.08999633789062,191.14999389648438,184.75387573242188,277300
2021-06-29,191.52000427246094,193.5500030517578,189.57000732421875,190.5,184.12564086914062,153700
2021-06-30,191.00999450683594,195.75,191.00999450683594,194.0,187.50851440429688,166900
2021-07-01,194.97000122070312,198.82000732421875,194.97000122070312,197.52999877929688,190.92039489746094,198000
2021-07-02,200.32000732421875,200.61000061035156,195.0,195.1300048828125,188.6007080078125,134400
2021-07-06,195.8300018310547,195.8300018310547,190.3800048828125,191.27999877929688,184.87954711914062,106900
2021-07-07,189.33999633789062,191.22000122070312,185.19000244140625,189.3300018310547,182.99478149414062,165000
2021-07-08,184.7100067138672,191.69000244140625,183.22000122070312,188.6999969482422,182.3858642578125,147100
2021-07-09,192.85000610351562,194.07000732421875,191.52999877929688,192.52999877929688,186.0877227783203,92000
2021-07-12,191.33999633789062,193.4600067138672,189.91000366210938,193.24000549316406,186.7739715576172,87100
2021-07-13,192.6699981689453,192.6699981689453,188.0500030517578,189.25,182.91746520996094,245700
2021-07-14,191.8300018310547,195.82000732421875,184.6999969482422,186.42999267578125,180.19180297851562,380800
2021-07-15,186.02999877929688,189.8699951171875,183.42999267578125,188.02000427246094,181.72862243652344,152500
2021-07-16,189.91000366210938,191.72999572753906,181.19000244140625,182.25999450683594,176.16136169433594,181700
2021-07-19,176.6199951171875,179.5800018310547,171.52999877929688,174.94000244140625,169.0863037109375,201600
2021-07-20,176.1300048828125,189.47999572753906,175.07000732421875,188.4499969482422,182.14422607421875,293800
2021-07-21,191.0500030517578,197.44000244140625,190.72000122070312,196.36000061035156,189.78956604003906,289500
2021-07-22,194.35000610351562,195.44000244140625,190.32000732421875,190.89999389648438,184.51223754882812,134600
2021-07-23,193.2100067138672,194.97000122070312,188.6300048828125,189.50999450683594,183.16876220703125,166600
2021-07-26,190.22000122070312,194.49000549316406,189.3800048828125,194.10000610351562,187.6051788330078,226900
2021-07-27,192.44000244140625,192.72000122070312,187.0,192.35000610351562,185.9137420654297,129200
2021-07-28,195.11000061035156,196.9499969482422,188.0,191.91000366210938,185.4884490966797,159000
2021-07-29,199.02999877929688,201.27000427246094,193.50999450683594,196.22999572753906,189.66390991210938,229900
2021-07-30,194.83999633789062,198.83999633789062,187.80999755859375,190.1199951171875,183.7583465576172,166400
2021-08-02,191.39999389648438,197.00999450683594,188.25999450683594,188.6300048828125,182.31820678710938,133400
2021-08-03,188.6300048828125,189.07000732421875,183.7899932861328,188.69000244140625,182.37619018554688,170300
2021-08-04,185.6300048828125,188.02000427246094,182.72999572753906,185.2100067138672,179.01266479492188,147100
2021-08-05,185.92999267578125,192.4499969482422,185.60000610351562,192.27000427246094,185.83642578125,98500
2021-08-06,194.6300048828125,196.27999877929688,188.2899932861328,191.8000030517578,185.3821563720703,122400
2021-08-09,190.05999755859375,190.69000244140625,184.32000732421875,189.50999450683594,183.16876220703125,111100
2021-08-10,190.7100067138672,197.30999755859375,190.0,194.74000549316406,188.22377014160156,144100
2021-08-11,194.4600067138672,198.7899932861328,190.2899932861328,198.33999633789062,191.7032928466797,117700
2021-08-12,197.1699981689453,197.1699981689453,191.6699981689453,196.1300048828125,189.56724548339844,84600
2021-08-13,195.3000030517578,195.3000030517578,190.47000122070312,191.77999877929688,185.36280822753906,87100
2021-08-16,190.57000732421875,194.8000030517578,188.16000366210938,191.8300018310547,185.41114807128906,118900
2021-08-17,188.3800048828125,188.3800048828125,182.02999877929688,187.6300048828125,181.35166931152344,244200
2021-08-18,186.86000061035156,189.36000061035156,185.24000549316406,186.16000366210938,179.93084716796875,106300
2021-08-19,184.49000549316406,185.4199981689453,172.14999389648438,177.33999633789062,171.40597534179688,253700
2021-08-20,177.85000610351562,180.8300018310547,176.61000061035156,177.7100067138672,171.76361083984375,138000
2021-08-23,179.61000061035156,185.0399932861328,179.61000061035156,184.50999450683594,178.33607482910156,122700
2021-08-24,186.33999633789062,188.13999938964844,183.9199981689453,186.67999267578125,180.4334259033203,159800
2021-08-25,187.33999633789062,189.99000549316406,185.0500030517578,189.47000122070312,183.13011169433594,103800
2021-08-26,188.2100067138672,190.0,184.13999938964844,185.64999389648438,179.4379119873047,101800
2021-08-27,186.3800048828125,192.69000244140625,186.3800048828125,191.17999267578125,184.7828826904297,111700
2021-08-30,192.86000061035156,192.86000061035156,184.17999267578125,188.52000427246094,182.21189880371094,147600
2021-08-31,189.1699981689453,193.1999969482422,188.42999267578125,192.44000244140625,186.00071716308594,132200
2021-09-01,194.1300048828125,195.41000366210938,191.10000610351562,193.3800048828125,186.90927124023438,104900
2021-09-02,193.67999267578125,195.67999267578125,190.58999633789062,193.3300018310547,186.86094665527344,87000
2021-09-03,192.58999633789062,193.1999969482422,189.47000122070312,192.00999450683594,185.58511352539062,112500
2021-09-07,191.52999877929688,194.6300048828125,190.77000427246094,194.00999450683594,187.5181884765625,107100
2021-09-08,193.5,196.4600067138672,191.2100067138672,192.75,186.30035400390625,148700
2021-09-09,191.52999877929688,201.57000732421875,191.47000122070312,195.6999969482422,189.15162658691406,163800
2021-09-10,196.92999267578125,196.92999267578125,188.24000549316406,188.72000122070312,182.40521240234375,213300
2021-09-13,191.27999877929688,195.22999572753906,186.24000549316406,194.4600067138672,187.95314025878906,197300
2021-09-14,194.4600067138672,194.4600067138672,190.32000732421875,191.52000427246094,185.11151123046875,146700
2021-09-15,190.83999633789062,193.91000366210938,188.5399932861328,193.42999267578125,186.95758056640625,141000
2021-09-16,191.9600067138672,197.64999389648438,191.77000427246094,195.5399932861328,188.99697875976562,172900
2021-09-17,197.5800018310547,200.58999633789062,193.55999755859375,196.13999938964844,189.57691955566406,271600
2021-09-20,192.3000030517578,196.38999938964844,190.8300018310547,195.14999389648438,188.6200408935547,159800
2021-09-21,196.08999633789062,197.75999450683594,189.57000732421875,190.66000366210938,184.28028869628906,165900
2021-09-22,191.6999969482422,199.36000061035156,191.6999969482422,197.2899932861328,190.68844604492188,131900
2021-09-23,198.75999450683594,204.17999267578125,198.75999450683594,202.39999389648438,195.62742614746094,166500
2021-09-24,201.8800048828125,208.82000732421875,201.8800048828125,206.9199981689453,199.99620056152344,161200
2021-09-27,204.39999389648438,215.47999572753906,204.39999389648438,208.1699981689453,201.20437622070312,243400
2021-09-28,207.83999633789062,210.0,204.3000030517578,204.7100067138672,197.86013793945312,114700
2021-09-29,205.27000427246094,206.8300018310547,201.38999938964844,201.97000122070312,195.2118377685547,119500
2021-09-30,201.97999572753906,201.97999572753906,195.3699951171875,195.47999572753906,188.93899536132812,113800
2021-10-01,198.50999450683594,205.69000244140625,197.58999633789062,202.47999572753906,195.7047576904297,200000
2021-10-04,204.19000244140625,206.39999389648438,200.61000061035156,202.30999755859375,195.54046630859375,109400
2021-10-05,201.3800048828125,205.74000549316406,198.74000549316406,201.00999450683594,194.28395080566406,111900
2021-10-06,194.5800018310547,199.0,192.36000061035156,198.6699981689453,192.0222625732422,152800
2021-10-07,200.75999450683594,202.41000366210938,194.2899932861328,194.5,187.99179077148438,183800
2021-10-08,195.36000061035156,196.33999633789062,190.25999450683594,192.0500030517578,185.62379455566406,130200
2021-10-11,191.30999755859375,193.77000427246094,190.9499969482422,191.7100067138672,185.29515075683594,87000
2021-10-12,191.63999938964844,196.0,191.27000427246094,193.60000610351562,187.1219024658203,93200
2021-10-13,192.36000061035156,193.5399932861328,186.27000427246094,190.47999572753906,184.10630798339844,141800
2021-10-14,192.52000427246094,195.99000549316406,191.61000061035156,192.94000244140625,186.48397827148438,130600
2021-10-15,197.3800048828125,198.3000030517578,189.8000030517578,190.07000732421875,183.71002197265625,119800
2021-10-18,188.58999633789062,191.17999267578125,187.50999450683594,188.2899932861328,181.9895782470703,178800
2021-10-19,187.75999450683594,191.27999877929688,186.32000732421875,187.77999877929688,181.4966583251953,164500
2021-10-20,187.77999877929688,190.5500030517578,184.94000244140625,186.77999877929688,180.53012084960938,75400
2021-10-21,187.60000610351562,190.17999267578125,185.8699951171875,187.07000732421875,180.81040954589844,106800
2021-10-22,186.0,186.0,183.19000244140625,183.92999267578125,177.77545166015625,83400
2021-10-25,183.8300018310547,185.5800018310547,182.77999877929688,183.82000732421875,177.66917419433594,99500
2021-10-26,184.2899932861328,184.6999969482422,179.60000610351562,180.82000732421875,174.76956176757812,181500
2021-10-27,181.10000610351562,182.00999450683594,177.80999755859375,179.0399932861328,173.04910278320312,180900
2021-10-28,178.0,180.5500030517578,171.3800048828125,175.10000610351562,169.24093627929688,292700
2021-10-29,176.16000366210938,177.6999969482422,173.05999755859375,175.27000427246094,169.40525817871094,130500
2021-11-01,175.3800048828125,181.32000732421875,173.85000610351562,178.6300048828125,172.65281677246094,221900
2021-11-02,177.72999572753906,180.0500030517578,177.00999450683594,179.97999572753906,173.95765686035156,117000
2021-11-03,179.69000244140625,184.5399932861328,179.69000244140625,184.4600067138672,178.28775024414062,131800
2021-11-04,185.35000610351562,185.77000427246094,180.38999938964844,181.72000122070312,175.63941955566406,131100
2021-11-05,188.8800048828125,195.74000549316406,186.8000030517578,191.3000030517578,184.8988800048828,217400
2021-11-08,192.82000732421875,194.9600067138672,191.5500030517578,192.75,186.30035400390625,174300
2021-11-09,192.75999450683594,194.2899932861328,189.75999450683594,193.50999450683594,187.034912109375,108000
2021-11-10,191.97000122070312,194.07000732421875,190.10000610351562,190.22000122070312,183.8550262451172,148900
2021-11-11,190.17999267578125,191.3300018310547,187.0,188.7100067138672,182.39553833007812,104900
2021-11-12,189.36000061035156,189.64999389648438,184.25,186.1999969482422,179.96951293945312,89000
2021-11-15,188.49000549316406,189.75,186.17999267578125,188.22999572753906,181.9315948486328,69600
2021-11-16,196.5800018310547,197.5500030517578,186.1699981689453,188.38999938964844,182.08624267578125,183300
2021-11-17,187.69000244140625,187.83999633789062,184.10000610351562,187.8300018310547,181.54498291015625,92300
2021-11-18,188.22999572753906,188.22999572753906,183.0,184.94000244140625,178.75167846679688,180900
2021-11-19,181.94000244140625,183.60000610351562,179.8800048828125,183.1199951171875,176.99256896972656,136800
2021-11-22,185.0,189.85000610351562,185.0,185.36000061035156,179.15762329101562,230500
2021-11-23,185.6300048828125,187.39999389648438,181.88999938964844,185.35000610351562,179.14797973632812,130200
2021-11-24,183.3000030517578,186.50999450683594,182.27000427246094,185.57000732421875,179.36061096191406,86300
2021-11-26,175.57000732421875,176.91000366210938,170.0,174.58999633789062,168.7480010986328,214600
2021-11-29,178.14999389648438,179.99000549316406,173.7899932861328,175.3000030517578,169.4342498779297,194000
2021-11-30,171.69000244140625,173.52999877929688,169.11000061035156,173.22000122070312,167.42384338378906,143900
2021-12-01,178.11000061035156,179.67999267578125,163.60000610351562,163.6699981689453,158.1934051513672,278300
2021-12-02,166.32000732421875,178.9600067138672,165.83999633789062,178.42999267578125,172.4595184326172,270600
2021-12-03,176.7100067138672,178.14999389648438,171.1999969482422,174.4499969482422,168.61268615722656,175800
2021-12-06,177.47999572753906,189.44000244140625,177.33999633789062,183.99000549316406,177.83348083496094,211400
2021-12-07,186.1999969482422,188.7100067138672,183.47000122070312,184.94000244140625,178.75167846679688,251100
2021-12-08,186.0,196.6699981689453,185.42999267578125,192.1999969482422,185.76873779296875,301500
2021-12-09,190.89999389648438,194.1999969482422,189.0,191.0,184.60891723632812,164800
2021-12-10,191.97999572753906,193.00999450683594,184.2100067138672,185.33999633789062,179.1383056640625,263800
2021-12-13,183.3699951171875,183.3699951171875,178.25,179.3800048828125,173.37771606445312,208200
2021-12-14,179.27999877929688,183.6300048828125,175.75999450683594,177.39999389648438,171.46395874023438,231100
2021-12-15,177.6999969482422,178.8800048828125,170.83999633789062,178.72000122070312,172.7398223876953,302800
2021-12-16,179.75,180.24000549316406,171.22000122070312,172.19000244140625,166.42832946777344,230300
2021-12-17,173.66000366210938,180.3300018310547,171.24000549316406,176.72000122070312,170.80674743652344,528800
2021-12-20,172.89999389648438,177.77000427246094,170.0,176.77000427246094,170.85507202148438,230900
2021-12-21,177.97000122070312,188.50999450683594,177.97000122070312,187.3800048828125,181.1100311279297,234300
2021-12-22,187.64999389648438,189.25999450683594,185.44000244140625,188.1999969482422,181.902587890625,159300
2021-12-23,190.5399932861328,192.14999389648438,187.75999450683594,190.17999267578125,183.81634521484375,160400
2021-12-27,188.44000244140625,192.5,184.3699951171875,189.1699981689453,182.8401336669922,133500
2021-12-28,187.67999267578125,192.7899932861328,187.22000122070312,190.97999572753906,184.58956909179688,134600
2021-12-29,190.1999969482422,192.1699981689453,188.7899932861328,190.66000366210938,184.28028869628906,123400
2021-12-30,190.1999969482422,193.49000549316406,188.69000244140625,188.99000549316406,182.6661834716797,171200
2021-12-31,189.0,190.38999938964844,186.50999450683594,187.0399932861328,180.7814178466797,156800
2022-01-03,188.3800048828125,195.0399932861328,188.3000030517578,190.9499969482422,184.56056213378906,172400
2022-01-04,192.66000366210938,195.66000366210938,192.6199951171875,193.1699981689453,186.706298828125,126200
2022-01-05,185.94000244140625,186.0,175.1999969482422,176.1199951171875,170.226806640625,432500
2022-01-06,179.38999938964844,180.99000549316406,176.02000427246094,177.60000610351562,171.65728759765625,245900
2022-01-07,174.9499969482422,180.25999450683594,174.25,178.22000122070312,172.2565460205078,302500
2022-01-10,179.0,180.25999450683594,175.27000427246094,178.75,172.768798828125,190800
2022-01-11,178.9600067138672,183.64999389648438,176.88999938964844,183.0800018310547,176.95391845703125,187200
2022-01-12,184.19000244140625,185.32000732421875,181.27000427246094,182.75,176.63494873046875,209600
2022-01-13,185.17999267578125,191.1699981689453,183.74000549316406,187.3800048828125,181.1100311279297,181100
2022-01-14,185.0,187.5800018310547,182.22000122070312,186.10000610351562,179.8728790283203,149700
2022-01-18,184.8699951171875,191.9499969482422,181.27999877929688,181.82000732421875,175.73609924316406,149800
2022-01-19,181.7100067138672,184.08999633789062,179.8300018310547,180.0500030517578,174.0253143310547,157600
2022-01-20,180.91000366210938,185.75999450683594,179.44000244140625,179.6999969482422,173.68702697753906,197300
2022-01-21,177.86000061035156,181.52000427246094,175.25999450683594,176.4499969482422,170.5457763671875,217400
2022-01-24,172.83999633789062,174.6999969482422,164.63999938964844,174.61000061035156,168.767333984375,249900
2022-01-25,171.58999633789062,180.44000244140625,168.86000061035156,177.67999267578125,171.734619140625,209800
2022-01-26,179.77999877929688,182.72999572753906,173.50999450683594,174.64999389648438,168.80599975585938,148800
2022-01-27,175.9199981689453,180.9199981689453,171.0399932861328,171.97999572753906,166.225341796875,172200
2022-01-28,170.82000732421875,171.75,164.02999877929688,171.75,166.0030517578125,173800
2022-01-31,169.91000366210938,179.14999389648438,168.7899932861328,178.66000366210938,172.6818084716797,276500
2022-02-01,178.6300048828125,183.33999633789062,178.27000427246094,180.8000030517578,174.75021362304688,195400
2022-02-02,180.89999389648438,181.0,172.3000030517578,176.1699981689453,170.275146484375,290600
2022-02-03,178.75,186.86000061035156,174.39999389648438,175.13999938964844,169.27960205078125,264400
2022-02-04,172.5,174.32000732421875,170.00999450683594,173.22999572753906,167.4335174560547,236400
2022-02-07,174.3699951171875,179.77999877929688,169.50999450683594,173.11000061035156,167.31752014160156,263500
2022-02-08,176.44000244140625,180.0399932861328,173.66000366210938,179.08999633789062,173.09742736816406,167300
2022-02-09,180.61000061035156,185.0,180.61000061035156,182.61000061035156,176.49964904785156,206200
2022-02-10,179.75,185.05999755859375,177.08999633789062,179.91000366210938,173.88998413085938,174700
2022-02-11,180.58999633789062,181.0800018310547,169.00999450683594,172.5,166.7279510498047,294800
2022-02-14,173.4499969482422,181.5800018310547,171.38999938964844,172.3300018310547,166.56361389160156,220800
2022-02-15,175.92999267578125,180.75,175.92999267578125,178.02000427246094,172.06324768066406,249000
2022-02-16,176.11000061035156,180.1300048828125,175.0,178.77000427246094,172.78814697265625,197600
2022-02-17,175.8300018310547,178.39999389648438,171.64999389648438,172.1699981689453,166.4089813232422,157700
2022-02-18,172.94000244140625,175.0,171.0,171.72999572753906,165.98370361328125,153000
2022-02-22,169.6699981689453,173.89999389648438,168.5800018310547,171.44000244140625,165.7034149169922,201300
2022-02-23,172.77000427246094,173.77999877929688,165.5399932861328,165.7100067138672,160.16514587402344,189300
2022-02-24,156.92999267578125,171.8000030517578,155.33999633789062,171.0800018310547,165.35543823242188,308200
2022-02-25,172.66000366210938,177.3699951171875,172.00999450683594,174.74000549316406,168.8929901123047,243500
2022-02-28,171.3000030517578,175.8000030517578,169.61000061035156,174.08999633789062,168.2647247314453,271700
2022-03-01,171.4499969482422,172.66000366210938,165.25,167.47000122070312,161.8662567138672,280500
2022-03-02,169.97999572753906,173.0,167.85000610351562,168.19000244140625,162.56216430664062,162700
2022-03-03,166.5500030517578,168.22999572753906,161.3800048828125,162.25999450683594,156.83058166503906,209100
2022-03-04,160.35000610351562,160.35000610351562,154.4499969482422,156.85000610351562,151.6016082763672,267400
2022-03-07,155.0800018310547,155.47999572753906,132.02999877929688,133.6300048828125,129.15858459472656,390000
2022-03-08,135.16000366210938,144.1300048828125,132.72999572753906,137.0500030517578,132.46414184570312,316300
2022-03-09,143.99000549316406,149.5500030517578,143.00999450683594,146.94000244140625,142.02320861816406,303600
2022-03-10,142.3000030517578,147.85000610351562,141.1199951171875,141.97999572753906,137.2291717529297,159700
2022-03-11,144.67999267578125,144.72000122070312,138.6199951171875,140.25,135.55706787109375,353100
2022-03-14,141.8000030517578,144.2100067138672,138.58999633789062,141.55999755859375,136.82322692871094,286400
2022-03-15,146.0,151.6300048828125,145.3800048828125,148.41000366210938,143.44403076171875,281600
2022-03-16,151.69000244140625,158.00999450683594,150.60000610351562,156.6999969482422,151.4566192626953,224700
2022-03-17,153.1199951171875,156.67999267578125,150.3300018310547,155.9499969482422,150.73171997070312,166100
2022-03-18,153.63999938964844,158.85000610351562,152.1999969482422,156.9499969482422,151.69825744628906,206600
2022-03-21,155.89999389648438,156.11000061035156,151.19000244140625,152.16000366210938,147.0685577392578,142100
2022-03-22,153.9499969482422,157.0500030517578,153.0500030517578,154.55999755859375,149.38824462890625,190800
2022-03-23,153.11000061035156,155.9600067138672,152.0500030517578,154.36000061035156,149.19491577148438,226200
2022-03-24,155.49000549316406,156.75999450683594,153.8699951171875,154.8300018310547,149.64920043945312,180600
2022-03-25,155.38999938964844,159.55999755859375,155.13999938964844,156.94000244140625,151.68858337402344,280700
2022-03-28,159.36000061035156,159.36000061035156,155.19000244140625,157.5800018310547,152.30718994140625,197400
2022-03-29,162.10000610351562,165.72000122070312,160.94000244140625,161.32000732421875,155.92202758789062,334600
2022-03-30,159.6699981689453,162.69000244140625,158.6300048828125,160.61000061035156,155.23580932617188,229900
2022-03-31,160.69000244140625,164.27999877929688,160.69000244140625,162.38999938964844,156.95623779296875,286700
2022-04-01,162.8699951171875,164.19000244140625,159.67999267578125,160.1699981689453,154.81053161621094,149200
2022-04-04,158.42999267578125,162.5399932861328,157.33999633789062,160.08999633789062,154.7332000732422,137300
2022-04-05,160.08999633789062,161.25999450683594,154.0399932861328,158.5800018310547,153.2737274169922,259900
2022-04-06,155.22000122070312,158.63999938964844,150.6999969482422,154.0,148.8469696044922,281600
2022-04-07,152.0,153.97999572753906,147.07000732421875,150.3300018310547,145.29978942871094,305700
2022-04-08,151.02000427246094,151.02000427246094,146.2899932861328,146.75,141.8395538330078,217100
2022-04-11,145.3000030517578,153.1699981689453,145.3000030517578,148.0500030517578,143.0960693359375,208000
2022-04-12,149.10000610351562,151.6199951171875,148.14999389648438,149.8800048828125,144.86483764648438,204100
2022-04-13,154.05999755859375,158.9600067138672,153.6699981689453,157.3699951171875,152.1042022705078,246200
2022-04-14,157.8000030517578,162.77000427246094,157.8000030517578,158.74000549316406,153.42837524414062,261100
2022-04-18,157.5500030517578,160.0800018310547,156.3699951171875,158.75999450683594,153.4476776123047,157900
2022-04-19,160.25,166.0,160.25,164.27000427246094,158.77333068847656,150700
2022-04-20,165.1300048828125,166.66000366210938,162.7899932861328,165.19000244140625,159.6625518798828,193400
2022-04-21,171.8800048828125,176.55999755859375,171.07000732421875,173.9499969482422,168.12940979003906,399700
2022-04-22,172.75999450683594,174.08999633789062,165.11000061035156,165.6300048828125,160.08782958984375,181300
2022-04-25,165.64999389648438,168.33999633789062,160.8699951171875,164.3300018310547,158.83131408691406,174500
2022-04-26,161.7100067138672,162.60000610351562,158.39999389648438,160.17999267578125,154.82017517089844,372500
2022-04-27,159.0,162.69000244140625,156.67999267578125,159.25,153.92129516601562,286900
2022-04-28,161.22000122070312,162.3000030517578,154.67999267578125,160.3300018310547,154.96514892578125,219800
2022-04-29,159.92999267578125,162.83999633789062,154.7100067138672,155.19000244140625,149.9971466064453,203000
2022-05-02,154.07000732421875,156.49000549316406,151.1300048828125,155.72999572753906,150.51907348632812,238300
2022-05-03,155.47999572753906,157.91000366210938,153.2899932861328,155.7100067138672,150.499755859375,125500
2022-05-04,154.27000427246094,155.5500030517578,146.4199981689453,153.52000427246094,148.38302612304688,350700
2022-05-05,152.5,157.02999877929688,150.02999877929688,155.08999633789062,149.90049743652344,243400
2022-05-06,154.0,156.00999450683594,150.5500030517578,154.05999755859375,148.90496826171875,261400
2022-05-09,151.77000427246094,153.77000427246094,141.1999969482422,141.72999572753906,136.98751831054688,261400
2022-05-10,144.5,146.30999755859375,139.55999755859375,141.9199981689453,137.1711883544922,192100
2022-05-11,141.41000366210938,147.41000366210938,141.00999450683594,141.5800018310547,136.8425750732422,174000
2022-05-12,139.67999267578125,142.3699951171875,135.82000732421875,139.0399932861328,134.38754272460938,211200
2022-05-13,140.77000427246094,144.13999938964844,139.42999267578125,142.89999389648438,138.11837768554688,161800
2022-05-16,142.5800018310547,144.0,140.41000366210938,142.0,137.2484893798828,135500
2022-05-17,145.64999389648438,151.3300018310547,145.63999938964844,150.9199981689453,145.87002563476562,150900
2022-05-18,149.8000030517578,153.52999877929688,146.02000427246094,150.8000030517578,145.75405883789062,257600
2022-05-19,149.39999389648438,152.92999267578125,145.97000122070312,146.38999938964844,141.49160766601562,192200
2022-05-20,147.80999755859375,148.50999450683594,140.1699981689453,141.19000244140625,136.46560668945312,295900
2022-05-23,143.42999267578125,143.4499969482422,139.99000549316406,142.44000244140625,137.6737823486328,347900
2022-05-24,140.50999450683594,140.50999450683594,131.42999267578125,132.05999755859375,127.64110565185547,338000
2022-05-25,131.52000427246094,136.07000732421875,131.1300048828125,135.0,130.4827423095703,803000
2022-05-26,136.4199981689453,146.66000366210938,136.4199981689453,146.1999969482422,141.30796813964844,688900
2022-05-27,148.3800048828125,152.32000732421875,148.3800048828125,151.47000122070312,146.40162658691406,274900
2022-05-31,149.27999877929688,150.50999450683594,146.2899932861328,149.4499969482422,144.44921875,233300
2022-06-01,151.4199981689453,151.97999572753906,143.57000732421875,145.64999389648438,140.7763671875,196100
2022-06-02,145.35000610351562,148.16000366210938,144.9199981689453,148.0,143.0477294921875,130800
2022-06-03,147.1300048828125,147.27000427246094,144.1300048828125,146.30999755859375,141.41427612304688,195900
2022-06-06,148.11000061035156,149.57000732421875,146.5500030517578,147.05999755859375,142.13919067382812,178400
2022-06-07,145.4199981689453,150.16000366210938,145.4199981689453,149.6300048828125,144.6232147216797,99200
2022-06-08,147.80999755859375,149.0500030517578,145.4600067138672,145.55999755859375,140.6893768310547,95800
2022-06-09,144.80999755859375,145.1999969482422,138.6999969482422,139.1199951171875,134.46487426757812,264100
2022-06-10,136.44000244140625,138.5,131.9600067138672,133.99000549316406,129.5065460205078,347200
2022-06-13,129.91000366210938,130.3699951171875,121.29000091552734,124.19000244140625,120.0344467163086,374500
2022-06-14,124.48999786376953,125.41999816894531,119.47000122070312,121.81999969482422,117.74374389648438,293900
2022-06-15,123.04000091552734,125.47000122070312,121.04000091552734,122.56999969482422,118.46865844726562,165200
2022-06-16,118.27999877929688,118.93000030517578,113.0,114.05000305175781,110.2337417602539,282600
2022-06-17,116.43000030517578,118.94999694824219,110.44000244140625,117.0,113.08503723144531,445400
2022-06-21,118.33000183105469,118.75,112.44999694824219,112.66000366210938,108.8902587890625,268800
2022-06-22,110.79000091552734,115.19000244140625,110.79000091552734,114.11000061035156,110.29174041748047,234000
2022-06-23,113.80000305175781,117.41000366210938,111.36000061035156,117.30000305175781,113.37500762939453,297800
2022-06-24,117.81999969482422,123.69999694824219,117.81999969482422,123.48999786376953,119.35787963867188,508600
2022-06-27,123.16000366210938,123.16000366210938,117.3499984741211,118.08999633789062,114.13856506347656,196300
2022-06-28,118.98999786376953,123.2699966430664,116.2300033569336,116.66000366210938,112.75641632080078,180300
2022-06-29,115.11000061035156,115.43000030517578,111.77999877929688,113.77999877929688,109.9727783203125,210200
2022-06-30,111.12000274658203,114.13999938964844,109.81999969482422,113.08999633789062,109.30587005615234,185000
2022-07-01,112.88999938964844,115.87999725341797,112.08000183105469,115.41000366210938,111.5482406616211,154600
2022-07-05,111.83999633789062,117.83999633789062,111.02999877929688,117.43000030517578,113.50064849853516,195900
2022-07-06,116.62999725341797,118.5199966430664,113.0999984741211,113.27999877929688,109.48950958251953,150200
2022-07-07,113.63999938964844,115.2699966430664,112.7300033569336,113.9000015258789,110.08877563476562,142200
2022-07-08,114.58000183105469,115.05000305175781,111.61000061035156,112.95999908447266,109.18021392822266,134700
2022-07-11,112.2300033569336,112.93000030517578,110.75,111.12999725341797,107.41144561767578,106200
2022-07-12,111.19999694824219,117.7699966430664,111.19999694824219,115.83999633789062,111.96385192871094,155900
2022-07-13,112.70999908447266,114.22000122070312,110.91999816894531,113.73999786376953,109.93411254882812,153800
2022-07-14,112.3499984741211,115.7300033569336,111.80999755859375,113.5999984741211,109.7988052368164,151100
2022-07-15,115.41000366210938,116.45999908447266,114.54000091552734,115.66999816894531,111.7995376586914,151200
2022-07-18,117.93000030517578,119.66000366210938,114.66000366210938,115.11000061035156,111.2582778930664,178300
2022-07-19,117.58000183105469,120.5999984741211,116.7699966430664,120.0999984741211,116.08130645751953,178000
2022-07-20,120.79000091552734,122.36000061035156,119.4000015258789,120.63999938964844,116.60324096679688,196100
2022-07-21,118.44999694824219,118.91999816894531,115.68000030517578,118.76000213623047,114.78614807128906,212100
2022-07-22,120.01000213623047,121.80000305175781,114.91999816894531,116.33000183105469,112.43745422363281,123500
2022-07-25,116.23999786376953,117.87000274658203,114.91999816894531,116.62000274658203,112.7177505493164,148300
2022-07-26,112.94999694824219,113.47000122070312,108.98999786376953,111.37000274658203,107.64341735839844,325200
2022-07-27,113.31999969482422,114.80000305175781,111.75,113.93000030517578,110.11776733398438,163000
2022-07-28,113.31999969482422,115.31999969482422,110.77999877929688,114.9800033569336,111.13263702392578,205300
2022-07-29,115.41999816894531,116.13999938964844,113.66000366210938,115.30999755859375,111.45157623291016,201600
2022-08-01,115.19999694824219,118.3499984741211,113.25,117.47000122070312,113.53931427001953,275400
2022-08-02,116.51000213623047,117.62999725341797,112.68000030517578,112.9800033569336,109.19955444335938,364400
2022-08-03,114.7699966430664,118.2699966430664,113.73999786376953,117.70999908447266,113.77127838134766,262100
2022-08-04,110.0,117.3499984741211,110.0,114.81999969482422,110.97798156738281,323400
2022-08-05,113.51000213623047,114.63999938964844,110.18000030517578,110.25,106.56090545654297,229900
2022-08-08,111.9800033569336,114.2300033569336,110.97000122070312,111.2300033569336,107.50811004638672,266400
2022-08-09,110.72000122070312,112.23999786376953,102.98999786376953,104.19999694824219,100.71334075927734,359400
2022-08-10,106.52999877929688,107.75,105.0999984741211,107.2300033569336,103.64195251464844,343400
2022-08-11,109.29000091552734,111.87999725341797,106.76000213623047,107.0199966430664,103.43898010253906,195700
2022-08-12,106.66000366210938,109.08999633789062,105.22000122070312,109.08000183105469,105.4300537109375,294600
2022-08-15,109.47000122070312,112.83999633789062,109.47000122070312,110.37999725341797,106.6865463256836,178700
2022-08-16,109.91999816894531,112.16000366210938,108.6500015258789,111.91000366210938,108.16535186767578,202500
2022-08-17,110.12000274658203,110.12000274658203,105.36000061035156,105.9800033569336,102.43378448486328,199900
2022-08-18,105.12000274658203,106.0,104.30000305175781,105.55000305175781,102.01817321777344,131600
2022-08-19,103.55999755859375,103.8499984741211,101.38999938964844,102.47000122070312,99.04122924804688,187300
2022-08-22,100.69999694824219,100.69999694824219,97.16000366210938,98.02999877929688,94.74979400634766,238200
2022-08-23,98.02999877929688,98.9000015258789,96.80000305175781,97.1500015258789,93.89924621582031,181500
2022-08-24,97.20999908447266,98.80000305175781,96.30000305175781,97.7300033569336,94.4598388671875,241100
2022-08-25,98.9000015258789,101.4000015258789,98.63999938964844,100.47000122070312,97.108154296875,171200
2022-08-26,100.0999984741211,101.2699966430664,97.9000015258789,98.11000061035156,94.82711029052734,221100
2022-08-29,96.63999938964844,98.93000030517578,96.11000061035156,96.11000061035156,92.89404296875,193400
2022-08-30,98.23999786376953,99.38999938964844,96.94999694824219,98.94000244140625,95.62934875488281,261500
2022-08-31,100.08999633789062,100.08999633789062,96.0,96.5,93.27098846435547,181700
2022-09-01,96.02999877929688,96.7699966430664,94.0999984741211,96.48999786376953,93.26132202148438,279100
2022-09-02,97.9800033569336,98.08999633789062,94.58000183105469,95.52999877929688,92.33345031738281,253100
2022-09-06,96.62000274658203,96.66000366210938,93.30999755859375,95.2300033569336,92.04348754882812,239700
2022-09-07,95.30000305175781,97.98999786376953,95.30000305175781,96.98999786376953,93.74458312988281,303400
2022-09-08,97.93000030517578,99.93000030517578,96.8499984741211,97.9800033569336,94.70146942138672,255100
2022-09-09,99.0999984741211,100.01000213623047,98.16000366210938,99.8499984741211,96.50889587402344,518700
2022-09-12,100.86000061035156,102.48999786376953,100.77999877929688,101.66000366210938,98.25833892822266,219300
2022-09-13,98.37999725341797,99.04000091552734,96.62999725341797,97.52999877929688,94.26652526855469,242000
2022-09-14,97.16000366210938,97.94000244140625,95.16000366210938,97.51000213623047,94.24720001220703,215600
2022-09-15,97.51000213623047,99.97000122070312,96.68000030517578,96.7699966430664,93.53195190429688,159600
2022-09-16,95.20999908447266,95.20999908447266,90.62999725341797,91.06999969482422,88.0226821899414,402900
2022-09-19,90.70999908447266,93.30000305175781,90.70999908447266,91.7699966430664,88.69925689697266,164500
2022-09-20,91.02999877929688,91.44999694824219,88.91000366210938,89.52999877929688,86.53421020507812,181300
2022-09-21,89.62000274658203,90.1500015258789,86.05000305175781,87.0,84.08887481689453,215400
2022-09-22,86.55000305175781,87.0,83.04000091552734,84.7699966430664,81.93348693847656,234000
2022-09-23,83.58000183105469,84.66999816894531,78.86000061035156,80.27999877929688,77.5937271118164,336100
2022-09-26,79.69000244140625,80.66000366210938,75.86000061035156,75.94000244140625,73.39895629882812,291200
2022-09-27,77.19999694824219,78.29000091552734,74.23999786376953,75.33000183105469,72.80936431884766,350800
2022-09-28,75.22000122070312,79.0199966430664,74.4800033569336,78.73999786376953,76.10525512695312,348000
2022-09-29,77.31999969482422,77.91999816894531,73.80000305175781,74.69000244140625,72.19078826904297,314600
2022-09-30,74.61000061035156,75.91000366210938,72.97000122070312,72.9800033569336,70.53799438476562,209200
2022-10-03,72.62000274658203,74.7300033569336,71.83999633789062,74.31999969482422,71.83316040039062,243700
2022-10-04,76.70999908447266,80.91999816894531,76.70999908447266,80.87000274658203,78.16399383544922,381600
2022-10-05,79.11000061035156,79.5199966430664,76.52999877929688,77.11000061035156,74.5298080444336,286400
2022-10-06,76.29000091552734,77.05999755859375,73.55999755859375,73.6500015258789,71.18558502197266,260600
2022-10-07,72.62999725341797,72.62999725341797,67.23999786376953,68.30000305175781,66.01459503173828,324100
2022-10-10,68.47000122070312,68.79000091552734,66.26000213623047,67.13999938964844,64.89341735839844,267400
2022-10-11,68.44000244140625,69.37999725341797,64.75,65.44000244140625,63.25029373168945,441100
2022-10-12,64.95999908447266,67.68000030517578,63.779998779296875,67.29000091552734,65.03839111328125,410000
2022-10-13,67.0999984741211,68.54000091552734,65.23999786376953,67.87000274658203,65.59899139404297,400600
2022-10-14,69.1500015258789,69.91000366210938,66.2699966430664,66.70999908447266,64.47779083251953,226100
2022-10-17,68.05999755859375,68.69999694824219,66.30999755859375,67.44999694824219,65.19303894042969,284300
2022-10-18,69.44999694824219,71.7300033569336,67.73999786376953,68.5999984741211,66.30455017089844,255400
2022-10-19,68.37000274658203,68.98999786376953,65.37999725341797,66.19000244140625,63.97520065307617,298300
2022-10-20,66.08000183105469,67.62000274658203,65.73999786376953,66.45999908447266,64.23616027832031,268000
2022-10-21,66.37000274658203,67.55999755859375,65.7699966430664,66.12999725341797,63.917213439941406,237100
2022-10-24,66.63999938964844,68.01000213623047,65.66000366210938,67.47000122070312,65.21237182617188,267400
2022-10-25,66.93000030517578,70.30999755859375,66.20999908447266,70.04000091552734,67.69638061523438,245100
2022-10-26,70.27999877929688,72.5,69.76000213623047,71.33999633789062,68.95287322998047,266600
2022-10-27,72.43000030517578,74.26000213623047,71.5999984741211,72.19999694824219,69.78409576416016,234900
2022-10-28,72.04000091552734,73.58000183105469,70.12999725341797,73.0,70.55731964111328,272900
2022-10-31,72.5,75.75,71.29000091552734,75.05000305175781,72.53874206542969,318700
2022-11-01,76.05000305175781,76.44000244140625,74.93000030517578,75.38999938964844,72.86735534667969,201200
2022-11-02,75.08999633789062,75.80000305175781,72.22000122070312,72.22000122070312,69.80342102050781,263800
2022-11-03,71.30000305175781,75.58000183105469,69.06999969482422,74.86000061035156,72.35509490966797,405500
2022-11-04,75.16000366210938,76.62000274658203,72.73999786376953,73.98999786376953,71.51420593261719,293800
2022-11-07,75.12000274658203,78.47000122070312,74.11000061035156,77.9800033569336,75.37069702148438,323700
2022-11-08,77.91000366210938,78.22000122070312,75.0,75.20999908447266,72.6933822631836,238200
2022-11-09,74.47000122070312,76.19999694824219,73.86000061035156,74.12999725341797,71.6495132446289,210200
2022-11-10,77.43000030517578,80.12999725341797,77.13999938964844,78.04000091552734,75.4286880493164,283000
2022-11-11,78.52999877929688,81.11000061035156,77.83000183105469,80.56999969482422,77.87403106689453,345400
2022-11-14,79.91000366210938,80.61000061035156,78.37000274658203,79.16999816894531,76.52088165283203,200900
2022-11-15,80.91999816894531,83.55999755859375,80.75,83.3499984741211,80.5610122680664,340900
2022-11-16,82.79000091552734,82.87999725341797,79.27999877929688,80.04000091552734,77.36176300048828,185300
2022-11-17,78.5,78.66000366210938,76.30000305175781,77.41999816894531,74.82942962646484,173500
2022-11-18,79.76000213623047,80.77999877929688,77.55000305175781,78.30999755859375,75.68965148925781,153100
2022-11-21,77.68000030517578,79.72000122070312,77.36000061035156,79.47000122070312,76.81083679199219,269600
2022-11-22,79.83000183105469,79.83000183105469,76.25,77.20999908447266,74.62645721435547,190000
2022-11-23,77.19999694824219,81.95999908447266,77.0,80.62000274658203,77.92235565185547,183800
2022-11-25,80.5,81.69999694824219,79.98999786376953,80.83999633789062,78.1349868774414,82100
2022-11-28,80.83999633789062,80.83999633789062,78.36000061035156,78.55000305175781,75.92162322998047,167900
2022-11-29,78.36000061035156,81.02999877929688,78.36000061035156,80.18000030517578,77.49708557128906,152500
2022-11-30,80.05000305175781,82.76000213623047,78.98999786376953,82.61000061035156,79.84577941894531,175200
2022-12-01,83.54000091552734,84.88999938964844,82.01000213623047,82.0199966430664,79.2755126953125,134400
2022-12-02,80.76000213623047,82.31999969482422,80.05999755859375,81.9000015258789,79.1595230102539,119900
2022-12-05,80.16999816894531,81.31999969482422,77.26000213623047,77.9800033569336,75.37069702148438,214100
2022-12-06,78.29000091552734,79.70999908447266,74.72000122070312,76.13999938964844,73.59225463867188,212700
2022-12-07,75.5199966430664,75.5199966430664,71.54000091552734,71.87000274658203,69.46514129638672,210900
2022-12-08,72.20999908447266,73.79000091552734,70.5199966430664,71.26000213623047,68.87555694580078,177600
2022-12-09,70.5,73.0,69.51000213623047,72.33999633789062,69.9194107055664,779900
2022-12-12,72.36000061035156,75.62999725341797,71.95999908447266,75.52999877929688,73.00267791748047,179100
2022-12-13,78.5,78.61000061035156,72.36000061035156,73.11000061035156,70.66364288330078,241300
2022-12-14,73.11000061035156,73.86000061035156,71.08000183105469,71.58000183105469,69.18484497070312,137000
2022-12-15,69.02999877929688,70.44000244140625,67.5,67.55999755859375,65.29935455322266,344900
2022-12-16,67.1500015258789,69.26000213623047,66.51000213623047,68.58000183105469,66.28522491455078,486900
2022-12-19,68.55000305175781,68.56999969482422,66.37000274658203,67.06999969482422,64.82575225830078,164300
2022-12-20,65.11000061035156,66.52999877929688,64.55000305175781,65.06999969482422,62.89268112182617,171000
2022-12-21,65.6500015258789,67.38999938964844,64.83000183105469,66.80999755859375,64.57445526123047,307800
2022-12-22,66.13999938964844,66.13999938964844,62.939998626708984,64.02999877929688,61.88747787475586,241100
2022-12-23,63.72999954223633,65.9800033569336,62.970001220703125,65.69999694824219,63.501590728759766,198500
2022-12-27,64.66000366210938,65.23999786376953,63.060001373291016,65.16000366210938,62.97966384887695,180400
2022-12-28,64.80999755859375,65.73999786376953,63.33000183105469,63.58000183105469,61.452537536621094,196600
2022-12-29,64.0,67.88999938964844,63.61000061035156,67.83999633789062,65.56998443603516,235500
2022-12-30,67.05000305175781,68.62000274658203,66.12000274658203,67.98999786376953,65.71497344970703,179700
2023-01-03,69.37000274658203,70.77999877929688,68.30999755859375,69.12000274658203,66.80716705322266,222000
2023-01-04,70.2699966430664,75.61000061035156,70.2699966430664,74.6500015258789,72.1521224975586,251900
2023-01-05,74.16000366210938,75.48999786376953,72.94999694824219,74.08999633789062,71.61084747314453,151200
2023-01-06,74.4800033569336,75.61000061035156,73.12999725341797,75.38999938964844,72.86735534667969,208000
2023-01-09,76.88999938964844,78.94000244140625,76.1500015258789,77.36000061035156,74.77144622802734,139400
2023-01-10,77.16000366210938,80.20999908447266,77.16000366210938,80.12000274658203,77.4390869140625,156900
2023-01-11,77.81999969482422,81.79000091552734,77.05999755859375,78.75,76.11492156982422,196700
2023-01-12,79.97000122070312,81.30000305175781,78.16000366210938,81.0999984741211,78.38629150390625,280900
2023-01-13,78.95999908447266,80.47000122070312,78.52999877929688,79.26000213623047,76.60786437988281,216500
2023-01-17,79.36000061035156,80.79000091552734,78.05999755859375,80.70999908447266,78.00934600830078,149800
2023-01-18,82.0,83.1500015258789,79.23999786376953,79.98999786376953,77.31343841552734,200700
2023-01-19,78.86000061035156,81.6500015258789,78.86000061035156,81.25,78.5312728881836,141500
2023-01-20,82.30000305175781,86.83999633789062,81.05999755859375,85.5199966430664,82.65838623046875,337300
2023-01-23,86.0,86.5,83.16999816894531,83.6500015258789,80.85096740722656,216400
2023-01-24,83.43000030517578,85.36000061035156,83.04000091552734,83.5999984741211,80.80264282226562,122500
2023-01-25,82.80999755859375,84.41000366210938,82.0,84.30000305175781,81.47921752929688,104500
2023-01-26,85.19999694824219,85.87000274658203,82.5,84.26000213623047,81.4405517578125,139900
2023-01-27,83.83999633789062,86.30999755859375,83.66000366210938,86.20999908447266,83.32530975341797,162300
2023-01-30,84.08999633789062,86.11000061035156,83.6500015258789,85.16000366210938,82.3104476928711,175900
2023-01-31,85.0999984741211,86.30999755859375,84.0199966430664,86.02999877929688,83.15132904052734,218400
2023-02-01,85.12000274658203,85.37000274658203,81.77999877929688,84.38999938964844,81.56620788574219,422200
2023-02-02,97.0,103.47000122070312,93.95999908447266,102.25,98.8285903930664,608400
2023-02-03,100.0,101.69000244140625,97.79000091552734,100.66999816894531,97.30145263671875,349500
2023-02-06,99.29000091552734,100.4800033569336,96.5999984741211,96.70999908447266,93.47396850585938,237600
2023-02-07,96.62000274658203,99.5999984741211,95.9000015258789,99.33999633789062,96.01595306396484,210700
2023-02-08,98.5,99.22000122070312,96.0199966430664,96.20999908447266,92.99068450927734,132400
2023-02-09,97.56999969482422,97.56999969482422,92.86000061035156,94.01000213623047,90.86431121826172,228600
2023-02-10,92.77999877929688,92.8499984741211,89.37999725341797,90.9800033569336,87.93570709228516,197900
2023-02-13,90.83999633789062,92.7300033569336,90.08999633789062,92.62999725341797,89.53048706054688,120000
2023-02-14,92.30999755859375,96.77999877929688,90.73999786376953,95.36000061035156,92.16914367675781,250500
2023-02-15,95.36000061035156,103.2300033569336,95.05000305175781,103.08000183105469,99.63082122802734,359100
2023-02-16,101.0,102.23999786376953,100.0,100.76000213623047,97.3884506225586,234100
2023-02-17,101.05000305175781,101.05000305175781,99.77999877929688,100.4000015258789,97.04049682617188,201500
2023-02-21,98.83999633789062,99.2699966430664,96.54000091552734,97.33000183105469,94.0732192993164,147000
2023-02-22,97.23999786376953,99.58999633789062,96.5,98.69999694824219,95.39736938476562,155600
2023-02-23,100.08000183105469,102.76000213623047,99.41999816894531,101.61000061035156,98.21000671386719,180300
2023-02-24,99.25,101.30000305175781,98.08999633789062,100.94000244140625,97.56242370605469,144500
2023-02-27,102.19000244140625,103.73999786376953,100.63999938964844,101.1500015258789,97.7654037475586,178400
2023-02-28,100.91999816894531,104.20999908447266,100.41000366210938,102.55000305175781,99.1185531616211,190300
2023-03-01,102.6500015258789,104.62999725341797,101.30000305175781,103.16999816894531,99.71781158447266,183000
2023-03-02,101.88999938964844,104.3499984741211,100.80000305175781,103.7300033569336,100.25907135009766,132000
2023-03-03,104.73999786376953,105.51000213623047,103.41000366210938,104.36000061035156,100.86798095703125,159000
2023-03-06,105.0,105.0,100.18000030517578,100.8499984741211,97.47543334960938,172100
2023-03-07,101.58999633789062,104.30999755859375,101.22000122070312,103.55000305175781,100.08509063720703,182500
2023-03-08,103.5999984741211,104.12000274658203,101.41000366210938,104.0199966430664,100.53936004638672,162700
2023-03-09,103.94999694824219,104.0999984741211,99.36000061035156,100.7699966430664,97.39811706542969,207100
2023-03-10,98.1500015258789,98.87999725341797,93.81999969482422,96.05999755859375,92.84571075439453,322200
2023-03-13,91.41999816894531,93.6500015258789,89.51000213623047,91.05000305175781,88.00335693359375,276000
2023-03-14,94.13999938964844,94.98999786376953,91.0,92.31999969482422,89.2308578491211,174800
2023-03-15,88.97000122070312,89.88999938964844,83.5,85.29000091552734,82.43608856201172,305400
2023-03-16,84.3499984741211,87.08999633789062,83.29000091552734,86.37000274658203,83.4799575805664,208700
2023-03-17,84.66000366210938,84.66000366210938,80.11000061035156,80.87999725341797,78.17365264892578,622200
2023-03-20,81.1500015258789,85.0,80.9000015258789,82.81999969482422,80.04874420166016,301800
2023-03-21,85.41999816894531,85.80999755859375,84.2699966430664,84.41999816894531,81.59520721435547,174600
2023-03-22,84.62999725341797,84.62999725341797,81.48999786376953,81.48999786376953,78.76324462890625,169100
2023-03-23,82.31999969482422,83.55000305175781,79.47000122070312,80.87000274658203,78.16399383544922,147100
2023-03-24,79.5199966430664,82.30000305175781,78.36000061035156,82.25,79.49781036376953,198100
2023-03-27,83.48999786376953,85.4800033569336,82.0999984741211,84.61000061035156,81.77884674072266,205500
2023-03-28,83.9800033569336,86.0,83.02999877929688,86.0,83.1223373413086,146000
2023-03-29,87.4800033569336,88.86000061035156,87.0199966430664,88.66000366210938,85.69332122802734,159700
2023-03-30,90.05000305175781,90.91000366210938,89.0199966430664,89.30999755859375,86.32157135009766,144100
2023-03-31,90.05999755859375,92.54000091552734,89.31999969482422,91.9800033569336,88.9022445678711,143100
2023-04-03,91.2699966430664,91.94000244140625,88.41000366210938,90.75,87.71338653564453,119500
2023-04-04,91.44000244140625,91.44000244140625,88.43000030517578,90.37000274658203,87.34611511230469,113000
2023-04-05,89.83999633789062,89.83999633789062,86.91000366210938,87.4800033569336,84.55281829833984,212300
2023-04-06,88.47000122070312,90.31999969482422,87.18000030517578,90.0999984741211,87.08515167236328,121000
2023-04-10,90.0999984741211,93.27999877929688,90.0999984741211,92.6500015258789,89.54981994628906,203100
2023-04-11,93.44999694824219,97.22000122070312,92.41000366210938,97.0199966430664,93.7735824584961,147500
2023-04-12,97.69999694824219,97.83000183105469,92.18000030517578,94.16000366210938,91.00929260253906,143200
2023-04-13,95.2300033569336,96.04000091552734,93.4800033569336,95.7300033569336,92.5267562866211,214200
2023-04-14,96.1500015258789,97.97000122070312,95.16000366210938,96.05999755859375,92.84571075439453,142400
2023-04-17,96.12000274658203,98.52999877929688,95.45999908447266,97.91000366210938,94.6338119506836,131600
2023-04-18,98.69999694824219,99.25,97.38999938964844,98.54000091552734,95.24273681640625,112100
2023-04-19,97.69999694824219,101.97000122070312,97.41000366210938,101.51000213623047,98.11334991455078,136900
2023-04-20,100.08999633789062,101.41000366210938,99.45999908447266,101.12999725341797,97.74606323242188,142000
2023-04-21,101.12999725341797,101.63999938964844,98.80999755859375,100.48999786376953,97.12747955322266,142500
2023-04-24,100.52999877929688,102.19999694824219,99.6500015258789,100.80999755859375,97.436767578125,144600
2023-04-25,99.2699966430664,101.62000274658203,98.61000061035156,99.91999816894531,96.57655334472656,193400
2023-04-26,99.80999755859375,101.80000305175781,97.02999877929688,97.5,94.23753356933594,146000
2023-04-27,97.5,98.63999938964844,95.61000061035156,97.55000305175781,94.28585815429688,367000
2023-04-28,97.41000366210938,104.83999633789062,97.4000015258789,103.91000366210938,100.43305206298828,249800
2023-05-01,99.6500015258789,100.87000274658203,96.58000183105469,98.01000213623047,94.73047637939453,389300
2023-05-02,97.29000091552734,99.58000183105469,96.61000061035156,97.52999877929688,94.26652526855469,301100
2023-05-03,106.48999786376953,114.3499984741211,106.25,109.02999877929688,105.3817138671875,428100
2023-05-04,109.0,110.0,101.41999816894531,102.66999816894531,99.23454284667969,281500
2023-05-05,104.68000030517578,108.80000305175781,104.68000030517578,106.8499984741211,103.27467346191406,222200
2023-05-08,107.25,107.25,103.23999786376953,104.56999969482422,101.07095336914062,153300
2023-05-09,103.69999694824219,105.94999694824219,102.7699966430664,104.72000122070312,101.2159423828125,131700
2023-05-10,106.98999786376953,106.98999786376953,101.72000122070312,103.62000274658203,100.15274810791016,153300
2023-05-11,102.56999969482422,102.76000213623047,99.88999938964844,100.37999725341797,97.02115631103516,262100
2023-05-12,100.52999877929688,101.05999755859375,97.08999633789062,98.66999816894531,95.36837768554688,170600
2023-05-15,99.88999938964844,100.63999938964844,98.47000122070312,99.69999694824219,96.36390686035156,124700
2023-05-16,98.4800033569336,100.05000305175781,97.58999633789062,98.41999816894531,95.12674713134766,144800
2023-05-17,99.61000061035156,105.12999725341797,99.61000061035156,103.8499984741211,100.37504577636719,195800
2023-05-18,103.72000122070312,103.87000274658203,101.91000366210938,103.4000015258789,99.94010925292969,104500
2023-05-19,104.26000213623047,104.26000213623047,99.19999694824219,99.86000061035156,96.5185546875,248800
2023-05-22,100.36000061035156,100.37999725341797,98.69000244140625,99.44000244140625,96.11261749267578,152500
2023-05-23,99.41999816894531,102.95999908447266,99.37999725341797,100.55999755859375,97.19513702392578,120800
2023-05-24,99.29000091552734,100.29000091552734,97.48999786376953,98.29000091552734,95.00110626220703,144700
2023-05-25,98.29000091552734,100.55000305175781,97.87999725341797,98.94999694824219,95.63900756835938,80100
2023-05-26,98.80000305175781,101.02999877929688,98.80000305175781,99.86000061035156,96.5185546875,188300
2023-05-30,100.45999908447266,101.61000061035156,97.63999938964844,97.76000213623047,94.48883819580078,194900
2023-05-31,99.16999816894531,99.94000244140625,95.66000366210938,97.48999786376953,94.22786712646484,179900
2023-06-01,97.91000366210938,99.13999938964844,96.16000366210938,97.25,93.99589538574219,162400
2023-06-02,99.63999938964844,105.08999633789062,99.56999969482422,104.69000244140625,101.18695068359375,198400
2023-06-05,103.44999694824219,104.3499984741211,102.16000366210938,102.95999908447266,99.51483154296875,178400
2023-06-06,102.94999694824219,108.47000122070312,101.52999877929688,108.2300033569336,104.60848999023438,193000
2023-06-07,109.08999633789062,111.16000366210938,106.9000015258789,108.37999725341797,104.75347137451172,280300
2023-06-08,107.5,110.51000213623047,104.80999755859375,109.12999725341797,105.4783706665039,150700
2023-06-09,109.0999984741211,111.58000183105469,108.98999786376953,109.13999938964844,105.488037109375,440100
2023-06-12,110.0,114.52999877929688,110.0,112.55999755859375,108.7936019897461,214800
2023-06-13,112.88999938964844,115.29000091552734,112.8499984741211,113.79000091552734,109.9824447631836,214000
2023-06-14,114.0999984741211,116.33000183105469,113.36000061035156,114.79000091552734,110.94898223876953,187900
2023-06-15,116.7300033569336,119.0,115.48999786376953,117.08999633789062,113.1720199584961,222900
2023-06-16,118.01000213623047,119.30999755859375,116.48999786376953,118.88999938964844,114.91180419921875,312500
2023-06-20,119.68000030517578,124.87999725341797,119.30000305175781,124.36000061035156,120.19876098632812,281900
2023-06-21,123.73999786376953,125.73999786376953,122.2699966430664,123.73999786376953,119.5995101928711,282900
2023-06-22,122.91999816894531,123.12000274658203,120.04000091552734,121.88999938964844,117.81140899658203,161300
2023-06-23,119.83000183105469,120.5,118.22000122070312,119.12000274658203,115.13410186767578,483900
2023-06-26,119.91000366210938,120.5,118.05000305175781,119.5999984741211,115.59803771972656,225600
2023-06-27,120.1500015258789,126.62000274658203,120.11000061035156,124.93000030517578,120.74968719482422,225200
2023-06-28,124.36000061035156,127.63999938964844,124.29000091552734,127.12999725341797,122.8760757446289,154200
2023-06-29,127.05999755859375,129.0,124.54000091552734,124.94000244140625,120.75934600830078,133800
2023-06-30,126.4800033569336,127.44999694824219,124.13999938964844,126.27999877929688,122.05451202392578,150200
2023-07-03,125.91000366210938,129.0399932861328,125.0999984741211,129.0,124.68350219726562,93800
2023-07-05,128.22000122070312,128.22000122070312,125.01000213623047,126.02999877929688,121.81288146972656,137900
2023-07-06,123.33000183105469,124.0,120.75,122.06999969482422,117.98538208007812,175400
2023-07-07,122.08999633789062,125.16999816894531,122.08999633789062,123.44999694824219,119.31920623779297,93500
2023-07-10,123.37000274658203,126.9800033569336,123.37000274658203,126.91000366210938,122.66344451904297,123400
2023-07-11,127.61000061035156,127.61000061035156,125.30999755859375,126.12000274658203,121.89987182617188,96500
2023-07-12,127.94000244140625,128.7899932861328,125.5999984741211,128.1199951171875,123.83293914794922,150900
2023-07-13,129.6999969482422,130.92999267578125,125.76000213623047,125.98999786376953,121.77421569824219,242800
2023-07-14,125.70999908447266,126.05000305175781,122.30999755859375,124.52999877929688,120.36307525634766,139300
2023-07-17,124.16000366210938,124.87999725341797,122.11000061035156,122.19000244140625,118.10137176513672,126500
2023-07-18,122.0999984741211,127.7300033569336,122.0999984741211,127.16000366210938,122.90507507324219,149000
2023-07-19,127.80999755859375,129.17999267578125,125.7300033569336,128.50999450683594,124.20989227294922,194500
2023-07-20,128.16000366210938,128.72000122070312,125.0999984741211,128.17999267578125,123.89093017578125,128300
2023-07-21,128.75999450683594,129.88999938964844,125.93000030517578,129.49000549316406,125.1571044921875,163800
2023-07-24,128.7899932861328,129.49000549316406,127.94999694824219,128.2100067138672,123.9199447631836,167800
2023-07-25,126.91000366210938,126.91000366210938,120.0,125.0,120.81734466552734,273600
2023-07-26,125.58999633789062,127.91999816894531,122.9000015258789,127.83000183105469,123.55265045166016,223100
2023-07-27,127.16999816894531,127.16999816894531,122.8499984741211,124.0999984741211,119.94746398925781,190400
2023-07-28,125.25,125.25,120.87999725341797,121.73999786376953,117.66643524169922,328600
2023-07-31,121.91000366210938,123.87000274658203,120.95999908447266,123.69999694824219,119.56084442138672,145900
2023-08-01,122.2300033569336,122.2300033569336,118.52999877929688,121.52999877929688,117.46345520019531,243400
2023-08-02,120.80000305175781,128.27000427246094,115.22000122070312,125.69999694824219,121.4939193725586,590700
2023-08-03,122.05000305175781,122.52999877929688,114.12999725341797,115.0999984741211,111.24861907958984,374200
2023-08-04,115.88999938964844,117.33999633789062,113.22000122070312,113.68000030517578,109.87612915039062,224100
2023-08-07,113.31999969482422,114.0999984741211,107.04000091552734,110.44999694824219,106.75420379638672,403300
2023-08-08,109.19999694824219,110.69999694824219,108.08000183105469,110.12999725341797,106.44490814208984,190300
2023-08-09,109.66000366210938,110.0,107.8499984741211,108.33000183105469,104.70515441894531,187200
2023-08-10,109.43000030517578,109.73999786376953,107.37999725341797,107.9800033569336,104.36685943603516,145700
2023-08-11,107.18000030517578,108.20999908447266,104.05000305175781,104.29000091552734,100.80033874511719,235200
2023-08-14,103.08999633789062,103.4000015258789,101.20999908447266,102.70999908447266,99.8476333618164,185000
2023-08-15,102.0,102.37000274658203,98.27999877929688,98.5999984741211,95.8521728515625,293000
2023-08-16,98.51000213623047,99.6500015258789,97.48999786376953,97.55000305175781,94.83143615722656,209600
2023-08-17,97.48999786376953,97.69999694824219,94.62999725341797,94.81999969482422,92.1775131225586,200400
2023-08-18,93.44000244140625,95.01000213623047,92.91000366210938,94.0999984741211,91.47758483886719,239200
2023-08-21,94.0,95.38999938964844,92.43000030517578,93.36000061035156,90.75820922851562,166500
2023-08-22,94.02999877929688,95.16999816894531,92.26000213623047,93.02999877929688,90.4374008178711,164900
2023-08-23,93.0999984741211,95.55000305175781,92.29000091552734,94.05999755859375,91.4386978149414,215200
2023-08-24,93.20999908447266,94.06999969482422,89.5199966430664,89.69999694824219,87.20021057128906,171600
2023-08-25,89.87999725341797,90.0,87.52999877929688,88.16000366210938,85.703125,229100
2023-08-28,89.0,90.2699966430664,87.38999938964844,88.3499984741211,85.88783264160156,176900
2023-08-29,88.58999633789062,90.23999786376953,87.9800033569336,88.88999938964844,86.41278076171875,184500
2023-08-30,88.45999908447266,89.5,88.0999984741211,88.55999755859375,86.09197235107422,156200
2023-08-31,89.37999725341797,90.26000213623047,88.4800033569336,88.83999633789062,86.36416625976562,183800
2023-09-01,89.41000366210938,90.01000213623047,88.33999633789062,88.94999694824219,86.47109985351562,123200
2023-09-05,87.05000305175781,88.5,83.75,87.08000183105469,84.6532211303711,352100
2023-09-06,86.20999908447266,88.33000183105469,85.05000305175781,86.05999755859375,83.66163635253906,148400
2023-09-07,85.30000305175781,86.41000366210938,84.20999908447266,85.72000122070312,83.33112335205078,214900
2023-09-08,85.77999877929688,85.94999694824219,83.19000244140625,83.7699966430664,81.43545532226562,417200
2023-09-11,84.9000015258789,86.45999908447266,83.37999725341797,86.29000091552734,83.8852310180664,333200
2023-09-12,86.19000244140625,89.30999755859375,86.19000244140625,87.95999908447266,85.50869750976562,260300
2023-09-13,85.94999694824219,86.36000061035156,83.80999755859375,85.33999633789062,82.96170806884766,226600
2023-09-14,86.55000305175781,88.08999633789062,84.80999755859375,85.58999633789062,83.2047348022461,360500
2023-09-15,85.30000305175781,85.3499984741211,83.70999908447266,84.62999725341797,82.27149200439453,521000
2023-09-18,84.83999633789062,84.83999633789062,82.16000366210938,82.30999755859375,80.01615142822266,179800
2023-09-19,82.30999755859375,83.61000061035156,82.2699966430664,83.06999969482422,80.75497436523438,238400
2023-09-20,83.91000366210938,83.91999816894531,77.51000213623047,77.5999984741211,75.43740844726562,262000
2023-09-21,76.83999633789062,78.76000213623047,76.4000015258789,77.1500015258789,74.99995422363281,218000
2023-09-22,77.12999725341797,77.22000122070312,74.44000244140625,75.31999969482422,73.22095489501953,215900
2023-09-25,74.19000244140625,75.62000274658203,73.95999908447266,75.2699966430664,73.1723403930664,189800
2023-09-26,74.97000122070312,76.4000015258789,74.7699966430664,75.43000030517578,73.32788848876953,186100
2023-09-27,75.23999786376953,77.4000015258789,75.13999938964844,75.4800033569336,73.37649536132812,212700
2023-09-28,74.19999694824219,79.4000015258789,74.19999694824219,78.25,76.06929779052734,431500
2023-09-29,77.79000091552734,78.41999816894531,76.4000015258789,76.86000061035156,74.7180404663086,311100
2023-10-02,76.58999633789062,76.72000122070312,75.1500015258789,75.27999877929688,73.18206787109375,184400
2023-10-03,75.01000213623047,75.66000366210938,73.19000244140625,73.9800033569336,71.91829681396484,183500
2023-10-04,74.0199966430664,76.0999984741211,73.55000305175781,75.8499984741211,73.7361831665039,320000
2023-10-05,74.83000183105469,77.4000015258789,74.83000183105469,76.27999877929688,74.1541976928711,215300
2023-10-06,75.69000244140625,79.08000183105469,75.5999984741211,78.16000366210938,75.9818115234375,245000
2023-10-09,77.23999786376953,77.23999786376953,74.27999877929688,76.30999755859375,74.18336486816406,218400
2023-10-10,77.16000366210938,78.33000183105469,75.62999725341797,76.0199966430664,73.90143585205078,271300
2023-10-11,76.0199966430664,77.66000366210938,74.41999816894531,74.61000061035156,72.5307388305664,264200
2023-10-12,74.5999984741211,74.61000061035156,71.72000122070312,73.22000122070312,71.17947387695312,253600
2023-10-13,73.11000061035156,73.5199966430664,71.12999725341797,72.76000213623047,70.7322998046875,231800
2023-10-16,73.44000244140625,75.05000305175781,72.26000213623047,74.76000213623047,72.67655944824219,184700
2023-10-17,73.91000366210938,75.86000061035156,73.91000366210938,74.5199966430664,72.44324493408203,135100
2023-10-18,73.6500015258789,74.38999938964844,71.95999908447266,72.72000122070312,70.69341278076172,205400
2023-10-19,72.73999786376953,74.6500015258789,72.37999725341797,73.69999694824219,71.64610290527344,178100
2023-10-20,73.69999694824219,73.91999816894531,72.80999755859375,73.30999755859375,71.2669677734375,199000
2023-10-23,72.7699966430664,73.80999755859375,71.69000244140625,71.91999816894531,69.91570281982422,187200
2023-10-24,72.45999908447266,72.61000061035156,70.25,71.30999755859375,69.32270812988281,262900
2023-10-25,71.0999984741211,71.1500015258789,68.08000183105469,68.75,66.83404541015625,258000
2023-10-26,68.69999694824219,70.33999633789062,67.68000030517578,69.23999786376953,67.31038665771484,213500
2023-10-27,69.12999725341797,69.1500015258789,66.95999908447266,67.54000091552734,65.65776824951172,175300
2023-10-30,68.43000030517578,69.0199966430664,66.9000015258789,68.61000061035156,66.69795989990234,258000
2023-10-31,68.55999755859375,69.04000091552734,65.69999694824219,66.62000274658203,64.7634048461914,284100
2023-11-01,66.69999694824219,67.12000274658203,65.19000244140625,65.94000244140625,64.10236358642578,178500
2023-11-02,64.16000366210938,66.16999816894531,60.7599983215332,64.41000366210938,62.6150016784668,822200
2023-11-03,65.44000244140625,67.0,63.0,64.80999755859375,63.003849029541016,454300
2023-11-06,65.12000274658203,65.12000274658203,60.869998931884766,61.45000076293945,59.73748779296875,302400
2023-11-07,61.70000076293945,62.70000076293945,61.06999969482422,61.470001220703125,59.75693130493164,303800
2023-11-08,62.20000076293945,62.91999816894531,60.720001220703125,61.0099983215332,59.30974578857422,263200
2023-11-09,61.7599983215332,61.7599983215332,56.97999954223633,57.060001373291016,55.46983337402344,325900
2023-11-10,56.939998626708984,58.099998474121094,54.869998931884766,57.279998779296875,55.68369674682617,388600
2023-11-13,56.54999923706055,60.630001068115234,55.77000045776367,59.970001220703125,58.298736572265625,321900
2023-11-14,61.900001525878906,64.16999816894531,61.880001068115234,63.400001525878906,62.25601577758789,355900
2023-11-15,64.16000366210938,69.38999938964844,64.16000366210938,66.73999786376953,65.5357437133789,432700
2023-11-16,66.73999786376953,67.58999633789062,65.2699966430664,65.97000122070312,64.77964782714844,285900
2023-11-17,67.08000183105469,67.56999969482422,66.44000244140625,66.91999816894531,65.7125015258789,268600
2023-11-20,66.43000030517578,69.88999938964844,65.75,69.66000366210938,68.40306854248047,266300
2023-11-21,69.19000244140625,69.19000244140625,67.16999816894531,67.41999816894531,66.20347595214844,272400
2023-11-22,69.16000366210938,71.41999816894531,67.33000183105469,67.80999755859375,66.58644104003906,351400
2023-11-24,67.94999694824219,69.79000091552734,67.30999755859375,69.62999725341797,68.37360382080078,149800
2023-11-27,68.5,69.58000183105469,67.05000305175781,67.77999877929688,66.55697631835938,378000
2023-11-28,67.94999694824219,68.38999938964844,67.1500015258789,68.02999877929688,66.8024673461914,202500
2023-11-29,69.83000183105469,71.25,68.8499984741211,68.95999908447266,67.71569061279297,237300
2023-11-30,69.08999633789062,69.75,68.26000213623047,68.48999786376953,67.2541732788086,222100
2023-12-01,68.48999786376953,71.37000274658203,68.05000305175781,71.3499984741211,70.06256103515625,190400
2023-12-04,72.3499984741211,75.55000305175781,71.58999633789062,73.70999908447266,72.3799819946289,287200
2023-12-05,72.93000030517578,73.26000213623047,69.79000091552734,70.69000244140625,69.41447448730469,216400
2023-12-06,71.98999786376953,74.6500015258789,71.88999938964844,72.52999877929688,71.22127532958984,199500
2023-12-07,72.94999694824219,76.66999816894531,72.94999694824219,75.48999786376953,74.12786102294922,247500
2023-12-08,75.05000305175781,75.69000244140625,73.16999816894531,75.11000061035156,73.75472259521484,438600
2023-12-11,74.86000061035156,74.93000030517578,72.94999694824219,74.1500015258789,72.81204223632812,227200
2023-12-12,73.9000015258789,75.73999786376953,73.33000183105469,75.30999755859375,73.95111083984375,258400
2023-12-13,74.77999877929688,78.16999816894531,72.0999984741211,77.70999908447266,76.30780029296875,409100
2023-12-14,78.26000213623047,81.94000244140625,78.26000213623047,81.16999816894531,79.70537567138672,250200
2023-12-15,81.83000183105469,82.91000366210938,80.36000061035156,82.25,80.7658920288086,601200
2023-12-18,82.05000305175781,83.44000244140625,80.1500015258789,82.87999725341797,81.384521484375,275500
2023-12-19,83.75,84.77999877929688,82.91999816894531,83.45999908447266,81.95405578613281,213200
2023-12-20,83.0999984741211,84.6500015258789,81.18000030517578,81.2699966430664,79.8035659790039,264200
2023-12-21,83.06999969482422,84.62000274658203,83.05000305175781,84.3499984741211,82.82799530029297,236400
2023-12-22,84.5,85.91000366210938,84.30000305175781,84.48999786376953,82.96546936035156,198800
2023-12-26,84.4000015258789,85.22000122070312,83.4000015258789,83.48999786376953,81.98351287841797,112700
2023-12-27,83.69000244140625,83.94000244140625,82.43000030517578,83.44000244140625,81.93441772460938,120000
2023-12-28,82.9000015258789,84.87000274658203,82.9000015258789,84.13999938964844,82.62178802490234,129300
2023-12-29,83.7699966430664,83.83999633789062,81.77999877929688,82.61000061035156,81.11939239501953,150500
2024-01-02,81.6500015258789,83.05000305175781,79.27999877929688,81.08999633789062,79.62681579589844,161200
2024-01-03,79.4000015258789,79.45999908447266,75.83000183105469,76.33999633789062,74.9625244140625,291100
2024-01-04,76.97000122070312,78.69000244140625,76.30999755859375,78.27999877929688,76.86752319335938,177600
2024-01-05,77.8499984741211,81.27999877929688,77.8499984741211,78.98999786376953,77.56470489501953,175800
2024-01-08,78.66000366210938,83.66000366210938,78.66000366210938,81.13999938964844,79.67591094970703,260800
2024-01-09,79.87000274658203,80.31999969482422,77.98999786376953,78.75,77.32904052734375,214500
2024-01-10,79.06999969482422,79.06999969482422,77.3499984741211,77.87999725341797,76.47473907470703,144500
2024-01-11,77.80999755859375,79.62999725341797,75.83000183105469,79.16999816894531,77.74146270751953,211800
2024-01-12,78.16999816894531,78.5999984741211,75.69999694824219,76.11000061035156,74.73667907714844,160500
2024-01-16,75.1500015258789,75.31999969482422,71.6500015258789,74.18000030517578,72.84149932861328,388300
2024-01-17,72.56999969482422,73.69999694824219,69.69999694824219,71.83999633789062,70.54371643066406,357400
2024-01-18,72.58000183105469,74.5199966430664,71.02999877929688,74.44999694824219,73.10662841796875,224000
2024-01-19,75.2699966430664,75.70999908447266,73.05999755859375,74.94999694824219,73.59760284423828,203800
2024-01-22,75.22000122070312,76.95999908447266,74.95999908447266,76.16000366210938,74.78577423095703,236500
2024-01-23,78.37000274658203,79.95999908447266,77.37999725341797,78.55000305175781,77.13265228271484,219600
2024-01-24,80.01000213623047,80.01000213623047,78.0999984741211,78.75,77.32904052734375,142800
2024-01-25,80.88999938964844,83.61000061035156,80.77999877929688,81.6500015258789,80.17671203613281,397400
2024-01-26,81.69000244140625,83.12000274658203,80.9000015258789,80.91000366210938,79.45006561279297,184000
2024-01-29,80.66999816894531,81.19999694824219,79.23999786376953,80.3499984741211,78.9001693725586,189500
2024-01-30,79.20999908447266,80.83999633789062,79.20999908447266,79.55000305175781,78.11460876464844,260600
2024-01-31,79.22000122070312,81.4000015258789,77.72000122070312,78.4000015258789,76.98535919189453,249600
2024-02-01,79.41000366210938,80.6500015258789,76.80000305175781,79.91999816894531,78.4779281616211,281200
2024-02-02,78.61000061035156,80.44000244140625,78.19999694824219,79.11000061035156,77.68254089355469,310300
2024-02-05,77.06999969482422,79.69999694824219,72.0,73.0999984741211,71.7809829711914,632200
2024-02-06,73.98999786376953,79.62999725341797,73.93000030517578,78.5,77.08354949951172,352400
2024-02-07,78.51000213623047,78.72000122070312,75.58999633789062,76.26000213623047,74.88397216796875,230800
2024-02-08,77.0,78.25,75.31999969482422,77.94000244140625,76.53365325927734,177100
2024-02-09,77.73999786376953,79.0,76.30999755859375,78.5999984741211,77.18174743652344,213200
2024-02-12,77.91999816894531,80.25,77.91999816894531,79.18000030517578,77.75128173828125,232300
2024-02-13,76.9800033569336,78.26000213623047,76.11000061035156,78.02999877929688,76.62203216552734,277500
2024-02-14,79.1500015258789,80.4800033569336,77.62999725341797,80.4000015258789,79.56104278564453,249500
2024-02-15,81.33000183105469,83.81999969482422,81.33000183105469,82.16000366210938,81.30268096923828,189000
2024-02-16,80.86000061035156,82.13999938964844,79.12999725341797,81.1500015258789,80.30321502685547,239500
2024-02-20,80.66000366210938,82.72000122070312,80.29000091552734,81.55999755859375,80.70893096923828,215300
2024-02-21,81.38999938964844,81.4000015258789,78.0199966430664,78.86000061035156,78.037109375,214100
2024-02-22,79.0999984741211,80.37000274658203,78.5,78.66000366210938,77.83920288085938,267400
2024-02-23,78.80000305175781,79.19999694824219,75.72000122070312,75.73999786376953,74.94966888427734,285300
2024-02-26,75.5,76.61000061035156,75.0,75.37999725341797,74.59342193603516,213700
2024-02-27,76.38999938964844,77.16000366210938,74.61000061035156,75.22000122070312,74.43509674072266,214000
2024-02-28,74.37000274658203,75.43000030517578,73.41000366210938,73.91999816894531,73.1486587524414,266800
2024-02-29,74.66999816894531,75.44000244140625,72.5,72.77999877929688,72.02055358886719,211900
2024-03-01,73.79000091552734,73.79000091552734,71.52999877929688,71.9800033569336,71.2289047241211,225600
2024-03-04,71.4800033569336,73.81999969482422,71.02999877929688,73.7300033569336,72.96064758300781,425600
2024-03-05,72.77999877929688,73.79000091552734,72.25,72.33000183105469,71.57524871826172,159300
2024-03-06,73.27999877929688,74.95999908447266,72.63999938964844,74.73999786376953,73.96009826660156,217000
2024-03-07,74.7300033569336,75.97000122070312,72.61000061035156,72.9800033569336,72.21846771240234,222300
2024-03-08,74.08999633789062,74.69000244140625,71.93000030517578,72.48999786376953,71.73358154296875,306900
2024-03-11,72.05999755859375,72.51000213623047,70.66000366210938,70.91999816894531,70.17996215820312,175600
2024-03-12,70.08000183105469,71.77999877929688,68.4000015258789,70.12999725341797,69.39820098876953,222400
2024-03-13,70.16000366210938,72.55000305175781,69.69000244140625,70.05999755859375,69.32893371582031,232200
2024-03-14,69.97000122070312,70.63999938964844,66.47000122070312,67.05000305175781,66.35034942626953,262700
2024-03-15,67.30999755859375,68.45999908447266,65.58999633789062,67.61000061035156,66.90450286865234,655900
2024-03-18,67.33000183105469,68.16000366210938,66.26000213623047,67.5,66.795654296875,187500
2024-03-19,67.27999877929688,68.05000305175781,67.19000244140625,67.91000366210938,67.20137786865234,177100
2024-03-20,66.8499984741211,70.62999725341797,66.51000213623047,70.27999877929688,69.54663848876953,274000
2024-03-21,70.83000183105469,72.86000061035156,70.22000122070312,72.01000213623047,71.25859069824219,373200
2024-03-22,72.58000183105469,72.83999633789062,71.70999908447266,72.4000015258789,71.64452362060547,220400
2024-03-25,72.41999816894531,73.51000213623047,71.9800033569336,73.31999969482422,72.55491638183594,126700
2024-03-26,74.0999984741211,74.19000244140625,72.80000305175781,73.0,72.2382583618164,107200
2024-03-27,73.8499984741211,76.62999725341797,73.37999725341797,76.25,75.454345703125,205200
2024-03-28,75.87999725341797,77.1500015258789,75.0,75.20999908447266,74.4251937866211,163200
2024-04-01,75.20999908447266,75.20999908447266,69.30999755859375,69.41999816894531,68.69561767578125,372100
2024-04-02,68.2300033569336,69.56999969482422,67.11000061035156,67.4000015258789,66.69669342041016,279200
2024-04-03,67.20999908447266,68.2699966430664,65.33999633789062,65.9000015258789,65.21234893798828,264500
2024-04-04,66.05999755859375,69.83999633789062,65.31999969482422,65.72000122070312,65.03422546386719,360400
2024-04-05,65.25,66.11000061035156,63.900001525878906,65.62999725341797,64.94515991210938,419800
2024-04-08,65.80000305175781,66.9000015258789,64.98999786376953,65.80000305175781,65.11339569091797,202400
2024-04-09,64.80999755859375,66.37999725341797,64.80999755859375,66.08999633789062,65.40036010742188,213300
2024-04-10,65.5,66.61000061035156,61.810001373291016,62.150001525878906,61.50148010253906,511400
2024-04-11,62.5099983215332,63.720001220703125,61.0099983215332,63.31999969482422,62.65926742553711,293900
2024-04-12,62.33000183105469,62.380001068115234,60.63999938964844,61.25,60.61086654663086,344400
2024-04-15,61.470001220703125,61.959999084472656,60.06999969482422,60.75,60.116085052490234,331200
2024-04-16,60.130001068115234,60.900001525878906,59.540000915527344,60.52000045776367,59.888484954833984,217000
2024-04-17,61.70000076293945,62.720001220703125,60.959999084472656,61.2599983215332,60.62076187133789,261100
2024-04-18,61.9900016784668,63.400001525878906,61.70000076293945,61.77000045776367,61.12544250488281,234500
2024-04-19,61.0,62.56999969482422,61.0,62.310001373291016,61.65980911254883,211300
2024-04-22,62.709999084472656,62.970001220703125,61.79999923706055,62.209999084472656,61.560848236083984,192700
2024-04-23,61.52000045776367,62.7599983215332,60.95000076293945,61.630001068115234,60.98690414428711,184000
2024-04-24,61.52000045776367,61.58000183105469,58.869998931884766,59.06999969482422,58.453617095947266,400200
2024-04-25,58.27000045776367,58.86000061035156,56.0,57.9900016784668,57.3848876953125,645900
2024-04-26,58.5099983215332,58.63999938964844,56.77000045776367,57.040000915527344,56.444801330566406,359900
2024-04-29,57.0,58.0,56.150001525878906,56.7400016784668,56.14793014526367,228200
2024-04-30,56.0099983215332,56.02000045776367,54.290000915527344,54.560001373291016,53.99067687988281,375500
2024-05-01,55.0099983215332,55.0099983215332,52.380001068115234,53.68000030517578,53.1198616027832,434300
2024-05-02,54.66999816894531,54.900001525878906,53.06999969482422,54.369998931884766,53.80265808105469,313400
2024-05-03,55.220001220703125,56.08000183105469,54.54999923706055,55.630001068115234,55.04951095581055,313300
2024-05-06,55.939998626708984,56.72999954223633,53.86000061035156,56.2599983215332,55.672935485839844,574600
2024-05-07,56.400001525878906,56.459999084472656,51.130001068115234,53.88999938964844,53.327667236328125,831900
2024-05-08,52.90999984741211,55.209999084472656,52.54999923706055,53.060001373291016,52.50633239746094,531800
2024-05-09,52.880001068115234,54.5099983215332,52.13999938964844,53.779998779296875,53.218814849853516,511300
2024-05-10,54.43000030517578,54.880001068115234,53.34000015258789,53.439998626708984,52.882362365722656,466000
2024-05-13,53.439998626708984,57.91999816894531,53.439998626708984,57.5,56.89999771118164,542700
2024-05-14,57.310001373291016,60.7400016784668,57.310001373291016,58.68000030517578,58.68000030517578,493900
2024-05-15,58.959999084472656,59.650001525878906,55.310001373291016,55.439998626708984,55.439998626708984,261100
2024-05-16,55.439998626708984,55.4900016784668,54.66999816894531,54.7599983215332,54.7599983215332,177800
2024-05-17,55.150001525878906,55.47999954223633,52.93000030517578,52.97999954223633,52.97999954223633,238300
2024-05-20,52.72999954223633,53.47999954223633,50.04999923706055,50.36000061035156,50.36000061035156,475700
2024-05-21,50.099998474121094,50.099998474121094,48.40999984741211,49.040000915527344,49.040000915527344,422900
2024-05-22,48.81999969482422,50.040000915527344,48.65999984741211,49.439998626708984,49.439998626708984,296500
2024-05-23,49.63999938964844,49.63999938964844,47.16999816894531,47.779998779296875,47.779998779296875,419400
2024-05-24,48.220001220703125,48.54999923706055,46.900001525878906,48.099998474121094,48.099998474121094,367200
2024-05-28,48.16999816894531,49.599998474121094,48.099998474121094,48.970001220703125,48.970001220703125,484000
2024-05-29,48.06999969482422,49.2599983215332,47.09000015258789,48.369998931884766,48.369998931884766,419200
2024-05-30,48.959999084472656,52.2400016784668,48.7599983215332,51.459999084472656,51.459999084472656,489900
2024-05-31,51.9900016784668,53.439998626708984,51.709999084472656,53.20000076293945,53.20000076293945,503100
2024-06-03,53.25,55.33000183105469,52.13999938964844,52.9900016784668,52.9900016784668,509300
2024-06-04,52.709999084472656,55.279998779296875,52.400001525878906,54.900001525878906,54.900001525878906,489000
2024-06-05,55.279998779296875,55.290000915527344,53.09000015258789,53.59000015258789,53.59000015258789,356000
2024-06-06,53.470001220703125,54.15999984741211,52.959999084472656,53.150001525878906,53.150001525878906,237000
2024-06-07,52.470001220703125,53.4900016784668,51.75,52.290000915527344,52.290000915527344,245700
2024-06-10,50.93000030517578,53.41999816894531,50.16999816894531,53.099998474121094,53.099998474121094,322200
2024-06-11,52.56999969482422,53.029998779296875,52.0,52.97999954223633,52.97999954223633,263700
2024-06-12,54.310001373291016,56.619998931884766,53.0099983215332,53.380001068115234,53.380001068115234,303500
2024-06-13,53.02000045776367,54.650001525878906,50.95000076293945,54.40999984741211,54.40999984741211,465300
2024-06-14,53.68000030517578,53.68000030517578,50.2599983215332,51.290000915527344,51.290000915527344,645800
2024-06-17,51.099998474121094,54.52000045776367,50.529998779296875,54.33000183105469,54.33000183105469,370900
2024-06-18,54.470001220703125,54.91999816894531,52.310001373291016,52.849998474121094,52.849998474121094,363300
2024-06-20,52.52000045776367,54.11000061035156,52.52000045776367,52.90999984741211,52.90999984741211,345900
2024-06-21,52.5099983215332,53.900001525878906,51.779998779296875,52.869998931884766,52.869998931884766,561500
2024-06-24,52.68000030517578,53.290000915527344,51.56999969482422,52.02000045776367,52.02000045776367,302200
2024-06-25,51.779998779296875,53.029998779296875,50.540000915527344,50.70000076293945,50.70000076293945,359000
2024-06-26,50.0,50.560001373291016,48.5,50.18000030517578,50.18000030517578,356800
2024-06-27,50.22999954223633,50.540000915527344,49.5,50.310001373291016,50.310001373291016,234500
2024-06-28,50.4900016784668,50.970001220703125,49.599998474121094,50.22999954223633,50.22999954223633,631100
2024-07-01,49.880001068115234,50.38999938964844,47.869998931884766,49.459999084472656,49.459999084472656,473500
2024-07-02,49.56999969482422,49.88999938964844,48.81999969482422,49.86000061035156,49.86000061035156,405700
2024-07-03,50.459999084472656,50.68000030517578,49.54999923706055,49.709999084472656,49.709999084472656,213500
2024-07-05,49.560001373291016,49.560001373291016,45.25,45.310001373291016,45.310001373291016,723200
2024-07-08,44.66999816894531,47.130001068115234,43.90999984741211,45.560001373291016,45.560001373291016,772700
2024-07-09,45.290000915527344,46.54999923706055,44.630001068115234,45.08000183105469,45.08000183105469,1009900
2024-07-10,45.40999984741211,47.79999923706055,44.7599983215332,47.310001373291016,47.310001373291016,482300
2024-07-11,47.209999084472656,50.13999938964844,45.709999084472656,49.09000015258789,49.09000015258789,641100
2024-07-12,49.560001373291016,50.45000076293945,48.650001525878906,49.709999084472656,49.709999084472656,296500
2024-07-15,49.790000915527344,51.849998474121094,49.25,50.54999923706055,50.54999923706055,360800
2024-07-16,50.97999954223633,52.75,50.47999954223633,52.68000030517578,52.68000030517578,370600
2024-07-17,51.4900016784668,53.130001068115234,51.2599983215332,51.970001220703125,51.970001220703125,306000
2024-07-18,51.72999954223633,52.650001525878906,46.29999923706055,49.380001068115234,49.380001068115234,1270300
2024-07-19,49.220001220703125,49.220001220703125,46.25,47.38999938964844,47.38999938964844,733200
